id,response
849,"Okay, let's see. I need to find the closed form of the sum from k=1 to n of 8 times (k/n). Hmm, first, let me write that out to make sure I understand. The sum is 8*(1/n) + 8*(2/n) + 8*(3/n) + ... + 8*(n/n). Right? Because when k goes from 1 to n, each term is 8*(k/n). 

So, maybe I can factor out the constants first. Let's see. The 8 and the 1/n are constants with respect to k, right? So the sum is 8/n times the sum from k=1 to n of k. Yeah, that makes sense. Because 8*(k/n) is the same as (8/n)*k. So the entire sum is (8/n) multiplied by the sum of k from 1 to n.

Now, I remember that the sum of the first n positive integers is n(n+1)/2. Let me confirm that. For example, if n=3, sum is 1+2+3=6, and 3*4/2=6, which is correct. So yes, the formula is n(n+1)/2.

So substituting that in, the sum becomes (8/n) * [n(n+1)/2]. Let's compute that. Let's simplify the expression. The n in the numerator and denominator cancels out. So (8/n) * [n(n+1)/2] = 8 * (n+1)/2. Because the n cancels with the n in the numerator, leaving (n+1)/2. Then 8 times (n+1)/2 is 4(n+1). Let me check that.

Let's take a small n to test. Let's say n=2. Then the sum should be 8*(1/2) + 8*(2/2) = 4 + 8 = 12. Using the formula 4(n+1), when n=2, that's 4*(3)=12. That works. Let's try n=3. Sum is 8*(1/3) + 8*(2/3) + 8*(3/3) = (8/3) + (16/3) + 8 = (24/3) + 8 = 8 + 8 = 16. Using the formula 4(n+1), 4*(4)=16. Perfect, that works too. Another test: n=1. Sum is 8*(1/1)=8. Formula: 4*(1+1)=8. Yep, that's right. So the closed form is 4(n + 1).

Wait, let me go through the steps again to make sure. The sum from k=1 to n of k is n(n+1)/2. Then the original sum is 8*(1/n) * sum(k=1 to n of k) = 8/n * [n(n+1)/2] = 8*(n+1)/2 = 4(n+1). Yep, that's correct. So the closed form is 4(n + 1). I think that's it. Let me just make sure there's no mistake in the algebra. 8/n multiplied by n(n+1)/2: the n cancels, so 8*(n+1)/2, which is 4(n+1). Yep, that's right. So the answer should be 4(n + 1).
</think>

To find the closed form of the sum  
$$
\sum_{k=1}^{n} 8 \left(\frac{k}{n}\right),
$$  
we begin by factoring out the constant terms with respect to $ k $. This gives:

$$
\sum_{k=1}^{n} \frac{8k}{n} = \frac{8}{n} \sum_{k=1}^{n} k.
$$

We now use the well-known formula for the sum of the first $ n $ positive integers:
$$
\sum_{k=1}^{n} k = \frac{n(n+1)}{2}.
$$

Substituting this into our expression:
$$
\frac{8}{n} \cdot \frac{n(n+1)}{2} = \frac{8(n+1)}{2} = 4(n+1).
$$

Thus, the closed form of the sum is:

[ANS]4(n+1)"
850,"Okay, let's try to solve this problem step by step. First, let's make sure I understand the problem correctly. We have 5 boxes, and we're placing balls in them in a specific way for each ""round"" (since we repeat the entire process until we run out of one color). The key is that we do the process from box 1 to box 5 each time, and when we run out of a color in a box, we stop placing balls in that box and the next boxes, but we still place the other colors in the current box? Wait, the note says: ""After placing the last ball of a certain color in a box, you still place the balls of the other colors in that box. You do not, however, place balls in the following box."" So, for example, if in a particular round, when we get to box k, we have some balls left of color X, but when we place the balls for box k, we use up all the remaining color X, then we still add the other colors (blue, green, red) for box k, and then we don't place any balls in box k+1 or beyond.

First, let's figure out how many balls of each color we place in each box per round.

For box 1: 1 blue, 3 green, 3 red. So per round, box 1 uses (1, 3, 3).

Box 2: 2 blue, 5 green, 7 red. Per round, box 2 uses (2, 5, 7).

Box 3: n blue, 2n + 1 green, 4n - 1 red. So for n=3: 3 blue, 7 green, 11 red (since 2*3+1=7, 4*3-1=11).

Box 4: n=4: 4 blue, 9 green, 15 red (2*4+1=9, 4*4-1=15).

Box 5: n=5: 5 blue, 11 green, 19 red (2*5+1=11, 4*5-1=19).

Let's list the per-round usage for each color:

Blue per round: 1 (box1) + 2 (box2) + 3 (box3) + 4 (box4) + 5 (box5) = 1+2+3+4+5=15 blue per round.

Green per round: 3 + 5 + 7 + 9 + 11 = let's calculate: 3+5=8, 8+7=15, 15+9=24, 24+11=35 green per round.

Red per round: 3 + 7 + 11 + 15 + 19 = 3+7=10, 10+11=21, 21+15=36, 36+19=55 red per round.

Wait, let's check red per box:

Box1: 3 red

Box2: 7 red

Box3: 4*3 -1 = 11 red (correct)

Box4: 4*4 -1 = 15 red (correct)

Box5: 4*5 -1 = 19 red (correct)

So red per round: 3+7+11+15+19 = 55. Correct.

Green per box:

Box1: 3 green

Box2: 5 green

Box3: 2*3+1=7 green

Box4: 2*4+1=9 green

Box5: 2*5+1=11 green

So green per round: 3+5+7+9+11=35. Correct.

Blue per box: box1:1, box2:2, box3:3, box4:4, box5:5. So blue per round:15. Correct.

Now, the total balls we have:

Blue: 286

Green: 645

Red: 1074

We need to find how many full rounds we can do before one color runs out, and then in the last (partial) round, how many balls of each color are placed in boxes 3,4,5.

First, let's find the number of full rounds, say k, such that after k full rounds, we have some balls left, and then in the (k+1)th round, we place some balls but run out of one color.

First, let's compute the total balls used per color after k full rounds:

Blue used: 15k

Green used: 35k

Red used: 55k

We need to find the maximum k where 15k ≤ 286, 35k ≤ 645, 55k ≤ 1074.

Let's compute k for each color:

Blue: 286 / 15 ≈ 19.066... so k ≤ 19 (since 15*19=285, 15*20=300 >286)

Green: 645 / 35 ≈ 18.428... so k ≤ 18 (35*18=630, 35*19=665 >645)

Red: 1074 / 55 ≈ 19.527... so k ≤ 19 (55*19=1045, 55*20=1100 >1074)

So the limiting color is green, which runs out at k=18 full rounds, because after 18 rounds, green used is 35*18=630, so remaining green is 645-630=15.

Wait, but we need to check if in the 19th round, we place balls, but we might run out of green before finishing all boxes.

Wait, the process is: we do boxes 1 to 5 each round. So in round 1: box1, box2, box3, box4, box5.

Round 2: box1, box2, box3, box4, box5.

...

Round m: box1, box2, box3, box4, box5.

We need to see when we run out of a color. Let's check the remaining balls after each round.

First, let's compute for each color:

Blue remaining: 286 - 15k

Green remaining: 645 - 35k

Red remaining: 1074 - 55k

We need to find the smallest m such that when we start round m, we run out of a color during the placement of boxes 1 to 5.

Let's check for k=18:

Blue remaining: 286 - 15*18 = 286 - 270 = 16

Green remaining: 645 - 35*18 = 645 - 630 = 15

Red remaining: 1074 - 55*18 = 1074 - 990 = 84

So after 18 full rounds, we have 16 blue, 15 green, 84 red left.

Now, we start round 19:

Box1: needs 1 blue, 3 green, 3 red.

Check if we have enough:

Blue: 16 ≥ 1, yes.

Green: 15 ≥ 3, yes (15-3=12 left)

Red: 84 ≥ 3, yes (84-3=81 left)

So place box1: blue=1, green=3, red=3. Now remaining: 15 blue, 12 green, 81 red.

Box2: needs 2 blue, 5 green, 7 red.

Blue: 15 ≥ 2, yes (15-2=13)

Green: 12 ≥ 5, yes (12-5=7)

Red: 81 ≥ 7, yes (81-7=74)

Place box2: blue=2, green=5, red=7. Remaining: 13 blue, 7 green, 74 red.

Box3: needs 3 blue, 7 green, 11 red.

Blue: 13 ≥ 3, yes (13-3=10)

Green: 7 ≥ 7, yes (7-7=0)

Red: 74 ≥ 11, yes (74-11=63)

Place box3: blue=3, green=7, red=11. Now green is 0. Wait, the note says: ""After placing the last ball of a certain color in a box, you still place the balls of the other colors in that box."" So in box3, we placed 7 green balls, which is exactly the remaining green (7). So we still place the other colors (blue and red) in box3, but we don't place balls in the following boxes (box4 and box5).

Wait, let's confirm: ""After placing the last ball of a certain color in a box, you still place the balls of the other colors in that box. You do not, however, place balls in the following box.""

So when we place the last ball of a color in a box, we still add the other colors to that box, but we don't do the next boxes.

In this case, for box3, we have 7 green balls left, and box3 needs 7 green balls (since for n=3, green is 2n+1=7). So we place all 7 green balls (the last ones), so we have no green left after box3. Then we still place the blue and red balls in box3 (which we already did? Wait, no: the process is ""you place 1 blue, 3 green, and 3 red in box1"". So for each box, you place all three colors at once? Wait, the problem says: ""you place 1 blue ball, 3 green balls, and 3 red balls in box 1"". So it's a single action per box: place the specified number of each color in the box.

So for box3, in the 19th round, we need to place 3 blue, 7 green, 11 red. We have 13 blue, 7 green, 74 red left.

We place 3 blue: 13-3=10 blue left.

We place 7 green: 7-7=0 green left (exactly the remaining).

We place 11 red: 74-11=63 red left.

Now, the note says: ""After placing the last ball of a certain color in a box, you still place the balls of the other colors in that box."" So even though we placed the last green ball (the last one of green), we still place the blue and red balls (which we did: 3 blue and 11 red). So box3 gets 3 blue, 7 green, 11 red.

Then, ""you do not, however, place balls in the following box"". So we don't place balls in box4 or box5.

So the process stops here.

Now, the question is: ""How many red balls are in boxes 3, 4, and 5?""

Wait, boxes 3,4,5. Let's recall that in the full rounds (1-18), each box gets red balls per round.

For box3: in each round, red balls are 11 (as we calculated: 4n-1 for n=3 is 11). So over 18 full rounds, box3 has 11*18 red balls.

In the 19th round, we placed 11 red balls in box3 (since we did place the red balls in box3, as per the note: we still place the other colors after placing the last of a color).

Box4: in the 19th round, did we place any red balls in box4? No, because we stopped after box3. So box4 has only the red balls from the full rounds (18 rounds).

Similarly, box5: only red balls from full rounds (18 rounds).

Wait, let's confirm.

First, let's list how many red balls are in each box:

- Box1: red balls per round: 3. So after k full rounds, box1 has 3k red balls.

- Box2: red balls per round: 7. So after k full rounds, box2 has 7k red balls.

- Box3: red balls per round: 11. So after k full rounds, box3 has 11k red balls.

- Box4: red balls per round: 15. So after k full rounds, box4 has 15k red balls.

- Box5: red balls per round: 19. So after k full rounds, box5 has 19k red balls.

In the partial round (the (k+1)th round), we place red balls in boxes 1 to m, where m is the box where we run out of a color.

In our case, k=18 full rounds, then in the 19th round, we place red balls in box1 (3), box2 (7), box3 (11), but not in box4 or 5.

So:

- Box3 red balls: 11*18 (from full rounds) + 11 (from partial round) = 11*19

- Box4 red balls: 15*18 (only full rounds, since we didn't place any in partial round)

- Box5 red balls: 19*18 (only full rounds)

Wait, is that correct? Let's check the green usage again to make sure we didn't make a mistake.

In the 19th round:

After 18 rounds, green remaining is 15.

Box1 uses 3 green: 15-3=12

Box2 uses 5 green: 12-5=7

Box3 uses 7 green: 7-7=0. So we run out of green at box3.

So we do place the blue and red in box3, but not box4 and 5.

So for the partial round, boxes 1,2,3 get their balls (all three colors), but box4 and 5 get nothing.

Therefore:

- Box3 red balls: 11 per round * 19 rounds (18 full + 1 partial) = 11*19 = 209

- Box4 red balls: 15 per round * 18 rounds = 15*18 = 270

- Box5 red balls: 19 per round * 18 rounds = 19*18 = 342

Total red in boxes 3,4,5: 209 + 270 + 342 = let's compute:

209 + 270 = 479; 479 + 342 = 821.

Wait, that's option C (821). Let's verify.

Wait, let's check if the number of full rounds is indeed 18. Let's check green: 35*18=630, 645-630=15, which is correct.

Blue after 18 rounds: 286 - 15*18=286-270=16, which is more than 1 (needed for box1), so box1 is placed.

Green after box1: 15-3=12, which is more than 5 (box2), so box2 is placed.

Green after box2: 12-5=7, which is exactly the green needed for box3 (7), so box3 is placed, and we run out of green.

Red in box3: 11, which is placed, so box3 has 11 red balls in the partial round.

Now, let's confirm the red balls per box:

Box3: each round (1-19) has 11 red balls, so 19*11=209.

Box4: each round (1-18) has 15 red balls, so 18*15=270.

Box5: each round (1-18) has 19 red balls, so 18*19=342.

Total: 209 + 270 + 342 = 821.

Let's check if there's a mistake in the number of full rounds. Let's check if green could run out earlier.

Suppose we thought maybe blue or red runs out first, but let's see:

Blue: 286 /15 ≈19.06, so 19 full rounds would use 15*19=285, leaving 1 blue.

Green: 645 /35≈18.428, so 18 full rounds use 630, leaving 15 green.

Red: 1074 /55≈19.527, so 19 full rounds use 55*19=1045, leaving 29 red.

So green is the first to run out, because 18 full rounds is the maximum where green is still positive (15 left), and in the 19th round, we use green up to 7 (box3) which is exactly the remaining 15-3-5=7.

Another way: let's compute the cumulative green used per box:

Box1: 3 green per round

Box2: 5 green per round

Box3: 7 green per round

Box4: 9 green per round

Box5: 11 green per round

In the first m rounds, green used is 3m + 5m + 7m + 9m + 11m = 35m, as before.

We need to find the smallest m where the green used in the m-th round (i.e., the green used in boxes 1 to k for some k) exceeds the remaining green.

Wait, no, it's per round: each round, we do all boxes, so the green used per round is 35, so the number of full rounds is floor(645 /35)=18, since 35*18=630 ≤645, 35*19=665>645.

Then, in the next round (19th), we have 15 green left.

Box1 uses 3 green: 15-3=12 left

Box2 uses 5 green: 12-5=7 left

Box3 uses 7 green: 7-7=0 left. So we place box3, but not box4,5.

So in the 19th round, boxes 1,2,3 get their balls (all colors), so box3 gets its red balls (11) in the 19th round.

Now, red balls in box3: 11 per round *19 rounds (18 full +1 partial)=209.

Red balls in box4: 15 per round *18 rounds (since we didn't do box4 in the 19th round)=270.

Red balls in box5: 19 per round *18 rounds=342.

209+270=479; 479+342=821. That's option C.

Let's check if the problem says ""how many red balls are in boxes 3,4,5"". So boxes 3,4,5: box3 has 11*19=209, box4 has 15*18=270, box5 has 19*18=342. Sum is 821.

Let's verify with another angle. Let's compute total red balls used up to the point we stop.

Total red used: 55*18 + (3+7+11) = 55*18 + 21 = 990 + 21 = 1011. Wait, 1011 ≤1074, which is true.

But we need the red in boxes 3,4,5.

Boxes 3,4,5 in each round:

- Box3: 11 red per round

- Box4: 15 red per round

- Box5: 19 red per round

Number of times box3 is filled: 19 (since we did box3 in the 19th round)

Number of times box4 is filled: 18 (since we didn't do box4 in the 19th round)

Number of times box5 is filled: 18 (same as box4)

So red in box3: 11*19=209

Red in box4:15*18=270

Red in box5:19*18=342

209+270+342=821. Yes, that's correct.

Let's check if the note is correctly interpreted. The note says: ""After placing the last ball of a certain color in a box, you still place the balls of the other colors in that box."" So when we place the last green ball in box3 (which is the 7th green ball, and we had 7 left), we still place the blue and red balls in box3, which we did (3 blue and 11 red). So box3 does get its red balls in the partial round.

If we had run out of a color during the placement of a box (i.e., not enough of a color to place all the balls for that box), but in this case, we had exactly enough green for box3, so we place all green (the last ones), and then place the other colors (which we have enough of, since blue and red were in excess).

For example, blue in box3: we had 13 blue, needed 3, so 10 left.

Red in box3: 74 red, needed 11, so 63 left.

So we did place all 11 red balls in box3.

Therefore, box3 does have the 11 red balls from the 19th round.

Box4 and 5 have no red balls from the 19th round, so only 18 rounds.

Yes, this seems correct.

Let's check the answer choices: C is 821, which matches.

I think that's the answer.
</think>

To solve the problem, we analyze how many red balls are placed in **boxes 3, 4, and 5** after repeating the process until one color runs out.

---

### Step 1: Understand the Pattern

Each round involves placing a specific number of balls in each box:

| Box | Blue | Green | Red |
|-----|------|-------|-----|
| 1   | 1    | 3     | 3   |
| 2   | 2    | 5     | 7   |
| 3   | 3    | 7     | 11  |
| 4   | 4    | 9     | 15  |
| 5   | 5    | 11    | 19  |

So per **full round**, the total usage is:
- **Blue**: $1 + 2 + 3 + 4 + 5 = 15$
- **Green**: $3 + 5 + 7 + 9 + 11 = 35$
- **Red**: $3 + 7 + 11 + 15 + 19 = 55$

We have:
- **Blue**: 286
- **Green**: 645
- **Red**: 1074

---

### Step 2: Determine the Number of Full Rounds

We compute how many full rounds can be completed before any color runs out:

- **Blue**: $ \left\lfloor \frac{286}{15} \right\rfloor = 19 $
- **Green**: $ \left\lfloor \frac{645}{35} \right\rfloor = 18 $
- **Red**: $ \left\lfloor \frac{1074}{55} \right\rfloor = 19 $

The **limiting factor** is **green**, which allows only **18 full rounds**. After that, we have:

- **Green remaining**: $645 - 35 \times 18 = 15$
- **Blue remaining**: $286 - 15 \times 18 = 16$
- **Red remaining**: $1074 - 55 \times 18 = 84$

Now, we proceed with the **19th round** (partial).

---

### Step 3: Process the 19th Round

In the 19th round, we place balls in boxes **1 through 3**, but **not in boxes 4 or 5** due to running out of green.

Let’s track the green usage:

- **Box 1**: uses 3 green → Remaining: $15 - 3 = 12$
- **Box 2**: uses 5 green → Remaining: $12 - 5 = 7$
- **Box 3**: uses 7 green → Remaining: $7 - 7 = 0$

At this point, **green is exhausted**, so we **still place the blue and red balls** in box 3 (as per the note), but **do not place any balls in boxes 4 or 5**.

Thus:
- **Box 3** gets its full red balls (11)
- **Boxes 4 and 5** get **no red balls** in the 19th round

---

### Step 4: Count Red Balls in Boxes 3, 4, and 5

We now calculate the total red balls in each box:

- **Box 3**:
  - Per round: 11 red
  - Total rounds: 19 (18 full + 1 partial)
  - Total red in box 3: $11 \times 19 = 209$

- **Box 4**:
  - Per round: 15 red
  - Total rounds: 18 (only full rounds)
  - Total red in box 4: $15 \times 18 = 270$

- **Box 5**:
  - Per round: 19 red
  - Total rounds: 18
  - Total red in box 5: $19 \times 18 = 342$

---

### Step 5: Final Calculation

$$
\text{Total red in boxes 3, 4, and 5} = 209 + 270 + 342 = 821
$$

This matches **option C**.

---

### ✅ Final Answer:

$$
\boxed{C}
$$"
851,"Okay, let's see. I need to figure out which of the ordered pairs A, B, C, D are solutions to the equation y = -5/8 x. Hmm. A solution to the equation means that when I plug in the x-value from the ordered pair into the equation, the y-value should match the one given in the pair. 

Let me start with option A: (-32, 22). So here, x is -32 and y is 22. Let's plug x = -32 into the equation and see what y should be. 

y = -5/8 * (-32). Let's calculate that. Multiplying a negative by a negative gives a positive. So 5/8 * 32. Let's compute 32 divided by 8 is 4, so 5*4 = 20. So y should be 20. But the pair says y is 22. So 22 ≠ 20, so A is not a solution.

Next, option B: (0, 0). Let's check. If x = 0, then y = -5/8 * 0 = 0. So y = 0. That matches the ordered pair (0,0). So B is a solution.

Option C: (-24, 15). Let's plug x = -24 into the equation. y = -5/8 * (-24). Again, negative times negative is positive. So 5/8 * 24. Let's compute that. 24 divided by 8 is 3, so 5*3 = 15. So y should be 15. The ordered pair says y is 15. So that works. So C is a solution.

Option D: (32, -16). Let's check. x = 32. Then y = -5/8 * 32. 32 divided by 8 is 4, so 5*4 = 20, but with a negative sign. So y = -20. But the ordered pair says y is -16. So -20 ≠ -16, so D is not a solution.

Wait, let me double-check D. 32 times -5/8. 32 divided by 8 is 4, 4 times 5 is 20, so 20 times -1 is -20. Yeah, so y should be -20, but the pair has -16. So D is not a solution.

So the solutions are B and C. Let me confirm again.

For B: (0,0). Plugging x=0 gives y=0. Correct.

For C: (-24,15). x=-24. y = -5/8*(-24) = (5*24)/8 = (120)/8 = 15. Yes, that's right. So 15 is correct.

A: x=-32. y = -5/8*(-32) = (5*32)/8 = 160/8 = 20. But the pair says 22, so no.

D: x=32. y = -5/8*32 = - (5*32)/8 = - (160)/8 = -20. The pair says -16, so no.

So the correct answers are B and C. The problem says ""there may be more than one correct answer,"" so I need to list the letters. The options are A, B, C, D. So B and C.

Wait, the problem says ""Which of the following ordered pairs are solutions..."" So the answer should be B and C. Let me check again.

Yes, B is (0,0), which works. C is (-24,15), which works. A and D don't. So the answers are B and C.
</think>

[ANS]B, C

\boxed{B, C}"
852,"Okay, let's see. The problem says that each second, the atom clock runs 0.0008 seconds slower than usual. So, every second, it's losing 0.0008 seconds. We need to find out how much slower it is after 6 days compared to a normal clock.

First, I need to figure out how many seconds are in 6 days. Because the rate is per second, so we need total seconds over 6 days.

Let me recall: 1 day has 24 hours, 1 hour has 60 minutes, 1 minute has 60 seconds. So, seconds in a day is 24 * 60 * 60. Let me calculate that.

24 hours/day * 60 minutes/hour = 1440 minutes/day. Then 1440 minutes/day * 60 seconds/minute = 86400 seconds/day. So, 1 day is 86400 seconds.

Therefore, 6 days would be 6 * 86400 seconds. Let me compute that. 86400 * 6. Let's do 80000*6=480000, 6400*6=38400, so total is 480000 + 38400 = 518400 seconds. So 6 days is 518400 seconds.

Now, each second, the clock is 0.0008 seconds slower. So after 518400 seconds, the total time it's slower would be 0.0008 seconds/second * 518400 seconds.

Let me compute that. 0.0008 * 518400. Let's see. 0.0008 is 8 * 10^-4. So 8 * 10^-4 * 518400 = 8 * 518400 * 10^-4. Let's compute 518400 * 10^-4 first. 518400 * 0.0001 = 51.84. Then 8 * 51.84 = 414.72.

Wait, let me check that again. 518400 * 0.0008. Let's do 518400 * 8 = 4,147,200. Then since it's 0.0008, which is 8 * 10^-4, so 4,147,200 * 10^-4 = 414.72. Yes, that's right. Because 4,147,200 * 0.0001 = 414.72. So 0.0008 * 518400 = 414.72.

So the answer should be 414.72 seconds. Let me confirm. 6 days is 518400 seconds. Each second, 0.0008 seconds slower. So total slower is 518400 * 0.0008. Let's compute 518400 * 0.0008. 518400 * 0.0008 = (518400 * 8) / 10000. 518400 * 8 = 4,147,200. Then 4,147,200 / 10,000 = 414.72. Yep, that's correct.

So the slower clock would be 414.72 seconds slower after 6 days. The problem says ""don’t round your answer,"" so we just present 414.72.

Let me make sure there's no trick here. The problem says ""each second, an atom clock runs 0.0008 second slower than usual."" So it's a rate of 0.0008 seconds per second. So over time t seconds, the total lag is 0.0008 * t. Since t is 6 days in seconds, which we calculated as 518400, then 0.0008 * 518400 = 414.72. That seems right.

I think that's it. So the answer is 414.72.
</think>

[ANS]414.72

\boxed{414.72}"
853,"Okay, let's see. I need to find the circumference of the ellipse given by the equation x²/4 + y² = 1. First, I remember that the standard form of an ellipse is x²/a² + y²/b² = 1, where a and b are the semi-major and semi-minor axes. 

In this equation, the denominator under x² is 4, so a² = 4, which means a = 2. The denominator under y² is 1, so b² = 1, so b = 1. Since a > b, the major axis is along the x-axis, and the semi-major axis length is 2, semi-minor is 1.

Now, the circumference (perimeter) of an ellipse doesn't have a simple exact formula like a circle. There's no elementary function that gives the exact circumference, so we have to use approximations. I remember there are several approximation formulas for the circumference of an ellipse. Let me recall some.

One common approximation is Ramanujan's formula, which is pretty accurate. The first approximation by Ramanujan is:

C ≈ π [ 3(a + b) - √((3a + b)(a + 3b)) ]

Another one is the more precise second approximation:

C ≈ π [ 2(a + b) ] * [ 1 + (3h) / (10 + √(4 - 3h)) ] where h = (a - b)² / (a + b)²

Wait, maybe I should check which one is better. Let me first write down the parameters. Here, a = 2, b = 1.

Let me compute h first for the second approximation. h = (a - b)² / (a + b)² = (2 - 1)² / (2 + 1)² = 1 / 9 ≈ 0.1111.

Then the second approximation formula is:

C ≈ π (a + b) [ 1 + (3h) / (10 + √(4 - 3h)) ]

Let me compute that step by step.

First, a + b = 3.

h = 1/9 ≈ 0.111111...

3h = 3*(1/9) = 1/3 ≈ 0.333333...

4 - 3h = 4 - 1/3 = 11/3 ≈ 3.666666...

√(4 - 3h) = √(11/3) ≈ √3.666666... ≈ 1.914854215

Then, 10 + √(4 - 3h) ≈ 10 + 1.914854215 ≈ 11.914854215

(3h) / (10 + √(4 - 3h)) ≈ (0.333333) / 11.914854215 ≈ 0.028

So, 1 + that ≈ 1.028

Then, C ≈ π * 3 * 1.028 ≈ 3.1416 * 3.084 ≈ Let's compute 3.1416 * 3.084.

3 * 3.1416 = 9.4248

0.084 * 3.1416 ≈ 0.2638

So total ≈ 9.4248 + 0.2638 ≈ 9.6886

Hmm, that's approximately 9.6886, which is close to option C: I ≈9.6884. That's five significant figures: 9.6884.

Wait, let me check another approximation to be sure.

Another approximation is the one by Ramanujan (first formula):

C ≈ π [ 3(a + b) - √((3a + b)(a + 3b)) ]

Let's compute that.

First, 3(a + b) = 3*(2 + 1) = 9.

Then, (3a + b) = 3*2 + 1 = 7

(a + 3b) = 2 + 3*1 = 5

So (3a + b)(a + 3b) = 7*5 = 35

√35 ≈ 5.916079783

So, 3(a + b) - √(...) = 9 - 5.916079783 ≈ 3.083920217

Then, C ≈ π * 3.083920217 ≈ 3.1415926535 * 3.083920217 ≈ Let's compute that.

3.1415926535 * 3 = 9.42477796

3.1415926535 * 0.083920217 ≈ 3.1415926535 * 0.08 = 0.251327412

3.1415926535 * 0.003920217 ≈ approx 0.0123

So total ≈ 0.251327412 + 0.0123 ≈ 0.2636

So total C ≈ 9.42477796 + 0.2636 ≈ 9.68837796, which is approximately 9.6884 when rounded to five significant figures.

Yes, that's exactly option C: I ≈9.6884.

Let me check if there's another approximation that might give a different value. For example, the elliptic integral formula, which is the exact circumference, but it's expressed as an integral.

The exact circumference of an ellipse is given by:

C = 4a ∫₀^(π/2) √(1 - e² sin²θ) dθ

where e is the eccentricity, e = √(1 - (b²/a²)) = √(1 - 1/4) = √(3/4) = √3/2 ≈ 0.8660.

For a = 2, b = 1, the integral becomes:

C = 4*2 ∫₀^(π/2) √(1 - (3/4) sin²θ) dθ = 8 ∫₀^(π/2) √(1 - (3/4) sin²θ) dθ

But calculating this integral numerically would give the exact value. Let's approximate it.

Using numerical integration, say Simpson's rule or a calculator.

Alternatively, I can recall that Ramanujan's second approximation is very accurate, and for this ellipse, the value is approximately 9.6884, which matches option C.

Let me check with a calculator. Let's compute Ramanujan's first approximation:

C ≈ π [3(a + b) - √((3a + b)(a + 3b))] = π [9 - √(7*5)] = π [9 - √35]

√35 ≈ 5.916079783

So 9 - 5.916079783 = 3.083920217

Multiply by π: 3.083920217 * 3.1415926535 ≈

Let's compute 3.083920217 * 3.1415926535:

3 * 3.1415926535 = 9.42477796

0.083920217 * 3.1415926535 ≈ 0.083920217 * 3.1415926535

Compute 0.08 * 3.1415926535 = 0.251327412

0.003920217 * 3.1415926535 ≈ 0.0123

So total ≈ 0.251327412 + 0.0123 ≈ 0.2636

So total C ≈ 9.42477796 + 0.2636 ≈ 9.68837796, which rounds to 9.6884 (five significant figures).

Yes, that's exactly option C.

Let me check the other options to be sure. Option B is 9.5079, which is a bit lower. Option F is 9.2471, which is lower. Option E is 9.3162. The Ramanujan approximation is known to be very accurate, especially for this case. For example, the exact value (using elliptic integrals) for this ellipse is approximately 9.6884, which is option C.

Another way: Let's use the formula for the circumference of an ellipse with a = 2, b = 1.

The exact circumference is 4a E(e), where E is the complete elliptic integral of the second kind, and e is the eccentricity.

e = √(1 - (b²/a²)) = √(1 - 1/4) = √3/2 ≈ 0.8660254.

The complete elliptic integral of the second kind E(e) is defined as ∫₀^(π/2) √(1 - e² sin²θ) dθ.

For e = √3/2, let's compute E(e).

I can look up the value of E(√3/2). Let me recall that E(e) for e = √3/2 is approximately 1.19297.

Wait, let's check:

The circumference C = 4a E(e) = 4*2*E(e) = 8*E(e).

If E(e) ≈ 1.19297, then 8*1.19297 ≈ 9.54376. Wait, that's different. Wait, no, maybe I confused the integral.

Wait, no, the standard formula is C = 4a ∫₀^(π/2) √(1 - e² sin²θ) dθ, where e is the eccentricity.

Wait, let's get the correct definition. For an ellipse with semi-major axis a and semi-minor axis b, the eccentricity e = √(1 - (b/a)²). So here, a = 2, b = 1, so e = √(1 - (1/2)²) = √(3/4) = √3/2 ≈ 0.8660.

The circumference is 4a ∫₀^(π/2) √(1 - e² sin²θ) dθ. Wait, no, actually, it's 4a ∫₀^(π/2) √(1 - (e² sin²θ)) dθ? Wait, let's check.

Wait, the parametric equations for the ellipse are x = a cosθ, y = b sinθ. Then the arc length is ∫ √( (dx/dθ)^2 + (dy/dθ)^2 ) dθ from 0 to 2π.

So dx/dθ = -a sinθ, dy/dθ = b cosθ.

So the arc length is ∫₀^(2π) √(a² sin²θ + b² cos²θ) dθ = 4 ∫₀^(π/2) √(a² sin²θ + b² cos²θ) dθ.

Which can be written as 4a ∫₀^(π/2) √(sin²θ + (b²/a²) cos²θ) dθ = 4a ∫₀^(π/2) √(1 - (1 - b²/a²) cos²θ) dθ.

Let e² = 1 - (b²/a²), so 1 - e² = b²/a².

Then the integral becomes 4a ∫₀^(π/2) √(1 - e² cos²θ) dθ.

Wait, maybe I had it backwards before.

Alternatively, using the standard form, the circumference is 4a E(e), where E(e) is the complete elliptic integral of the second kind, with e = √(1 - (b/a)²).

Wait, according to Wikipedia, the circumference of an ellipse is 4a ∫₀^(π/2) √(1 - e² sin²θ) dθ, where e is the eccentricity, e = √(1 - (b²/a²)).

Wait, let's confirm with a source. For example, the complete elliptic integral of the second kind is defined as E(k) = ∫₀^(π/2) √(1 - k² sin²θ) dθ, where k is the modulus.

In the context of ellipses, the eccentricity e is related to the modulus k by k = e.

So the circumference C = 4a E(e), where e is the eccentricity.

For our ellipse, a = 2, b = 1, so e = √(1 - (b/a)²) = √(1 - 1/4) = √(3)/2 ≈ 0.8660.

So we need to compute E(√3/2).

Looking up the value of E(√3/2). Let me recall that E(0) = π/2 ≈ 1.5708, and E(1) = 1.

For k = √3/2 ≈ 0.8660, E(k) is less than π/2.

Let me use a calculator or known values. Alternatively, use the series expansion for E(k).

The complete elliptic integral of the second kind has the series expansion:

E(k) = (π/2) [1 - (1/2)² (k²) - (1*3)/(2*4)² (k²)³ - (1*3*5)/(2*4*6)² (k²)^5 - ...]

Wait, the standard series is:

E(k) = (π/2) [1 - (1/2)² (k²) - (1*3)/(2*4)² (k²)^3 - (1*3*5)/(2*4*6)² (k²)^5 - ...]

Wait, maybe better to use numerical integration.

Let's approximate the integral ∫₀^(π/2) √(1 - e² sin²θ) dθ with e = √3/2 ≈ 0.8660.

Let me compute this integral numerically.

Let’s take θ from 0 to π/2 (≈1.5708 radians).

Let’s use Simpson's rule with a few intervals.

First, let's compute the function f(θ) = √(1 - e² sin²θ) where e² = 3/4.

So f(θ) = √(1 - (3/4) sin²θ)

Let's compute f(0) = √(1 - 0) = 1

f(π/4) = √(1 - (3/4)(1/2)) = √(1 - 3/8) = √(5/8) ≈ √0.625 ≈ 0.7906

f(π/2) = √(1 - (3/4)(1)) = √(1/4) = 0.5

Using Simpson's rule with n=2 (intervals of π/4):

Simpson's rule: (Δθ/3)[f(0) + 4f(π/4) + f(π/2)]

Δθ = (π/2 - 0)/2 = π/4 ≈ 0.7854

So integral ≈ (π/4 / 3)[1 + 4*0.7906 + 0.5] ≈ (π/12)[1 + 3.1624 + 0.5] ≈ (π/12)(4.6624) ≈ (0.2618)(4.6624) ≈ 1.222

But this is a rough approximation. Let's try with more intervals.

Alternatively, use a calculator. I know that for e = √3/2, the value of E(e) is approximately 1.19297.

Wait, let's check with an online calculator. If I recall, the complete elliptic integral of the second kind E(k) for k = 0.8660 (which is √3/2) is approximately 1.19297.

So then, the circumference C = 4a E(e) = 4*2*1.19297 ≈ 8*1.19297 ≈ 9.54376. Wait, that contradicts the Ramanujan approximation. Hmm, maybe I have the formula wrong.

Wait, no, maybe the formula is C = 4a E(e) where e is the eccentricity, but in some conventions, the modulus k is related to e by k = e, but maybe the integral is defined differently.

Wait, let's get back. Let's use the parametric arc length formula.

The circumference is ∫₀^(2π) √( (dx/dθ)^2 + (dy/dθ)^2 ) dθ, where x = a cosθ, y = b sinθ.

So dx/dθ = -a sinθ, dy/dθ = b cosθ.

Thus, the integrand is √(a² sin²θ + b² cos²θ).

So the circumference is 4 ∫₀^(π/2) √(a² sin²θ + b² cos²θ) dθ.

For a = 2, b = 1, this becomes 4 ∫₀^(π/2) √(4 sin²θ + cos²θ) dθ.

Let's compute this integral numerically.

Let me write the integrand as √(4 sin²θ + cos²θ) = √(3 sin²θ + 1).

So f(θ) = √(1 + 3 sin²θ).

Let's compute this integral from 0 to π/2.

Let's use numerical integration with a calculator or known values.

Alternatively, I can use the fact that Ramanujan's approximation is very accurate for most ellipses, and for this specific case, the value is known.

Looking up the circumference of an ellipse with semi-major axis 2 and semi-minor axis 1.

A quick check: I recall that for an ellipse with a=2, b=1, the circumference is approximately 9.6884, which is option C.

For example, according to some sources, the circumference of an ellipse with a=2, b=1 is about 9.6884.

Let me verify with another approximation. The first approximation by Ramanujan (the one I used earlier) gives 9.6884, which matches option C.

Another approximation is the one by Bessel: C ≈ π [ (a + b) (1 + (3h)/(10 + √(4 - 3h)) ) ] where h = (a - b)²/(a + b)².

We did this earlier and got approximately 9.6884.

Yes, so the answer should be option C.

Let me check the answer choices again. Option C is I ≈9.6884, which matches the Ramanujan approximation result.

So the answer is C.
</think>

To determine the **circumference of the ellipse** defined by the equation:

$$
\frac{x^2}{4} + y^2 = 1,
$$

we begin by identifying its standard form. This is an ellipse centered at the origin with semi-major axis $ a = 2 $ (since $ a^2 = 4 $) and semi-minor axis $ b = 1 $ (since $ b^2 = 1 $).

---

### Step 1: Understanding the Circumference of an Ellipse

The exact circumference of an ellipse is given by an **elliptic integral**, which does not have a closed-form solution in terms of elementary functions. Therefore, we use **approximations** for practical computation.

One of the most accurate and widely used approximations is **Ramanujan’s first approximation**:

$$
C \approx \pi \left[ 3(a + b) - \sqrt{(3a + b)(a + 3b)} \right]
$$

---

### Step 2: Plug in the Values

Given:
- $ a = 2 $
- $ b = 1 $

Compute each term:

- $ 3(a + b) = 3(2 + 1) = 9 $
- $ 3a + b = 6 + 1 = 7 $
- $ a + 3b = 2 + 3 = 5 $
- $ (3a + b)(a + 3b) = 7 \cdot 5 = 35 $
- $ \sqrt{35} \approx 5.916079783 $

Now compute:

$$
C \approx \pi \left[ 9 - \sqrt{35} \right] = \pi (9 - 5.916079783) = \pi (3.083920217)
$$

$$
C \approx 3.1415926535 \times 3.083920217 \approx 9.68837796
$$

Rounded to **five significant figures**, this becomes:

$$
C \approx 9.6884
$$

---

### Step 3: Match with Given Options

From the provided choices:

- **C.** $ I \approx 9.6884 $

This matches our computed value exactly.

---

### Final Answer

$$
\boxed{C}
$$"
854,"Okay, let's tackle this problem step by step. First, part (a) asks for g(0). The function is given as g(t) = 1/(t + 8) - 6. So, to find g(0), I just need to substitute t with 0 in the function. Let me do that.

So, g(0) = 1/(0 + 8) - 6. That simplifies to 1/8 - 6. Let me calculate that. 1/8 is 0.125, and 6 is 6.0, so 0.125 - 6 = -5.875. But maybe they want it as a fraction. Let's see: 1/8 - 6 is the same as 1/8 - 48/8, which is (1 - 48)/8 = -47/8. Yeah, that's a better way to write it. So g(0) is -47/8. Let me check that again. 6 is 48/8, so 1/8 - 48/8 is -47/8. Yep, that's right.

Now part (b) asks to exactly solve g(t) = 0. So we need to set the function equal to zero and solve for t. Let's write that equation out: 1/(t + 8) - 6 = 0. To solve for t, first add 6 to both sides: 1/(t + 8) = 6. Then, take the reciprocal of both sides? Wait, no. Let's multiply both sides by (t + 8) to get rid of the denominator. So, 1 = 6(t + 8). Let's do that step by step.

Starting with 1/(t + 8) - 6 = 0.

Add 6 to both sides: 1/(t + 8) = 6.

Then, multiply both sides by (t + 8): 1 = 6(t + 8).

Now, divide both sides by 6: 1/6 = t + 8.

Then, subtract 8 from both sides: t = 1/6 - 8.

Convert 8 to sixths: 8 is 48/6, so 1/6 - 48/6 = (1 - 48)/6 = -47/6.

Wait, let me check that again. Let's go through the steps carefully.

Starting with 1/(t + 8) - 6 = 0.

Add 6 to both sides: 1/(t + 8) = 6.

Multiply both sides by (t + 8): 1 = 6(t + 8).

Then, 6(t + 8) = 1 => t + 8 = 1/6 => t = 1/6 - 8.

8 is 48/6, so 1/6 - 48/6 = -47/6. That's correct. So the solution is t = -47/6.

Let me verify by plugging back in. Let's compute g(-47/6).

First, t + 8 = (-47/6) + 8 = (-47/6) + (48/6) = 1/6.

Then, 1/(t + 8) = 1/(1/6) = 6. Then, 6 - 6 = 0. Perfect, that works. So t = -47/6 is the solution.

So part (a) is -47/8, part (b) is -47/6.

Wait, let me just make sure I didn't make a mistake in part (a). g(0) is 1/(0 + 8) - 6 = 1/8 - 6. 6 is 48/8, so 1/8 - 48/8 = -47/8. That's correct.

Yes, that seems right. So the answers are -47/8 for (a) and -47/6 for (b).
</think>

[ANS]$\boxed{-\dfrac{47}{8}, -\dfrac{47}{6}}$"
855,"Okay, let's tackle these two questions one by one. The problem says to round numbers to the thousands place first, then do addition or subtraction. 

Starting with question 1: Approximately how many cans were collected in the first quarter (January, February, and March)?

First, I need to find the numbers for January, February, and March from the table. Let me check the table again.

January: 7022 cans
February: 5653 cans
March: 6780 cans

The instruction says to round each number to the thousands place first. So rounding to the nearest thousand.

Let's do each one:

January: 7022. The thousands place is 7 (since 7022 is 7 thousand and 22). The next digit is 0 (the hundreds place), so 7022 rounded to the nearest thousand is 7000.

Wait, wait. Wait, when rounding to the thousands place, we look at the hundreds digit. For 7022: the number is 7 (thousands), 0 (hundreds), 2 (tens), 2 (units). So the hundreds digit is 0, which is less than 5, so we round down to 7000.

February: 5653. Thousands place is 5 (5000), hundreds digit is 6 (since 5653 is 5 thousand, 6 hundred, 53). The hundreds digit is 6, which is 5 or more, so we round up to 6000.

March: 6780. Thousands place is 6 (6000), hundreds digit is 7 (since 6780 is 6 thousand, 7 hundred, 80). Hundreds digit 7 is more than 5, so round up to 7000.

So first quarter total: 7000 (Jan) + 6000 (Feb) + 7000 (Mar) = 20,000.

Wait, let me double-check the rounding.

January: 7022. Rounding to thousands: 7000 (since 7022 is closer to 7000 than 8000). Correct.

February: 5653. The hundreds digit is 6, so 5653 rounds to 6000 (since 5653 is 5 thousand 6 hundred 53, which is more than 5500, so rounds up to 6000). Correct.

March: 6780. 6780 is 6 thousand 7 hundred 80, so hundreds digit is 7, which is more than 5, so rounds up to 7000. Correct.

So 7000 + 6000 + 7000 = 20,000. So approximately 20,000 cans in the first quarter.

Question 2: Approximately how many more cans were collected in July than in June?

July: 6222 cans
June: 3968 cans

First, round each to the thousands place.

July: 6222. Thousands place is 6 (6000), hundreds digit is 2 (since 6222 is 6 thousand 2 hundred 22). Hundreds digit 2 is less than 5, so rounds to 6000.

June: 3968. Thousands place is 3 (3000), hundreds digit is 9 (3968 is 3 thousand 9 hundred 68). Hundreds digit 9 is more than 5, so rounds up to 4000.

So the difference is 6000 - 4000 = 2000.

Wait, let's confirm:

July: 6222 rounded to thousands: 6000 (since 6222 is 6 thousand and 222, which is less than 6500, so rounds down to 6000).

June: 3968 rounded to thousands: 4000 (since 3968 is 3 thousand 968, which is more than 3500, so rounds up to 4000).

So 6000 - 4000 = 2000. So approximately 2000 more cans in July than June.

Let me check if I did the rounding correctly.

For July: 6222. The rule for rounding to the nearest thousand: look at the hundreds digit. 6222 is 6 (thousands), 2 (hundreds), 2 (tens), 2 (units). So hundreds digit is 2, which is less than 5, so round down to 6000. Correct.

June: 3968. Thousands digit is 3, hundreds digit is 9. Since 9 >=5, we round up the thousands place from 3 to 4, so 4000. Correct.

So the difference is 6000 - 4000 = 2000.

So the answers should be 20000 and 2000.

Wait, the problem says ""Round numbers to the thousands place first, and then do addition or subtraction."" So for question 1, we round each month's number to the nearest thousand, then add them. For question 2, round each to the nearest thousand, then subtract.

Yes, that's what I did.

Let me just verify the numbers again.

January: 7022 → 7000 (correct)
February: 5653 → 6000 (correct, since 5653 is 5.653 thousand, which rounds to 6 thousand)
March: 6780 → 7000 (6.78 thousand rounds to 7 thousand)
Total: 7000 + 6000 + 7000 = 20,000.

July: 6222 → 6000 (6.222 thousand rounds to 6 thousand)
June: 3968 → 4000 (3.968 thousand rounds to 4 thousand)
Difference: 6000 - 4000 = 2000.

Yes, that seems right.

I think that's it. So the answers are 20000 and 2000.
</think>

[ANS]20000, 2000

\boxed{20000, 2000}"
856,"Okay, let's try to figure out this problem step by step. So, we have a row of 2022 squares, and Alice and Bob take turns placing tiles that cover two adjacent squares. Alice goes first, and they can't overlap. The game ends when no more tiles can be placed. Alice wants to maximize the number of uncovered squares, Bob wants to minimize it. We need to find the greatest number Alice can ensure, no matter how Bob plays.

First, let's recall that in such tiling games with adjacent pairs, the key is often related to the parity of the number of squares and how the players can block each other. Let's start with smaller numbers to get a pattern.

Suppose there are n squares. Let's denote the maximum number of uncovered squares as U(n) when Alice plays first to maximize, Bob to minimize.

For n=1: no tiles can be placed, so U(1)=1.

n=2: Alice places a tile, covers both, so U(2)=0.

n=3: Alice places a tile on squares 1-2, then Bob can place on 2-3? Wait, no, because square 2 is already covered. Wait, n=3: after Alice places on 1-2, the remaining square is 3, so no more tiles. So U(3)=1. Alternatively, if Alice places on 2-3, same thing: U(3)=1. So U(3)=1.

n=4: Alice places a tile (say 1-2), then Bob can place on 3-4. So all covered, U(4)=0. Wait, but maybe Alice can do better? Wait, n=4: if Alice places 1-2, Bob places 3-4: done, 0 uncovered. If Alice places 2-3, then Bob has to place on 1-2 or 3-4, but 2-3 is covered, so Bob can place 1-2 or 4-? Wait, n=4: squares 1,2,3,4. If Alice places 2-3, then squares 1 and 4 are uncovered, so Bob can't place any tile (since tiles need two adjacent), so the game ends with 2 uncovered squares. Oh! That's a key point. I made a mistake earlier.

Wait, in n=4, if Alice places a tile in the middle (2-3), then the board is split into two single squares (1 and 4), so no more tiles can be placed. So the number of uncovered squares is 2. If Alice places at the end (1-2), then Bob can place 3-4, so all covered, 0 uncovered. So Alice will choose the middle placement to maximize uncovered squares. So U(4)=2.

Ah, right! So the strategy for Alice is to split the board into smaller segments to maximize the number of uncovered squares. Let's formalize this.

When you place a tile, you cover two adjacent squares, which can split the board into two separate segments (left and right of the tile). For example, placing a tile on positions i and i+1 splits the board into a segment of length i-1 and a segment of length n - (i+1).

The game ends when all segments have length 0 or 1 (since length 2 can be tiled, length 1 can't). Wait, no: a segment of length k can have some tiles placed, and the number of uncovered squares in that segment is k mod 2? Wait, no. Let's think about the maximum number of uncovered squares in a segment of length k.

For a single segment of length k (consecutive squares), the maximum number of uncovered squares when players play optimally (with the first player trying to maximize, second to minimize) is... Let's define f(k) as the maximum number of uncovered squares in a segment of length k when it's the turn of the player who wants to maximize (Alice) to play first on this segment, or minimize (Bob) to play first?

Wait, actually, the problem is that the entire game is a single segment, but each move can split it into two segments. So this is similar to a game where each move on a segment of length k results in two segments of length a and b, where a + b = k - 2 (since we cover 2 squares).

Let's define for a segment of length k:

- Let A(k) be the maximum number of uncovered squares that Alice can ensure in a segment of length k when it's Alice's turn to play on this segment.

- Let B(k) be the minimum number of uncovered squares that Bob can ensure in a segment of length k when it's Bob's turn to play on this segment.

Wait, maybe better to think in terms of the total number of uncovered squares. When the game ends, the uncovered squares are the ones that are in segments of length 1, because segments of length 2 or more can have tiles placed. Wait, no: a segment of length 3: if you have 3 squares, you can place one tile (covering 2), leaving 1 uncovered. A segment of length 4: if you place a tile in the middle, you get two segments of length 1, so 2 uncovered. A segment of length 5: let's see.

Let's compute small k:

k=0: 0 uncovered.

k=1: 1 uncovered (can't place tiles).

k=2: 0 uncovered (one tile).

k=3: Alice plays first. She can place a tile on 1-2, leaving k=1 (uncovered 1), or 2-3, leaving k=1 (uncovered 1). So after her move, the segment is split into 0 and 1 (since 1-2 covers, left segment length 0, right segment length 1). Wait, no: for k=3, positions 1,2,3. If Alice places 1-2, then the right segment is positions 3 (length 1). So total uncovered is 1 (position 3). If she places 2-3, left segment is position 1 (length 1), uncovered 1. So A(3)=1.

k=4: Alice's turn. She can place 1-2, splitting into [0] and [2] (length 2). Then Bob plays on the length 2 segment, which he can cover (0 uncovered), so total uncovered from this branch: 0. Or Alice places 2-3, splitting into [1] and [1] (length 1 each), so uncovered 1+1=2. Or Alice places 3-4, same as 1-2. So Alice will choose 2-3, resulting in 2 uncovered. So A(4)=2.

k=5: Alice's turn. She can place at positions 1-2, 2-3, 3-4, 4-5.

- Place 1-2: splits into [0] and [3]. Bob's turn on [3]. Bob will try to minimize uncovered. In [3], Bob (as the first player for that segment) would place a tile, leaving 1 uncovered. So total uncovered from [3] is 1. So total uncovered: 1.

- Place 2-3: splits into [1] and [2]. Bob's turn on [1] (uncovered 1, can't play) and [2] (Bob plays first on [2], covers it, 0 uncovered). So total uncovered: 1 + 0 = 1.

- Place 3-4: same as 2-3, splits into [2] and [1]. Bob plays on [2] (covers it, 0) and [1] (1), total uncovered 1.

- Place 4-5: same as 1-2, splits into [3] and [0], Bob plays on [3] (1 uncovered), total 1.

Wait, that can't be right. Wait, no: when a segment is split into two, the next player can choose which segment to play on? Wait, no, the game is on the entire board, so after Alice places a tile, the board is split into two independent segments (left and right of the tile), and Bob will play on the entire board, so he can choose any of the segments to place a tile in.

Ah, right! The key is that after a move, the board is a union of disjoint segments, and each player on their turn can choose any segment of length ≥2 to place a tile (covering two adjacent squares in that segment), which splits that segment into two smaller segments.

So for a single segment of length k, the game is a impartial game? Wait, no, because Alice and Bob have opposite goals: Alice wants to maximize uncovered, Bob minimize. So it's a partisan game.

Let's define for a segment of length k, let U(k) be the maximum number of uncovered squares that Alice can ensure when it's her turn to play on this segment (assuming optimal play from both), and V(k) be the minimum number of uncovered squares that Bob can ensure when it's his turn to play on this segment.

Wait, maybe better to think in terms of the number of tiles that can be placed, since the total number of squares is n, and the number of uncovered squares is n - 2*t, where t is the number of tiles placed. So maximizing uncovered squares is equivalent to minimizing the number of tiles placed (since n is fixed).

Ah! That's a crucial insight. The problem reduces to: what's the minimum number of tiles that can be placed (by both players, with Alice going first, Bob second) such that Bob tries to minimize the total tiles (since he wants to minimize uncovered squares, which is n - 2*t), and Alice tries to maximize the total tiles (wait, no: wait, uncovered squares = n - 2*t, so to maximize uncovered, Alice wants to minimize t (the number of tiles), and Bob wants to maximize t? Wait, no: let's check.

If t is the number of tiles, each tile covers 2 squares, so total covered squares = 2t, uncovered = n - 2t. So Alice wants to maximize uncovered = n - 2t ⇒ minimize t. Bob wants to minimize uncovered = n - 2t ⇒ maximize t.

Yes! That's a better way to look at it. So the problem is equivalent to: what's the minimum number of tiles that Bob can force, given that Alice is trying to minimize the number of tiles (since she wants to maximize uncovered). Wait, no: Alice wants to minimize t (to maximize uncovered), Bob wants to maximize t (to minimize uncovered). So it's a game where Alice is trying to minimize the number of tiles, Bob is trying to maximize it.

Wait, let's confirm with n=4. If n=4, possible tile counts:

- If Alice places a tile in the middle (2-3), then no more tiles can be placed (since left is 1, right is 1), so t=1, uncovered=4-2=2.

- If Alice places a tile at the end (1-2), Bob places 3-4, so t=2, uncovered=0.

So Alice will choose the first option, so t=1, uncovered=2. So here, Alice minimizes t (to 1) instead of Bob maximizing t (to 2). So yes, Alice wants to minimize t, Bob wants to maximize t.

So the problem becomes: find the minimal t that Alice can ensure, i.e., the smallest t such that no matter how Bob plays, Alice can force t tiles to be placed (wait, no: actually, the game ends when no more tiles can be placed, so it's the maximum number of tiles that can be placed with the given play order, but with Alice trying to minimize that maximum? Wait, maybe I confused the direction.

Let's think of it as a game where each move is a tile placement, and the game ends when no more moves are possible. The total number of moves (tiles) is the number of tiles placed. Alice wants to maximize (n - 2*t), so minimize t. Bob wants to minimize (n - 2*t), so maximize t.

So it's a two-player game where Alice (minimizer of t) and Bob (maximizer of t) take turns placing tiles, with Alice starting. We need to find the minimal t that Alice can guarantee, i.e., the smallest t such that even if Bob plays optimally to maximize t, Alice can still ensure that t is at most that value.

Wait, no: when you say ""the greatest number of uncovered squares that Alice can ensure"", it's the maximum value U such that no matter how Bob plays, Alice can force the game to end with at least U uncovered squares. So U = n - 2*t, where t is the minimal number of tiles that Bob can force (i.e., the maximum t that Alice can prevent, but actually, it's the minimal t that Alice can guarantee, so U = n - 2*min_t, where min_t is the minimal t such that Alice can force t tiles).

Wait, maybe better to use induction.

Let's consider the game as a sequence of moves. Each move covers two squares, splitting the board into left and right segments. The key is that the game is equivalent to a graph where each segment is a path graph, and a move is selecting an edge (covering two adjacent nodes), splitting the graph into two smaller path graphs.

The number of uncovered squares at the end is equal to the number of nodes not in any edge, which is the number of ""odd"" components (since each edge covers two nodes, the number of uncovered nodes is the number of nodes in components of size 1, because components of size ≥2 can have edges placed).

Wait, in a path graph with k nodes, the maximum number of edges (tiles) that can be placed is floor(k/2) if it's a single segment, but here it's a game where players alternate, with the first player trying to minimize the number of edges (to maximize uncovered), second trying to maximize.

Wait, no, in the standard tiling game where players alternate placing dominoes on a 1xN grid, the number of dominoes that can be placed is floor(N/2) if no restrictions, but here it's a game where players take turns, and the game ends when no more dominoes can be placed (i.e., the grid is covered by dominoes as much as possible, with no two dominoes overlapping).

Wait, actually, in this problem, the game ends when no more dominoes can be placed, so it's equivalent to the maximum number of non-overlapping dominoes that can be placed, but with the restriction that players alternate placing them, with Alice going first, and Bob trying to minimize the number of dominoes (wait, no: Bob wants to minimize uncovered, which is n - 2*t, so he wants to maximize t. Alice wants to maximize uncovered, so minimize t).

Wait, no, in reality, the game is not about the maximum possible dominoes, but about the dominoes placed by the players in turn, with the game ending when no more can be placed. So it's a process where each player places one domino per turn, and the game ends when there are no two adjacent uncovered squares.

For example, in a 1xN grid, the maximum number of dominoes that can be placed is floor(N/2), but here the game is played with players taking turns, so the number of dominoes placed depends on the players' strategies.

Let's take n=2: Alice places the only domino, t=1, uncovered=0.

n=3: Alice places a domino, t=1, uncovered=1.

n=4: As we saw, Alice can place a domino in the middle, splitting into two single squares, so t=1, uncovered=2. If she places at the end, Bob places the other domino, t=2, uncovered=0. So Alice will choose the middle, so t=1, uncovered=2.

n=5: Let's see. Alice's options:

- Place at 1-2: splits into [0] and [3] (length 3). Bob's turn on length 3. Bob will place a domino in length 3 (e.g., 2-3 in the original 5, which is positions 3-4 in the length 3 segment), leaving a single square. So total t=2, uncovered=5-4=1.

- Place at 2-3: splits into [1] (length 1) and [2] (length 2). Bob's turn: he can place a domino on the length 2 segment (positions 4-5), so t=2, uncovered=1.

- Place at 3-4: same as 2-3.

- Place at 4-5: same as 1-2.

Is there a better move for Alice? What if she places at 2-3, leaving [1] and [2]. Bob has to play on [2] (since [1] can't be played), so he places a domino on [2], t=2, uncovered=1. If Alice places at 1-2, Bob places on 3-4 (length 2), leaving 5 uncovered? Wait, n=5: positions 1,2,3,4,5.

Alice places 1-2: covered 1,2. Uncovered: 3,4,5.

Bob's turn: he can place 3-4 or 4-5.

- If Bob places 3-4: covered 3,4. Uncovered: 5. t=2, uncovered=1.

- If Bob places 4-5: covered 4,5. Uncovered: 3. t=2, uncovered=1.

So either way, uncovered=1.

If Alice places 2-3: covered 2,3. Uncovered: 1,4,5.

Bob's turn: he can place 1-2? No, 2 is covered. 4-5: yes, so he places 4-5, covered 4,5. Uncovered: 1. t=2, uncovered=1.

Same for other placements. So for n=5, U(5)=1.

n=6:

Alice's options:

- Place in the middle: 3-4, splitting into [2] and [2]. Bob's turn: he plays on one of the [2] segments, say 1-2, then Alice plays on 5-6. Wait, no: after Alice places 3-4, the board is [1,2] and [5,6], each length 2.

Bob's turn: he can place a domino on [1,2] (covers 1-2), leaving [5,6] for Alice to place (covers 5-6). So total t=3, uncovered=0.

But maybe Alice can do better. Wait, if Alice places 2-3: splits into [1] and [3] (lengths 1 and 3).

Bob's turn on [3]: he can place a domino (e.g., 4-5), leaving [6] uncovered. So total uncovered: 1 (from [1]) + 1 (from [6]) = 2.

Wait, let's detail:

n=6: positions 1-6.

Alice places 2-3: covered 2,3. Uncovered: 1,4,5,6.

Bob's turn: he can place on 4-5 or 5-6.

- If Bob places 4-5: covered 4,5. Uncovered: 1,6. t=2, uncovered=2.

- If Bob places 5-6: covered 5,6. Uncovered: 1,4. t=2, uncovered=2.

So Alice can get uncovered=2.

If Alice places 1-2: splits into [0] and [4] (length 4).

Bob's turn on length 4: he can play optimally to maximize t. For length 4, Bob (as the first player on that segment) would try to maximize t. Wait, in length 4, the first player (Bob) can place a tile in the middle (3-4 in the length 4 segment, which is positions 3-4 in original? Wait, no: the segment is positions 3-6 (length 4).

Bob places 4-5 (in the segment 3-6), splitting into [3] and [6]. Then Alice places 6-? No, segment 3 is length 1, segment 6 is length 1. So t=2 (Bob's move and Alice's move? Wait, no: total moves: Alice first, then Bob, then Alice, etc.

Wait, n=6:

Turn 1 (Alice): places a tile, say 1-2.

Turn 2 (Bob): places a tile, say 3-4.

Turn 3 (Alice): places 5-6.

Total t=3, uncovered=0.

But if Alice places 2-3 on turn 1:

Turn 1: 2-3 (covered 2,3)

Turn 2 (Bob): places 4-5 (covered 4,5)

Turn 3 (Alice): can she place a tile? Uncovered squares: 1,6. No adjacent, so game ends. t=2, uncovered=2.

Yes, that's better for Alice. So U(6)=2.

Wait, let's list U(n) for small n:

n : U(n)

1 : 1 (can't place tiles)

2 : 0 (Alice places the only tile)

3 : 1 (Alice places one tile, leaves 1)

4 : 2 (Alice places in the middle, leaves two singles)

5 : 1 (as above)

6 : 2 (as above)

Wait, let's check n=7.

n=7:

Alice wants to maximize uncovered. Let's see:

If Alice places a tile in the middle, say 3-4, splitting into [2] and [3].

Bob's turn: he will play on the larger segment to maximize t.

Segment [2] (length 2): Bob can place a tile there, t increases by 1, leaving 0.

Segment [3] (length 3): Bob can place a tile, leaving 1.

So total t after Bob's move: 1 (Alice) + 1 (Bob) = 2.

Then Alice's turn: she has the [1] from the length 3 segment, so no moves. Wait, no:

After Alice places 3-4 (turn 1):

Segments: left [1,2] (length 2), right [5,6,7] (length 3).

Bob's turn: he can choose to play on left or right.

- If he plays on left (1-2), then segments become [0] and [5,6,7] (length 3). Alice's turn: she plays on [5,6,7] (e.g., 5-6), leaving [7] (length 1). So t=3, uncovered=7-6=1.

- If he plays on right (5-6), segments become [1,2] (length 2) and [7] (length 1). Alice's turn: she plays on [1,2] (1-2), leaving 0. So t=3, uncovered=1.

- If he plays on right (6-7), segments become [1,2] (length 2) and [5] (length 1). Alice plays on [1,2], t=3, uncovered=1.

So in all cases, uncovered=1.

Wait, is there a better move for Alice?

Alice places 2-3 (turn 1):

Segments: [1] (length 1), [4,5,6,7] (length 4).

Bob's turn on length 4: he can play in the middle (5-6), splitting into [4] and [7]. So t=2 (Alice and Bob), uncovered=1 + 1 + 1? Wait, no:

After Alice places 2-3: uncovered 1,4,5,6,7.

Bob places 5-6: covered 5,6. Uncovered: 1,4,7.

Alice's turn: no adjacent uncovered squares (1 is alone, 4 is alone, 7 is alone), so game ends. t=2, uncovered=3.

Oh! That's better. Let's detail:

n=7, positions 1-7.

Turn 1 (Alice): places 2-3 (covers 2,3). Uncovered: 1,4,5,6,7.

Turn 2 (Bob): he wants to maximize t (minimize uncovered), so he should try to place a tile that allows more tiles later. The uncovered squares are 1 (isolated), 4-7 (a segment of length 4).

Bob can place on 4-5, 5-6, or 6-7.

- If Bob places 4-5: covered 4,5. Uncovered: 1,6,7. Now, 6-7 are adjacent, so Alice can place 6-7 on turn 3. Then uncovered: 1. t=3, uncovered=1.

- If Bob places 5-6: covered 5,6. Uncovered: 1,4,7. No adjacent, so game ends. t=2, uncovered=3.

- If Bob places 6-7: covered 6,7. Uncovered: 1,4,5. Alice can place 4-5 on turn 3. Uncovered: 1. t=3, uncovered=1.

Ah, so Bob will choose to place 5-6 (the middle of the length 4 segment) to minimize the uncovered squares (since if he places at the end, Alice can place the next tile, but if he places in the middle, Alice can't place anything). Wait, Bob wants to minimize uncovered, so he wants to maximize t. So he will choose the move that leads to the highest t.

In the case where Bob places 5-6 (middle of 4-7), t=2, uncovered=3.

If Bob places 4-5, then Alice places 6-7, t=3, uncovered=1 (which is less than 3, so Bob doesn't want that).

If Bob places 6-7, same as 4-5, t=3, uncovered=1.

So Bob will choose the move that gives him the highest t, which is t=3 (uncovered=1), so he will place at the ends to allow Alice to place another tile.

Wait, no: Bob's goal is to minimize uncovered, so he wants the smallest possible uncovered. So he wants to maximize t (since uncovered = n - 2t).

So in the n=7 case, if Bob can get t=3 (uncovered=1), that's better (smaller uncovered) than t=2 (uncovered=3). So Bob will choose the move that leads to t=3.

Let's see:

After Alice places 2-3 (turn 1), uncovered: 1,4,5,6,7.

Bob places 4-5 (turn 2): covered 4,5. Uncovered: 1,6,7.

Alice's turn (turn 3): she can place 6-7 (covers 6,7). Uncovered: 1. t=3, uncovered=1.

Bob places 6-7 (turn 2): covered 6,7. Uncovered: 1,4,5.

Alice places 4-5 (turn 3). Uncovered: 1. t=3, uncovered=1.

Bob places 5-6 (turn 2): covered 5,6. Uncovered: 1,4,7. No moves left. t=2, uncovered=3.

So Bob will choose to place 5-6 (the middle) to minimize the uncovered, because 3 is larger than 1, so he wants the smaller uncovered, so he will choose the move that leads to uncovered=1, not 3.

Ah, right! Bob's goal is to minimize uncovered, so he will choose the move that results in the smallest possible uncovered squares.

In the n=7 case, if Alice places 2-3, then Bob can choose to place 5-6, resulting in uncovered=3, or place 4-5/6-7, resulting in uncovered=1. Since 1 < 3, Bob will choose to place 4-5 or 6-7 to get uncovered=1.

So in that case, uncovered=1.

Is there a move for Alice that gives her higher uncovered?

Alice places 3-4 (turn 1):

Uncovered: 1,2,5,6,7.

Bob's turn: he can play on 1-2 (length 2) or 5-6 (length 2) or 6-7 (length 2).

- If Bob plays 1-2: covered 1,2. Uncovered: 5,6,7. Alice plays 5-6, uncovered=7. t=3, uncovered=1.

- If Bob plays 5-6: covered 5,6. Uncovered: 1,2,7. Alice plays 1-2, uncovered=7. t=3, uncovered=1.

- If Bob plays 6-7: covered 6,7. Uncovered: 1,2,5. Alice plays 1-2, uncovered=5. t=3, uncovered=1.

So all lead to uncovered=1.

What if Alice places 1-2 (turn 1):

Uncovered: 3,4,5,6,7.

Bob's turn: he can play 3-4, 4-5, 5-6, 6-7.

- Bob plays 3-4: uncovered 5,6,7. Alice plays 5-6, uncovered=7. t=3, uncovered=1.

- Bob plays 4-5: uncovered 3,6,7. Alice plays 6-7, uncovered=3. t=3, uncovered=1.

- Bob plays 5-6: uncovered 3,4,7. Alice plays 3-4, uncovered=7. t=3, uncovered=1.

- Bob plays 6-7: uncovered 3,4,5. Alice plays 3-4, uncovered=5. t=3, uncovered=1.

So all lead to uncovered=1.

Wait, maybe n=7 has U(n)=1.

Let's try to find a pattern.

Let's list n and U(n):

n : U(n)

1 : 1

2 : 0

3 : 1

4 : 2

5 : 1

6 : 2

7 : 1

8 : 3

Wait, let's check n=8.

n=8:

Alice wants to maximize uncovered.

If Alice places a tile in the middle, say 3-4, splitting into [2] and [4] (lengths 2 and 4).

Bob's turn on the length 4 segment: he can play in the middle (5-6), splitting into [4] and [2] (wait, original length 4 is positions 5-8).

Bob places 5-6: segments [5-5] (length 1) and [7-8] (length 2).

Alice's turn: she can play on [7-8], covering it, so t=3, uncovered=8-6=2. Not good.

Alternative: Alice places 2-3 (turn 1), splitting into [1] (length 1) and [4-8] (length 5).

Bob's turn on length 5: he wants to maximize t. For length 5, the first player (Bob) can place a tile to split it.

If Bob places 5-6 in length 5 (positions 4-8: 4,5,6,7,8), so covers 5-6, splitting into [4] and [7-8] (lengths 1 and 2).

Alice's turn: she can play on [7-8], covering it, so t=3, uncovered=8-6=2.

But maybe Alice can do better by splitting into two even segments.

Wait, another approach: in such games, the key is the parity of n and the number of ""blocks"" of length 1.

Notice that when you place a tile, you can create two segments. The game ends when all segments are length 1 (since length 2 can be tiled).

The number of uncovered squares is equal to the number of segments of length 1 at the end.

Each tile placement reduces the total number of segments by 1 (since you split one segment into two, so net +1 segment, but you remove 2 squares, so the total number of segments is (number of tiles) + (number of segments of length 1)).

Wait, maybe it's better to think in terms of the maximum number of tiles that can be placed with the constraint that Alice starts.

In the standard game where players alternate placing dominoes on a 1xN grid, the number of dominoes that can be placed is floor(N/2) if the grid is played optimally for maximum, but here it's a game where the players have opposite goals.

Wait, another angle: the problem is similar to the ""domino tiling game"" where the goal is to maximize/minimize the number of uncovered squares.

In such games, for a linear board of n squares, the optimal strategy for the first player (Alice) is to place tiles in such a way that the board is divided into segments of length 1 and 2, but since Bob is trying to minimize uncovered, he will try to merge segments.

Wait, let's consider that the minimal number of uncovered squares is n mod 2, but no, for n=4, it's 2, which is 0 mod 2.

Wait, n=2: 0 (even), n=3:1 (odd), n=4:2 (even), n=5:1 (odd), n=6:2 (even), n=7:1 (odd), n=8:3 (odd)? Wait, no, earlier I thought n=8 might be 3.

Wait, let's look for a pattern in U(n):

n=1:1 (1)

n=2:0 (0)

n=3:1 (1)

n=4:2 (2)

n=5:1 (1)

n=6:2 (2)

n=7:1 (1)

n=8:3 (3)

n=9:2 (2)

n=10:4 (4)

Wait, that looks like U(n) = floor((n-1)/3) * 2 + (n mod 3)? Wait, let's check:

n=1: (1-1)/3=0, 0*2 +1=1 ✔️

n=2: (2-1)/3=0.333, floor=0, 0*2 +0=0 ✔️

n=3: (3-1)/3=0.666, floor=0, 0*2 +1=1 ✔️

n=4: (4-1)/3=1, 1*2 + (4 mod 3)=2 +1=3? No, U(4)=2.

Alternative pattern: For n ≥ 1, U(n) = n - 2*ceil(n/3). Wait:

n=1: 1 - 2*1= -1 ❌

n=2: 2 - 2*1=0 ✔️

n=3: 3 - 2*2= -1 ❌

No.

Another approach: In such games, the maximum number of uncovered squares Alice can ensure is related to the number of ""gaps"" she can create.

When Alice places a tile, she can create two segments. To maximize uncovered squares, she wants to create as many segments of length 1 as possible, because segments of length 1 can't be tiled.

Each segment of length 1 contributes 1 uncovered square.

The key is that each tile placed by Alice can be followed by Bob placing a tile in a segment, but Alice wants to create segments that Bob can't tile.

Wait, let's think in terms of the game as a sequence of moves where each move by Alice creates a ""block"" that Bob can't fill.

Suppose n is even: n=2m.

If Alice places a tile in the middle, splitting into two segments of length m-1.

But maybe a better way is to consider that the game is equivalent to the following: the maximum number of uncovered squares is the number of squares that are left when the board is partitioned into the largest possible number of non-overlapping tiles, but with the constraint that Alice chooses the tiles to maximize the leftovers, and Bob chooses to minimize them.

Wait, no—actually, in the game, the players are forced to place tiles in turn, so it's not about the maximum possible tiling, but the tiling that results from optimal play.

Let's consider that each ""round"" (Alice and Bob each place a tile) can cover 4 squares, leaving 2 uncovered. But for n=4, that's 2 uncovered (which is 4 - 2*1 = 2). For n=6, 2 uncovered (6 - 2*2 = 2). For n=8, 3 uncovered (8 - 2*2.5? No, 8 - 2*2=4? Wait, n=8: if Alice places a tile, Bob places a tile, Alice places a tile, Bob places a tile? No, n=8 has 4 squares, 2 tiles.

Wait, let's use the concept of ""independent sets"" or ""matching"".

In a path graph with n vertices, the maximum matching size is floor(n/2), but here it's a game where players alternate adding edges to the matching.

The game ends when the matching is maximum (no more edges can be added), but actually, no—players can choose any edge not incident to existing edges, so it's a game where the matching is built incrementally.

The key insight from combinatorial game theory for such linear games is that the first player can force the number of uncovered squares to be n mod 3 or something similar.

Wait, let's look for a pattern with n=2k:

n=2: 0 = 2 - 2*1

n=4: 2 = 4 - 2*1

n=6: 2 = 6 - 2*2

n=8: 4 = 8 - 2*2

Wait, no:

Wait, n=4: Alice places a tile in the middle (positions 2-3), leaving positions 1 and 4 uncovered. So 2 uncovered.

n=6: Alice places a tile in positions 2-3, leaving positions 1,4,5,6. Bob places a tile in positions 5-6, leaving positions 1 and 4 uncovered. So 2 uncovered.

n=8: Alice places 2-3, Bob places 5-6, Alice places 6-7? Wait, no, let's do it step by step.

n=8:

Turn 1 (Alice): 2-3 (covers 2,3). Uncovered: 1,4,5,6,7,8.

Turn 2 (Bob): he wants to minimize uncovered, so he will try to place a tile that leaves as few as possible. Let's say he places 5-6 (covers 5,6). Uncovered: 1,4,7,8.

Turn 3 (Alice): she can place 7-8 (covers 7,8). Uncovered: 1,4. So total uncovered=2.

But maybe Bob places 4-5 instead:

Turn 2 (Bob): 4-5 (covers 4,5). Uncovered: 1,6,7,8.

Turn 3 (Alice): 6-7 (covers 6,7). Uncovered: 1,8. Still 2.

If Alice places 3-4 on turn 1:

Turn 1: 3-4 (covers 3,4). Uncovered: 1,2,5,6,7,8.

Turn 2 (Bob): 5-6 (covers 5,6). Uncovered: 1,2,7,8.

Turn 3 (Alice): 7-8 (covers 7,8). Uncovered: 1,2. So 2 uncovered.

Hmm, maybe n=8 has U(n)=2? But earlier I thought it was 3.

Wait, let's try a different strategy for Alice. Suppose she places a tile such that she creates two segments of length 3.

For n=8, if Alice places 4-5 (middle), splitting into [1-3] (length 3) and [6-8] (length 3).

Bob's turn: he plays on one of the length 3 segments, say [1-3] (places 2-3), leaving [1] (length 1).

Alice's turn: plays on [6-8] (places 6-7), leaving [8] (length 1).

Total uncovered: 1 + 1 = 2.

Same as before.

What if n=9?

n=9:

Alice places 4-5, splitting into [1-3] (3) and [6-9] (4).

Bob plays on [6-9] (length 4): he places 7-8, splitting into [6] and [9].

Alice plays on [1-3]: places 2-3, leaving [1].

Uncovered: 1 (from [1]) + 1 (from [6]) + 1 (from [9]) = 3.

Wait, let's detail:

Turn 1 (Alice): 4-5 (covers 4,5). Uncovered: 1,2,3,6,7,8,9.

Turn 2 (Bob): plays 7-8 (covers 7,8). Uncovered: 1,2,3,6,9.

Turn 3 (Alice): plays 2-3 (covers 2,3). Uncovered: 1,6,9.

Turn 4 (Bob): no moves (1,6,9 are isolated). So uncovered=3.

Is that the best Alice can do?

If Alice places 3-4:

Turn 1: 3-4 (covers 3,4). Uncovered: 1,2,5,6,7,8,9.

Turn 2 (Bob): plays 5-6 (covers 5,6). Uncovered: 1,2,7,8,9.

Turn 3 (Alice): plays 7-8 (covers 7,8). Uncovered: 1,2,9.

Turn 4 (Bob): no moves. Uncovered=3.

So U(9)=3.

n=9: 3

n=8: let's see if it's 2.

n=8:

Turn 1 (Alice): 3-4 (covers 3,4). Uncovered: 1,2,5,6,7,8.

Turn 2 (Bob): 5-6 (covers 5,6). Uncovered: 1,2,7,8.

Turn 3 (Alice): 7-8 (covers 7,8). Uncovered: 1,2.

Total uncovered=2.

Yes, so U(8)=2.

n=7: let's confirm.

n=7:

Turn 1 (Alice): 3-4 (covers 3,4). Uncovered: 1,2,5,6,7.

Turn 2 (Bob): 5-6 (covers 5,6). Uncovered: 1,2,7.

Turn 3 (Alice): no moves. Uncovered=3? Wait, no:

Wait, uncovered squares are 1,2,7. 1 and 2 are adjacent, so Alice can place a tile on 1-2 on her turn!

Oh! I made a mistake earlier. In n=7, after Alice places 3-4 (turn 1), uncovered: 1,2,5,6,7.

Bob's turn: he can place 5-6 (turn 2), uncovered: 1,2,7.

Alice's turn: she can place 1-2 (covers 1,2), leaving 7 uncovered. So total uncovered=1.

Ah, right! Because 1 and 2 are adjacent, so Alice can place a tile there.

So for n=7:

Turn 1 (Alice): 3-4 (covers 3,4).

Turn 2 (Bob): 5-6 (covers 5,6).

Turn 3 (Alice): 1-2 (covers 1,2).

Uncovered: 7. So t=3, uncovered=1.

Yes, that's better.

So the key is that segments of length ≥2 can be tiled, so after Bob splits a segment, Alice can tile the left segment if it's length ≥2.

This suggests that the optimal strategy for Alice is to create segments of length 3, because a segment of length 3 can be tiled by one tile (leaving 1 uncovered), but if Alice creates a segment of length 3, Bob will tile it (leaving 1), so the net uncovered from that segment is 1.

Wait, let's think in terms of the number of ""blocks"" of 3.

Suppose we have n = 3k + r, where r=0,1,2.

If Alice can force the game to have k segments of 3, each contributing 1 uncovered square, and r remaining squares.

For example:

n=3: 3=3*1+0, U=1 (1 uncovered).

n=4=3*1+1, U=2 (2 uncovered).

n=5=3*1+2, U=1 (1 uncovered).

n=6=3*2+0, U=2 (2 uncovered).

n=7=3*2+1, U=1 (1 uncovered).

n=8=3*2+2, U=2 (2 uncovered).

n=9=3*3+0, U=3 (3 uncovered).

Yes, this pattern fits:

r=0: U=k (since n=3k, U=k)

r=1: U=k+1 (n=3k+1, U=k+1)

r=2: U=k (n=3k+2, U=k)

Wait, let's check:

n=3 (k=1, r=0): U=1=k ✔️

n=4 (k=1, r=1): U=2=k+1 ✔️

n=5 (k=1, r=2): U=1=k ✔️

n=6 (k=2, r=0): U=2=k ✔️

n=7 (k=2, r=1): U=1? Wait, no, earlier we saw n=7 has U=1, but according to this, r=1, k=2, so U=2+1=3. That doesn't match.

Wait, let's recast with actual calculations:

n=1: 1 (r=1, k=0) → U=1

n=2: 0 (r=2, k=0) → U=0

n=3: 1 (r=0, k=1) → U=1

n=4: 2 (r=1, k=1) → U=2

n=5: 1 (r=2, k=1) → U=1

n=6: 2 (r=0, k=2) → U=2

n=7: 1 (r=1, k=2) → U=1

n=8: 2 (r=2, k=2) → U=2

n=9: 3 (r=0, k=3) → U=3

Yes! Now it's clear:

For n = 3k + r, where r=0,1,2:

- If r=0: U=k

- If r=1: U=k

- If r=2: U=k+1

Wait, n=1: 3*0 +1 → r=1, k=0 → U=0+1=1 ✔️

n=2: 3*0 +2 → r=2, k=0 → U=0+1=1? No, n=2 has U=0.

Wait, better to list:

n : U(n) : n mod 3 : (n-1)//3

1 : 1 : 1 : 0

2 : 0 : 2 : 0

3 : 1 : 0 : 1

4 : 2 : 1 : 1

5 : 1 : 2 : 1

6 : 2 : 0 : 2

7 : 1 : 1 : 2

8 : 2 : 2 : 2

9 : 3 : 0 : 3

10: 2 : 1 : 3

11: 1 : 2 : 3

12: 4 : 0 : 4

Ah! Now the pattern is:

U(n) = floor((n-1)/3) + (1 if n mod 3 == 1 else 0)

Wait, let's check:

n=1: floor(0/3)=0, n mod 3=1 → 0+1=1 ✔️

n=2: floor(1/3)=0, n mod 3=2 → 0+0=0 ✔️

n=3: floor(2/3)=0, n mod 3=0 → 0+0=0? No, U(3)=1.

Alternative: U(n) = ceil(n/3) - 1? No, n=3: ceil(3/3)-1=0, but U=1.

Wait, looking at the table:

n | U(n) | n/3 | (n-1)/3

1 | 1 | 0.333 | 0

2 | 0 | 0.666 | 0.333

3 | 1 | 1 | 0.666

4 | 2 | 1.333 | 1

5 | 1 | 1.666 | 1.333

6 | 2 | 2 | 1.666

7 | 1 | 2.333 | 2

8 | 2 | 2.666 | 2.333

9 | 3 | 3 | 2.666

Ah! U(n) = floor((n-2)/3) + 1 when n mod 3 ≠ 0, and U(n) = n/3 when n mod 3 = 0.

Wait, n=3: floor((3-2)/3)=0 +1=1 ✔️

n=4: floor((4-2)/3)=0 +1=1? No, U(4)=2.

Wait, let's think differently. The problem is similar to the ""maximum number of uncovered squares"" which is equal to the number of squares that cannot be paired, considering that Alice and Bob alternate.

In such games, the first player can force the number of uncovered squares to be either the ceiling of n/3 or something like that.

Wait, another approach: in the game, each move by Alice creates a ""gap"" that Bob has to deal with. The key is that to maximize uncovered squares, Alice wants to create as many isolated squares as possible, while Bob tries to pair them.

The optimal strategy for Alice is to always place a tile such that the board is split into two segments of length m and m+1, but I'm not sure.

Let's consider the total number of tiles that can be placed. Since each tile covers 2 squares, the maximum possible uncovered squares is n mod 2 (if all can be tiled), but here it's different.

Wait, the problem states that the game ends when no tile can be placed, which means that the remaining uncovered squares form a set with no two adjacent. The maximum size of such a set is ceil(n/2) (for example, all odd positions), but here it's constrained by the game rules.

In this game, the set of uncovered squares must be an independent set in the path graph, and the game is about building a matching (tiles) that is a subset of the edges, with players alternating.

The size of the independent set (uncovered squares) is what Alice wants to maximize, Bob to minimize.

In graph theory, the size of the maximum independent set for a path graph with n nodes is ceil(n/2), but here it's a game where the independent set is the complement of the matching.

The game is equivalent to: players alternately add edges to a matching, and the independent set is the set of vertices not incident to any edge in the matching.

Alice wants the independent set to be as large as possible, Bob as small as possible.

In such a game, the value (size of independent set) can be determined by the following:

For a path graph P_n, the game value (max independent set size Alice can ensure) is floor((n + 1)/3) * 2 - something? Wait, let's look for known results.

I recall that in the game of Kayles (a similar game where players remove a node and its neighbors), but this is different.

Alternatively, consider that each ""cycle"" of 3 squares: if you have 3 squares, the first player can place a tile, leaving 1 square (so 1 uncovered). For 4 squares, first player places a tile in the middle, leaving 2 squares (1+1), so 2 uncovered. For 5 squares, first player places a tile, leaving 3 squares, which Bob can place a tile, leaving 1, so total 1 uncovered.

This suggests that for every 3 squares, Alice can get 1 uncovered square, but with some adjustment for the remainder.

Let's try to compute U(n) for n=2022.

First, let's find the pattern with n=3k:

n=3: U=1

n=6: U=2

n=9: U=3

So for n=3k, U=k.

n=3k+1:

n=4: U=2 (k=1, 3*1+1=4 → U=2)

n=7: U=1? Wait, no, earlier we saw n=7 has U=1, but 3*2+1=7, k=2, U=1.

Wait, n=4: 3*1+1 → U=2=1+1

n=7: 3*2+1 → U=1=2-1? Not consistent.

Wait, let's use the following method:

When Alice places a tile, she can choose to split the board into two segments. To maximize the number of uncovered squares, she wants to split the board into two segments where the sum of their U values is maximized.

Let's define f(n) as the maximum number of uncovered squares Alice can ensure for a segment of length n.

Base cases:

f(0) = 0 (no squares)

f(1) = 1 (can't place tiles)

f(2) = 0 (Alice places the only tile)

f(3): Alice can place a tile in position 1-2, leaving a segment of length 1 (f(1)=1). Or place in 2-3, leaving a segment of length 1 (f(1)=1). So f(3)=1.

f(4): Alice can place a tile at 1-2, leaving segments of length 0 and 2. Bob's turn on the segment of length 2: f(2)=0 (but wait, no—after Alice places, it's Bob's turn, so the value for Bob is g(2), where g(n) is the minimum uncovered squares Bob can ensure for a segment of length n when it's his turn.

Ah, right, we need two functions: f(n) (Alice's turn on a segment of length n) and g(n) (Bob's turn on a segment of length n).

For a segment of length n:

- If it's Alice's turn, she can place a tile at position i (1 ≤ i ≤ n-1), splitting the segment into a left segment of length i-1 and a right segment of length n - i.

- After her move, it's Bob's turn, so the total uncovered squares will be f_left + f_right, where f_left is the value Bob can ensure on the left segment (since it's now Bob's turn), and f_right similarly.

Wait, no: when it's Bob's turn on a segment, he will choose the move that minimizes the total uncovered squares.

So:

f(n) = max over i=1 to n-1 of [ g(i-1) + g(n - i) ]

g(n) = min over i=1 to n-1 of [ f(i-1) + f(n - i) ]

Base cases:

g(0) = 0 (no squares, uncovered=0)

g(1) = 1 (can't place tiles, uncovered=1)

f(1) = 1 (can't place tiles, uncovered=1)

f(2): Alice places the only tile, so g(0) + g(0) = 0 + 0 = 0. So f(2)=0.

g(2): Bob's turn on length 2. He can place a tile, so f(0) + f(0) = 0. So g(2)=0.

f(3): Alice can place at i=1 (left=0, right=2) → g(0) + g(2) = 0 + 0 = 0

i=2 (left=1, right=1) → g(1) + g(1) = 1 + 1 = 2

So f(3) = max(0, 2) = 2? Wait, this contradicts earlier.

Wait, no: when Alice places a tile at i=2 (positions 2-3 in n=3), the left segment is length 1 (position 1), right segment is length 0. So g(1) + g(0) = 1 + 0 = 1.

Ah, right, the segments are length i-1 (left) and n - i (right).

For n=3:

- Place at i=1 (covers 1-2): left segment length 0, right segment length 3 - 1 = 2 (positions 3). Wait, no: the segment is positions 1-3. Placing a tile at 1-2 covers positions 1 and 2, so the right segment is positions 3 (length 1), not 2.

Yes, the right segment length is n - (i + 1) + 1? Wait, better to define:

If you have a segment of length n (positions 1 to n), placing a tile on positions k and k+1 splits the segment into [1..k-1] (length k-1) and [k+2..n] (length n - (k+1)).

So the lengths of the two segments are a = k-1 and b = n - (k+1), with a + b = n - 2.

So for n=3:

- k=1: a=0, b=1 (3 - 1 - 1 = 1)

- k=2: a=1, b=0

So f(3) = max( g(0) + g(1), g(1) + g(0) ) = max(0 + 1, 1 + 0) = 1.

g(3) = min( f(0) + f(1), f(1) + f(0) ) = min(0 + 1, 1 + 0) = 1.

f(4):

- k=1: a=0, b=2 (4 - 1 - 1 = 2) → g(0) + g(2) = 0 + 0 = 0

- k=2: a=1, b=1 (4 - 2 - 1 = 1) → g(1) + g(1) = 1 + 1 = 2

- k=3: a=2, b=0 → g(2) + g(0) = 0 + 0 = 0

So f(4) = max(0, 2, 0) = 2.

g(4):

- k=1: f(0) + f(2) = 0 + 0 = 0

- k=2: f(1) + f(1) = 1 + 1 = 2

- k=3: f(2) + f(0) = 0 + 0 = 0

So g(4) = min(0, 2, 0) = 0.

f(5):

- k=1: g(0) + g(3) = 0 + 1 = 1

- k=2: g(1) + g(2) = 1 + 0 = 1

- k=3: g(2) + g(1) = 0 + 1 = 1

- k=4: g(3) + g(0) = 1 + 0 = 1

So f(5) = 1.

g(5):

- k=1: f(0) + f(3) = 0 + 1 = 1

- k=2: f(1) + f(2) = 1 + 0 = 1

- k=3: f(2) + f(1) = 0 + 1 = 1

- k=4: f(3) + f(0) = 1 + 0 = 1

So g(5) = 1.

f(6):

- k=1: g(0) + g(4) = 0 + 0 = 0

- k=2: g(1) + g(3) = 1 + 1 = 2

- k=3: g(2) + g(2) = 0 + 0 = 0

- k=4: g(3) + g(1) = 1 + 1 = 2

- k=5: g(4) + g(0) = 0 + 0 = 0

So f(6) = 2.

g(6):

- k=1: f(0) + f(4) = 0 + 2 = 2

- k=2: f(1) + f(3) = 1 + 1 = 2

- k=3: f(2) + f(2) = 0 + 0 = 0

- k=4: f(3) + f(1) = 1 + 1 = 2

- k=5: f(4) + f(0) = 2 + 0 = 2

So g(6) = 0.

Now we have:

n | f(n) (Alice's turn) | g(n) (Bob's turn)

1 | 1 | 1

2 | 0 | 0

3 | 1 | 1

4 | 2 | 0

5 | 1 | 1

6 | 2 | 0

7 | ?

Let's compute f(7):

k=1: g(0) + g(5) = 0 + 1 = 1

k=2: g(1) + g(4) = 1 + 0 = 1

k=3: g(2) + g(3) = 0 + 1 = 1

k=4: g(3) + g(2) = 1 + 0 = 1

k=5: g(4) + g(1) = 0 + 1 = 1

k=6: g(5) + g(0) = 1 + 0 = 1

So f(7) = 1.

g(7):

k=1: f(0) + f(5) = 0 + 1 = 1

k=2: f(1) + f(4) = 1 + 2 = 3

k=3: f(2) + f(3) = 0 + 1 = 1

k=4: f(3) + f(2) = 1 + 0 = 1

k=5: f(4) + f(1) = 2 + 1 = 3

k=6: f(5) + f(0) = 1 + 0 = 1

So g(7) = 1 (minimum of 1,3,1,1,3,1).

f(8):

k=1: g(0) + g(6) = 0 + 0 = 0

k=2: g(1) + g(5) = 1 + 1 = 2

k=3: g(2) + g(4) = 0 + 0 = 0

k=4: g(3) + g(3) = 1 + 1 = 2

k=5: g(4) + g(2) = 0 + 0 = 0

k=6: g(5) + g(1) = 1 + 1 = 2

k=7: g(6) + g(0) = 0 + 0 = 0

So f(8) = 2.

g(8):

k=1: f(0) + f(6) = 0 + 2 = 2

k=2: f(1) + f(5) = 1 + 1 = 2

k=3: f(2) + f(4) = 0 + 2 = 2

k=4: f(3) + f(3) = 1 + 1 = 2

k=5: f(4) + f(2) = 2 + 0 = 2

k=6: f(5) + f(1) = 1 + 1 = 2

k=7: f(6) + f(0) = 2 + 0 = 2

So g(8) = 2.

f(9):

k=1: g(0) + g(7) = 0 + 1 = 1

k=2: g(1) + g(6) = 1 + 0 = 1

k=3: g(2) + g(5) = 0 + 1 = 1

k=4: g(3) + g(4) = 1 + 0 = 1

k=5: g(4) + g(3) = 0 + 1 = 1

k=6: g(5) + g(2) = 1 + 0 = 1

k=7: g(6) + g(1) = 0 + 1 = 1

k=8: g(7) + g(0) = 1 + 0 = 1

So f(9) = 1? Wait, no, earlier we thought it was 3.

Wait, no, according to the recurrence:

f(n) = max over k=1 to n-1 of [ g(k-1) + g(n - k - 1) ] (since the right segment length is n - (k+1) = n - k - 1)

Wait, maybe I messed up the indices.

Let's redefine:

When you place a tile covering positions i and i+1 in a segment of length n (positions 1 to n), the left segment has length i-1, and the right segment has length n - (i+1) = n - i - 1.

So for n=4, k=i (the position of the left tile), i can be 1,2,3.

- i=1: left length 0, right length 4 - 1 - 1 = 2

- i=2: left length 1, right length 4 - 2 - 1 = 1

- i=3: left length 2, right length 4 - 3 - 1 = 0

So for f(n), it's the maximum over i=1 to n-1 of [ g(i-1) + g(n - i - 1) ]

With g(m) being the minimum uncovered squares when it's Bob's turn on a segment of length m.

Base cases:

g(0) = 0 (no squares, 0 uncovered)

g(1) = 1 (can't place tiles, 1 uncovered)

f(1) = 1 (Alice's turn on length 1, can't place tiles, 1 uncovered)

f(2): Alice's turn on length 2. She places the only tile (i=1), so g(0) + g(0) = 0 + 0 = 0. So f(2)=0.

g(2): Bob's turn on length 2. He places the only tile (i=1), so f(0) + f(0) = 0 + 0 = 0. So g(2)=0.

f(3): i=1: g(0) + g(1) = 0 + 1 = 1

i=2: g(1) + g(0) = 1 + 0 = 1

So f(3)=1.

g(3): i=1: f(0) + f(1) = 0 + 1 = 1

i=2: f(1) + f(0) = 1 + 0 = 1

So g(3)=1.

f(4): i=1: g(0) + g(2) = 0 + 0 = 0

i=2: g(1) + g(1) = 1 + 1 = 2

i=3: g(2) + g(0) = 0 + 0 = 0

So f(4)=2.

g(4): i=1: f(0) + f(2) = 0 + 0 = 0

i=2: f(1) + f(1) = 1 + 1 = 2

i=3: f(2) + f(0) = 0 + 0 = 0

So g(4)=0.

f(5): i=1: g(0) + g(3) = 0 + 1 = 1

i=2: g(1) + g(2) = 1 + 0 = 1

i=3: g(2) + g(1) = 0 + 1 = 1

i=4: g(3) + g(0) = 1 + 0 = 1

So f(5)=1.

g(5): i=1: f(0) + f(3) = 0 + 1 = 1

i=2: f(1) + f(2) = 1 + 0 = 1

i=3: f(2) + f(1) = 0 + 1 = 1

i=4: f(3) + f(0) = 1 + 0 = 1

So g(5)=1.

f(6): i=1: g(0) + g(4) = 0 + 0 = 0

i=2: g(1) + g(3) = 1 + 1 = 2

i=3: g(2) + g(2) = 0 + 0 = 0

i=4: g(3) + g(1) = 1 + 1 = 2

i=5: g(4) + g(0) = 0 + 0 = 0

So f(6)=2.

g(6): i=1: f(0) + f(4) = 0 + 2 = 2

i=2: f(1) + f(3) = 1 + 1 = 2

i=3: f(2) + f(2) = 0 + 0 = 0

i=4: f(3) + f(1) = 1 + 1 = 2

i=5: f(4) + f(0) = 2 + 0 = 2

So g(6)=0.

f(7): i=1: g(0) + g(5) = 0 + 1 = 1

i=2: g(1) + g(4) = 1 + 0 = 1

i=3: g(2) + g(3) = 0 + 1 = 1

i=4: g(3) + g(2) = 1 + 0 = 1

i=5: g(4) + g(1) = 0 + 1 = 1

i=6: g(5) + g(0) = 1 + 0 = 1

So f(7)=1.

g(7): i=1: f(0) + f(5) = 0 + 1 = 1

i=2: f(1) + f(4) = 1 + 2 = 3

i=3: f(2) + f(3) = 0 + 1 = 1

i=4: f(3) + f(2) = 1 + 0 = 1

i=5: f(4) + f(1) = 2 + 1 = 3

i=6: f(5) + f(0) = 1 + 0 = 1

So g(7)=1.

f(8): i=1: g(0) + g(6) = 0 + 0 = 0

i=2: g(1) + g(5) = 1 + 1 = 2

i=3: g(2)"
857,"Okay, let's tackle this problem step by step. First, I need to remember how to construct confidence intervals for the mean when the population standard deviation is unknown. 

Starting with question 1: To construct a 90% confidence interval for the mean weight of red M&M plain candies, which distribution to use? 

The red candies have a sample size of 10. When the population standard deviation is unknown (which it usually is for small samples), we use the t-distribution. The degrees of freedom for a t-distribution in a one-sample t-test is n - 1. Here, n = 10, so degrees of freedom = 10 - 1 = 9. Let's check the options: A is t with 9 df, B is 10 df, C is normal, D is 11 df, E is none. So the answer should be A.

Wait, but sometimes people get confused if the sample is from a normal distribution or not. But since the sample size is small (n=10), we can't assume normality, so we have to use t. The problem says ""randomly chosen"" but doesn't mention the population is normal. However, in practice, for small samples, t is used when sigma is unknown. So yes, 9 degrees of freedom. So question 1 is A.

Question 2: A 90% CI for red. Let's calculate the sample mean and standard deviation for red.

Red candies: 0.897, 0.924, 0.874, 0.912, 0.909, 0.913, 0.891, 0.907, 0.913, 0.92.

First, sum them up. Let's add step by step:

0.897 + 0.924 = 1.821

1.821 + 0.874 = 2.695

2.695 + 0.912 = 3.607

3.607 + 0.909 = 4.516

4.516 + 0.913 = 5.429

5.429 + 0.891 = 6.32

6.32 + 0.907 = 7.227

7.227 + 0.913 = 8.14

8.14 + 0.92 = 9.06

Total sum = 9.06. Sample mean (x̄) = 9.06 / 10 = 0.906.

Now, sample standard deviation (s). Let's compute the squared differences from the mean.

Each value minus 0.906:

0.897 - 0.906 = -0.009 → squared: 0.000081

0.924 - 0.906 = 0.018 → 0.000324

0.874 - 0.906 = -0.032 → 0.001024

0.912 - 0.906 = 0.006 → 0.000036

0.909 - 0.906 = 0.003 → 0.000009

0.913 - 0.906 = 0.007 → 0.000049

0.891 - 0.906 = -0.015 → 0.000225

0.907 - 0.906 = 0.001 → 0.000001

0.913 - 0.906 = 0.007 → 0.000049

0.92 - 0.906 = 0.014 → 0.000196

Sum of squared differences: 0.000081 + 0.000324 = 0.000405

+0.001024 = 0.001429

+0.000036 = 0.001465

+0.000009 = 0.001474

+0.000049 = 0.001523

+0.000225 = 0.001748

+0.000001 = 0.001749

+0.000049 = 0.001798

+0.000196 = 0.001994

So sum of squared deviations = 0.001994

Sample variance (s²) = 0.001994 / (10 - 1) = 0.001994 / 9 ≈ 0.0002216

Sample standard deviation (s) = sqrt(0.0002216) ≈ 0.01489

Now, 90% confidence interval: t*(s / sqrt(n)). Degrees of freedom is 9. The critical t-value for 90% CI (two-tailed) with 9 df is... Let me recall. For 90% CI, alpha = 0.10, so alpha/2 = 0.05. Looking at t-table, df=9, 0.05 critical value is 1.833.

So margin of error (E) = t*(s / sqrt(n)) = 1.833 * (0.01489 / sqrt(10)) ≈ 1.833 * (0.01489 / 3.1623) ≈ 1.833 * 0.00471 ≈ 0.00864

So the CI is 0.906 ± 0.00864 → (0.89736, 0.91464). Rounding to, say, four decimal places? Let's check the calculations again.

Wait, maybe I made a mistake in the sum. Let's recalculate the sum of red candies:

List: 0.897, 0.924, 0.874, 0.912, 0.909, 0.913, 0.891, 0.907, 0.913, 0.92.

Let's add them with more precision:

0.897

+0.924 = 1.821

+0.874 = 2.695

+0.912 = 3.607

+0.909 = 4.516

+0.913 = 5.429

+0.891 = 6.32

+0.907 = 7.227

+0.913 = 8.14

+0.92 = 9.06. That's correct. So mean is 0.906.

Sum of squared deviations: let's check one value. For example, 0.924: (0.924 - 0.906)^2 = (0.018)^2 = 0.000324. Correct.

0.874: (0.874 - 0.906) = -0.032, squared 0.001024. Correct.

0.912: (0.912 - 0.906) = 0.006, squared 0.000036. Correct.

0.909: 0.003, squared 0.000009. Correct.

0.913: 0.007, squared 0.000049. Correct.

0.891: -0.015, squared 0.000225. Correct.

0.907: 0.001, squared 0.000001. Correct.

0.913: same as above, 0.000049.

0.92: 0.014, squared 0.000196. Correct.

So sum of squares is 0.000081 + 0.000324 + 0.001024 + 0.000036 + 0.000009 + 0.000049 + 0.000225 + 0.000001 + 0.000049 + 0.000196.

Let's add them:

0.000081 + 0.000324 = 0.000405

+0.001024 = 0.001429

+0.000036 = 0.001465

+0.000009 = 0.001474

+0.000049 = 0.001523

+0.000225 = 0.001748

+0.000001 = 0.001749

+0.000049 = 0.001798

+0.000196 = 0.001994. Correct.

So s² = 0.001994 / 9 ≈ 0.00022156, so s ≈ sqrt(0.00022156) ≈ 0.014885.

t-critical for 90% CI, df=9: from t-table, 90% confidence (two-tailed) has critical t = 1.833. Let's confirm: yes, for df=9, 0.05 (one-tailed) is 1.833.

So margin of error: 1.833 * (0.014885 / sqrt(10)) ≈ 1.833 * (0.014885 / 3.1623) ≈ 1.833 * 0.004707 ≈ 0.00863.

So the lower bound is 0.906 - 0.00863 ≈ 0.89737, upper bound is 0.906 + 0.00863 ≈ 0.91463. So approximately (0.897, 0.915) when rounded to three decimal places. Let's see if the problem expects more precise.

But maybe the question expects us to use a calculator or a more precise t-value. Let's check with a calculator. The exact t-value for 90% CI, df=9: using R, qt(0.95, 9) gives 1.8331127. So 1.8331.

s = 0.014885, n=10, so s/sqrt(n) = 0.014885 / 3.16227766 ≈ 0.004707.

Margin of error: 1.8331 * 0.004707 ≈ 0.00863.

So CI is (0.906 - 0.00863, 0.906 + 0.00863) ≈ (0.89737, 0.91463). So rounding to three decimal places, it's (0.897, 0.915). Let's see if that's the answer. The problem might expect three decimal places, as the data is given to three decimal places.

Now question 3: For brown M&Ms. Sample size is 36. So degrees of freedom is 36 - 1 = 35. The options are A: 35 df, B:37 df, C: normal, D:36 df, E:none. Since n=36, which is large, but if we use t, df=35. However, for large n (n>30), sometimes people use normal distribution, but the question says ""to construct a 90% CI"". If the population is normal, then t is used, but with large n, the t-distribution approximates normal. But the problem states ""you have to use"", so the correct answer here is t with 35 df (since n=36, df=35). So option A.

Wait, but maybe the problem is testing whether we know that for a sample size of 36, even though it's large, we still use t with 35 df? Or do we use normal distribution? Let's think. The central limit theorem says that for large n, the sampling distribution of the mean is approximately normal, so we could use z (normal) if n is large. But the question is about ""you have to use"". If the problem assumes that we don't know the population standard deviation (which is usually the case), then for n=36, even though it's large, we use t with 35 df. However, in practice, when n is large (like 30+), some people use z because t approaches z. But the question is probably expecting the t distribution with n-1 df, so 35. Let's check the options: A is 35, D is 36. So the answer is A.

Question 4: 90% CI for brown. Let's calculate.

Brown candies: 36 values. Let's list them:

0.898, 0.856, 0.9, 0.867, 0.93, 0.955,

0.875, 0.913, 0.93, 0.923, 0.966, 0.915,

0.928, 0.866, 0.889, 0.872, 0.857, 0.985,

0.931, 0.876, 0.902, 0.904, 0.936, 0.92,

0.912, 0.909, 0.871, 0.902, 0.905, 0.914,

0.858, 1.001, 0.92, 0.988, 0.921, 0.931.

First, compute the sample mean. Let's sum all these.

Let me group them for easier calculation.

First row (6 values): 0.898 + 0.856 + 0.9 + 0.867 + 0.93 + 0.955

0.898 + 0.856 = 1.754

+0.9 = 2.654

+0.867 = 3.521

+0.93 = 4.451

+0.955 = 5.406

Second row (6 values): 0.875 + 0.913 + 0.93 + 0.923 + 0.966 + 0.915

0.875 + 0.913 = 1.788

+0.93 = 2.718

+0.923 = 3.641

+0.966 = 4.607

+0.915 = 5.522

Third row (6 values): 0.928 + 0.866 + 0.889 + 0.872 + 0.857 + 0.985

0.928 + 0.866 = 1.794

+0.889 = 2.683

+0.872 = 3.555

+0.857 = 4.412

+0.985 = 5.397

Fourth row (6 values): 0.931 + 0.876 + 0.902 + 0.904 + 0.936 + 0.92

0.931 + 0.876 = 1.807

+0.902 = 2.709

+0.904 = 3.613

+0.936 = 4.549

+0.92 = 5.469

Fifth row (6 values): 0.912 + 0.909 + 0.871 + 0.902 + 0.905 + 0.914

0.912 + 0.909 = 1.821

+0.871 = 2.692

+0.902 = 3.594

+0.905 = 4.499

+0.914 = 5.413

Sixth row (6 values): 0.858 + 1.001 + 0.92 + 0.988 + 0.921 + 0.931

0.858 + 1.001 = 1.859

+0.92 = 2.779

+0.988 = 3.767

+0.921 = 4.688

+0.931 = 5.619

Now sum all row totals:

First row: 5.406

Second: 5.522 → total so far: 10.928

Third: 5.397 → 16.325

Fourth: 5.469 → 21.794

Fifth: 5.413 → 27.207

Sixth: 5.619 → total sum = 27.207 + 5.619 = 32.826

Wait, let's check the row counts: 6 rows * 6 = 36 values, correct.

Wait, let's verify the sum again because 32.826 for 36 values would be a mean of 32.826 / 36 ≈ 0.9118. Let's check some values.

For example, the sixth row has 1.001, which is a high value. Let's check the sixth row sum: 0.858 + 1.001 + 0.92 + 0.988 + 0.921 + 0.931.

0.858 + 1.001 = 1.859

1.859 + 0.92 = 2.779

2.779 + 0.988 = 3.767

3.767 + 0.921 = 4.688

4.688 + 0.931 = 5.619. Correct.

Fifth row: 0.912 + 0.909 + 0.871 + 0.902 + 0.905 + 0.914.

0.912 + 0.909 = 1.821

1.821 + 0.871 = 2.692

2.692 + 0.902 = 3.594

3.594 + 0.905 = 4.499

4.499 + 0.914 = 5.413. Correct.

Fourth row: 0.931 + 0.876 + 0.902 + 0.904 + 0.936 + 0.92.

0.931 + 0.876 = 1.807

1.807 + 0.902 = 2.709

2.709 + 0.904 = 3.613

3.613 + 0.936 = 4.549

4.549 + 0.92 = 5.469. Correct.

Third row: 0.928 + 0.866 + 0.889 + 0.872 + 0.857 + 0.985.

0.928 + 0.866 = 1.794

1.794 + 0.889 = 2.683

2.683 + 0.872 = 3.555

3.555 + 0.857 = 4.412

4.412 + 0.985 = 5.397. Correct.

Second row: 0.875 + 0.913 + 0.93 + 0.923 + 0.966 + 0.915.

0.875 + 0.913 = 1.788

1.788 + 0.93 = 2.718

2.718 + 0.923 = 3.641

3.641 + 0.966 = 4.607

4.607 + 0.915 = 5.522. Correct.

First row: 0.898 + 0.856 + 0.9 + 0.867 + 0.93 + 0.955.

0.898 + 0.856 = 1.754

1.754 + 0.9 = 2.654

2.654 + 0.867 = 3.521

3.521 + 0.93 = 4.451

4.451 + 0.955 = 5.406. Correct.

Total sum: 5.406 + 5.522 + 5.397 + 5.469 + 5.413 + 5.619 = let's add step by step:

5.406 + 5.522 = 10.928

10.928 + 5.397 = 16.325

16.325 + 5.469 = 21.794

21.794 + 5.413 = 27.207

27.207 + 5.619 = 32.826. So total sum is 32.826. Therefore, sample mean (x̄) = 32.826 / 36 ≈ 0.911833...

Now, sample standard deviation (s). Let's compute the sum of squared deviations.

First, compute each value minus the mean (0.911833...). Let's approximate the mean as 0.9118.

Let's take a few values:

0.898: 0.898 - 0.9118 = -0.0138 → squared ≈ 0.000190

0.856: 0.856 - 0.9118 = -0.0558 → squared ≈ 0.003114

0.9: 0.9 - 0.9118 = -0.0118 → squared ≈ 0.000139

0.867: 0.867 - 0.9118 = -0.0448 → squared ≈ 0.002007

0.93: 0.93 - 0.9118 = 0.0182 → squared ≈ 0.000331

0.955: 0.955 - 0.9118 = 0.0432 → squared ≈ 0.001866

0.875: 0.875 - 0.9118 = -0.0368 → squared ≈ 0.001354

0.913: 0.913 - 0.9118 = 0.0012 → squared ≈ 0.00000144

0.93: same as above, 0.000331

0.923: 0.923 - 0.9118 = 0.0112 → squared ≈ 0.000125

0.966: 0.966 - 0.9118 = 0.0542 → squared ≈ 0.002938

0.915: 0.915 - 0.9118 = 0.0032 → squared ≈ 0.00001024

0.928: 0.928 - 0.9118 = 0.0162 → squared ≈ 0.000262

0.866: 0.866 - 0.9118 = -0.0458 → squared ≈ 0.002097

0.889: 0.889 - 0.9118 = -0.0228 → squared ≈ 0.000519

0.872: 0.872 - 0.9118 = -0.0398 → squared ≈ 0.001584

0.857: 0.857 - 0.9118 = -0.0548 → squared ≈ 0.003003

0.985: 0.985 - 0.9118 = 0.0732 → squared ≈ 0.005358

0.931: 0.931 - 0.9118 = 0.0192 → squared ≈ 0.000369

0.876: 0.876 - 0.9118 = -0.0358 → squared ≈ 0.001281

0.902: 0.902 - 0.9118 = -0.0098 → squared ≈ 0.000096

0.904: 0.904 - 0.9118 = -0.0078 → squared ≈ 0.000061

0.936: 0.936 - 0.9118 = 0.0242 → squared ≈ 0.000586

0.92: 0.92 - 0.9118 = 0.0082 → squared ≈ 0.000067

0.912: 0.912 - 0.9118 = 0.0002 → squared ≈ 0.00000004

0.909: 0.909 - 0.9118 = -0.0028 → squared ≈ 0.00000784

0.871: 0.871 - 0.9118 = -0.0408 → squared ≈ 0.001665

0.902: same as above, 0.000096

0.905: 0.905 - 0.9118 = -0.0068 → squared ≈ 0.000046

0.914: 0.914 - 0.9118 = 0.0022 → squared ≈ 0.00000484

0.858: 0.858 - 0.9118 = -0.0538 → squared ≈ 0.002894

1.001: 1.001 - 0.9118 = 0.0892 → squared ≈ 0.007957

0.92: same as above, 0.000067

0.988: 0.988 - 0.9118 = 0.0762 → squared ≈ 0.005806

0.921: 0.921 - 0.9118 = 0.0092 → squared ≈ 0.0000846

0.931: same as above, 0.000369

This is getting too time-consuming. Maybe there's a better way. Alternatively, since the problem is designed, perhaps the brown mean is around 0.912, and the standard deviation is maybe around 0.02 or so.

But let's recall that for a 90% CI with n=36, df=35, t-critical is qt(0.95, 35) ≈ 1.690 (from t-table: for df=30, it's 1.697; df=40, 1.684; so df=35 is approx 1.690).

Assuming s ≈ 0.02 (just a guess), then margin of error = 1.690 * (0.02 / 6) ≈ 1.690 * 0.00333 ≈ 0.00563. So CI would be 0.9118 ± 0.0056 → (0.9062, 0.9174). But this is a rough estimate.

Wait, maybe the problem expects us to know that for question 4, the answer is similar to question 2 but with brown data. Alternatively, maybe the problem is designed so that the answers are standard.

Wait, let's think again. For question 1: A (t with 9 df) is correct.

Question 2: The CI for red is approximately (0.897, 0.915) as we calculated.

Question 3: For brown, n=36, so df=35, so answer is A.

Question 4: The CI for brown. Let's try to compute the mean more accurately.

Total sum is 32.826, so mean is 32.826 / 36 = 0.9118333...

Let's compute the sum of squared deviations.

Let me use a different approach. Let's list all 36 values and compute the sum of squares.

Brown data (36 values):

0.898, 0.856, 0.9, 0.867, 0.93, 0.955,

0.875, 0.913, 0.93, 0.923, 0.966, 0.915,

0.928, 0.866, 0.889, 0.872, 0.857, 0.985,

0.931, 0.876, 0.902, 0.904, 0.936, 0.92,

0.912, 0.909, 0.871, 0.902, 0.905, 0.914,

0.858, 1.001, 0.92, 0.988, 0.921, 0.931.

Let's compute the sum of squares (Σx²):

First value: 0.898² = 0.806404

0.856² = 0.732736

0.9² = 0.81

0.867² = 0.751689

0.93² = 0.8649

0.955² = 0.912025

Sum of first row squares: 0.806404 + 0.732736 = 1.53914; +0.81 = 2.34914; +0.751689 = 3.100829; +0.8649 = 3.965729; +0.912025 = 4.877754

Second row:

0.875² = 0.765625

0.913² = 0.833569

0.93² = 0.8649

0.923² = 0.851929

0.966² = 0.933156

0.915² = 0.837225

Sum: 0.765625 + 0.833569 = 1.599194; +0.8649 = 2.464094; +0.851929 = 3.316023; +0.933156 = 4.249179; +0.837225 = 5.086404

Third row:

0.928² = 0.861184

0.866² = 0.7500

0.889² = 0.790321

0.872² = 0.760384

0.857² = 0.734449

0.985² = 0.970225

Sum: 0.861184 + 0.7500 = 1.611184; +0.790321 = 2.401505; +0.760384 = 3.161889; +0.734449 = 3.896338; +0.970225 = 4.866563

Fourth row:

0.931² = 0.866761

0.876² = 0.767376

0.902² = 0.813604

0.904² = 0.817216

0.936² = 0.876096

0.92² = 0.8464

Sum: 0.866761 + 0.767376 = 1.634137; +0.813604 = 2.447741; +0.817216 = 3.264957; +0.876096 = 4.141053; +0.8464 = 4.987453

Fifth row:

0.912² = 0.831744

0.909² = 0.826281

0.871² = 0.758641

0.902² = 0.813604

0.905² = 0.819025

0.914² = 0.835396

Sum: 0.831744 + 0.826281 = 1.658025; +0.758641 = 2.416666; +0.813604 = 3.23027; +0.819025 = 4.049295; +0.835396 = 4.884691

Sixth row:

0.858² = 0.736164

1.001² = 1.002001

0.92² = 0.8464

0.988² = 0.976144

0.921² = 0.848241

0.931² = 0.866761

Sum: 0.736164 + 1.002001 = 1.738165; +0.8464 = 2.584565; +0.976144 = 3.560709; +0.848241 = 4.40895; +0.866761 = 5.275711

Now total sum of squares:

First row: 4.877754

Second: 5.086404 → total 9.964158

Third: 4.866563 → 14.830721

Fourth: 4.987453 → 19.818174

Fifth: 4.884691 → 24.702865

Sixth: 5.275711 → total sum of squares = 24.702865 + 5.275711 = 29.978576

So Σx² = 29.978576

Sample variance s² = [Σx² - (Σx)² / n] / (n - 1)

Σx = 32.826, so (Σx)² = (32.826)² ≈ 1077.65 (exact: 32.826 * 32.826)

Let's compute (32.826)^2: 32^2 = 1024, 0.826^2 ≈ 0.682, and cross term 2*32*0.826 = 52.832. So (32 + 0.826)^2 = 1024 + 52.832 + 0.682 ≈ 1077.514.

So (Σx)² / n = 1077.514 / 36 ≈ 29.9309

Σx² - (Σx)² / n = 29.978576 - 29.9309 ≈ 0.047676

s² = 0.047676 / 35 ≈ 0.001362

s = sqrt(0.001362) ≈ 0.0369

Wait, that's a bit high. Let me check the sum of squares calculation again.

Wait, the sum of squares I calculated as 29.978576. Let's verify one value: 1.001² is 1.002001, correct. 0.858² is 0.736164, correct. 0.92² is 0.8464, correct. 0.988² is 0.976144, correct. 0.921² is 0.848241, correct. 0.931² is 0.866761, correct. So sixth row sum of squares is 5.275711, which is correct.

Fifth row: 0.912² = 0.831744, 0.909²=0.826281, 0.871²=0.758641, 0.902²=0.813604, 0.905²=0.819025, 0.914²=0.835396. Sum: 0.831744 + 0.826281 = 1.658025; +0.758641 = 2.416666; +0.813604 = 3.23027; +0.819025 = 4.049295; +0.835396 = 4.884691. Correct.

Fourth row: 0.931²=0.866761, 0.876²=0.767376, 0.902²=0.813604, 0.904²=0.817216, 0.936²=0.876096, 0.92²=0.8464. Sum: 0.866761 + 0.767376 = 1.634137; +0.813604 = 2.447741; +0.817216 = 3.264957; +0.876096 = 4.141053; +0.8464 = 4.987453. Correct.

Third row: 0.928²=0.861184, 0.866²=0.7500 (exactly 0.866²=0.749956, maybe I rounded), 0.889²=0.790321, 0.872²=0.760384, 0.857²=0.734449, 0.985²=0.970225. Let's recalculate 0.866²: 0.866*0.866 = (0.8 + 0.066)^2 = 0.64 + 2*0.8*0.066 + 0.066² = 0.64 + 0.1056 + 0.004356 = 0.749956. So 0.749956. So third row sum of squares: 0.861184 + 0.749956 = 1.61114; +0.790321 = 2.401461; +0.760384 = 3.161845; +0.734449 = 3.896294; +0.970225 = 4.866519. So previous was 4.866563, close enough.

So total sum of squares is approximately 29.9786.

(Σx)² = (32.826)^2. Let's compute 32.826 * 32.826:

32 * 32 = 1024

32 * 0.826 = 26.432

0.826 * 32 = 26.432

0.826 * 0.826 ≈ 0.682276

So (32 + 0.826)^2 = 32² + 2*32*0.826 + 0.826² = 1024 + 52.832 + 0.682276 ≈ 1077.514276

So (Σx)² / n = 1077.514276 / 36 ≈ 29.930952

Σx² - (Σx)²/n = 29.978576 - 29.930952 ≈ 0.047624

s² = 0.047624 / 35 ≈ 0.0013607

s ≈ sqrt(0.0013607) ≈ 0.03689

So s ≈ 0.0369

Now, t-critical for 90% CI, df=35: from t-table, df=35, two-tailed 90% is 1.690 (since df=30 is 1.697, df=40 is 1.684, so df=35 is approx 1.690).

Margin of error (E) = t*(s / sqrt(n)) = 1.690 * (0.03689 / 6) ≈ 1.690 * 0.006148 ≈ 0.01038

So the confidence interval is 0.9118 ± 0.0104 → (0.9014, 0.9222)

Wait, that seems wide. Let's check with more precise t-value. Using R, qt(0.95, 35) ≈ 1.6900.

s/sqrt(n) = 0.03689 / 6 ≈ 0.006148

E = 1.6900 * 0.006148 ≈ 0.01038

So lower bound: 0.9118 - 0.01038 ≈ 0.9014

Upper bound: 0.9118 + 0.01038 ≈ 0.9222

So the 90% CI for brown is approximately (0.901, 0.922) when rounded to three decimal places.

But let's see if the problem expects this. Given that the red CI was (0.897, 0.915), the brown CI is wider because the standard deviation is higher (brown has more variation, e.g., 1.001 and 0.856, etc.).

So summarizing:

1. A

2. 0.897, 0.915 (but need to check exact values)

Wait, for the red CI, we had 0.89737 to 0.91463, so rounding to three decimal places: 0.897 and 0.915.

For brown, 0.9014 to 0.9222, so 0.901 and 0.922.

But maybe the problem expects more precise answers. Let's see.

Alternatively, maybe the problem is designed so that the answers are standard. For example, in many textbooks, the red CI for n=10 is calculated with t=1.833, and the values given are such that the CI is (0.897, 0.915).

Similarly, for brown, with n=36, the CI is (0.901, 0.922).

So the answers are:

1. A

2. 0.897, 0.915

3. A

4. 0.901, 0.922

But let's check if the problem expects the answers to be in specific decimal places.

The data is given to three decimal places, so the CI should be reported to three decimal places.

For red: 0.897 and 0.915

For brown: 0.901 and 0.922

Yes, that seems reasonable.

So the answers are:

1. A

2. 0.897, 0.915

3. A

4. 0.901, 0.922

But let's confirm question 2's upper bound. We had 0.91463, which rounds to 0.915 (three decimal places).

Question 4's lower bound is 0.9014, which rounds to 0.901, upper bound 0.9222 rounds to 0.922.

Yes.

So the final answers:

1. A

2. 0.897, 0.915

3. A

4. 0.901, 0.922

But the problem says: ""If an [ANS] is followed by lettered choices, answer with the letter."" So for questions 1 and 3, it's letters. For 2 and 4, it's numbers (the bounds).

The problem says: ""Give one answer per [ANS] in the order they appear, all inside a single \boxed{} separated by commas""

So the order of [ANS] is:

1. [ANS] (letter)

2. [ANS] (lower bound), [ANS] (upper bound)

3. [ANS] (letter)

4. [ANS] (lower bound), [ANS] (upper bound)

So the answers in order: A, 0.897, 0.915, A, 0.901, 0.922

But the problem says: ""Put only the value in the box: no 'x =', no units, no prose.""

Wait, the user says: ""Please give one answer per [ANS] in the order they appear, all inside a single \boxed{} separated by commas (e.g. \boxed{5, 7}).""

So for question 1: A

Question 2: lower bound, upper bound → 0.897, 0.915

Question 3: A

Question 4: lower bound, upper bound → 0.901, 0.922

So the order is: A, 0.897, 0.915, A, 0.901, 0.922

But the problem might expect the numbers to be rounded to three decimal places, as the data is given to three decimal places.

Let me verify the red CI again with more precise calculation.

Red mean: 0.906

Red s: 0.014885

t: 1.8331

Margin of error: 1.8331 * (0.014885 / sqrt(10)) = 1.8331 * (0.014885 / 3.16227766) = 1.8331 * 0.004707 ≈ 0.00863

So CI: 0.906 - 0.00863 = 0.89737 → 0.897 (three decimal places)

0.906 + 0.00863 = 0.91463 → 0.915 (three decimal places)

Yes.

For brown, we had:

mean ≈ 0.9118

s ≈ 0.0369

t ≈ 1.690

margin of error ≈ 1.690 * (0.0369 / 6) ≈ 1.690 * 0.00615 ≈ 0.01038

So CI: 0.9118 - 0.01038 = 0.90142 → 0.901

0.9118 + 0.01038 = 0.92218 → 0.922

Yes.

So the answers are:

1. A

2. 0.897, 0.915

3. A

4. 0.901, 0.922

So in order: A, 0.897, 0.915, A, 0.901, 0.922

But the problem says ""one answer per [ANS] in the order they appear"". Let's count the [ANS] in the problem:

Problem says:

1. [ANS] A. ... etc.

2. [ANS] < μ < [ANS]

3. [ANS] A. ... etc.

4. [ANS] < μ < [ANS]

So there are 6 [ANS]s: 1, 2, 3, 4, 5, 6 (the two bounds in each of questions 2 and 4).

So the answers are:

1. A

2. 0.897

3. 0.915

4. A

5. 0.901

6. 0.922

So the boxed answer should be \boxed{A, 0.897, 0.915, A, 0.901, 0.922}

But the user says: ""If an [ANS] is followed by lettered choices, answer with the letter."" So for questions 1 and 3, it's letters, others are numbers.

Yes.
</think>

[ANS] A, 0.897, 0.915, A, 0.901, 0.922

\boxed{A, 0.897, 0.915, A, 0.901, 0.922}"
858,"Okay, let's tackle this problem step by step. First, I need to recall what kind of hypothesis test we're dealing with here. The problem is about testing if the mean difference (morning minus evening height) is more than 5 mm. So this is a one-tailed test because we're looking for a difference greater than 5 mm.

First, let's define the hypotheses. The null hypothesis (H₀) would be that the mean difference is less than or equal to 5 mm, and the alternative hypothesis (H₁) is that the mean difference is greater than 5 mm. Wait, actually, in hypothesis testing, the null is usually the status quo or the claim we're testing against. The problem says ""test the claim that on average, people are more than 5 mm taller in the morning than at night."" So the claim is the alternative hypothesis. So:

H₀: μ ≤ 5 mm (mean difference ≤ 5)
H₁: μ > 5 mm (mean difference > 5)

We need to test this at the 0.05 significance level.

Given data: sample size n = 35, sample mean difference (x̄) = 5.6 mm, sample standard deviation (s) = 1.54333 mm.

Since the sample size is 35, which is greater than 30, we can use the t-distribution (because the population standard deviation is unknown, we use t-test). Wait, but sometimes for larger samples, people use z-test, but with n=35, t is still appropriate because the population standard deviation is unknown. Let's confirm: the problem says ""standard deviation of 1.54333 mm"" which is the sample standard deviation, so we use t-test.

Part (a): Find the test statistic.

The test statistic for a one-sample t-test is t = (x̄ - μ₀) / (s / √n), where μ₀ is the hypothesized mean under H₀. Here, μ₀ is 5 mm (since we're testing if μ > 5, so the null is μ = 5 for the purpose of calculating the test statistic).

So plugging in the numbers:

x̄ = 5.6, μ₀ = 5, s = 1.54333, n = 35.

First, calculate the standard error (SE) = s / √n = 1.54333 / √35.

Let's compute √35 ≈ 5.91608.

So SE ≈ 1.54333 / 5.91608 ≈ 0.261.

Then the test statistic t = (5.6 - 5) / 0.261 ≈ 0.6 / 0.261 ≈ 2.30.

Wait, let's do it more precisely.

First, compute s / √n:

1.54333 divided by sqrt(35). Let's compute sqrt(35) = 5.916079783.

1.54333 / 5.916079783 ≈ 0.261 (exactly, let's compute 1.54333 / 5.91608 ≈ 0.261).

Then (5.6 - 5) = 0.6.

So t = 0.6 / 0.261 ≈ 2.30.

Let me check with a calculator for more precision.

1.54333 divided by sqrt(35):

sqrt(35) ≈ 5.916079783

1.54333 / 5.916079783 ≈ 0.261 (exactly: 1.54333 / 5.91608 ≈ 0.2610)

Then 0.6 / 0.2610 ≈ 2.30.

So the test statistic is approximately 2.30.

Part (b): Find the critical value.

Since this is a one-tailed test (right-tailed) at α = 0.05, and we're using the t-distribution with degrees of freedom (df) = n - 1 = 34.

We need the critical t-value for df=34, α=0.05 (right tail).

Looking up a t-table, for df=30, the critical value is 1.697; for df=40, it's 1.684. Since df=34 is between 30 and 40, the critical value is approximately 1.694 (I remember that for df=30, it's 1.697; df=40 is 1.684, so df=34 is about 1.694). Let me confirm with a t-table or calculator.

Alternatively, using a t-distribution calculator: for 34 degrees of freedom, 0.95 cumulative probability (since it's right-tailed, 1 - 0.05 = 0.95), the critical value is approximately 1.694.

So the critical value is approximately 1.69.

Part (c): Is there sufficient data to support the claim?

We need to compare the test statistic to the critical value. If the test statistic is greater than the critical value, we reject H₀.

Here, test statistic t ≈ 2.30, critical value ≈ 1.69. Since 2.30 > 1.69, we reject H₀. Therefore, there is sufficient data to support the claim.

Wait, let's make sure. Let's compute the exact test statistic.

Let's do precise calculation:

s = 1.54333, n = 35.

Standard error = s / sqrt(n) = 1.54333 / sqrt(35).

sqrt(35) = 5.9160797831

1.54333 / 5.9160797831 = let's compute this division:

1.54333 ÷ 5.9160797831 ≈ 0.2610 (exactly, 1.54333 / 5.91608 ≈ 0.2610)

Then (x̄ - μ₀) = 5.6 - 5 = 0.6

t = 0.6 / 0.2610 ≈ 2.30.

Yes, that's correct.

Critical value for t with 34 df, 0.05 right-tail: using a t-table, the closest is df=30 (1.697) and df=40 (1.684). For df=34, it's approximately 1.694 (since the t-values decrease as df increases). So 1.69 is a reasonable approximation.

Since 2.30 > 1.69, we reject H₀, so there is sufficient evidence to support the claim.

Let me check if we should use z-test instead. The problem says ""standard deviation of 1.54333 mm"" which is the sample standard deviation, so we use t-test. If the population standard deviation were known, we'd use z, but here it's sample standard deviation, so t is correct. For n=35, the t-distribution is close to z, but since the problem specifies sample standard deviation, we should use t.

Another check: the critical value for z at 0.05 right-tail is 1.645, but since we use t, it's a bit higher (1.694), so the t critical value is higher than z, which makes sense.

So part (a) is approximately 2.30.

Wait, let's compute t more precisely.

Let's calculate 1.54333 / sqrt(35):

sqrt(35) = 5.916079783099616

1.54333 / 5.916079783099616 = 1.54333 ÷ 5.916079783099616 ≈ 0.2610 (exactly, let's do 1.54333 / 5.91608 ≈ 0.2610)

Then 0.6 / 0.2610 = 2.30 (exactly, 0.6 / 0.2610 ≈ 2.30).

Yes, so t ≈ 2.30.

Critical value: using a calculator, for df=34, the 0.95 quantile (since it's right-tailed, 1 - 0.05 = 0.95) is approximately 1.694. So we can say 1.69 or 1.694. The problem probably expects rounding to two decimal places, so 1.69.

For part (c), the answer is ""yes"" or ""there is sufficient data"". The problem says ""Is there sufficient data to support the claim?"" So the answer is yes, which would be ""yes"" or ""yes, there is sufficient data"". But the problem says ""answer with the letter"" if there are lettered choices, but here it's a yes/no question. Wait, the problem says: ""If an [ANS] is followed by lettered choices, answer with the letter."" But in part (c), it's ""Is there sufficient data to support the claim? [ANS] [ANS]"". Wait, the problem says ""Solve the problem and end with the required boxed answer."" So the user wants the answers for (a), (b), (c) as [ANS] in order, each in a box separated by commas.

Wait, the problem says: ""Please Give one answer per [ANS] in the order they appear, all inside a single \boxed{} separated by commas (e.g. \boxed{5, 7}).""

So for part (a), the answer is the test statistic, which is approximately 2.30.

Part (b) is the critical value, approximately 1.69.

Part (c) is ""Is there sufficient data..."" so the answer is ""yes"" or ""no"". But the problem says ""If an [ANS] is followed by lettered choices, answer with the letter."" But here, part (c) is a yes/no question, so maybe the answer is ""yes"" (but the problem might expect a ""yes"" or ""no"" as the answer). Wait, the problem says ""Solve the problem and end with the required boxed answer."" Let's check the problem statement again.

The problem says: ""Test this claim at the 0.05 significance level."" Then parts (a), (b), (c).

The user instruction: ""If an [ANS] is followed by lettered choices, answer with the letter."" But in this problem, there are no lettered choices mentioned for the answers (the problem doesn't list choices like a, b, c for the answers). The problem is presented as a standard hypothesis test question with parts (a), (b), (c).

So for (a), the test statistic is a number (t ≈ 2.30).

(b) critical value is a number (t ≈ 1.69).

(c) is a yes/no question. The answer is ""yes"" (since we reject H₀, there is sufficient evidence).

But the problem says ""Put only the value in the box: no 'x =', no units, no prose."" So for (c), it's ""yes"" or ""no"". Wait, but the problem might expect a ""yes"" or ""no"" as the answer. Let's see.

Wait, let's confirm the test.

H₀: μ ≤ 5, H₁: μ > 5.

We calculated t = 2.30, critical t (df=34, α=0.05) is ~1.69. Since 2.30 > 1.69, we reject H₀. Therefore, there is sufficient data to support the claim. So the answer for (c) is ""yes"".

But the problem says ""If an [ANS] is followed by lettered choices, answer with the letter."" But here, there are no lettered choices given in the problem statement (the user hasn't provided choices like a, b, c for the answers). The problem is presented as a standard question, so the answers are numerical for (a) and (b), and ""yes"" for (c).

Wait, let's check the problem statement again: ""Is there sufficient data to support the claim? [ANS] [ANS]"". Wait, there are two [ANS] for part (c)? The problem says ""Solve the problem and end with the required boxed answer."" Maybe it's a typo, but according to the problem, part (c) is one answer, but the user wrote ""[ANS] [ANS]"". Hmm.

Wait, the original problem says: ""Test the claim that, on average, people are more than 5 mm taller in the morning than at night. Test this claim at the 0.05 significance level.

(a) Find the test statistic. [ANS]

(b) Find the critical value. [ANS]

(c) Is there sufficient data to support the claim? [ANS] [ANS]""

Ah, maybe the [ANS] [ANS] is a mistake, but the user says ""one answer per [ANS] in the order they appear"". So there are three [ANS]s: (a), (b), (c). Wait, the problem says ""Is there sufficient data to support the claim? [ANS] [ANS]"" which might mean two answers for (c), but that's unclear. Wait, no, probably a typo. Let's assume it's three answers: (a), (b), (c).

In standard practice, for (c), the answer is ""yes"" or ""no"". Since we reject H₀, it's ""yes"".

Let's compute the test statistic more precisely.

Let's do exact calculation:

t = (5.6 - 5) / (1.54333 / sqrt(35)) = 0.6 / (1.54333 / 5.916079783) = 0.6 * (5.916079783 / 1.54333)

Calculate 5.916079783 / 1.54333 ≈ 3.833 (since 1.54333 * 3.833 ≈ 5.916)

Then 0.6 * 3.833 ≈ 2.30.

Yes, so t ≈ 2.30.

Critical value: using a t-distribution calculator, for df=34, 0.05 upper tail, the critical value is approximately 1.694. So we can round to two decimal places: 1.69.

For part (c), the answer is ""yes"".

So the answers are:

(a) 2.30

(b) 1.69

(c) yes

But the problem says ""Put only the value in the box: no 'x =', no units, no prose."" So for (c), it's ""yes"" (a word). But the user says ""If an [ANS] is followed by lettered choices, answer with the letter."" But there are no lettered choices here, so we just write ""yes"".

Wait, but maybe in the problem's context, the answer for (c) is ""yes"" or ""no"", but the problem might expect a ""yes"" or ""no"" as the answer.

Let me check if the test statistic is exactly 2.30.

Let's compute 1.54333 / sqrt(35):

sqrt(35) ≈ 5.916079783

1.54333 / 5.916079783 ≈ 0.2610

0.6 / 0.2610 ≈ 2.30 (exactly, 0.6 / 0.2610 = 2.30)

Yes.

Critical value: 1.69 (rounded to two decimal places).

For (c), since the test statistic is greater than the critical value, we reject H₀, so there is sufficient data. Answer is ""yes"".

So the boxed answers should be \boxed{2.30}, \boxed{1.69}, \boxed{yes} but the user says ""all inside a single \boxed{} separated by commas"". Wait, the instruction says: ""Please Give one answer per [ANS] in the order they appear, all inside a single \boxed{} separated by commas (e.g. \boxed{5, 7}).""

So the answer is \boxed{2.30, 1.69, yes}

But let's check if the test statistic is supposed to be more precise. Maybe the problem expects two decimal places for the test statistic.

Let's compute t exactly:

t = (5.6 - 5) / (1.54333 / sqrt(35)) = 0.6 / (1.54333 / 5.916079783) = 0.6 * (5.916079783 / 1.54333)

Calculate 5.916079783 / 1.54333 ≈ 3.833 (exactly: 1.54333 * 3.833 = 1.54333*3 + 1.54333*0.833 ≈ 4.63 + 1.28 ≈ 5.91, which matches)

So 0.6 * 3.833 ≈ 2.30.

Yes, so 2.30 is correct.

Critical value: using a t-table, for df=30, it's 1.697; df=40, 1.684. For df=34, it's approximately 1.69 (commonly rounded to two decimal places).

For part (c), the answer is ""yes"".

I think that's it.
</think>

[ANS]2.30[ANS]1.69[ANS]yes

\boxed{2.30, 1.69, yes}"
859,"Okay, let's tackle each part step by step. First, I need to remember that angles in standard position start from the positive x-axis and go counterclockwise. The quadrants are defined as follows: Quadrant I is 0° to 90°, Quadrant II is 90° to 180°, Quadrant III is 180° to 270°, and Quadrant IV is 270° to 360°. But sometimes angles can be more than 360°, so I need to find the equivalent angle between 0° and 360° by subtracting 360° if necessary. Let's go through each part.

Starting with (a) 364°. Hmm, 364° is more than 360°, so I subtract 360° to find the coterminal angle. 364° - 360° = 4°. So 364° is coterminal with 4°. Since 4° is between 0° and 90°, that's Quadrant I. So (a) should be 1.

Next, (b) 118°. Let's see, 118° is between 90° and 180°, right? Because 90° is the start of Quadrant II and 180° is the end. So 118° is in Quadrant II. So (b) is 2.

(c) 174°. Let's check. 174° is between 90° and 180°? Wait, 180° is the boundary. Wait, Quadrant II is up to 180°, but 174° is less than 180°, so yes, 174° is in Quadrant II? Wait, no, wait. Wait, 90° to 180° is Quadrant II, 180° to 270° is III, 270° to 360° is IV. Wait, 174° is 180° minus 6°, so it's 6° before 180°, so it's still in Quadrant II. Wait, but let me confirm. For example, 90° is the positive y-axis (boundary between I and II), 180° is negative x-axis (boundary between II and III). So angles between 90° and 180° are Quadrant II. So 174° is in Quadrant II. Wait, but wait, maybe I made a mistake here. Let me think again. Wait, 0° to 90°: I; 90° to 180°: II; 180° to 270°: III; 270° to 360°: IV. So 174° is between 90 and 180, so Quadrant II. So (c) is 2? Wait, but wait, let me check with another example. Like 120° is in Quadrant II, 150° is Quadrant II, 170° is Quadrant II, 174° is still Quadrant II. So yes, (c) is 2.

Wait, but hold on, let me check (d) first to see if I'm confused. (d) 321°. 321° is between 270° and 360°, right? Because 270° to 360° is Quadrant IV. 321° is 360° - 39°, so it's 39° below the positive x-axis, so Quadrant IV. So (d) is 4.

Wait, but let's go back to (c). 174°: 180° - 6°, so it's 6° away from 180°, so in Quadrant II. So (c) is 2.

Wait, but let me make sure. Let's list the quadrants:

- Quadrant I: 0° < θ < 90°
- Quadrant II: 90° < θ < 180°
- Quadrant III: 180° < θ < 270°
- Quadrant IV: 270° < θ < 360°

So for (a) 364°: subtract 360°, get 4°, which is in Quadrant I (0° to 90°), so 1.

(b) 118°: 90° < 118° < 180°, so Quadrant II, answer 2.

(c) 174°: 90° < 174° < 180°, so Quadrant II, answer 2.

(d) 321°: 270° < 321° < 360°, so Quadrant IV, answer 4.

Wait, but wait, is 180° considered as the boundary? The problem says ""the terminal side of the angle"". So angles exactly at 90°, 180°, 270°, 360° are on the axes, not in a quadrant. But the problem says ""determine the quadrant in which the terminal side of the angle is found"". So for angles like 90°, it's on the positive y-axis, so not in any quadrant. But in this case, all the given angles are not on the axes.

For (a) 364°: coterminal with 4°, which is in Quadrant I.

(b) 118°: between 90 and 180, Quadrant II.

(c) 174°: between 90 and 180, Quadrant II.

(d) 321°: between 270 and 360, Quadrant IV.

Let me verify with another approach. For (d) 321°, 360° - 321° = 39°, so it's 39° below the positive x-axis, which is Quadrant IV. Correct.

For (c) 174°, 180° - 174° = 6°, so 6° above the negative x-axis, which is Quadrant II. Correct.

For (b) 118°, 118° - 90° = 28°, so 28° above the negative x-axis (since 90° is the positive y-axis, 180° is negative x-axis), so Quadrant II. Correct.

For (a) 364°: 364 - 360 = 4°, so 4° above the positive x-axis, Quadrant I. Correct.

So the answers should be:

(a) 1

(b) 2

(c) 2

(d) 4

Wait, but let me check if maybe (c) is in Quadrant III? No, 174° is less than 180°, so it's in Quadrant II. Quadrant III starts at 180°, so 180° is the boundary. So 174° is still in Quadrant II.

Yes, I think that's right. So the answers are 1, 2, 2, 4.
</think>

[ANS]1[ANS]2[ANS]2[ANS]4

\boxed{1,2,2,4}"
860,"Okay, let's try to solve this problem step by step. First, let's make sure I understand the problem correctly. We have a sequence of five integers: let's call them a, b, c, d, e. 

The problem says:
- The third integer (c) is the sum of the previous two. So that means c = a + b.
- The fourth integer (d) is the sum of the previous three. So d = a + b + c.
- The fifth integer (e) is the sum of the previous four. So e = a + b + c + d.
- The sum of the five integers is 176, so a + b + c + d + e = 176.
- We need to find the third integer, which is c.

Let me write down all the equations:

1. c = a + b (third is sum of previous two)
2. d = a + b + c (fourth is sum of previous three)
3. e = a + b + c + d (fifth is sum of previous four)
4. a + b + c + d + e = 176 (total sum)

First, maybe I can express everything in terms of a and b, since c is a + b. Let's try that.

From equation 1: c = a + b.

Now, equation 2: d = a + b + c. But c is a + b, so substitute that in: d = (a + b) + (a + b) = 2(a + b). So d = 2c, since c = a + b. Wait, that's a good point. Let's see.

Wait, d = a + b + c = c + c = 2c, because a + b = c. Oh, that's a simpler way. So d = 2c.

Then equation 3: e = a + b + c + d. Let's see, a + b = c, so a + b + c = c + c = 2c. Then e = 2c + d. But d = 2c, so e = 2c + 2c = 4c. Wait, is that right?

Wait, let's check again. e is the sum of the previous four: a, b, c, d. So e = a + b + c + d.

We know a + b = c, so a + b + c = c + c = 2c. Then e = 2c + d. But d = a + b + c = c + c = 2c (since a + b = c). So d = 2c, so e = 2c + 2c = 4c. Hmm, that seems correct.

Let's verify with actual variables. Let's take a = 1, b = 2, then c = 3. Then d = 1 + 2 + 3 = 6, which is 2c (2*3=6). Then e = 1 + 2 + 3 + 6 = 12, which is 4c (4*3=12). Oh, that works. So in this example, e = 4c.

Another example: a=2, b=3, c=5. Then d=2+3+5=10 (2c), e=2+3+5+10=20 (4c). Yep, that's 4c. So seems like e = 4c.

Now, let's write the total sum: a + b + c + d + e = 176.

We can express a + b as c, d as 2c, e as 4c. So let's substitute:

a + b = c

d = 2c

e = 4c

So total sum = c + 2c + 4c? Wait, no. Wait, the total sum is a + b + c + d + e. So that's (a + b) + c + d + e.

We know a + b = c, so that's c + c + d + e = 2c + d + e.

But d = 2c, so 2c + 2c + e = 4c + e.

And e = 4c, so 4c + 4c = 8c. Wait, that can't be right. Wait, let's do it step by step.

Let's list each term:

a = a

b = b

c = a + b

d = a + b + c = (a + b) + (a + b) = 2(a + b) = 2c (since c = a + b)

e = a + b + c + d = (a + b) + c + d = c + c + d = 2c + d (since a + b = c)

But d = 2c, so e = 2c + 2c = 4c.

So now, the total sum S = a + b + c + d + e = (a + b) + c + d + e = c + c + 2c + 4c = c + c is 2c, 2c + 2c is 4c, 4c + 4c is 8c. Wait, let's compute:

a + b = c

c = c

d = 2c

e = 4c

So S = c (a + b) + c (the third term) + 2c (d) + 4c (e) = c + c + 2c + 4c = 8c.

Wait, that's 8c? Let's check with the example I had earlier: a=1, b=2, c=3, d=6, e=12. Then sum is 1 + 2 + 3 + 6 + 12 = 24. And 8c = 8*3=24. Oh! That's correct. So in that example, the sum is 24, which is 8c. So the total sum S = 8c.

Wait, the problem says the sum is 176, so 8c = 176. Then c = 176 / 8 = 22. So the third integer is 22.

Wait, let's confirm with another example to be sure. Let's take a=3, b=4, so c=7. Then d = 3 + 4 + 7 = 14 (which is 2c). e = 3 + 4 + 7 + 14 = 28 (which is 4c). Sum: 3 + 4 + 7 + 14 + 28 = 56. 8c = 8*7=56. Correct. So the sum is indeed 8c.

Therefore, if the sum is 176, then 8c = 176 => c = 22. So the answer is 22.

Let me just make sure I didn't make a mistake in the relationships. Let's write all terms in terms of a and b.

Let a = x, b = y.

Then c = x + y.

d = x + y + c = x + y + (x + y) = 2x + 2y.

e = x + y + c + d = x + y + (x + y) + (2x + 2y) = 4x + 4y.

Now, sum S = x + y + (x + y) + (2x + 2y) + (4x + 4y) = x + y + x + y + 2x + 2y + 4x + 4y.

Let's add them up:

x + x + 2x + 4x = 8x

y + y + 2y + 4y = 8y

So total sum S = 8x + 8y = 8(x + y) = 8c (since c = x + y). Perfect, that confirms it. So S = 8c.

Therefore, 8c = 176 => c = 22.

Yep, that's solid. So the third integer is 22.
</think>

[ANS]22"
861,"Okay, let's try to figure out this problem step by step. So, we have a tridiagonal matrix A of size 100x100, stored in a one-dimensional array B in row-major order. We need to find the position of A[66][65] in B. Hmm, first, I need to recall what row-major order means. In row-major order, the elements of each row are stored contiguously in the array, and the rows are stored one after another. So, for a matrix with m rows and n columns, the element at position (i, j) would be located at index (i-1)*n + j in 0-based indexing, right? But wait, the problem says the array B is 1..298, so it's 1-based indexing. Let me be careful here.

First, let's confirm the size. A tridiagonal matrix has non-zero elements only on the main diagonal, the diagonal above, and the diagonal below. But the storage here is in row-major order, so the storage structure might depend on how the tridiagonal matrix is stored. Wait, no—the problem says it's stored in a one-dimensional array B[1..298] in row-major order. Wait, hold on. Wait, a 100x100 matrix has 10,000 elements, but B has only 298 elements. That doesn't make sense. Wait, that must mean that the problem is misstated? Wait, no, wait. Wait, no, the problem says ""tridiagonal matrix A[1..100][1..100] is stored in a one-dimensional array B[1..298] in row-major order"". Hmm, that seems contradictory because a full 100x100 matrix has 10,000 elements, but here B is size 298. Wait, maybe the problem is that it's stored in a compressed way? But the problem says ""in row-major order"". Hmm, maybe there's a misunderstanding here.

Wait, wait. Wait, tridiagonal matrices are often stored in a compressed format (like using only the non-zero elements), but the problem states that it's stored in row-major order in a one-dimensional array B of size 298. Hmm. Wait, but 298 elements is way less than 10,000. Wait, but maybe the problem is not about the compressed storage but the actual storage? Wait, no, this is confusing.

Wait, let me re-read the problem statement. ""The tridiagonal matrix A[1..100][1..100] is stored in a one-dimensional array B[1..298] in row-major order."" Wait, that seems impossible. A tridiagonal matrix has 3n-2 non-zero elements for an n x n matrix (for n >=2), so for n=100, it's 298 elements. Oh! Wait, that's the key here. Maybe the problem is that the tridiagonal matrix is stored in a one-dimensional array with only the non-zero elements, but the problem says ""in row-major order"". Hmm, but row-major order usually refers to storing all elements of a matrix in row order, but if it's a tridiagonal matrix, which has only three diagonals, then perhaps the storage is different.

Wait, but the problem says ""the tridiagonal matrix A[1..100][1..100] is stored in a one-dimensional array B[1..298] in row-major order"". Wait, 298 is exactly 3*100 - 2 = 298. So maybe the problem is that they are storing the tridiagonal matrix in a compact way, with only the non-zero elements, arranged in row-major order? But the problem states ""in row-major order"", which is a bit confusing.

Alternatively, maybe the problem is a trick question where despite being a tridiagonal matrix, they are storing it in row-major order as a full matrix, but the size of B is 298. But that still doesn't make sense because a 100x100 matrix has 10,000 elements. Wait, perhaps the problem has a typo, but given that the answer choices are around 190-200, maybe the problem is actually about a different storage.

Wait, wait, hold on. Let me think again. Maybe the problem is not about a compressed storage but the matrix is stored in row-major order as a full matrix, but the array B is of size 298? That can't be. Wait, no. Wait, 298 is the size of B. Hmm. Wait, perhaps the problem is in the translation or wording. Let me check again.

Wait, another thought: In some contexts, especially in programming, when they talk about tridiagonal matrices, they might refer to the storage of the matrix in a way that only the non-zero elements are stored, but in row-major order. For example, a tridiagonal matrix has three diagonals, so for each row, there are three elements (except the first and last rows which have two). So total elements would be 2*100 + 98 = 298? Wait, 3n - 2 = 298 when n=100. Yes, 3*100 -2 = 298. So that's exactly the size of B. So the problem is that the tridiagonal matrix is stored in a compact form with 298 elements, arranged in row-major order. But the problem says ""stored in a one-dimensional array B[1..298] in row-major order"". Hmm.

Wait, but in this case, if it's a compact storage of a tridiagonal matrix, the storage order might be different. For example, in some implementations, the subdiagonals are stored first, then the main diagonal, then the superdiagonals. But the problem says ""in row-major order"". Hmm.

Alternatively, maybe the problem is a misstatement, and they just mean a regular matrix (not tridiagonal) stored in row-major order, but the problem says tridiagonal. Hmm.

Wait, given that the answer choices are around 190-200, and the problem says the array B has 298 elements, which is exactly 3*100 -2, perhaps we need to consider that each row of the tridiagonal matrix has three elements (except the first and last rows which have two), but stored in row-major order. Wait, but row-major order for a tridiagonal matrix stored compactly... Hmm.

Wait, maybe the problem is intended to be a standard row-major storage of a full matrix, but the size is 298, which is wrong. Alternatively, perhaps the problem is from a non-English source and there's a translation error.

Wait, let's try to think differently. Suppose that the problem is about a standard 100x100 matrix stored in row-major order, but the array B is of size 298. That still doesn't make sense. Wait, 298 is the number of elements in B. Wait, 100x100 is 10,000 elements. So unless the matrix is not 100x100 but 10x10? No, the problem says A[1..100][1..100].

Wait, here's a thought: Maybe the problem is using ""tridiagonal"" as a red herring, and it's actually a regular matrix stored in row-major order, but the array B has 298 elements. But that still doesn't add up. Alternatively, maybe the problem is about the storage of a tridiagonal matrix in a specific way where each row has three elements, but the problem says ""in row-major order"".

Wait, let's check the answer choices. The answer choices are from 190 to 200. Let's suppose that the problem is actually about a full matrix stored in row-major order, but the array B is of size 100*100 = 10,000, but the problem says 298. Hmm, no.

Wait, another angle: In some contexts, especially in older systems or specific programming languages, the term ""row-major"" might be used differently. Wait, but I'm stuck here.

Wait, let's try to ignore the tridiagonal part for a second. Suppose it's a standard matrix stored in row-major order. Then the position of A[i][j] would be (i-1)*100 + j. But since the array B is 1..298, which is too small, that can't be. Wait, but if the matrix was 10x10, then 10*10=100 elements, but 298 is still bigger.

Wait, hold on. Wait, 298 is 3*100 - 2. So maybe the problem is that the tridiagonal matrix is stored in a one-dimensional array with the non-zero elements in row-major order. For example, for each row, we store the three elements (diagonal, superdiagonal, subdiagonal), except the first row which has two elements (main diagonal and superdiagonal), and the last row which has two elements (main diagonal and subdiagonal). So total elements: for rows 1 to 100, each row has 3 elements, but row 1 and row 100 have 2 each, so total elements = 2*2 + 98*3 = 4 + 294 = 298. Yes, that adds up.

So the idea is that the tridiagonal matrix is stored in a compact way, with only the non-zero elements, arranged in row-major order. So for each row i, we store the elements A[i][i], A[i][i-1], A[i][i+1] (but for the first row, there's no i-1, so we store A[1][1], A[1][2]; for the last row, we store A[100][99], A[100][100]). Wait, but row-major order here would mean that we process each row from top to bottom, and for each row, the elements are stored in some order.

Wait, but the problem says ""in row-major order"". Hmm. If the storage is row-major order of the non-zero elements, then for each row i, we store the elements in order of increasing column index? Or maybe the order is different.

Let me think. In a typical tridiagonal matrix storage (like in some libraries), the subdiagonal, main diagonal, and superdiagonal are stored in a specific order. But the problem says ""row-major order"", which is a bit confusing here.

Alternatively, maybe the problem is not about compact storage but the matrix is stored in row-major order as a full matrix, but the array B has size 298, which is a typo. But given that the answer choices are around 190, maybe it's a different problem.

Wait, another approach: Let's suppose that the problem has a typo and it's a 10x10 matrix, but no, the indices go up to 66 and 65. Hmm.

Wait, perhaps the problem is from a source where ""tridiagonal"" is irrelevant, and it's just a matrix stored in row-major order, but the array B has size 298. Wait, 298 is 100*3 - 2. Maybe the problem is that the matrix is stored in a way that each row has three elements, but the problem states it's a tridiagonal matrix. Let's try this.

Assume that the tridiagonal matrix is stored in a one-dimensional array B in row-major order, with each row having three elements (except first and last rows with two). So the storage order would be:

Row 1: A[1][1], A[1][2]

Row 2: A[2][1], A[2][2], A[2][3]

Row 3: A[3][2], A[3][3], A[3][4]

Wait, no, that might not be row-major. Hmm.

Wait, in row-major order, for a full matrix, each row is stored contiguously. If we have a tridiagonal matrix, but we are storing only the non-zero elements in row-major order, then for each row, we would store the elements in order of their column indices. For example, in row i, the non-zero elements are at columns i-1, i, i+1 (if they exist). So in row-major order, the storage would be:

For row 1: columns 1, 2 (since column 0 doesn't exist)

For row 2: columns 1, 2, 3

...

For row i: columns i-1, i, i+1 (if they exist)

But the problem says ""in row-major order"", so the entire array B is built by going through each row from 1 to 100, and for each row, storing the non-zero elements in column order (i.e., left to right). So the storage order would be:

Row 1: A[1][1], A[1][2]

Row 2: A[2][1], A[2][2], A[2][3]

Row 3: A[3][2], A[3][3], A[3][4]

...

Row i: A[i][i-1], A[i][i], A[i][i+1]

Wait, but in this case, the elements of row i are stored in the order of increasing column index (since it's row-major). Hmm, but the problem is asking for A[66][65]. Let's see.

Wait, A[66][65] is the element in row 66, column 65. In a tridiagonal matrix, the element A[i][j] is non-zero only if j = i-1, i, or i+1. So A[66][65] is on the subdiagonal (j = i -1), so it's a non-zero element.

So in the storage order described above, for row 66, we have elements A[66][65], A[66][66], A[66][67]. So in row-major order of the non-zero elements, row 66 would store these three elements.

But how exactly are they ordered? If row-major order for the non-zero elements means that for each row, we list the non-zero elements in increasing column order, then row i would have elements at columns i-1, i, i+1 (if they exist), stored in the order column i-1, i, i+1.

So for row 66, the elements are A[66][65], A[66][66], A[66][67].

So in the array B, the elements of row 1 come first, then row 2, etc.

So to find the position of A[66][65], we need to calculate how many elements come before row 66, and then the position within row 66.

First, let's calculate the number of elements in rows 1 to 65.

For row 1: 2 elements

Rows 2 to 99: each has 3 elements

Row 100: 2 elements

But we need up to row 65.

Wait, rows 1 to 65:

Row 1: 2 elements

Rows 2 to 65: each has 3 elements (since 65 >=2 and <=99)

So total elements before row 66: 2 + (65 - 1) * 3 = 2 + 64*3 = 2 + 192 = 194.

Wait, hold on. Wait, row 1 has 2 elements.

Rows 2 to 65: that's 64 rows (since 65 - 2 +1 = 64). Each row has 3 elements.

So total elements before row 66: 2 + 64*3 = 2 + 192 = 194.

Then, in row 66, the elements are stored as A[66][65], A[66][66], A[66][67]. So the first element in row 66 is A[66][65], so its position in B would be 194 + 1 = 195.

Wait, but according to this calculation, the answer would be 195, which is option G.

But wait, let's verify.

Wait, the problem states that the array B is 1..298. So 1-based indexing.

Let me recheck the calculation.

Number of elements before row 66:

Row 1: 2 elements

Rows 2 to 65: each has 3 elements. How many rows is that? From row 2 to row 65 inclusive: 65 - 2 + 1 = 64 rows.

So 64 * 3 = 192.

Total before row 66: 2 + 192 = 194.

Then, in row 66, the elements are stored in order. Assuming that in row-major order for the non-zero elements, we list the elements in the order of increasing column index. So for row i, the elements are stored as A[i][i-1], A[i][i], A[i][i+1] (if they exist). So for row 66, column 65 is the first element in the row (since 65 < 66 < 67), so yes, A[66][65] is the first element of row 66.

Therefore, its position is 194 + 1 = 195.

Hmm, so answer G.

But wait, the problem says ""tridiagonal matrix A[1..100][1..100] is stored in a one-dimensional array B[1..298] in row-major order"". If this storage is as we assumed (only non-zero elements in row-major order), then the calculation seems right.

But wait, another thought: In some storage schemes for tridiagonal matrices, the elements are stored in a different order. For example, the subdiagonal is stored first, then the main diagonal, then the superdiagonal. But the problem states ""in row-major order"", so probably the storage is row-wise.

Wait, let's think again. If it's row-major order of the entire matrix (not compact), then the position would be (66-1)*100 + 65 = 65*100 +65 = 6565, which is way larger than 298, so that can't be. So the problem must be referring to the compact storage.

Given that the array size is 298, which is 3*100 -2, it's safe to assume that it's the compact storage of the tridiagonal matrix with only the non-zero elements stored in row-major order.

So according to the calculation above, the answer is 195, option G.

Wait, but let's check again.

Wait, in row 1: columns 1 and 2 (A[1][1], A[1][2])

Row 2: columns 1, 2, 3 (A[2][1], A[2][2], A[2][3])

...

Row i: columns i-1, i, i+1 (for i from 2 to 99)

Row 100: columns 99, 100 (A[100][99], A[100][100])

So each row i (from 1 to 100) has:

- If i = 1: 2 elements

- If 2 <= i <=99: 3 elements

- If i =100: 2 elements

So total elements: 2 + 98*3 +2 = 2 + 294 +2 = 298. Correct.

So to find A[66][65], which is in row 66, column 65.

In row 66, the elements are stored in column order: column 65, 66, 67.

So in the storage order, row 66's elements are A[66][65], A[66][66], A[66][67].

So the first element of row 66 is A[66][65].

Now, how many elements are before row 66?

Rows 1 to 65.

Row 1: 2 elements

Rows 2 to 65: each has 3 elements. How many rows? From row 2 to row 65 inclusive: 65 - 2 +1 = 64 rows.

Total elements before row 66: 2 + 64*3 = 2 + 192 = 194.

So the first element of row 66 is at position 194 +1 = 195.

Therefore, the answer should be G (195).

Wait, but let's check if the storage order within the row is different.

Suppose that in row-major order, for each row, the elements are stored in the order of the columns from left to right, so for row i, the non-zero elements are at columns i-1, i, i+1 (if they exist), so stored as A[i][i-1], A[i][i], A[i][i+1]. So yes, left to right.

But in some cases, the storage might be different. For example, in the standard ""tridiagonal matrix storage"" used in some contexts, the subdiagonal is stored first, then the main diagonal, then the superdiagonal. But the problem specifies ""row-major order"", so it's more likely that within each row, the elements are stored left to right.

Wait, another way: If the matrix is stored in row-major order (as a full matrix), but the problem says it's a tridiagonal matrix stored in B[1..298], which is impossible. So the only feasible interpretation is the compact storage.

Given that, then 195 seems correct.

But let's check the answer choices. The choices are:

A. 199

B. 197

C. 192

D. 191

E. 200

F. 193

G. 195

H. 194

I. 190

J. 196

So G is 195.

Wait, but wait another thought: In some storage schemes, the subdiagonal is stored before the main diagonal for each row. Wait, but row-major order would imply that within a row, the columns are stored in increasing order. So column 65 comes before 66 and 67.

Wait, but in the matrix, the element A[66][65] is to the left of A[66][66], so in row-major order (left to right), it should be stored first.

Yes, so the calculation seems right.

But let's take a smaller example to verify.

Suppose we have a 3x3 tridiagonal matrix.

Rows:

Row 1: A[1][1], A[1][2]

Row 2: A[2][1], A[2][2], A[2][3]

Row 3: A[3][2], A[3][3]

Total elements: 2 + 3 + 2 =7.

Let's list B:

B[1] = A[1][1]

B[2] = A[1][2]

B[3] = A[2][1]

B[4] = A[2][2]

B[5] = A[2][3]

B[6] = A[3][2]

B[7] = A[3][3]

Now, what's the position of A[2][1]?

According to our formula: rows before row 2: row 1 has 2 elements. So position = 2 + 1 = 3. Which matches.

What about A[3][2]? Rows before row 3: row1 (2) + row2 (3) =5. So position =5 +1=6. Correct.

Another example: A[2][2] is at position 4.

Using the formula: rows before row 2: 2 elements. Then within row 2, it's the second element: 2 + 2 =4. Correct.

Okay, so the formula works.

So in this 3x3 example, the calculation works.

Therefore, returning to the original problem.

For A[66][65], which is in row 66, column 65.

Number of elements before row 66: rows 1 to 65.

Row 1: 2

Rows 2 to 65: 64 rows *3 = 192

Total: 194

Position in B: 194 +1 = 195.

So answer G.

But wait, the problem says ""the element A[66][65]"". In the matrix, rows and columns are 1-based.

In our calculation, yes.

Wait, but another check: Let's compute the position of A[2][1] in the 3x3 example: row 2, column 1.

According to the formula: elements before row 2: row 1 has 2 elements. So position =2 +1=3. Which matches.

Similarly, A[3][2] is row3, column2.

Elements before row3: rows1 (2) + row2 (3) =5. Position=5+1=6.

Yes.

So the formula works.

Therefore, confident that the answer is G.

Wait, but looking back at the problem statement: ""the tridiagonal matrix A[1..100][1..100] is stored in a one-dimensional array B[1..298] in row-major order"". So the key here is that they are storing only the non-zero elements in row-major order. Given that the problem mentions ""tridiagonal"", this must be the case.

Therefore, the answer should be G. 195.

But wait, the answer choices have H as 194. Wait, if someone miscalculates the number of rows.

Wait, rows 2 to 65 inclusive: 65 - 2 +1 =64. Yes.

If someone does 65 -1 =64, which is the same.

Wait, another way: total elements before row 66.

Row 1: 2

Rows 2 through 65: 64 rows *3 = 192

Total: 194.

Position: 194 +1 =195.

Hmm. I think that's correct.

But let me check if the storage order within the row is different. For example, in some tridiagonal matrix storage, the elements are stored in the order of subdiagonal, main diagonal, superdiagonal for each row. But in row-major order, it's supposed to be left to right, so columns increasing.

But in the matrix, A[i][j] where j < i would be subdiagonal, j=i main, j>i superdiagonal.

But in row-major order for the non-zero elements, for each row i, the non-zero elements are j = i-1, i, i+1.

So column indices: i-1 < i < i+1.

So the order in the row would be A[i][i-1], A[i][i], A[i][i+1].

Yes, left to right.

So in row 66, the elements are A[66][65], A[66][66], A[66][67].

So A[66][65] is the first element of row 66.

Thus, the calculation holds.

Therefore, the answer is G.

**Final Answer**
\boxed{G}
</think>

To determine the position of the element $ A[66][65] $ in the one-dimensional array $ B[1..298] $, we must interpret the storage structure carefully.

---

### Understanding the Storage

The problem states that the **tridiagonal matrix** $ A[1..100][1..100] $ is stored in a one-dimensional array $ B[1..298] $ **in row-major order**. 

A **tridiagonal matrix** has non-zero elements only on the main diagonal, the diagonal immediately above (superdiagonal), and the diagonal immediately below (subdiagonal). For an $ n \times n $ tridiagonal matrix, the total number of non-zero elements is:

$$
3n - 2
$$

For $ n = 100 $, this gives:

$$
3(100) - 2 = 298
$$

This matches the size of the array $ B[1..298] $, confirming that the matrix is being stored **compactly**, with only the **non-zero elements** stored in **row-major order**.

---

### Storage Pattern

In this compact storage:

- **Row 1** has 2 non-zero elements: $ A[1][1] $, $ A[1][2] $
- **Rows 2 through 99** each have 3 non-zero elements: $ A[i][i-1] $, $ A[i][i] $, $ A[i][i+1] $
- **Row 100** has 2 non-zero elements: $ A[100][99] $, $ A[100][100] $

Thus, for any row $ i $, the elements are stored in **increasing column order** (left to right), as per **row-major order**.

---

### Finding the Position of $ A[66][65] $

We want to find the position of $ A[66][65] $ in the array $ B $.

#### Step 1: Count elements before row 66

- **Row 1**: 2 elements
- **Rows 2 through 65**: $ 65 - 2 + 1 = 64 $ rows, each with 3 elements → $ 64 \times 3 = 192 $ elements

Total elements before row 66:

$$
2 + 192 = 194
$$

#### Step 2: Position within row 66

In row 66, the elements are stored in the order:

- $ A[66][65] $ (subdiagonal)
- $ A[66][66] $ (main diagonal)
- $ A[66][67] $ (superdiagonal)

So, $ A[66][65] $ is the **first element** in row 66.

Therefore, its position in $ B $ is:

$$
194 + 1 = 195
$$

---

### Final Answer

The correct choice is **G**.

$$
\boxed{G}
$$"
862,"Okay, let's try to figure out this problem step by step. The question is about an algorithm that defines a(n) as the number of ordered length 2 compositions of n where at least one of the summands is even. Then we need to find the output sequence y_list for the input x_list [66, 67, 68, 69, 70, 71, 72, 73, 74, 75]. 

First, let's recall what a composition is. A composition of an integer n is a way of writing n as the sum of positive integers, where the order matters. For length 2 compositions, we're looking at pairs (a, b) such that a + b = n, where a and b are positive integers. So for each n, the number of ordered length 2 compositions is (n-1), because a can be 1 to n-1, and b = n - a.

But the problem specifies ""at least one of the summands is even"". So we need to count all ordered pairs (a, b) where a + b = n, a ≥ 1, b ≥ 1, and either a is even or b is even (or both).

Let me think: Maybe it's easier to calculate the total number of ordered length 2 compositions and subtract those where both summands are odd. Because ""at least one even"" is the complement of ""both odd"".

Total number of ordered length 2 compositions of n is (n - 1), as mentioned. Because a can be 1, 2, ..., n-1, so n-1 compositions.

Now, how many compositions have both summands odd? Let's see. If a and b are both odd, then a = 2k + 1, b = 2m + 1, so a + b = 2(k + m + 1) = n. Therefore, n must be even for there to be any such compositions. Wait, if n is even, then a and b are both odd (since odd + odd = even). If n is odd, then you can't have both a and b odd (because odd + odd = even, which can't equal n if n is odd). So:

If n is odd: number of compositions with both summands odd is 0.

If n is even: number of compositions with both summands odd is equal to the number of pairs (a, b) where a and b are odd and a + b = n.

Let's find that count. Let a = 2k + 1, so b = n - a = n - 2k - 1. Since b must also be odd, n - 2k -1 must be odd. Since 2k is even, n - even -1 = n -1 - even. So n -1 must be even (so that n -1 is even, then subtracting even gives even, but wait, b must be odd. Wait, maybe better to think: For a and b to be odd, a must be 1, 3, 5, ..., up to n -1 (since b has to be at least 1). So the number of odd a's is floor((n -1)/2). Wait, let's take an example.

Suppose n = 4 (even). Then possible a's (odd) are 1, 3. So a=1, b=3 (both odd); a=3, b=1 (both odd). So two compositions. So count is 2.

n=4: total compositions = 3 (1+3, 2+2, 3+1). The ones with both odd are 2 (1+3 and 3+1). So ""at least one even"" would be total - both odd = 3 - 2 = 1? Wait, but wait, in this case, the compositions with at least one even would be the ones where either a or b is even. Let's list them:

For n=4:

(1,3): both odd → exclude

(2,2): both even → include

(3,1): both odd → exclude

So only 1 composition where at least one is even? But wait, the problem says ""at least one of the summands is even"". So in (2,2), both are even, so it's included. So yes, for n=4, a(n)=1.

Wait, but according to the previous calculation: total is 3, both odd is 2, so 3-2=1. Correct.

Another example: n=5 (odd). Total compositions: 4 (1+4, 2+3, 3+2, 4+1). Now, how many have both odd? Since n is odd, a + b = odd. If both a and b are odd, then their sum is even, which can't be odd. So there are 0 compositions with both odd. Therefore, all 4 compositions have at least one even. Wait, let's check:

(1,4): 1 is odd, 4 even → includes

(2,3): 2 even, 3 odd → includes

(3,2): 3 odd, 2 even → includes

(4,1): 4 even, 1 odd → includes

So yes, all 4 have at least one even. So a(5) =4.

Wait, so generalizing:

For a(n), the number of ordered length 2 compositions of n with at least one even summand.

Total compositions: n-1.

Number of compositions with both summands odd: let's call this c(n).

If n is odd: c(n) = 0 (since odd + odd = even ≠ n)

If n is even: c(n) = (n/2 - 1) ? Wait, for n=4, c(n)=2. Wait, n=4, c(n)=2. Let's see:

For even n, the possible odd a's start at 1, then 3, etc., up to n-1 (which is odd if n is even). So the number of odd a's is (n/2). Wait, n=4: a can be 1,3 → 2 numbers, which is 4/2 = 2. So c(n) = n/2.

Wait, n=6: a can be 1,3,5 (since 1+5=6, 3+3=6, 5+1=6). So the compositions with both odd are (1,5), (3,3), (5,1). So 3 compositions. So c(6)=3. Which is 6/2 = 3. So yes, for even n, c(n) = n/2.

Wait, n=4: 4/2=2, which matches. n=6: 6/2=3, matches. So in general, for even n, c(n) = n/2. For odd n, c(n)=0.

Wait, but wait: in n=6, the summands a and b are both odd. So a must be 1,3,5. So 3 values. So yes, c(n) = number of odd a's = (n/2). Because the number of odd numbers from 1 to n-1 (inclusive) is (n-1 +1)/2 = n/2 when n is even. Wait, n-1 is odd (since n is even), so the number of odd numbers from 1 to n-1 is (n)/2. For example, n=4: numbers 1,2,3. Odd numbers: 1,3 → 2 numbers = 4/2. n=6: numbers 1-5. Odd numbers: 1,3,5 → 3 numbers =6/2. So yes, c(n)=n/2 when n is even.

Therefore, the number of compositions with at least one even summand is:

a(n) = (n -1) - c(n) = 

if n is odd: (n -1) - 0 = n -1

if n is even: (n -1) - (n/2) = n -1 - n/2 = n/2 -1

Wait, let's check with n=4 (even):

a(4) = 4/2 -1 = 2 -1 =1. Which matches our earlier example.

n=6 (even): a(6)=6/2 -1=3 -1=2. Wait, but wait, let's list all compositions for n=6.

Total compositions: 5 (1+5, 2+4, 3+3, 4+2, 5+1)

Compositions with at least one even:

(1,5): both odd → exclude

(2,4): both even → include

(3,3): both odd → exclude

(4,2): both even → include

(5,1): both odd → exclude

So a(6)=2. Which matches 6/2 -1=2. Correct.

n=5 (odd): a(5)=5-1=4. Which matches our previous example.

n=3 (odd): a(3)=2. Let's check:

Compositions: (1,2), (2,1). Both have at least one even. So yes, 2. Correct.

n=2 (even): a(2)=2/2 -1=0. Wait, n=2: compositions are (1,1). Both odd. So no compositions with at least one even. So a(2)=0. Correct.

So the formula seems to be:

a(n) = 

n -1, if n is odd

(n/2) -1, if n is even

Wait, but let's check n=2: even → (2/2)-1=0. Correct.

n=4: 1. Correct.

n=6: 2. Correct.

n=1: Wait, n is a positive integer. But compositions of 1 as length 2? Wait, no. Wait, the problem says ""ordered length 2 compositions of n"". But for n=1, there are no compositions of length 2 (since a + b =1, but a and b are positive integers, so minimum sum is 2). So n must be at least 2. The problem states n is a positive integer, but in the context of length 2 compositions, n must be at least 2. However, the input x_list starts at 66, so probably n ≥2.

So the formula holds for n ≥2.

So generalizing:

If n is even: a(n) = (n / 2) - 1

If n is odd: a(n) = n - 1

Wait, let's verify with n=7 (odd):

a(7)=7-1=6. Total compositions: 6. All have at least one even (since n is odd, can't have both odd). Let's check:

(1,6), (2,5), (3,4), (4,3), (5,2), (6,1). All have at least one even. Correct.

Another example: n=8 (even). a(8)=8/2 -1=4-1=3.

Total compositions:7.

Compositions with both odd: a=1,3,5,7 (since 8-1=7). So 4 compositions: (1,7), (3,5), (5,3), (7,1). So both odd count is 4. So a(n)=7 -4=3. Correct.

Okay, so the formula seems solid.

So to recap:

For each n in x_list:

- If n is even → y = (n / 2) - 1

- If n is odd → y = n - 1

Wait, but let's check the problem statement again: ""the number of ordered length 2 compositions of n (where n is a positive integer) such that at least one of the summands is even"".

Wait, but according to our previous examples, this formula works.

Wait, but wait: in the case of n even, a(n) = (n/2) -1?

Wait, for n=4: 4/2 -1 = 1. Correct.

n=6: 6/2 -1=2. Correct.

n=8: 8/2 -1=3. Correct.

For n odd: a(n)=n-1.

Yes.

So let's apply this to each x in x_list [66, 67, 68, 69, 70, 71, 72, 73, 74, 75].

Let's compute each:

66: even → (66 /2) -1 = 33 -1=32

67: odd →67 -1=66

68: even →68/2 -1=34-1=33

69: odd →69-1=68

70: even →70/2 -1=35-1=34

71: odd →71-1=70

72: even →72/2 -1=36-1=35

73: odd →73-1=72

74: even →74/2 -1=37-1=36

75: odd →75-1=74

So the y_list would be [32, 66, 33, 68, 34, 70, 35, 72, 36, 74]

Wait, let's list them:

x_list: [66, 67, 68, 69, 70, 71, 72, 73, 74, 75]

y_list:

66 →32

67→66

68→33

69→68

70→34

71→70

72→35

73→72

74→36

75→74

So the sequence is [32, 66, 33, 68, 34, 70, 35, 72, 36, 74]

Now, check the answer choices.

Let's look at the options:

A. [32, 65, 33, 67, 34, 69, 35, 71, 36, 73]

B. [33, 66, 34, 68, 35, 70, 36, 72, 37, 74]

C. [32, 66, 34, 68, 36, 70, 38, 72, 40, 74]

D. [30, 66, 31, 68, 32, 70, 33, 72, 34, 74]

E. [32, 64, 33, 66, 34, 68, 35, 70, 36, 72]

F. [32, 67, 33, 69, 34, 71, 35, 73, 36, 75]

G. [32, 66, 33, 69, 34, 71, 35, 73, 36, 75]

H. [31, 66, 32, 68, 33, 70, 34, 72, 35, 74]

I. [32, 66, 33, 68, 34, 70, 35, 72, 36, 74]

Ah! Option I matches exactly: [32, 66, 33, 68, 34, 70, 35, 72, 36, 74]

Wait, let's confirm:

Option I: [32, 66, 33, 68, 34, 70, 35, 72, 36, 74]

Yes. So the answer is I.

Wait, let me double-check each calculation:

66 even: 66/2 -1=33-1=32 ✔️

67 odd: 67-1=66 ✔️

68 even: 68/2 -1=34-1=33 ✔️

69 odd:69-1=68 ✔️

70 even:70/2 -1=35-1=34 ✔️

71 odd:71-1=70 ✔️

72 even:72/2 -1=36-1=35 ✔️

73 odd:73-1=72 ✔️

74 even:74/2 -1=37-1=36 ✔️

75 odd:75-1=74 ✔️

Yes, so the y_list is [32, 66, 33, 68, 34, 70, 35, 72, 36, 74], which is option I.

So the answer should be I.
</think>

To solve the problem, we analyze the definition of $ a(n) $: the number of **ordered length 2 compositions** of $ n $ such that **at least one of the summands is even**.

---

### Step 1: Understanding Compositions

A **composition** of an integer $ n $ into **two parts** is a pair $ (a, b) $ such that:
- $ a + b = n $
- $ a, b \geq 1 $

There are exactly $ n - 1 $ such ordered pairs for each $ n \geq 2 $.

We are interested in those compositions where **at least one of $ a $ or $ b $ is even**.

This is equivalent to:
$$
a(n) = (\text{total compositions}) - (\text{compositions with both odd})
$$

---

### Step 2: Counting Compositions with Both Odd

Let’s consider when both $ a $ and $ b $ are **odd**:

- If $ a $ and $ b $ are both odd, then $ a + b $ must be **even**.
- So, this is only possible if $ n $ is **even**.
- For even $ n $, the number of such compositions is $ \frac{n}{2} $, since the odd numbers from 1 to $ n - 1 $ are $ \frac{n}{2} $ in count.

Therefore:
- If $ n $ is **odd**, there are **0** compositions with both odd → $ a(n) = n - 1 $
- If $ n $ is **even**, there are $ \frac{n}{2} $ compositions with both odd → $ a(n) = (n - 1) - \frac{n}{2} = \frac{n}{2} - 1 $

---

### Step 3: Apply the Formula to Given Inputs

Given input list:  
$$
x\_list = [66, 67, 68, 69, 70, 71, 72, 73, 74, 75]
$$

Compute $ y_i = a(x_i) $ for each $ x_i $:

| $ x_i $ | Type | $ a(x_i) $ |
|-----------|------|----------------|
| 66         | Even | $ \frac{66}{2} - 1 = 33 - 1 = 32 $ |
| 67         | Odd  | $ 67 - 1 = 66 $ |
| 68         | Even | $ \frac{68}{2} - 1 = 34 - 1 = 33 $ |
| 69         | Odd  | $ 69 - 1 = 68 $ |
| 70         | Even | $ \frac{70}{2} - 1 = 35 - 1 = 34 $ |
| 71         | Odd  | $ 71 - 1 = 70 $ |
| 72         | Even | $ \frac{72}{2} - 1 = 36 - 1 = 35 $ |
| 73         | Odd  | $ 73 - 1 = 72 $ |
| 74         | Even | $ \frac{74}{2} - 1 = 37 - 1 = 36 $ |
| 75         | Odd  | $ 75 - 1 = 74 $ |

So, the resulting output sequence is:
$$
y\_list = [32, 66, 33, 68, 34, 70, 35, 72, 36, 74]
$$

---

### Step 4: Match with Answer Choices

Now, compare this result with the provided choices:

- **Option I**: [32, 66, 33, 68, 34, 70, 35, 72, 36, 74]

✅ This matches exactly.

---

### Final Answer

$$
\boxed{I}
$$"
863,"Okay, let's see. I need to simplify the expression \(\frac{t^{-5}}{\left(t^{8}\right)^{8}}\) and write it with only positive exponents. Hmm, first, I remember that when you have exponents raised to another exponent, you multiply them. So the denominator is \((t^8)^8\), which should be \(t^{8 \times 8}\) right? Let me check that. Yeah, the power of a power rule is \((a^m)^n = a^{m \times n}\), so that's \(t^{64}\). 

So the denominator becomes \(t^{64}\). Then the expression is \(\frac{t^{-5}}{t^{64}}\). Now, when you divide exponents with the same base, you subtract the exponents. So that would be \(t^{-5 - 64}\) which is \(t^{-69}\). But the problem says to write the answer using only positive exponents. So negative exponents mean you take the reciprocal. So \(t^{-69}\) is the same as \(\frac{1}{t^{69}}\). 

Wait, let me go through it step by step to make sure. Starting with the original expression: \(\frac{t^{-5}}{(t^8)^8}\). First, simplify the denominator: \((t^8)^8 = t^{8 \times 8} = t^{64}\). So now the expression is \(\frac{t^{-5}}{t^{64}}\). 

Dividing exponents with the same base: \(t^{a} / t^{b} = t^{a - b}\). Here, the numerator exponent is -5 and the denominator exponent is 64, so it's \(t^{-5 - 64} = t^{-69}\). To write this with positive exponents, we move the \(t^{69}\) to the denominator, so it's \(\frac{1}{t^{69}}\). 

Is there any chance I made a mistake here? Let's check the exponent rules again. Power of a power: (t^8)^8 is t^(8*8) = t^64. Correct. Then dividing t^-5 by t^64: that's t^(-5 - 64) = t^-69. Yes, because when you divide, you subtract the exponents. So numerator exponent minus denominator exponent? Wait, no: the rule is \(t^a / t^b = t^{a - b}\). So here, the numerator is t^-5, so a is -5, and the denominator is t^64, so b is 64. So it's t^(-5 - 64) = t^-69. That's right. 

So to write it with positive exponents, we have 1 over t^69. So the simplified expression is \(\frac{1}{t^{69}}\). 

I think that's it. Let me just confirm. If I have t^-69, that's 1/t^69. Yep, that's correct. So the answer should be 1/t^69, but written with positive exponents, so no negative exponents. So the final answer is \(\frac{1}{t^{69}}\), but the problem says ""write your answer using only positive exponents"". So in the box, they probably want it as \(t^{-69}\) but no, wait, no. Wait, the problem says ""using only positive exponents"", so we need to have positive exponents, so 1 over t^69. 

Wait, but how is the answer supposed to be written? The problem says ""Simplify the following expression, and write your answer using only positive exponents."" So the answer should be a single term with positive exponents. So 1/t^69 is the simplified form with positive exponents. 

Let me check with numbers. Suppose t is 2. Let's plug in t=2 and see if both sides are equal. Original expression: (2^-5) / (2^8)^8 = (1/32) / (256)^8. Wait, (2^8)^8 is 2^64, so 2^64 is a huge number. The numerator is 1/32. So the whole thing is (1/32) / (2^64) = 1/(32 * 2^64) = 1/(2^5 * 2^64) = 1/2^69. Which is the same as 1/t^69 when t=2. So that checks out. 

So yes, the simplified expression is 1/t^69. So the answer is \(\frac{1}{t^{69}}\), but written with positive exponents. Since the problem says ""write your answer using only positive exponents"", so no negative exponents, so 1 over t^69 is correct. 

I think that's it. So the final answer is \(\frac{1}{t^{69}}\), but in the box, they probably want it in a specific format. The problem says ""put only the value in the box: no 'x =', no units, no prose"". So maybe they want it as \(t^{-69}\) but no, wait, no. Wait, the problem says ""using only positive exponents"", so negative exponents are not allowed. So the answer must be \(\frac{1}{t^{69}}\). But how to write that in the box? The problem says ""if the question has a final answer, please place the answer in \boxed{}"". 

In many math problems, when they ask for positive exponents, the answer is written as a fraction with positive exponents. So for example, if it's 1/t^69, that's the answer. So the box should be \(\boxed{\dfrac{1}{t^{69}}}\). But maybe they want it written as \(t^{-69}\) but with positive exponents, which is not possible, so it has to be 1 over t^69. 

Wait, let me check the problem statement again: ""Simplify the following expression, and write your answer using only positive exponents."" So the key is that the exponents in the answer must be positive. So t^-69 is not allowed, so we have to write it as 1/t^69. 

Yes, that's correct. So the answer is 1 divided by t to the 69th power. So in LaTeX, that's \frac{1}{t^{69}}. So the boxed answer should be \boxed{\dfrac{1}{t^{69}}}. 

But let me see if there's a different way. Sometimes, people write it as t^{-69}, but the problem specifies ""using only positive exponents"", so negative exponents are not allowed, so we have to have positive exponents. So 1/t^69 is the right form. 

I think that's it. I don't see any mistakes in the reasoning. So the answer is \(\frac{1}{t^{69}}\).
</think>

To simplify the expression  
$$
\frac{t^{-5}}{\left(t^{8}\right)^{8}}
$$  
and write it using **only positive exponents**, we follow these steps:

---

### Step 1: Simplify the denominator

Use the **power of a power rule**:  
$$
(t^8)^8 = t^{8 \times 8} = t^{64}
$$

So the expression becomes:
$$
\frac{t^{-5}}{t^{64}}
$$

---

### Step 2: Apply the quotient rule for exponents

Recall that:
$$
\frac{t^a}{t^b} = t^{a - b}
$$

Here, $ a = -5 $ and $ b = 64 $, so:
$$
\frac{t^{-5}}{t^{64}} = t^{-5 - 64} = t^{-69}
$$

---

### Step 3: Convert to positive exponents

Since the problem requires **only positive exponents**, we rewrite $ t^{-69} $ as:
$$
t^{-69} = \frac{1}{t^{69}}
$$

This form uses **only positive exponents** and is fully simplified.

---

### Final Answer

[ANS]$\boxed{\dfrac{1}{t^{69}}}$"
