id,response
14,"Okay, let's see. I need to solve the equation \(7 \cdot 3^t = 245\) using logarithms and find an exact solution. Hmm, first, I should probably isolate the exponential term. Let me start by dividing both sides by 7 to get \(3^t\) by itself. 

So, if I divide both sides by 7, that gives \(3^t = \frac{245}{7}\). Let me calculate that. 245 divided by 7 is 35, right? Because 7 times 35 is 245 (7*30=210, 7*5=35, so 210+35=245). So, \(3^t = 35\). 

Now, to solve for \(t\), since it's in the exponent, I need to take the logarithm of both sides. I can use any logarithm, but maybe natural log or common log (base 10) would work. Let's pick natural log for this. So, taking \(\ln\) of both sides: \(\ln(3^t) = \ln(35)\). 

Using the logarithm power rule, which says \(\ln(a^b) = b \ln(a)\), so the left side becomes \(t \ln(3) = \ln(35)\). Then, solving for \(t\), I divide both sides by \(\ln(3)\), so \(t = \frac{\ln(35)}{\ln(3)}\). 

Wait, but maybe they want it in terms of log base 3? Let me think. The problem says ""use logarithms"" and ""exact solution"". So, the exact solution is \(t = \frac{\ln(35)}{\ln(3)}\), or alternatively, using log base 10, it would be \(\frac{\log(35)}{\log(3)}\), but since they just want an exact solution, either form is acceptable, but usually, natural log is fine, or maybe they prefer the change of base formula. 

Let me check if I did everything right. Starting with \(7 \cdot 3^t = 245\). Divide both sides by 7: \(3^t = 35\). Take log of both sides: \(t \log 3 = \log 35\), so \(t = \log_3 35\). Oh, right! Because \(\log_b a = \frac{\ln a}{\ln b}\), so \(t = \log_3 35\) is the exact solution. 

So, depending on how they want it, but the problem says ""use logarithms"" so maybe expressing it as a logarithm with base 3 is the exact solution. Let me verify. If \(t = \log_3 35\), then \(3^t = 35\), so \(7 \cdot 3^t = 7 \cdot 35 = 245\), which matches the original equation. So that's correct. 

Alternatively, using natural logs, it's \(\frac{\ln 35}{\ln 3}\), which is equivalent. But maybe the problem expects the answer in terms of a logarithm with base 3, since that's the base of the exponent. Let me see. The problem says ""exact solution"", so both forms are exact, but perhaps the most straightforward exact solution is \(t = \log_3 35\). 

Wait, let's check the problem statement again: ""Use logarithms to find an EXACT solution"". So, they might accept either form, but in many math courses, when you solve \(a^t = b\), the exact solution is \(t = \log_a b\). So here, since \(3^t = 35\), then \(t = \log_3 35\). That's probably the answer they want. 

Let me make sure I didn't make a mistake in the algebra. Starting with \(7 \cdot 3^t = 245\). Divide both sides by 7: \(3^t = 35\). Then take log base 3 of both sides: \(t = \log_3 35\). Yep, that's right. So that's the exact solution. 

I think that's it. So the answer is \(t = \log_3 35\), which can also be written as \(\frac{\ln 35}{\ln 3}\) or \(\frac{\log 35}{\log 3}\), but since the problem says ""exact solution"" and doesn't specify the type of logarithm, the simplest exact form is \(\log_3 35\). 

Let me confirm with another approach. Suppose I use common logarithm (base 10). Then, taking log base 10 of both sides: \(\log(3^t) = \log(35)\), so \(t \log 3 = \log 35\), so \(t = \frac{\log 35}{\log 3}\), which is the same as \(\log_3 35\) by change of base formula. So all these forms are equivalent. 

The problem says ""do NOT approximate your answer"", so we need to leave it in terms of logarithms. Since they ask for ""an exact solution"", and the most direct exact solution is the logarithm with base 3, I think that's the answer they want. 

So, the final answer is \(t = \log_3 35\). Let me check once more. If I plug \(t = \log_3 35\) back into the original equation: \(7 \cdot 3^{\log_3 35} = 7 \cdot 35 = 245\), which is correct. Yep, that works. 

I think that's it. So the answer is \(\log_3 35\).
</think>

To solve the equation:

$$
7 \cdot 3^t = 245
$$

we begin by isolating the exponential term. Divide both sides of the equation by 7:

$$
3^t = \frac{245}{7} = 35
$$

Now, we take the logarithm of both sides to solve for $ t $. Since the base of the exponent is 3, it's most natural to use **log base 3** (i.e., $\log_3$) to express the solution directly.

Taking $\log_3$ of both sides:

$$
\log_3(3^t) = \log_3(35)
$$

Using the logarithmic identity $\log_b(b^x) = x$, the left-hand side simplifies to:

$$
t = \log_3(35)
$$

This is an **exact** solution and does not require approximation.

---

### Final Answer:

$$
\boxed{\log_3 35}
$$"
15,"Okay, let's tackle this problem step by step. The question is asking whether two functions are polynomials and, if they are, what their degree is. If not, we need to enter NONE. 

First, let's recall what a polynomial function is. A polynomial function is a function that can be expressed in the form \( f(x) = a_n x^n + a_{n-1} x^{n-1} + \dots + a_1 x + a_0 \), where \( a_n, a_{n-1}, \dots, a_0 \) are constants (coefficients) and \( n \) is a non-negative integer. The key points here are that the variable \( x \) is raised to non-negative integer exponents, and there are no other operations like division by a variable, roots (like square roots), or exponential functions with variables in the exponent.

Let's start with the first function: \( f(x) = x^8 + 4 \).

Hmm, let's check if this is a polynomial. The term \( x^8 \) is a variable raised to the 8th power, which is a non-negative integer exponent. The constant term 4 can be thought of as \( 4x^0 \), since any non-zero number to the power of 0 is 1, so \( 4x^0 = 4 \). So, this function is a sum of terms where each term is a constant multiplied by a power of \( x \) with non-negative integer exponents. Specifically, the highest power of \( x \) here is 8. 

In polynomial terms, the degree of a polynomial is the highest exponent of the variable in the polynomial. So, for \( f(x) = x^8 + 4 \), the highest exponent is 8, so the degree should be 8. Let me confirm: yes, polynomials can have constant terms, and the degree is determined by the highest power of \( x \) present. Since 8 is a non-negative integer and there are no other terms with higher exponents, this is a polynomial of degree 8.

Now, the second function: \( g(x) = 8^x + 4 \).

Let's analyze this. The term \( 8^x \) is an exponential function, not a polynomial term. In a polynomial, the variable is the base of the power, but here the base is a constant (8) and the exponent is the variable \( x \). Polynomials have the variable as the base with integer exponents, but exponential functions have the variable in the exponent. 

For example, \( 2^x \) is an exponential function, not a polynomial. The definition of a polynomial requires that each term is of the form \( a_k x^k \) where \( k \) is a non-negative integer. In \( 8^x \), it's \( (8)^x \), which is not a power of \( x \), but a power with base 8 and exponent \( x \). So, this is an exponential function, not a polynomial.

Let me make sure. If we try to write \( 8^x \) as a polynomial, it's not possible because exponential functions grow at a different rate than polynomials. Polynomials have terms where the exponent is a fixed number (like \( x^2 \), \( x^3 \), etc.), but here the exponent is variable. So, \( g(x) \) is not a polynomial. Therefore, the answer for \( g(x) \) should be NONE.

Let me recap:

- \( f(x) = x^8 + 4 \): This is a polynomial because it's a sum of terms with \( x \) raised to non-negative integer exponents (8 and 0). The highest exponent is 8, so degree 8.

- \( g(x) = 8^x + 4 \): This is not a polynomial because it has an exponential term \( 8^x \), which is not a polynomial term. So, the answer is NONE.

I think that's it. Let me just check if there's any chance I'm missing something. For example, is \( 8^x \) sometimes considered a polynomial? No, because polynomials have variable exponents as constants, not the other way around. Exponential functions have variable exponents, so they are not polynomials. So, \( g(x) \) is not a polynomial.

Another check: the degree of a polynomial is defined only for polynomials. Since \( g(x) \) is not a polynomial, we don't have a degree, so we enter NONE.

Yep, that seems right.
</think>

To determine whether the given functions are polynomials and, if so, their degrees, we must recall the definition of a **polynomial function**:

> A polynomial function is a function of the form  
> $$
f(x) = a_n x^n + a_{n-1} x^{n-1} + \dots + a_1 x + a_0
$$
> where $ a_n, a_{n-1}, \dots, a_0 $ are constants and $ n $ is a non-negative integer.

This means that:
- The variable $ x $ must be raised to **non-negative integer exponents**.
- There should be **no terms with variable exponents**, such as $ 8^x $, which is an exponential function.

---

### 1. Function: $ f(x) = x^8 + 4 $

- This expression consists of two terms: $ x^8 $ and $ 4 $.
- Both terms are of the form $ a_k x^k $, where $ k $ is a non-negative integer (specifically, $ k = 8 $ and $ k = 0 $).
- Therefore, this is a **polynomial**.
- The **highest power** of $ x $ is 8, so the **degree** is **8**.

✅ **Conclusion for $ f(x) $:** It is a polynomial with degree **8**.

---

### 2. Function: $ g(x) = 8^x + 4 $

- This function includes the term $ 8^x $, which is an **exponential function** (base is constant, exponent is variable).
- In contrast to polynomials, exponential functions have the **variable in the exponent**, not the base.
- Since the definition of a polynomial requires all exponents to be fixed non-negative integers (not variable), this expression **does not** qualify as a polynomial.

❌ **Conclusion for $ g(x) $:** It is **not** a polynomial → Answer: **NONE**

---

### Final Answer:

$$
\boxed{8, NONE}
$$"
16,"This is a complex or challenging question, and it is difficult to provide a direct and correct answer. I need to think about it.
Well, so we have a regular 1001-gon board, which is a cycle graph with 1001 vertices, all starting white. There's a chip at one vertex initially (let's fix coordinates to make it easier: let's say vertex 0 is the starting point, so vertices are 0,1,2,...,1000 mod 1001). Rose picks a positive integer k each turn, then Brunno picks direction (clockwise = +k mod 1001 or counterclockwise = -k mod 1001), and then if the new vertex is white, it becomes red. We need the maximum number of red vertices Rose can guarantee no matter what Brunno does, with unlimited turns.

First, let's rephrase the problem in terms of group theory maybe? The vertices form the cyclic group Z/1001Z (since 1001 is odd, that's good, no 2-torsion or anything yet). Start at 0. Each move: Rose picks k ∈ Z+ (so k ≥ 1), Brunno picks d ∈ {+1, -1}, so the move is to 0 + d*k mod 1001 (wait, no: actually, after first move, it's at some vertex, then next move from there... Wait, hold on! I think I made a mistake here: the chip is moving each turn from its current position. So it's not starting at 0 and moving to d*k each time, but each turn, current position is p, Rose picks k, Brunno picks direction, moves to p + d*k mod 1001, then if that's white, paint red. So the sequence of positions is p0 = 0 (white), p1 = p0 + d1*k1 mod N (N=1001), p2 = p1 + d2*k2 mod N, ..., and each pi for i ≥ 1 is white before the move? Wait no: ""at the end of the turn the chip stands at a white vertex, this vertex is painted red"". So before any moves, all white. After first turn: chip moves to some vertex (which was white, since all were white initially), so that becomes red. Then second turn: chip is at a red vertex (from first turn), Rose picks k, Brunno picks direction, moves to a vertex; if that vertex is white (i.e., not yet red), it becomes red. So the red vertices are exactly the positions where the chip has ended a turn at a white vertex (which it was, since it's the first time there), so each turn, the chip moves from its current position (which is red, except maybe the start? Wait no: initial position is white, but there's a chip at one vertex initially, all white. So turn 1: Rose picks k, Brunno picks direction, moves chip to new vertex (which was white, since all were white), so that new vertex becomes red. Now the chip is at a red vertex. Turn 2: Rose picks k, Brunno picks direction, moves chip from current red vertex to a new vertex; if that new vertex is white (not yet red), it becomes red. So the red vertices are precisely the positions where the chip has been at the end of a turn (i.e., after moving from previous position), and each such position is white at the time of the move, so they are distinct red vertices (since once painted red, they stay red, so you can't move to a red vertex and paint it again).

So to clarify: let R be the set of red vertices, which is exactly { p1, p2, p3, ... } where p1 = d1*k1 mod N, p2 = p1 + d2*k2 mod N, p3 = p2 + d3*k3 mod N, ..., with each di ∈ {+1, -1}, ki ∈ Z+, and all pi are distinct (since they are painted red in order, so each pi is white when the move ends, so they can't be equal to previous pj for j < i). Wait, no: actually, pi could equal pj for j < i? Wait, no: because when you move to pi, it's white at the time, so it's painted red, so all pi must be distinct red vertices (since each time you paint a white vertex red, so you can't have two turns ending at the same vertex, because that vertex would already be red by the first time). So yes, the red vertices are a sequence of distinct vertices, each obtained by adding ±ki to the previous position (with the first position being ±k1 from start).

So starting at 0 (not red yet), after 1st move: at a = ±k1 mod N, red (so |R|=1), 2nd move: from a to a ±k2, if that's white (not in R), add to R, etc.

Rose wants to choose a sequence of k1, k2, k3, ... (positive integers) such that no matter what directions Brunno chooses (±1 each time), the set R (the red vertices) has size as large as possible. Wait, no: ""regardless of Brunno's actions"", so for each choice of Rose's k's, Brunno will choose directions to minimize the size of R? Wait, no: ""the greatest number of vertices that Rose can make red regardless of Brunno's actions"". So it's the maximum over all possible strategies (sequences of k's) of the minimum over all possible direction sequences (sequences of ±1's) of the size of R (the red vertices obtained by following Rose's k's and Brunno's directions).

Yes, that's the standard ""regardless of"" in combinatorial game theory: Rose picks a strategy (k1, k2, ...), then Brunno picks a strategy (d1, d2, ...) to try to minimize the number of red vertices, and Rose wants the best strategy where the worst-case (Brunno's best) number is maximized.

So formalizing: Let S be a sequence of positive integers (k_n)_{n≥1}. For any sequence of signs (d_n)_{n≥1} ∈ {+1, -1}^∞, define the set R(S, D) = { s1, s2, s3, ... } where s1 = d1 k1, s2 = s1 + d2 k2, s3 = s2 + d3 k3, ..., each s_n mod N (N=1001). Then R(S, D) is a set of distinct residues mod N (since each s_n is white when you get there, so not equal to previous s_m for m < n). The size |R(S, D)| is the number of red vertices for strategy S against direction sequence D. Rose wants max_{S} min_{D} |R(S, D)|.

Okay, that's a better way to put it. So we need to choose a sequence of k's so that no matter how Brunno picks directions (each time choosing + or - for the k), the number of distinct positions we hit (starting from 0, each step ±k_n from current) is as large as possible.

Let's think about the differences. Let's denote the cumulative sum: let t_n = s_n = d1 k1 + d2 k2 + ... + d_n k_n mod N. Then t_0 = 0 (start), t_1 = d1 k1, t_2 = t_1 + d2 k2, ..., t_n = t_{n-1} + d_n k_n, so t_n - t_{n-1} = d_n k_n ∈ {k_n, -k_n} mod N. So the set R is {t_1, t_2, t_3, ...} (since t_0=0 is not red, it's the start, all white initially, but we don't paint the start red—wait, hold on! Wait, initial problem says: ""initially, all vertices are white, and there is a chip at one of them"". So the chip is at a white vertex (the start), but when does it get painted red? ""On each turn, Rose chooses k, Brunno chooses direction, moves the chip in the chosen direction by k vertices. If at the end of the turn the chip stands at a white vertex, this vertex is painted red."" So the turn starts with the chip at some vertex (which is red, except maybe the very first turn? Wait, first turn: starts at a white vertex (initial), moves to a new vertex (which is white, since all were white), so that new vertex is painted red. So yes, t_1 is the first red vertex, t_2 is the second red vertex (if it's white when you get there), etc. So R = {t_1, t_2, ...} with t_n = t_{n-1} + d_n k_n, t_0 = 0, t_n ≠ t_m for n > m (since each t_n is white when reached, so not equal to previous t_m).

So the key is: given a sequence k_1, k_2, ..., the set of all possible t_n (n ≥ 1) for any choice of d_n ∈ {±1} is... but actually, for each sequence of d_n, we get a specific sequence t_n, and we want the minimal possible size of {t_1, t_2, ...} over all d_n sequences, then maximize that over k_n sequences.

Wait, but maybe instead of sequences, think about the subgroup generated? Wait, but with signs, it's a bit different. Let's consider small N first to get intuition, maybe N=3 (odd, like 1001 is odd, 1001=7*11*13, all odd primes). Let's take N=3, see what happens.

N=3, vertices 0,1,2. Start at 0 (white). Rose picks k1: say k1=1. Brunno picks direction: +1 or -1 (which is +2 mod 3). So t1 is 1 or 2 (both white, so both become red). Now Rose picks k2: if she picks k2=1 again, then from t1=1, Brunno can pick +1 to go to 2 (already red, so no red added) or -1 to go to 0 (already red? Wait, 0 was start, not red yet? Wait, no: 0 was white initially, chip was there, but no red was painted at 0 because the first move ends at a new vertex. So 0 is still white? Wait, hold on! This is critical.

Initial state: all vertices white. Chip is at one vertex (say 0), which is white. So vertex 0 is white, chip is there. Turn 1: Rose picks k, Brunno picks direction, moves chip by k vertices to a new vertex (so from 0 to 0 + k or 0 - k mod N). Since all vertices were white, this new vertex is white, so it gets painted red. So now, red vertices: {v1}, where v1 = ±k mod N. Vertex 0 is still white (not painted red), chip is now at v1 (red). Turn 2: Rose picks k, Brunno picks direction, moves chip from v1 to v1 ± k mod N. If that vertex is white (i.e., not in {v1}), it gets painted red. So the red vertices are exactly the vertices that the chip has been at the end of a turn (each time it's white at the time of the turn, so they are distinct and not including the start vertex 0, unless... wait, could the chip ever come back to 0 at the end of a turn? Only if 0 is white at that time, but 0 was never painted red (since it was the start, and the first move went to a new vertex), so 0 is always white. Wait, is that true?

Wait, initial problem says: ""initially, all vertices of the board are white, and there is a chip at one of them"". So all vertices are white, chip is at one (white vertex). So when you move the chip, you leave the current vertex (still white, since you don't paint it red until you end a turn at it), and move to a new vertex (which is white, so it gets painted red). So the only vertex that is never painted red is... well, maybe some vertices, but the start vertex is never painted red, because to paint a vertex red, you have to end a turn at it (i.e., move to it from somewhere else), so the start vertex is only ever the starting point, never the end of a turn, so it remains white forever.

Yes! That's an important point. So the red vertices are a subset of V \ {start}, where V is the vertex set (size N=1001). Wait, but actually, the start vertex is white, and never becomes red, so all red vertices are distinct from the start vertex, and each red vertex is the end of a turn (so you move to it from the previous position, which was red).

So let's fix start vertex as 0 for simplicity (since the polygon is regular, we can rotate coordinates so start is 0). So V = Z/NZ, N=1001, start at 0 (white), never red. Red vertices are {t1, t2, t3, ...} where t1 = d1 k1, t2 = t1 + d2 k2, ..., t_n = t_{n-1} + d_n k_n, with all t_n distinct (since each is white when reached, so not equal to previous t_m for m < n), and t_n ≠ 0 for all n (since 0 is never painted red, as it's the start).

So now, the problem is: choose a sequence of k_n ≥ 1, then for any sequence d_n ∈ {±1}, define t_n as above, and let R = {t1, t2, ...} (distinct), want max over k_n of min over d_n of |R|.

Let's try N=3 again, start at 0.

Case 1: Rose picks k1=1. Then t1 = ±1 mod 3, so t1=1 or 2 (both white, so painted red). Now, suppose Brunno picks t1=1 (say he picks +1). Now Rose picks k2=1: t2 = 1 + d2*1 = 1+1=2 or 1-1=0. 2 is white (not red yet? Wait, t1=1 is red, so 2 is white, so t2=2 would be painted red (so |R|=2), t2=0 is white (0 is start, never red), so if Brunno picks d2=-1, t2=0, which is white, so it gets painted red? Wait, hold on! Wait, the problem says: ""if at the end of the turn the chip stands at a white vertex, this vertex is painted red"". So 0 is white (initially all white, and we never painted it red because we never ended a turn at 0), so if the chip ends a turn at 0, it would be painted red? But the start vertex was white, and we were at 0 initially, but the first turn moves away from 0, so 0 is still white. So yes, if you move to 0 at the end of a turn, it's white, so it gets painted red. But in the problem statement, does ""the chip stands at a white vertex"" mean white at the time of the move, i.e., not yet painted red? Yes, that's standard: when you move to a vertex, if it's still white (not previously painted red), then paint it red.

So in N=3, start at 0 (white). Turn 1: Rose picks k=1, Brunno picks direction: +1 → 1 (white, paint red), so R={1}; or -1 → 2 (white, paint red), R={2}. Suppose Brunno picks +1, so R={1}, chip at 1.

Turn 2: Rose picks k=1, Brunno picks direction: +1 → 2 (white, paint red, R={1,2}); -1 → 0 (white, paint red, R={0,1}). Wait! Here's a key point I missed earlier: the start vertex (0) is white, so if you move back to 0 at the end of a turn, it becomes red. So 0 can be painted red! I thought it was never painted red, but no—only the starting vertex is initially white, but you can move to it later (if you go back), and since it's white at that time (not yet painted), it gets painted red.

Oh wow, that changes things. Okay, let's restart with precise definitions to avoid confusion.

- Let V = {0, 1, 2, ..., N-1} with N=1001 (cyclic group Z/NZ).
- Initial state: all vertices white. Chip is at vertex s (fixed, say s=0 without loss of generality, due to symmetry).
- Turn 1: Rose chooses k1 ≥ 1. Brunno chooses direction d1 ∈ {+1, -1} (mod N). Chip moves to v1 = (s + d1*k1) mod N. Since all vertices were white, v1 is white, so it is painted red. Now, red vertices R1 = {v1}, chip is at v1 (red).
- Turn 2: Rose chooses k2 ≥ 1. Brunno chooses d2 ∈ {+1, -1}. Chip moves to v2 = (v1 + d2*k2) mod N. If v2 is white (i.e., v2 ∉ R1), then it is painted red, so R2 = R1 ∪ {v2}; if v2 is red (v2 ∈ R1), then no new red vertices, R2 = R1. Chip is at v2 (red or white? Wait, no—once painted red, it stays red, but the chip is always at a vertex, which is red if it's in R, white otherwise. Wait, no: the problem says ""if at the end of the turn the chip stands at a white vertex, this vertex is painted red"". So the chip's position at the end of the turn is checked: if it's white (not yet painted red), paint it red; otherwise, leave it red (it was already red). So the chip is always at a vertex that is red (because it was painted red when it was first reached at the end of a turn, or if it's the start vertex, but wait—start vertex was white initially, so if the chip is at the start vertex at the end of a turn, it's white (not painted yet), so it gets painted red.

Wait, let's take N=3, s=0 (start, white).

- Turn 1: Rose picks k=1, Brunno picks d=+1 → v1=1 (white), paint red. R={1}, chip at 1 (red).
- Turn 2: Rose picks k=1, Brunno picks d=-1 → v2=1-1=0 (white, since 0 was never painted red before), so paint red. Now R={0,1}, chip at 0 (red).
- Turn 3: Rose picks k=1, Brunno picks d=+1 → v3=0+1=1 (red, already in R), so no new red. R={0,1}. Or d=-1 → v3=0-1=2 (white), paint red, R={0,1,2}. Oh! So Brunno can choose directions to minimize the number of red vertices, so in turn 3, if Rose picks k=1, Brunno will choose d=-1 to go to 1 (red) instead of 2 (white)? Wait, no: Brunno wants to minimize the number of red vertices, so he will choose the direction that results in the fewest new red vertices. So in turn 3, from v2=0 (red), Rose picks k=1, Brunno can go to 0+1=1 (red, so no new red) or 0-1=2 (white, so new red). To minimize the number of red vertices, Brunno will choose the direction that doesn't add a new red vertex, i.e., go to a red vertex (if possible). In this case, from 0, +1 goes to 1 (red), -1 goes to 2 (white), so Brunno picks +1, so R stays {0,1}.

Ah, that's crucial! Brunno's goal is to minimize |R|, so at each turn, given the current position (which is red, since all positions where the chip has been at the end of a turn are red), Rose picks k, Brunno picks direction (±k) to move to a vertex that is either red (so no new red) or white (so new red), and he will choose the direction that leads to a red vertex if possible, otherwise white (but since he wants to minimize, he picks red if available).

So formalizing the game with this in mind:

- Let R be the set of red vertices (initially empty? Wait no: initial state: all white, chip at s (white). After first turn: move to v1, which is white (all were white), so v1 becomes red. So R starts empty, after first turn |R|=1.

- Let p be the current position of the chip (p ∈ V, initially p=s).
- On a turn: Rose chooses k ≥ 1. Brunno chooses d ∈ {+1, -1}, so next position is p' = (p + d*k) mod N.
- If p' ∉ R (i.e., white), then R becomes R ∪ {p'}, and p becomes p' (for next turn).
- If p' ∈ R (red), then R stays R, and p becomes p'.
- Brunno will choose d to minimize |R| after this turn, so he will pick d such that p' ∈ R if possible (to keep |R| same), otherwise pick d such that p' ∉ R (but then |R| increases by 1).

Wait, but actually, at the start of the game, R is empty (all white), p = s (white). First turn: p' = s + d*k, which is not in R (since R is empty), so R becomes {p'}, p becomes p'. So first turn always adds 1 red vertex, no choice for Brunno (since all vertices are white, so both directions lead to white vertices, so he can't avoid adding a red vertex). That makes sense—first move, you have to add a red vertex.

Second turn: R has size 1, p is some vertex (red). Rose picks k, Brunno picks direction: two choices for p', one might be in R (so no new red), one might not (so new red). Brunno will pick the direction that is in R if possible (to keep |R| same), else pick the one not in R (to increase |R| by 1). So in second turn, Brunno can prevent adding a red vertex if there exists a direction (±k) such that p ± k ∈ R (where R is the current red set).

Third turn: R has size m, p is red. Rose picks k, Brunno checks if p ± k ∈ R; if yes for at least one direction, he picks that direction (no new red); if neither direction leads to R, he picks one (adds new red).

So the key is: for a given current position p and red set R (p ∈ R), Rose picks k, then Brunno can choose to stay in R (if p ± k ∈ R) or move to a new vertex (if p ± k ∉ R). So the game is about how many ""steps"" Rose can force the chip to visit new white vertices, with Brunno trying to keep it in the red set as much as possible.

But maybe instead of thinking step-by-step, think about the set of all possible positions the chip can be in, given the sequence of k's and Brunno's choices.

Wait, another angle: suppose Rose fixes a sequence of k's, say all k_n = k for some fixed k ≥ 1 (maybe constant k is optimal? Let's check). Then the problem reduces to: starting at 0, each turn move ±k, so the chip's position after n turns is s_n = d1 k + d2 k + ... + dn k = k*(d1 + ... + dn) mod N, where each di ∈ {±1}. So s_n = k * t_n mod N, where t_n is a sum of n terms each ±1. So t_n = n - 2m for some m, so t_n ≡ n mod 2, and |t_n| ≤ n, so t_n ∈ {-n, -n+2, ..., n-2, n}.

But the red vertices are {s1, s2, s3, ...} = {k*t1, k*t2, k*t3, ...} mod N, where t1=±1, t2=±1±1, etc., and s_n ≠ s_m for n > m (since they are painted red in order, so distinct).

Wait, but in this constant k case, the set of all possible s_n for any sequence of di is exactly the subgroup generated by k in Z/NZ, but with the constraint that s_n = k*t_n, t_n integer with t_n ≡ n mod 2? Wait, no: t_n is sum of n ±1s, so t_n = n - 2m, so t_n ≡ n mod 2, so s_n = k(n - 2m) ≡ kn mod 2k? Maybe not helpful.

Wait, but if N and k are coprime, then the subgroup generated by k is all of Z/NZ, so the set of possible s_n would be all residues, but Brunno is choosing the signs to minimize the number of distinct s_n. Wait, but in the constant k case, suppose k=1, N=3 (odd). Then s_n = t_n mod 3, t_n = sum of n ±1s. So t1=±1 → 1 or 2 mod 3. Suppose Brunno picks t1=1 (so s1=1). t2=1±1 → 2 or 0 mod 3. Brunno will pick 0 (if 0 is in R? R={1}, so 0 ∉ R, wait no: in the constant k=1 case, N=3:

- Turn 1: s1=1 (R={1})
- Turn 2: s2=1+1=2 (∉ R, so R={1,2}) or 1-1=0 (∉ R, so R={0,1}). Brunno wants to minimize |R|, so he can't choose a direction that stays in R (since R has size 1, s2=1±1=0 or 2, neither is 1), so he has to add a red vertex. So |R|=2 after turn 2.
- Turn 3: from s2=2 (R={1,2}), s3=2+1=0 (∉ R, add to R) or 2-1=1 (∈ R, keep R). Brunno picks 1, so |R|=2.
- Turn 4: from s3=1 (R={1,2}), s4=1±1=0 or 2, both in R? Wait, R={1,2}, so 0 ∉ R, 1 ∈ R, 2 ∈ R. Wait, s4=1+1=2 ∈ R, s4=1-1=0 ∉ R. So Brunno picks 2 (in R), so |R|=2.
- So in N=3, k=1, Rose can get at most 2 red vertices (Brunno can keep it at 2 forever after turn 2).

What if Rose picks k=2 in N=3? k=2 is coprime to 3 (gcd(2,3)=1), same as k=1, so similar behavior: turn 1: s1=±2=1 or 2 mod 3 (same as k=1), so |R|=1. Turn 2: from s1=1, s2=1±2=0 or 3-1=2? Wait, 1+2=3≡0, 1-2=-1≡2 mod 3. So s2=0 or 2. R={1}, so both 0 and 2 are white, so Brunno has to add a red vertex, |R|=2. Turn 3: from s2=0, s3=0±2=2 or 1 mod 3 (both in R={0,1}? Wait, R={1,0}, so s3=2 is white, s3=1 is red. Brunno picks 1, so |R|=2. Same as k=1.

Can Rose get 3 red vertices in N=3? Let's see: suppose Rose tries to pick different k's. Turn 1: k1=1, Brunno picks s1=1 (R={1}). Turn 2: Rose picks k2=2, Brunno from s1=1: s2=1+2=0 or 1-2=2 (both white, so R becomes {0,1} or {1,2}, size 2). Suppose Brunno picks R={1,2} (s2=2). Turn 3: Rose picks k3=1, from s2=2: s3=2+1=0 (white) or 2-1=1 (red). Brunno picks 1, so R stays {1,2}. Turn 4: Rose picks k4=2, from s3=1: s4=1+2=0 (white) or 1-2=2 (red), Brunno picks 2, R stays. So still size 2. If at turn 3, Rose picks k3=3 (but mod 3, k=3 is 0, but k must be positive integer, so k=3 is allowed, but moving 0 vertices? Wait, no: ""moves the chip in the chosen direction by k vertices"", so k is positive integer, so k=3 is moving 3 vertices, which is 0 mod 3, so same as not moving? Wait, the problem says ""positive integer k"", so k=3 is allowed, but moving by 3 vertices on a 3-gon is moving to the same vertex. Wait, but if you move by k vertices where k ≡ 0 mod N, then you stay in place. Let's check if that's allowed.

Problem says: ""moves the chip in the chosen direction by k vertices"". On a polygon with N vertices, moving k vertices clockwise from a vertex lands on (v + k) mod N, yes. So if k is a multiple of N, then moving k vertices does nothing (stays at v). But Rose chooses k as positive integer, so she can choose k=N, which is a multiple of N, so moving by N vertices does nothing. But if she does that, then Brunno can't move the chip anywhere (stays at current position), so the next position is the same as current, which is red (since current is red), so no new red vertices added. So Rose would never want to choose k multiple of N, because it's useless (no new red vertices). Similarly, k ≡ m mod N, m=1,...,N-1, so effectively k mod N is the step size.

So we can assume without loss of generality that Rose chooses k_n ∈ {1, 2, ..., N-1} (since k_n mod N determines the move, and k_n ≥ N is equivalent to k_n' = k_n mod N with k_n' < N, and k_n' ≥1, since if k_n ≡0 mod N, it's useless as above).

So back to N=3: can Rose get 3 red vertices? Suppose Rose does something clever. Turn 1: k1=1, Brunno picks s1=1 (R={1}). Turn 2: Rose picks k2=1, Brunno picks s2=0 (R={0,1}). Turn 3: Rose picks k3=1, Brunno from s2=0: s3=1 (red) or 2 (white). Brunno picks 1, so R stays {0,1}. Turn 4: Rose picks k4=2, from s3=1: s4=1+2=0 (red) or 1-2=2 (white). Brunno picks 0, so R stays {0,1}. No progress. If at turn 3, Rose picks k3=2, from s2=0: s3=0+2=2 (white) or 0-2=1 (red). Brunno picks 1, so R={0,1}. Still stuck. So seems like in N=3, max is 2.

Wait, N=3, which is odd, 2 = N - 1? Wait, N=1? No, N=1001 is big. Wait, let's try N=5 (odd, prime).

Suppose Rose picks k=1 (coprime to 5). What's the worst case for Brunno? Brunno wants to keep the chip in the red set as much as possible.

- Turn 1: s1=1 (R={1})
- Turn 2: from 1, s2=1+1=2 or 1-1=0 (both white), so Brunno has to pick one, say 0 (R={0,1})
- Turn 3: from 0, s3=0+1=1 (red) or 0-1=4 (white). Brunno picks 1 (red), R={0,1}
- Turn 4: from 1, s4=2 (red) or 0 (red), so both in R? Wait, R={0,1}, so s4=1+1=2 (white), 1-1=0 (red). So Brunno picks 0 (red), R={0,1}
- Turn 5: from 0, s5=1 (red) or 4 (white). Brunno picks 1, R={0,1}
- Wait, so here, after turn 2, R={0,1}, and then Brunno can keep it at size 2? But wait, maybe Brunno picks different directions to get a larger set? No, Brunno wants to minimize, so he will pick directions that stay in R if possible.

Wait, maybe if Rose picks k=2 in N=5 (gcd(2,5)=1). Let's see:

- Turn 1: s1=2 (R={2})
- Turn 2: from 2, s2=2+2=4 or 2-2=0 (both white), R={0,2}
- Turn 3: from 0, s3=0+2=2 (red) or 0-2=3 (white). Brunno picks 2, R={0,2}
- Turn 4: from 2, s4=4 (red) or 0 (red), so both in R? Wait, R={0,2}, s4=2+2=4 (white), 2-2=0 (red). So Brunno picks 0, R={0,2}
- Same as above, size 2.

Wait, but what if Rose picks k=3 in N=5? Same as k=2 since 3≡-2 mod 5.

Wait, maybe constant k is bad? Let's try Rose using different k's. Suppose in N=5, Rose does:

Turn 1: k1=1, Brunno picks s1=1 (R={1})
Turn 2: k2=2, Brunno from 1: s2=1+2=3 or 1-2=4 (both white), say Brunno picks 3 (R={1,3})
Turn 3: k3=3, Brunno from 3: s3=3+3=6≡1 (red) or 3-3=0 (white). Brunno picks 1 (red), R={1,3}
Turn 4: k4=4, Brunno from 1: s4=1+4=5≡0 (white) or 1-4=2 (white). Uh-oh, both white! So Brunno has to add a red vertex, so R becomes {1,3,0} or {1,3,2}. Suppose he picks 0 (R={0,1,3})
Turn 5: k5=1, Brunno from 0: s5=1 (red) or 4 (white). Picks 1, R stays {0,1,3}
Turn 6: k6=2, Brunno from 0: s6=2 (white) or 3 (red). Picks 3, R stays
Turn 7: k7=3, Brunno from 0: s7=3 (red) or 2 (white). Picks 3, R stays
Turn 8: k8=4, Brunno from 0: s8=4 (white) or 1 (red). Picks 1, R stays
Wait, so now R has size 3? Is that the best? Can Brunno keep it at size 3?

Wait, after turn 4, R={0,1,3}, chip at 0 (from turn 4: s4=0). Turn 5: k=1, s5=1 (red) or 4 (white) → Brunno picks 1. Turn 6: k=2, s6=1+2=3 (red) or 1-2=4 (white) → Brunno picks 3. Turn 7: k=3, s7=3+3=6≡1 (red) or 3-3=0 (red) → both red! So Brunno can pick either, R stays {0,1,3}. Turn 8: k=4, s8=1+4=5≡0 (red) or 1-4=2 (white) → Brunno picks 0. Turn 9: k=1, s9=0+1=1 (red) or 0-1=4 (white) → Brunno picks 1. Etc. So yes, in this case, Brunno can keep |R|=3.

Can Rose get 4? Let's see if we can force a 4th red vertex.

Suppose in N=5, Rose uses a strategy where she picks k's to cover more residues. But maybe there's a pattern here.

Wait, another thought: the problem is similar to a pursuit-evasion game on a cycle, but with Rose choosing the step size and Brunno choosing direction.

Wait, let's think in terms of the set of red vertices R. At any time, the chip is at some p ∈ R (since it's the end of a turn, so it's red). Rose picks k, then Brunno can choose to go to p + k or p - k. If either p + k or p - k is in R, Brunno picks that one (to keep R the same), else he has to pick one (to add to R). So the key is: for the current set R (which is a subset of V, and p ∈ R), Rose picks k, then Brunno can avoid adding a new red vertex iff there exists d ∈ {±1} such that p + d*k ∈ R.

So the game ends (in terms of adding red vertices) when for all k, and for all p ∈ R, both p + k and p - k are not in R? Wait, no—Rose chooses k each time, so she can pick k to make it so that for some p ∈ R, at least one of p ± k is not in R (so Brunno has to add a red vertex).

Wait, but Brunno is trying to prevent adding red vertices, so he will try to pick k that for the current p, both p ± k are in R (if possible). So Rose wants to pick k such that for the current p, at least one of p ± k is not in R (so Brunno can't avoid adding a red vertex).

So for a given R (non-empty, p ∈ R), Rose can force a new red vertex if there exists k ≥ 1 such that |{p + k, p - k} ∩ R| ≤ 1 (i.e., at least one of p ± k is not in R).

The question is: what's the largest m such that there exists a sequence of choices (starting from R empty, but first move adds 1) where for each step, Rose picks k to force at least one new red vertex, but Brunno can always choose to not add a red vertex except when Rose picks a k that forces it.

Wait, maybe model this as a graph where vertices are subsets R of V, and edges represent Rose picking a k that forces a new red vertex. But maybe too abstract.

Alternative approach inspired by group theory: suppose Rose chooses a sequence of k's such that the differences generate a subgroup, but with signs, it's a bit different.

Wait, here's a key insight: the set of all possible red vertices that can be reached by some sequence of moves (with Brunno choosing directions to minimize) is related to the concept of ""avoidable"" sets or something, but maybe think about the maximum m such that there exists a subset S of V with |S|=m, and for every p ∈ S, the set S is ""closed"" under some operation, but no.

Wait, let's consider the case where Rose always picks k=1. Then the chip's position after n moves is s_n = d1 + d2 + ... + dn mod N, where each di=±1. The red vertices are {s1, s2, ...} = {t1, t2, ...} where t_n = sum of n ±1s, so t_n = n - 2m for m=0,...,n, so t_n ≡ n mod 2, and |t_n| ≤ n.

But Brunno will choose the signs to minimize the number of distinct t_n. What's the minimal number of distinct t_n for any sequence of signs?

For example, N=3, k=1: t1=±1 (1 or 2), t2=1±1 (0 or 2), t3=2±1 (0 or 1), t4=1±1 (0 or 2), etc. The possible t_n values for n≥1: 1,2,0. So all three residues, but Brunno can choose the sequence to have only two distinct t_n? Wait, in N=3, k=1:

- If Brunno picks d1=+1 (t1=1), d2=-1 (t2=0), d3=+1 (t3=1), d4=-1 (t4=0), ... then the red vertices are {1,0}, size 2.
- If Brunno picks d1=+1, d2=+1, t2=2, d3=-1, t3=1, d4=-1, t4=0, d5=+1, t5=1, ... then red vertices {1,2,0}, size 3. But Brunno wants to minimize, so he will pick the first sequence (alternating to get only two red vertices).

Ah! So in the constant k=1 case, Brunno can choose the sign sequence to have |R|=N-1? Wait, in N=3, he got |R|=2=N-1. In N=5, can he get |R|=4?

Wait, for constant k=1, N odd (1001 is odd), let's see: suppose Brunno picks d_n = +1 for all n. Then t_n = n mod N. So red vertices are {1,2,3,...,N-1} (since t1=1, t2=2, ..., t_{N-1}=N-1, t_N=N≡0, so t_N=0). Wait, but Brunno can choose d_n to stay in a subset.

Wait, in the constant k=1 case, the set of red vertices R(S,D) is the set {d1, d1+d2, d1+d2+d3, ...} mod N, with each di=±1. This is equivalent to the set of all integers congruent to s mod 2 for some s, but mod N.

Wait, no—each partial sum t_n = s1 + s2 + ... + sn where si=±1, so t_n ≡ n mod 2 (since each si=±1, sum ≡ n mod 2). Therefore, all t_n have the same parity as n. So for n odd, t_n odd; n even, t_n even (in Z/NZ, but N is odd, so parity is well-defined mod 2).

Ah! N=1001 is odd, so Z/NZ has a well-defined parity: each residue mod N is even or odd (since N is odd, 2 has an inverse mod N, so parity is a group homomorphism to Z/2Z).

For constant k=1, all t_n have parity equal to n mod 2. So:

- n=1 (odd): t1 odd
- n=2 (even): t2 even
- n=3 (odd): t3 odd
- etc.

Therefore, the red vertices R(S,D) for constant k=1 will be a subset of Z/NZ with the property that all odd-indexed t_n are odd residues, all even-indexed t_n are even residues.

Now, can Brunno choose a sequence of signs such that all odd t_n are in a small set of odd residues, and all even t_n in a small set of even residues?

For example, in N=3 (odd), odd residues: 1 (since 0 even, 1 odd, 2 even in N=3? Wait, 0 is even, 1 odd, 2 even? Yes, mod 2, 0≡0, 1≡1, 2≡0 mod 2.

In N=3:

- Odd residues: {1} (1 mod 2 =1)
- Even residues: {0,2} (0 and 2 mod 2=0)

So for constant k=1, t_n is odd iff n odd, even iff n even.

Brunno wants to minimize |R| = |{t1, t2, t3, ...}|.

Suppose he picks d_n=+1 for all n:

- t1=1 (odd, in {1})
- t2=2 (even, in {0,2})
- t3=3≡0 (even? Wait, t3=1+1+1=3≡0 mod 3, 0 mod 2=0, which matches n=3 odd? Wait no! Wait, t_n = sum of n terms each ±1, so t_n = n - 2m where m is number of -1s, so t_n ≡ n mod 2. Yes! So t_n mod 2 = n mod 2.

In N=3, t1=1 mod 2=1, n=1 mod 2=1 ✔️

t2=2 mod 2=0, n=2 mod 2=0 ✔️

t3=3≡0 mod 2=0, n=3 mod 2=1 ❌ Wait, no! 3 mod 2=1, but t3=0 mod 2=0. Contradiction? Wait, no: t_n = sum_{i=1}^n d_i, d_i=±1, so t_n = n - 2*(number of -1s), so t_n ≡ n mod 2. Yes! So t_n mod 2 = n mod 2. Therefore, in N=3, t3 must be ≡3≡1 mod 2, so t3 must be odd. But 0 is even, 1 is odd, 2 is even. So t3 cannot be 0—my mistake earlier!

Ah, critical arithmetic error. Let's compute correctly for N=3, k=1:

- t1 = d1*1, d1=±1 → t1=1 or 2 mod 3. 1 mod 2=1, 2 mod 2=0. So t1 mod 2 = d1 mod 2 (since 1≡1 mod 2, -1≡1 mod 2? Wait, no: -1 mod 2=1, yes! In integers mod 2, -1≡1, so both d_i=+1 and -1 are ≡1 mod 2. Therefore, t_n = sum_{i=1}^n d_i ≡ n*1 ≡ n mod 2. Yes! So regardless of the sign (since ±1 are both odd), the sum t_n has the same parity as n.

Therefore, in N=3, t_n mod 2 = n mod 2.

- t1 (n=1, odd): must be odd residue mod 2 → in N=3, odd residues: 1 (since 0 even, 1 odd, 2 even)
- t2 (n=2, even): even residue → 0 or 2 (both even mod 2)
- t3 (n=3, odd): odd residue → 1
- t4 (n=4, even): even residue → 0 or 2
- etc.

So for constant k=1, N=3:

- t1 must be 1 (only odd residue)
- t2 must be 0 or 2 (even residues)
- t3 must be 1 (same as t1)
- t4 must be 0 or 2 (same as t2)
- etc.

Therefore, the red vertices R = {t1, t2, t3, ...} = {1, t2}, where t2 ∈ {0,2}. So |R| is either 2 (if t2 ≠1, which it isn't, since t2 is even) or 1? Wait, t1=1, t2=0 or 2, so R={1,0} or {1,2}, so size 2. Can't get size 1 because t1 is fixed to 1 (wait, no: t1 can be 1 or 2? Wait, t1=1 mod 2=1, so t1 must be odd, which in N=3 is only 1. Wait, 2 mod 2=0, so t1=2 would be even, but t1 must be odd (n=1 odd), so t1 cannot be 2! Oh my goodness, this is the key.

Since each step is ±k, and k is a positive integer, the parity of the step size matters. But in the constant k case, if k is odd, then ±k are both odd (since odd ± odd = even, but wait: k is odd, so k ≡1 mod 2, so k ≡±1 mod 2 (since -1≡1 mod 2), so moving by k (odd) changes the parity of the position: from p, p + k ≡ p + 1 mod 2, p - k ≡ p - 1 ≡ p + 1 mod 2. Wait, yes! If k is odd, then moving by k (in either direction) changes the parity of the current position. If k is even, moving by k preserves parity (since even ± even = even).

Ah! This is a crucial distinction. Let's formalize parity:

- Let P(v) = v mod 2 (parity of vertex v).
- If Rose picks k odd: then for any current position p, p + k ≡ p + 1 mod 2, p - k ≡ p - 1 ≡ p + 1 mod 2 (since -1 ≡1 mod 2). So moving by odd k flips the parity of the position.
- If Rose picks k even: then p + k ≡ p mod 2, p - k ≡ p mod 2, so moving by even k preserves parity.

This is a key invariant.

Let's see what happens with parity in the game:

- Start at position s (parity P(s)).
- Turn 1: Rose picks k. If k odd, move to s ± k (parity P(s) + 1 mod 2), so new parity is flipped. If k even, move to s ± k (parity P(s)), so same parity.
- Turn 2: from new position p (parity P(p)), Rose picks k. If k odd, move to p ± k (parity P(p) + 1), so flips again; if k even, stays same.

So the parity of the position after n turns is:

- P_n = P(s) + (number of odd k's chosen in first n turns) mod 2.

Because each odd k flips parity (once), each even k doesn't change it.

Now, the red vertices are the positions at the end of each turn (n ≥1). Let's denote R = {p1, p2, p3, ...} where pn is the position after n turns.

For each pn, P(pn) = P(s) + (number of odd k's in first n turns) mod 2.

Now, Brunno wants to minimize |R|, so he will try to keep the chip moving in a way that it only visits a small set of vertices, but the parity constraint might limit the possible sets.

Suppose Rose always picks k odd (so each turn flips parity). Then:

- P(p1) = P(s) + 1 mod 2 (flipped once)
- P(p2) = P(s) + 2 ≡ P(s) mod 2 (flipped twice, back to start)
- P(p3) = P(s) + 3 ≡ P(s) + 1 mod 2
- etc.

So the parities of the red vertices alternate between two values: P(s)+1 and P(s).

Since N=1001 is odd, the number of vertices of each parity is equal: (1001 + 1)/2 = 501 even parity vertices? Wait, no: in Z/NZ with N odd, there are (N+1)/2 residues with parity 0 and (N-1)/2 with parity 1? Wait, no: for N odd, residues 0 to N-1: number of even residues is (N-1)/2 (0,2,...,N-1), number of odd residues is (N+1)/2 (1,3,...,N-2)? Wait, N=3: 0,1,2 → evens: 0,2 (2 vertices), odds: 1 (1 vertex). Yes, for N odd, number of even residues = (N+1)/2? Wait N=3: (3+1)/2=2 evens, yes; N=5: 0,2,4 (3 evens), (5+1)/2=3, yes. So for N odd, |even residues| = (N+1)/2, |odd residues| = (N-1)/2.

Wait, N=1001 (odd), so:

- Even vertices: 0,2,4,...,1000 → that's 501 vertices (since 1000/2 +1=501)
- Odd vertices: 1,3,...,999 → 500 vertices (since 999/2 +0.5=500? Wait 1001 total, 501 even, 500 odd: yes, 501+500=1001)

But back to parity: if Rose always picks k odd, then the red vertices alternate between two parities: let's say parity A and parity B (A ≠ B).

Brunno can choose directions to stay within a small set of vertices of each parity.

For example, suppose Rose picks k=1 (odd) every time. Then, as we saw, the parity of pn is P(pn) = P(s) + n mod 2.

Suppose s=0 (even, P(s)=0). Then:

- p1: n=1, P(p1)=1 (odd)
- p2: n=2, P(p2)=0 (even)
- p3: n=3, P(p3)=1 (odd)
- p4: n=4, P(p4)=0 (even)
- etc.

So all odd-indexed red vertices are odd residues (1,3,...,999), 500 vertices total, and even-indexed red vertices are even residues (0,2,...,1000), 501 vertices total.

Now, can Brunno choose the sign sequence such that the red vertices are only two: one odd, one even?

Let's try to construct such a sequence for N=3 (s=0, even).

- p1 (odd): must be 1 (only odd residue in N=3)
- p2 (even): must be 0 or 2 (both even)
- p3 (odd): must be 1 (only odd)
- p4 (even): 0 or 2
- etc.

So R = {1, p2}, where p2 ∈ {0,2}, so |R|=2. Which is equal to the number of parities (2) times... but in N=3, 2 = N - 1.

Wait, N=3, max |R|=2=3-1.

N=5 (odd), let's see with k=1 (odd), s=0 (even):

- p1 (odd): 1,3 (2 vertices)
- p2 (even): 0,2,4 (3 vertices)
- p3 (odd): 1,3
- p4 (even): 0,2,4
- etc.

Can Brunno keep |R|=2? Let's try:

- p1=1 (odd)
- p2=0 (even)
- p3: from p2=0 (even), move by k=1 (odd) → p3=0+1=1 (odd, red) or 0-1=4 (odd, white). Brunno picks 1 (red), so R={0,1}
- p4: from p3=1 (odd), move by k=1 → p4=1+1=2 (even, white) or 1-1=0 (even, red). Brunno picks 0 (red), R={0,1}
- p5: from p4=0 (even), move by k=1 → p5=1 (odd, red) or 4 (odd, white). Brunno picks 1, R={0,1}
- So yes, |R|=2 for N=5? Wait, but earlier I thought maybe 3, but that was with a bad strategy for Brunno.

Wait, in N=5, can Brunno get |R|=2? Let's check:

- Turn 1: Rose picks k=1, Brunno picks direction to go to 1 (odd, R={1})
- Turn 2: Rose picks k=1, Brunno from 1: 1+1=2 (even, white) or 1-1=0 (even, white). He picks 0 (R={0,1})
- Turn 3: Rose picks k=1, Brunno from 0: 0+1=1 (odd, red) or 0-1=4 (odd, white). He picks 1 (R={0,1})
- Turn 4: Rose picks k=1, Brunno from 1: 1+1=2 (even, red) or 1-1=0 (even, red). Wait, R={0,1}, so 2 is white, 0 is red. So Brunno picks 0 (red), R={0,1}
- Turn 5: Rose picks k=1, Brunno from 0: 1 (red) or 4 (white) → picks 1, R={0,1}
- So yes, |R|=2 for N=5 with constant k=1.

But can Rose do better than 2? Let's try Rose picking k=2 (even) in N=5.

k=2 is even, so moving by k preserves parity.

- Start at s=0 (even)
- Turn 1: k=2 (even), move to 0±2=2 or 3 mod 5 (2 even, 3 odd). Wait, 2 mod 2=0 (even), 3 mod 2=1 (odd). But k=2 is even, so moving by even k should preserve parity: 0 (even) + 2 (even) = 2 (even), 0 (even) - 2 (even) = 3 (odd)? Wait, no! In integers, 0 - 2 = -2 ≡ 3 mod 5, but -2 mod 2 = 0, 3 mod 2 = 1. Wait, here's the confusion: when we talk about parity mod 2, it's the parity of the integer, not mod N. So the parity of a vertex v is v mod 2 (as an integer), which is well-defined for v ∈ Z/NZ (since N is odd, v mod 2 is unique).

For v=3 in N=5, v=3 is odd (3 mod 2=1), so moving from 0 (even) by k=2 (even): 0 + 2 = 2 (even), 0 - 2 = -2 ≡ 3 mod 5 (odd). Wait, so moving by an even k can change parity? No, in integers, even + even = even, even - even = even, but when reduced mod N (odd), even - even = even, but 3 is odd. Wait, no! The parity of the position is the integer value mod 2, not the value mod N. So vertex 3 is the integer 3, which is odd, so its parity is 1. Vertex 2 is integer 2, even, parity 0. So moving from vertex 0 (integer 0, even) by k=2 (integer 2, even) in the clockwise direction: next vertex is 0 + 2 = 2 (integer 2, even), parity 0. Counterclockwise: 0 - 2 = -2 ≡ 3 mod 5 (integer 3, odd), parity 1.

Ah! So the parity of the vertex is the integer value of the vertex (not mod N), so when you move by k vertices clockwise, you go to (v + k) mod N, which as an integer is v + k if v + k < N, or v + k - N otherwise, but the parity is (v + k) mod 2, because N is odd, so (v + k - N) ≡ (v + k) + 1 mod 2 (since N ≡1 mod 2). Wait, this is getting too messy.

Let's step back from parity and think about the problem in terms of linear algebra over finite fields, but N=1001 is composite (1001=7×11×13), so maybe use Chinese Remainder Theorem.

Since 1001=7×11×13, and 7,11,13 are pairwise coprime, by Chinese Remainder Theorem (CRT), Z/1001Z ≅ Z/7Z × Z/11Z × Z/13Z.

The game on the 1001-gon is equivalent to the game on each prime power component (but here prime powers are primes). For a cycle of length m, the maximum number of red vertices Rose can guarantee is f(m), then for N=mn, coprime, maybe f(N)=f(m)+f(n)? Wait, not necessarily, but CRT might help.

Suppose we solve the problem for prime p, then for N=pq, coprime, the answer might be the sum.

Let's try small primes:

Case p=3 (prime, odd):

As above, with constant k=1, Brunno can keep |R|=2=3-1.

Can Rose get 3? Suppose Rose tries to pick k's to force 3 red vertices.

- Turn 1: k1=1, Brunno picks s1=1 (R={1})
- Turn 2: k2=1, Brunno picks s2=0 (R={0,1})
- Turn 3: k3=1, Brunno from 0: s3=1 (red) or 2 (white). He picks 1, R={0,1}
- Can't get 2 more. So max |R|=2=3-1.

Case p=5 (prime, odd):

- Turn 1: k1=1, Brunno picks s1=1 (R={1})
- Turn 2: k2=1, Brunno picks s2=0 (R={0,1})
- Turn 3: k3=1, Brunno from 0: s3=1 (red) or 4 (white) → picks 1, R={0,1}
- Can't get more, so |R|=2? But wait, earlier I thought maybe 3, but Brunno can keep it at 2.

Wait, but wait: in the problem statement, ""the greatest number of vertices that Rose can make red regardless of Brunno's actions"". So for each strategy of Rose, Brunno will choose directions to minimize the number of red vertices, and Rose picks the strategy that maximizes this minimum.

In the p=3 case, is there a strategy where Brunno can't keep it at 2? Suppose Rose picks k1=2 (which is -1 mod 3). Then:

- Turn 1: s1=2 or 1 mod 3 (same as k=1), so R={1} or {2}, size 1.
- Turn 2: from s1=1, k2=2: s2=1+2=0 or 1-2=2 mod 3. R={1}, so both 0 and 2 are white, so Brunno picks one, R={0,1} or {1,2}, size 2.
- Same as before. So no improvement.

What if Rose uses a different k in turn 2? For p=3, turn 1: k1=1, s1=1 (R={1}). Turn 2: Rose picks k2=2 (which is -1 mod 3), so from s1=1, s2=1+2=0 or 1-2=2 (both white), so R={0,1} or {1,2}, size 2. Same as k2=1.

So for prime p, maybe the maximum is p-1?

Wait, but let's think about the following: suppose Rose chooses k=1 every time. Then, as we saw, the chip's position after n turns is s_n = d1 + d2 + ... + dn mod p (for prime p). The set of possible s_n is {t1, t2, ...} where t_n = sum of n ±1s.

For prime p (odd), consider the set S = {s_n | n ≥1}. What's the minimal size of S over all sign sequences?

As we saw for p=3, S has size 2 (e.g., {1,0}).

For p=5, let's try to find a sign sequence with |S|=2:

- d1=+1 → s1=1
- d2=-1 → s2=0
- d3=+1 → s3=1
- d4=-1 → s4=0
- etc. → S={0,1}, size 2.

Yes! So for any odd prime p, Rose can pick k=1, and Brunno can choose the sign sequence to alternate between two vertices: s1=1, s2=0, s3=1, s4=0, ... (for p=5, s2=0 is even, s1=1 is odd, but in p=5, 0 and 1 are distinct).

Wait, why does this work? Because if you have a sequence where you alternate between two vertices, you can do that as long as those two vertices are at distance 1 (in the cycle) from each other, which they are (since moving by 1 each time, alternating directions keeps you between two adjacent vertices?).

Wait, in p=5, start at 0 (white), turn 1: move +1 to 1 (red), turn 2: move -1 to 0 (red), turn 3: move +1 to 1 (red), turn 4: move -1 to 0 (red), etc. So red vertices are {0,1}, size 2.

Can Brunno do this? Yes! On each turn, after moving to 1, he moves -1 to 0; after moving to 0, he moves +1 to 1. So he keeps the chip between 0 and 1, painting those two red.

But wait, in this case, the red vertices are 0 and 1, size 2. For p=3, it's size 2; for p=5, size 2. Wait, but earlier I thought for p=3, size 2=3-1, for p=5, size 2=5-3? No, that's not.

Wait, no—wait in p=5, can Brunno keep it at size 2, but can Rose force it to be larger? For example, suppose Rose uses a different strategy for p=5.

Turn 1: k1=1, Brunno picks s1=1 (R={1})
Turn 2: Rose picks k2=2, Brunno from 1: s2=1+2=3 or 1-2=4 (both white), say he picks 3 (R={1,3})
Turn 3: Rose picks k3=1, Brunno from 3: s3=3+1=4 (white) or 3-1=2 (white) → both white! So he has to add a red vertex, so R={1,3,4} or {1,3,2}. Suppose he picks 4 (R={1,3,4})
Turn 4: Rose picks k4=1, Brunno from 4: s4=4+1=0 (white) or 4-1=3 (red) → picks 3, R={1,3,4}
Turn 5: Rose picks k5=1, Brunno from 3: s5=4 (red) or 2 (white) → picks 2 (R={1,2,3,4})
Turn 6: Rose picks k6=1, Brunno from 2: s6=3 (red) or 1 (red) → both red, so R stays {1,2,3,4}
- So here, Rose got 4 red vertices (all except 0), and Brunno couldn't prevent it? Wait, but did Brunno have a choice to prevent it?

Let's see turn 3: Rose picks k3=1, from s2=3 (R={1,3}), so s3=3±1=4 or 2 (both white, as 1 and 3 are red, 4 and 2 are white). So Brunno has to add a red vertex, so he can't avoid it here—this is the key difference!

In the constant k=1 strategy, Brunno can choose to stay in a small set, but if Rose varies k, she can force Brunno to have to add red vertices when he can't avoid it.

In the above p=5 example, after turn 2, R={1,3}, chip at 3. Rose picks k=1 (odd), so from 3, moving by 1 goes to 4 or 2, both not in R (since R={1,3}), so Brunno has to add a red vertex (can't stay in R). That's a new red vertex, so |R| increases by 1.

Then from turn 3, R={1,3,4}, chip at 4. Rose picks k=1: from 4, moves to 0 or 3 (3 is red, 0 is white), so Brunno picks 3 (red), no new red.

From turn 4, R={1,3,4}, chip at 3. Rose picks k=1: moves to 4 (red) or 2 (white), Brunno picks 4 (red), no new red.

From turn 5, R={1,3,4}, chip at 2 (wait, no: in turn 3, Brunno had to pick a red vertex? Wait no, in turn 3, Rose picks k=1, Brunno has to pick a direction that leads to a white vertex (since both 4 and 2 are white), so he picks one, say 4 (so R={1,3,4}, chip at 4). Turn 4: Rose picks k=1, from 4: 4+1=0 (white) or 4-1=3 (red). Brunno wants to minimize, so he picks 3 (red), so R stays {1,3,4}, chip at 3. Turn 5: Rose picks k=1, from 3: 3+1=4 (red) or 3-1=2 (white). Brunno has to pick 4 (red), so R stays? Wait, no—wait, ""if at the end of the turn the chip stands at a white vertex, this vertex is painted red"". So if it's white, paint red; if red, do nothing. So in turn 5, chip ends at 4 (red), so no new red. To get a new red vertex, Brunno"
17,"This is a complex or challenging question, and it is difficult to provide a direct and correct answer. I need to think about it.
Well, so we have this recurrence relation: a₀=1, a₁=2, aₙ=4aₙ₋₁ - aₙ₋₂ for n≥2. We need to find the least odd prime factor of a₂₀₁₅. Hmm, linear recurrences... maybe I should first compute some terms to see if there's a pattern or maybe find a closed-form? Let's try computing the first few terms to get a sense.

a₀ = 1

a₁ = 2

a₂ = 4*2 - 1 = 8 - 1 = 7

a₃ = 4*7 - 2 = 28 - 2 = 26

a₄ = 4*26 - 7 = 104 - 7 = 97

a₅ = 4*97 - 26 = 388 - 26 = 362

a₆ = 4*362 - 97 = 1448 - 97 = 1351

a₇ = 4*1351 - 362 = 5404 - 362 = 5042

a₈ = 4*5042 - 1351 = 20168 - 1351 = 18817

Wait, let's check if these numbers have small prime factors, maybe that can help. Let's list them with their prime factors (at least the small ones):

a₀=1 (trivial)

a₁=2 (prime, 2)

a₂=7 (prime)

a₃=26=2*13 (so 2 and 13)

a₄=97 (prime, 97)

a₅=362=2*181 (ah, 181 is one of the answer choices! Wait, but hold on, the problem is a₂₀₁₅, which is odd index? Wait, a₀ is 1 (odd), a₁=2 (even), a₂=7 (odd), a₃=26 (even), a₄=97 (odd), a₅=362 (even)... so parity: starting from n=0, odd, even, odd, even,... so for even n, aₙ is odd; for odd n, aₙ is even. Wait, a₂₀₁₅: 2015 is odd, so a₂₀₁₅ is even? Wait, but the problem says ""least odd prime factor"". Wait, hold on! Wait, if a₂₀₁₅ is even, then 2 is a factor, but the problem says ""least odd prime factor"". Wait, but 2 is even, so odd prime factors start from 3,5,7,... Wait, but hold on, did I miscalculate parity?

Let's check recurrence parity: aₙ = 4aₙ₋₁ - aₙ₋₂. 4aₙ₋₁ is always even, so aₙ ≡ -aₙ₋₂ mod 2. So mod 2, the recurrence is aₙ ≡ aₙ₋₂ mod 2 (since -1 ≡ 1 mod 2). So the parity repeats every 2 terms: a₀=1 (odd), a₁=2 (even), a₂≡a₀=odd, a₃≡a₁=even, yes, so odd n: even, even n: odd. So 2015 is odd, so a₂₀₁₅ is even, so 2 divides it, but we need the least odd prime factor, so we can ignore 2, look for smallest odd prime p where p divides a₂₀₁₅.

Wait, but in the answer choices, all options are odd numbers (182 even, 189 odd, 181 odd, 187 odd, 191 odd, etc.), so the choices are all odd numbers except A is 182 (even), but the problem says ""least odd prime factor"", so the answer must be an odd prime, so A is out (182 is even, not prime anyway). Wait, but first, let's confirm the answer choices: A=182 (not prime), B=189 (189=9*21=3³*7), C=181 (prime), D=187=11*17, E=191 (prime), F=193 (prime), G=199 (prime), H=197 (prime), I=183=3*61, J=185=5*37. So the prime candidates among the choices are C, E, F, G, H (since B, D, I, J are composite). So we need to check which of these primes divides a₂₀₁₅, and find the smallest one.

First, maybe instead of computing a₂₀₁₅ directly (impossible), we can use properties of linear recursions modulo primes. For a linear recurrence, we can consider the sequence modulo a prime p, and see if the period (Pisano period? Wait, no, Pisano is for Fibonacci, but similar idea: the period modulo p for a linear recurrence) divides some number, and if p divides aₙ, then n is in the period or related.

First, let's recall that for a linear recurrence aₙ = c₁aₙ₋₁ + c₂aₙ₋₂, the characteristic equation is r² - c₁r - c₂ = 0. Here, c₁=4, c₂=-1, so characteristic equation r² - 4r + 1 = 0. Let's solve that: r = [4 ± √(16 - 4)]/2 = [4 ± √12]/2 = 2 ± √3. So the closed-form should be aₙ = A(2 + √3)ⁿ + B(2 - √3)ⁿ, where A and B are constants determined by initial conditions.

Let's find A and B. For n=0: a₀=1 = A + B. For n=1: a₁=2 = A(2 + √3) + B(2 - √3). Let's solve these equations. From first equation, B = 1 - A. Plug into second: 2 = A(2 + √3) + (1 - A)(2 - √3) = 2A + A√3 + 2 - √3 - 2A + A√3 = 2 + 2A√3 - √3. Wait, let's compute step by step to avoid mistake:

(1 - A)(2 - √3) = 2(1 - A) - √3(1 - A) = 2 - 2A - √3 + A√3

Then total: A(2 + √3) + 2 - 2A - √3 + A√3 = (2A + √3 A - 2A + √3 A) + 2 - √3 = 2√3 A + 2 - √3

Set equal to 2: 2√3 A + 2 - √3 = 2 ⇒ 2√3 A = √3 ⇒ A = 1/2. Then B = 1 - 1/2 = 1/2.

So closed-form: aₙ = (1/2)[(2 + √3)ⁿ + (2 - √3)ⁿ]. That's a nice form, often seen in Pell equations or related to continued fractions (since 2 + √3 is the fundamental unit in Z[√3], with norm 1). In fact, this sequence is similar to the Pell numbers or something? Wait, Pell equation x² - 3y² = 1 has solutions (2,1), (7,4), (26,15), (97,56),... which are exactly our aₙ? Wait, let's check: for n=1, (2,1): x=2, y=1; n=2, (7,4): x=7, y=4; n=3, (26,15): x=26, y=15; yes! So the x-sequence here is the Pell equation solutions for x² - 3y² = 1, which satisfies the recurrence xₙ = 4xₙ₋₁ - xₙ₋₂ (since Pell equations have linear recurrences with characteristic equation from the minimal polynomial of the fundamental unit). So that's a good consistency check.

Now, how does this help? Well, modulo a prime p, if p ≠ 3, maybe we can use the closed-form or the recurrence to find when p divides aₙ. Alternatively, since we have the closed-form, aₙ = [(2 + √3)ⁿ + (2 - √3)ⁿ]/2. So if p is an odd prime, and 3 is a quadratic residue mod p or not, we can see if 2 + √3 is in the field extension Fₚ(√3), i.e., if 3 is a square mod p (then Fₚ(√3)=Fₚ) or not (then it's a quadratic extension).

First, let's note that for p=3: let's check if 3 divides any aₙ. Compute a₀=1, a₁=2, a₂=7≡1 mod3, a₃=26≡2 mod3, a₄=97≡1 mod3, so period 2 mod3: aₙ≡1 if n even, 2 if n odd mod3. So never 0 mod3, so 3 does not divide any aₙ. Good to know, so 3 is out.

p=5: check if 5 divides aₙ for some n. Compute aₙ mod5:

a₀=1, a₁=2, a₂=4*2 -1=7≡2, a₃=4*2 -2=8-2=6≡1, a₄=4*1 -2=2, a₅=4*2 -1=7≡2, wait, hold on, maybe better to use recurrence mod5: aₙ=4aₙ₋₁ -aₙ₋₂ mod5, which is same as aₙ = -aₙ₋₁ -aₙ₋₂ mod5 (since 4≡-1). Wait, let's do step by step:

n : aₙ mod5

0 : 1

1 : 2

2 : 4*2 -1 = 8 -1 = 7 ≡ 2

3 : 4*2 -2 = 8 -2 = 6 ≡ 1

4 : 4*1 -2 = 4 -2 = 2

5 : 4*2 -1 = 8 -1 = 7 ≡ 2

6 : 4*2 -2 = 6 ≡1

Wait, so starting from n=0: 1,2,2,1,2,2,1,... so period 3? Wait, n=0:1, n=1:2, n=2:2, n=3:1, n=4:2, n=5:2, n=6:1,... yes, period 3. So never 0 mod5, so 5 doesn't divide any aₙ.

p=7: we know a₂=7, so 7 divides a₂. Let's check if 7 divides a₂₀₁₅. First, what's the period mod7? Let's compute aₙ mod7.

a₀=1, a₁=2, a₂=4*2 -1=7≡0 mod7

a₃=4*0 -2= -2≡5 mod7

a₄=4*5 -0=20≡6 mod7

a₅=4*6 -5=24-5=19≡5 mod7

a₆=4*5 -6=20-6=14≡0 mod7

a₇=4*0 -5= -5≡2 mod7

a₈=4*2 -0=8≡1 mod7

a₉=4*1 -2=2 mod7

Wait a second! a₈=1, a₉=2, which are a₀ and a₁ mod7. So the period mod7 is 8? Let's list the terms with indices:

n : 0 1 2 3 4 5 6 7 8 9...

aₙ%7:1 2 0 5 6 5 0 2 1 2...

Yes, so at n=8, a₈≡1, n=9≡2, so the sequence repeats every 8 terms starting from n=0. So period T=8 mod7.

Now, we want to know if 7 divides a₂₀₁₅. Looking at the mod7 sequence: a₂≡0, a₆≡0, then a₁₀≡a₂≡0, etc. So the zeros occur at n≡2 mod8? Wait, n=2,6,10,... so n=2+4k? Wait, n=2: 2 mod8=2, n=6:6 mod8=6, n=10:10 mod8=2, n=14:14 mod8=6, so alternates between 2 and 6 mod8? Wait, but from the list: n=2:0, n=6:0, then n=8:1, n=9:2, so next zero after n=6 would be n=10? Let's check n=10: from period 8, a₁₀≡a₂=0, yes. So the zeros mod7 are at n≡2,6 mod8. So n≡2 or 6 mod8.

2015 divided by 8: 8*251=2008, so 2015=2008+7, so 2015≡7 mod8. 7 mod8 is not 2 or 6, so a₂₀₁₅≢0 mod7. So 7 does not divide a₂₀₁₅. Good, so 7 is out.

p=11: let's check if 11 divides some aₙ, and if so, does it divide a₂₀₁₅? First, maybe compute the period mod11 or find when aₙ≡0 mod11.

Recurrence mod11: aₙ=4aₙ₋₁ -aₙ₋₂ mod11.

Compute terms:

n=0:1

n=1:2

n=2:4*2 -1=8-1=7

n=3:4*7 -2=28-2=26≡26-22=4

n=4:4*4 -7=16-7=9

n=5:4*9 -4=36-4=32≡32-22=10

n=6:4*10 -9=40-9=31≡31-22=9

n=7:4*9 -10=36-10=26≡4

n=8:4*4 -9=16-9=7

n=9:4*7 -4=28-4=24≡24-22=2

n=10:4*2 -7=8-7=1

n=11:4*1 -2=4-2=2

Wait, n=10:1, n=11:2, which are a₀ and a₁ mod11. So the period mod11 is 11? Wait, from n=0 to n=10: 1,2,7,4,9,10,9,4,7,2,1, then n=11=2, so yes, period T=11 mod11.

Now, did we get any zeros? Let's check the list: n=0-10: 1,2,7,4,9,10,9,4,7,2,1. No zeros! So 11 does not divide any aₙ. Okay, so 11 is out.

p=13: we saw a₃=26=2*13, so 13 divides a₃. Let's check if 13 divides a₂₀₁₅. First, compute period mod13.

Recurrence mod13: aₙ=4aₙ₋₁ -aₙ₋₂.

n=0:1

n=1:2

n=2:4*2 -1=7

n=3:4*7 -2=28-2=26≡0 mod13 (good, matches a₃=26)

n=4:4*0 -7= -7≡6

n=5:4*6 -0=24≡11

n=6:4*11 -6=44-6=38≡38-26=12

n=7:4*12 -11=48-11=37≡37-26=11

n=8:4*11 -12=44-12=32≡32-26=6

n=9:4*6 -11=24-11=13≡0

n=10:4*0 -6= -6≡7

n=11:4*7 -0=28≡2

n=12:4*2 -7=8-7=1

n=13:4*1 -2=2

Wait, n=12:1, n=13:2, which are a₀ and a₁ mod13. So period T=12 mod13.

Zeros mod13: n=3 (a₃=0), n=9 (a₉=0). Let's check the list: n=3:0, n=4:6, n=5:11, n=6:12, n=7:11, n=8:6, n=9:0, yes, so zeros at n=3,9,15,... so n≡3 mod6? Wait, 3 and 9 differ by 6, so period between zeros is 6? Since total period is 12, zeros at n=3,9, so step 6.

2015 divided by 6: 6*335=2010, so 2015=2010+5≡5 mod6. 5≠3 mod6, so a₂₀₁₅≢0 mod13. So 13 doesn't divide a₂₀₁₅.

p=17: let's check if 17 divides any aₙ. Compute mod17.

n=0:1

n=1:2

n=2:4*2 -1=7

n=3:4*7 -2=28-2=26≡9

n=4:4*9 -7=36-7=29≡12

n=5:4*12 -9=48-9=39≡39-34=5

n=6:4*5 -12=20-12=8

n=7:4*8 -5=32-5=27≡10

n=8:4*10 -8=40-8=32≡15

n=9:4*15 -10=60-10=50≡50-34=16

n=10:4*16 -15=64-15=49≡49-34=15

n=11:4*15 -16=60-16=44≡44-34=10

n=12:4*10 -15=40-15=25≡8

n=13:4*8 -10=32-10=22≡5

n=14:4*5 -8=20-8=12

n=15:4*12 -5=48-5=43≡43-34=9

n=16:4*9 -12=36-12=24≡7

n=17:4*7 -9=28-9=19≡2

n=18:4*2 -7=8-7=1

n=19:4*1 -2=2

Okay, n=18:1, n=19:2, so period T=18 mod17. Did we get any zeros? Looking at n=0-18: 1,2,7,9,12,5,8,10,15,16,15,10,8,5,12,9,7,2,1. No zeros! So 17 doesn't divide any aₙ.

p=19: check mod19.

n=0:1

n=1:2

n=2:7

n=3:4*7-2=26≡7

n=4:4*7-7=21≡2

n=5:4*2-7=8-7=1

n=6:4*1-2=2

n=7:4*2-1=7

n=8:4*7-2=26≡7

Wait, n=5:1, n=6:2, which is a₀,a₁, so period T=5 mod19? Let's check:

n=0:1, n=1:2, n=2:7, n=3:7, n=4:2, n=5:1, n=6:2, yes, so period 5.

Zeros? n=0-4:1,2,7,7,2, no zeros. So 19 doesn't divide any aₙ.

p=23: let's try this, maybe it's getting tedious. Wait, but we have a closed-form: aₙ = [(2 + √3)ⁿ + (2 - √3)ⁿ]/2. So for prime p, if p ≠ 3, then in the field Fₚ(√3), which has order p² if 3 is a non-residue mod p, or order p if 3 is a residue mod p.

Note that (2 + √3)(2 - √3) = 4 - 3 = 1, so they are multiplicative inverses: (2 + √3)⁻¹ = 2 - √3. That's useful! So the closed-form is aₙ = [(x)ⁿ + x⁻ⁿ]/2 where x = 2 + √3, so x * x⁻¹ = 1.

Therefore, aₙ ≡ 0 mod p iff (xⁿ + x⁻ⁿ) ≡ 0 mod p iff x²ⁿ ≡ -1 mod p (multiplying both sides by xⁿ, which is invertible mod p since x ≠ 0). So x²ⁿ ≡ -1 mod p ⇒ x⁴ⁿ ≡ 1 mod p. Therefore, the order of x in the multiplicative group of Fₚ(√3) divides 4n but does not divide 2n (since x²ⁿ ≡ -1 ≠ 1). So the order of x is exactly 4n' where n' is such that... Wait, maybe better to say that if p is an odd prime, and 3 is a quadratic residue mod p, then Fₚ(√3)=Fₚ, so x ∈ Fₚ* (since x ≠ 0), so the multiplicative order of x mod p divides p-1 (by Fermat's little theorem). If 3 is a non-residue mod p, then Fₚ(√3) is quadratic extension, so multiplicative group has order p² - 1, so order of x divides p² - 1.

First, let's recall when 3 is a quadratic residue mod p: by quadratic reciprocity, (3|p) = (p|3) * (-1)^((3-1)(p-1)/4) = (p|3) * (-1)^((p-1)/2). Since (3|p) = (p|3) if p ≡1 mod4, and (3|p)=-(p|3) if p≡3 mod4. Wait, maybe better to compute (3|p) for small p:

p=5: 3 is not a square mod5 (squares:0,1,4), so (3|5)=-1

p=7: 3 is not a square mod7 (squares:0,1,2,4), so (3|7)=-1

p=11: 3 is not a square mod11 (squares:0,1,3,4,5,9), wait 5²=25≡3 mod11, yes! 5²=25≡3, so (3|11)=1. Wait, earlier we saw mod11 had no zeros, but maybe that's because even though 3 is a residue, the order condition isn't satisfied?

Wait, let's get back to the condition for aₙ ≡0 mod p. From aₙ = (xⁿ + x⁻ⁿ)/2 ≡0 ⇒ x²ⁿ ≡ -1 mod p (in the field where x is defined). So this implies that -1 is in the subgroup generated by x, so the order of x must be divisible by 4 (since x⁴ = (x²)² = (-1)²=1, so order 4 or 8 or ...). Wait, x⁴ = (x²)² = (-1)²=1, so order of x divides 4? Wait, x² = -1, so x⁴=1, so order 4. Wait, but in the field, is x² = -1? Let's check in the field: x = 2 + √3, so x² = 4 + 4√3 + 3 = 7 + 4√3, which is not -1 (which would be -1 + 0√3), so my mistake earlier: x² ≠ -1, but x²ⁿ = -1 for some n.

Wait, better to use the recurrence relation for the sequence modulo p. For linear recursions of order 2, the sequence modulo p is periodic (Pisano period for Fibonacci, but general for order 2), and the period divides p² - 1 if the characteristic equation has distinct roots in the field (i.e., discriminant is non-zero square), or p-1 if discriminant is a square, etc. Wait, discriminant of characteristic equation r² -4r +1 is 16 -4=12, so discriminant D=12. So for prime p≠2,3, D=12 mod p.

If D is a quadratic residue mod p, then the characteristic equation splits in Fₚ, so the recurrence has a period dividing p-1 (since it's a linear recurrence with distinct roots in Fₚ, the period divides p-1). If D is a non-residue mod p, then the characteristic equation is irreducible over Fₚ, so the recurrence has period dividing p² -1.

But maybe instead of getting bogged down, let's use the fact that for the sequence aₙ, we have aₙ = (xⁿ + x⁻ⁿ)/2 where x = 2 + √3, x⁻¹ = 2 - √3, and x satisfies x² = 4x -1 (from the recurrence, since x is a root of r² -4r +1=0).

So in the ring Z[x], x²=4x-1, so we can express powers of x in terms of 1 and x. But maybe for modular arithmetic, let's consider for a prime p, when does p divide aₙ.

We know from the closed-form that aₙ ≡0 mod p iff (xⁿ + x⁻ⁿ) ≡0 mod p iff x²ⁿ ≡ -1 mod p (as x⁻ⁿ = x^{k} for some k? Wait, no, in the field Fₚ(√3), which has characteristic p≠2,3, so it's a field, and x is an element of this field with x ≠0, so x⁻ⁿ = (xⁿ)⁻¹.

So yes, x²ⁿ ≡ -1 mod p ⇒ (x²ⁿ)² = 1 mod p ⇒ x⁴ⁿ ≡1 mod p, so the order of x in the multiplicative group of Fₚ(√3) divides 4n but does not divide 2n, so order is exactly 4n' where n' divides n, or more precisely, the order d of x satisfies d | 4n and d ∤ 2n, so d=4k where k | n and k is odd? Maybe not necessary.

Alternative approach: since the sequence satisfies a linear recurrence, we can use the concept of ""periodicity"" and ""index of divisibility"". For a prime p not dividing the discriminant (here discriminant D=12, so p≠2,3), the sequence aₙ mod p is periodic with period dividing p² -1 (if D is non-residue) or p-1 (if D is residue). Also, for each prime p, there exists some n (possibly small) such that p divides aₙ, and the set of n where p divides aₙ is an arithmetic progression (by periodicity).

In particular, for our sequence, we saw:

a₂=7, so p=7 divides a₂

a₃=26=2*13, so p=13 divides a₃

a₅=362=2*181, so p=181 divides a₅

Wait a second! a₅=362, which is 2*181, so 181 is a prime factor of a₅. Now, the problem is a₂₀₁₅, so we need to see if 181 divides a₂₀₁₅. If yes, and 181 is smaller than other prime candidates, that might be the answer.

Wait, let's check the answer choices: C is 181, which is prime, and we saw a₅=2*181, so 181 divides a₅. Now, what's the period of the sequence modulo 181? If the sequence modulo 181 has period T, then aₙ ≡ aₘ mod181 iff n≡m mod T (for n,m large enough, but since it's periodic, eventually periodic, but for linear recurrences with constant coefficients, it's purely periodic from the start if initial terms are in the field).

But more importantly, if p divides aₖ, does p divide aₖ₊₂ₘ for some m? Wait, let's see the indices where primes divide terms:

- p=7 divides a₂ (n=2)

- p=13 divides a₃ (n=3)

- p=181 divides a₅ (n=5)

Wait, maybe there's a relation between the indices and the prime? Let's check the closed-form again: aₙ = (xⁿ + x⁻ⁿ)/2, so aₙ ≡0 mod p ⇨ x²ⁿ ≡ -1 mod p ⇨ x⁴ⁿ ≡1 mod p, so the order of x mod p is 4n' where n' is the minimal integer with x²ⁿ' ≡-1, so n' is the minimal such that x²ⁿ' ≡-1, hence n' is the index where x²ⁿ' ≡-1.

But maybe for prime p, if p divides aₖ, then p divides aₖ₊₂ₘ for some m? Wait, let's compute the sequence modulo 181 to see the period and where zeros occur.

First, let's confirm that 181 divides a₅: a₅=4a₄ -a₃=4*97 -26=388-26=362, 362/181=2, yes! Perfect, so a₅=2*181, so 181 | a₅.

Now, we need to check if 181 divides a₂₀₁₅. Let's suppose that for prime p, if p | aₖ, then p | aₖ₊t for some t? Wait, let's recall that for linear recursions, if aₙ satisfies a linear recurrence, then the sequence of indices where a prime divides the term has a certain structure.

Alternatively, let's use the closed-form modulo 181. Let p=181, which is prime (yes, 181 is a prime number, it's not divisible by 2,3,5,7,11,13; 13²=169, 17²=289>181, so prime).

Let’s consider the recurrence mod181: aₙ=4aₙ₋₁ -aₙ₋₂.

We know a₀=1, a₁=2, a₂=7, a₃=26, a₄=97, a₅=362≡362-2*181=362-362=0 mod181. Yes! a₅≡0 mod181.

Now, let's see the sequence mod181 starting from a₀ to a₅:

n : 0 1 2 3 4 5 6 7 8 9 10...

aₙ%181:1 2 7 26 97 0 ? ? ? ? ?

Compute a₆=4a₅ -a₄≡4*0 -97= -97≡84 mod181

a₇=4a₆ -a₅≡4*84 -0=336≡336-181=155 mod181

a₈=4a₇ -a₆≡4*155 -84=620 -84=536≡536-2*181=536-362=174 mod181

a₉=4a₈ -a₇≡4*174 -155=696 -155=541≡541-2*181=541-362=179 mod181

a₁₀=4a₉ -a₈≡4*179 -174=716 -174=542≡542-2*181=542-362=180 mod181

a₁₁=4a₁₀ -a₉≡4*180 -179=720 -179=541≡179 mod181 (wait, 541-2*181=179, yes)

a₁₂=4a₁₁ -a₁₀≡4*179 -180=716 -180=536≡174 mod181 (same as a₈)

a₁₃=4a₁₂ -a₁₁≡4*174 -179=696 -179=517≡517-2*181=517-362=155 mod181 (same as a₇)

a₁₄=4a₁₃ -a₁₂≡4*155 -174=620 -174=446≡446-2*181=446-362=84 mod181 (same as a₆)

a₁₅=4a₁₄ -a₁₃≡4*84 -155=336 -155=181≡0 mod181

Oh! Wait a second, a₁₅≡0 mod181. Let's check the indices: a₅≡0, a₁₅≡0. What's the difference? 10. Let's see the terms after a₅:

a₅=0

a₆=84

a₇=155

a₈=174

a₉=179

a₁₀=180

a₁₁=179

a₁₂=174

a₁₃=155

a₁₄=84

a₁₅=0

Then a₁₆ should be a₆=84 (since a₁₆=4a₁₅ -a₁₄≡0 -84=-84≡97? Wait no, wait when we had a₆=4a₅ -a₄, so in general, aₙ=4aₙ₋₁ -aₙ₋₂, so the recurrence is fixed. So from a₅=0, a₆=4a₅ -a₄=-a₄, a₇=4a₆ -a₅=-4a₄, a₈=4a₇ -a₆=-16a₄ +a₄=-15a₄, etc. But maybe better to see the pattern in the zeros: a₅=0, a₁₅=0. Let's compute a₂₅ to see if it's zero? Wait, but first, let's list the terms with their mod181 values to see the period after the zero:

We had:

n : aₙ mod181

0 : 1

1 : 2

2 : 7

3 : 26

4 : 97

5 : 0

6 : 4*0 -97 = -97 = 84

7 : 4*84 -0 = 336 = 336 - 1*181 = 155

8 : 4*155 -84 = 620 -84 = 536 = 536 - 2*181 = 536 - 362 = 174

9 : 4*174 -155 = 696 -155 = 541 = 541 - 2*181 = 541 - 362 = 179

10: 4*179 -174 = 716 -174 = 542 = 542 - 2*181 = 542 - 362 = 180

11: 4*180 -179 = 720 -179 = 541 = 179 (same as a₉)

12: 4*179 -180 = 716 -180 = 536 = 174 (same as a₈)

13: 4*174 -179 = 696 -179 = 517 = 517 - 2*181 = 517 - 362 = 155 (same as a₇)

14: 4*155 -174 = 620 -174 = 446 = 446 - 2*181 = 446 - 362 = 84 (same as a₆)

15: 4*84 -155 = 336 -155 = 181 = 0 (same as a₅)

Ah! Now we see the pattern: from n=5 to n=14, we have the sequence [0,84,155,174,179,180,179,174,155,84], and then at n=15, we get back to 0, which is the same as n=5. So the sequence from n=5 onward has period 10? Wait, n=5:0, n=15:0; n=6:84, n=16: let's compute a₁₆ to check: a₁₆=4a₁₅ -a₁₄=4*0 -84=-84=97 mod181 (since 181-84=97). Wait, a₄=97, so a₁₆=97=a₄. Then a₁₇=4a₁₆ -a₁₅=4*97 -0=388=388-2*181=388-362=26=a₃. a₁₈=4a₁₇ -a₁₆=4*26 -97=104-97=7=a₂. a₁₉=4a₁₈ -a₁₇=4*7 -26=28-26=2=a₁. a₂₀=4a₁₉ -a₁₈=4*2 -7=8-7=1=a₀.

Oh my goodness! That's a key insight. Let's verify step by step from n=15 onwards:

a₁₅ ≡0 (as computed)

a₁₆ = 4a₁₅ - a₁₄ ≡4*0 -84 = -84 ≡ 181 -84 = 97 ≡ a₄

a₁₇ = 4a₁₆ - a₁₅ ≡4*97 -0 = 388 ≡ 388 - 2*181 = 388 - 362 = 26 ≡ a₃

a₁₈ = 4a₁₇ - a₁₆ ≡4*26 -97 = 104 -97 = 7 ≡ a₂

a₁₉ = 4a₁₈ - a₁₇ ≡4*7 -26 = 28 -26 = 2 ≡ a₁

a₂₀ = 4a₁₉ - a₁₈ ≡4*2 -7 = 8 -7 = 1 ≡ a₀

Yes! So a₁₆ ≡ a₄, a₁₇ ≡ a₃, a₁₈ ≡ a₂, a₁₉ ≡ a₁, a₂₀ ≡ a₀ mod181. That means the sequence modulo 181 is periodic with period 16? Wait, no: from n=0 to n=20, we have a₂₀=a₀, a₁₉=a₁, ..., so the period is 20? Wait, let's check the differences:

aₙ₊₂₀ ≡ aₙ mod181 for all n? Let's see from above: a₂₀=a₀, a₁₉=a₁, so yes, by the recurrence, the entire sequence repeats every 20 terms mod181. Wait, but we also saw that a₅=0, and a₁₅=0, so the zeros occur at n=5,15,25,...? Wait, a₁₅=0, then a₂₅ should be 0? Let's check with the periodicity: if period is 20, then aₙ₊₂₀=aₙ, so a₁₅=a₅, a₂₅=a₁₅=a₅=0, yes.

Wait, but let's confirm the period length. We had a₂₀=a₀=1, a₂₁=a₁=2, so yes, the period T=20 mod181. Let's check a few more terms to be sure:

a₂₀=1 (matches a₀)

a₂₁=4a₂₀ -a₁₉=4*1 -2=2 (matches a₁)

a₂₂=4a₂₁ -a₂₀=4*2 -1=7 (matches a₂), perfect, so period T=20 mod181.

Now, where do the zeros occur? We have a₅=0, a₁₅=0, and since period is 20, the next zero should be a₂₅=0, etc. So the zeros mod181 are at n≡5 mod10? Wait, 5,15,25,... so n=5+10k for k≥0.

Check: 5 mod10=5, 15 mod10=5, yes, so n≡5 mod10.

Wait, 5+10=15, 15+10=25, so step of 10. Why step 10? Because from the recurrence, when we had a₅=0, then the sequence from a₅ onward was [0,84,155,174,179,180,179,174,155,84], which is 10 terms, then back to 0 at a₁₅, so the period between zeros is 10.

Now, we need to check if 2015 ≡5 mod10. 2015 divided by 10: 2010 is divisible by 10, so 2015=2010+5≡5 mod10. Yes! 2015 ends with a 5, so 2015≡5 mod10.

Wait, hold on: n=5,15,25,... all end with 5, so n≡5 mod10. 2015 mod10=5, so yes, 2015≡5 mod10. Therefore, a₂₀₁₅≡a₅≡0 mod181.

Oh! That's perfect. So 181 divides a₂₀₁₅.

But wait, before we get too excited, we need to make sure there isn't a smaller odd prime factor of a₂₀₁₅. We checked some small primes earlier: 3,5,7,11,13,17,19 didn't divide any aₙ, but let's check the next few primes to be thorough.

We saw:

- p=3: aₙ mod3 is 1,2,1,2,... so never 0, so 3∤aₙ for any n.

- p=5: aₙ mod5 was 1,2,2,1,2,2,1,... period 3, no zeros, so 5∤aₙ.

- p=7: zeros at n≡2,6 mod8; 2015≡7 mod8, not 2 or 6, so 7∤a₂₀₁₅.

- p=11: no zeros in the sequence mod11, so 11∤aₙ.

- p=13: zeros at n≡3,9 mod12 (from earlier mod13 computation: zeros at n=3,9,15,... so n≡3 mod6); 2015 mod6: 2016 is divisible by 6, so 2015=2016-1≡5 mod6, not 3, so 13∤a₂₀₁₅.

- p=17: no zeros mod17, as we computed.

- p=19: no zeros mod19.

- p=23: let's check if 23 divides any aₙ, and if so, does it divide a₂₀₁₅.

Compute aₙ mod23 using recurrence:

n : aₙ mod23

0 : 1

1 : 2

2 : 4*2 -1=7

3 : 4*7 -2=28-2=26≡3

4 : 4*3 -7=12-7=5

5 : 4*5 -3=20-3=17

6 : 4*17 -5=68-5=63≡63-2*23=17

7 : 4*17 -17=68-17=51≡51-2*23=5

8 : 4*5 -17=20-17=3

9 : 4*3 -5=12-5=7

10:4*7 -3=28-3=25≡2

11:4*2 -7=8-7=1

12:4*1 -2=2

Wait, n=11:1, n=12:2, which are a₀,a₁ mod23. So period T=11 mod23.

Check for zeros: n=0-10:1,2,7,3,5,17,17,5,3,7,2. No zeros! So 23 doesn't divide any aₙ.

p=29: check mod29.

n=0:1

n=1:2

n=2:7

n=3:4*7-2=26

n=4:4*26-7=104-7=97≡97-3*29=97-87=10

n=5:4*10-26=40-26=14

n=6:4*14-10=56-10=46≡17

n=7:4*17-14=68-14=54≡54-29=25

n=8:4*25-17=100-17=83≡83-2*29=25

n=9:4*25-25=75≡75-2*29=17

n=10:4*17-25=68-25=43≡43-29=14

n=11:4*14-17=56-17=39≡10

n=12:4*10-14=40-14=26

n=13:4*26-10=104-10=94≡94-3*29=94-87=7

n=14:4*7-26=28-26=2

n=15:4*2-7=8-7=1

n=16:4*1-2=2

Period T=15 mod29 (since n=15=1, n=16=2). Zeros? n=0-14:1,2,7,26,10,14,17,25,25,17,14,10,26,7,2. No zeros. So 29 doesn't divide any aₙ.

p=31: mod31.

n=0:1

n=1:2

n=2:7

n=3:4*7-2=26

n=4:4*26-7=104-7=97≡97-3*31=97-93=4

n=5:4*4-26=16-26=-10≡21

n=6:4*21-4=84-4=80≡80-2*31=18

n=7:4*18-21=72-21=51≡51-31=20

n=8:4*20-18=80-18=62≡0 mod31

Oh! a₈≡0 mod31. Great, so 31 divides a₈. Now, let's see if 31 divides a₂₀₁₅.

First, let's find the period mod31 or the indices where zeros occur.

We have a₀=1, a₁=2, a₂=7, a₃=26, a₄=4, a₅=21, a₆=18, a₇=20, a₈=0 mod31.

Compute a₉=4a₈ -a₇=0 -20=-20≡11

a₁₀=4a₉ -a₈=4*11 -0=44≡13

a₁₁=4*13 -11=52-11=41≡10

a₁₂=4*10 -13=40-13=27

a₁₃=4*27 -10=108-10=98≡98-3*31=98-93=5

a₁₄=4*5 -27=20-27=-7≡24

a₁₅=4*24 -5=96-5=91≡91-2*31=29

a₁₆=4*29 -24=116-24=92≡92-3*31=92-93=-1≡30

a₁₇=4*30 -29=120-29=91≡29 (wait, 91-2*31=29, yes)

a₁₈=4*29 -30=116-30=86≡86-2*31=24

a₁₉=4*24 -29=96-29=67≡67-2*31=5

a₂₀=4*5 -24=20-24=-4≡27

a₂₁=4*27 -5=108-5=103≡103-3*31=103-93=10

a₂₂=4*10 -27=40-27=13

a₂₃=4*13 -10=52-10=42≡11

a₂₄=4*11 -13=44-13=31≡0 mod31

Ah! a₂₄≡0 mod31, so zeros at n=8,24,... so step of 16? Wait, 24-8=16. Let's check if the period is related: we had a₈=0, a₂₄=0, so maybe period between zeros is 16.

But let's see if we can find a pattern or use the closed-form. Since a₈≡0 mod31, then from the closed-form, a₈=(x⁸ +x⁻⁸)/2≡0 ⇒x¹⁶≡1 mod31 (in the field where x is defined). So the order of x divides 16. Let's check if x⁸≡-1 mod31 (since x¹⁶≡1, so x⁸=±1; a₈=0 ⇒x⁸ +x⁻⁸=0 ⇒x¹⁶=1, so x⁸=-1, yes).

Now, for the sequence, if aₖ≡0 mod p, then what's the relation between indices? For p=31, k=8,24,... so n=8+16m.

Check 2015 mod16: 16*125=2000, 2015-2000=15, so 2015≡15 mod16. 15≠8 mod16, so 2015≢8 mod16, so a₂₀₁₅≢0 mod31. So 31 doesn't divide a₂₀₁₅.

p=37: let's check if 37 divides any aₙ.

n=0:1

n=1:2

n=2:7

n=3:4*7-2=26

n=4:4*26-7=104-7=97≡97-2*37=23

n=5:4*23-26=92-26=66≡66-37=29

n=6:4*29-23=116-23=93≡93-2*37=19

n=7:4*19-29=76-29=47≡10

n=8:4*10-19=40-19=21

n=9:4*21-10=84-10=74≡0 mod37

Oh, a₉≡0 mod37. So 37 divides a₉.

Now, check if 37 divides a₂₀₁₅. First, find the zeros mod37.

a₉=0, let's compute a₁₀=4a₉ -a₈=0 -21=-21≡16

a₁₁=4*16 -0=64≡64-37=27

a₁₂=4*27 -16=108-16=92≡92-2*37=18

a₁₃=4*18 -27=72-27=45≡8

a₁₄=4*8 -18=32-18=14

a₁₅=4*14 -8=56-8=48≡11

a₁₆=4*11 -14=44-14=30

a₁₇=4*30 -11=120-11=109≡109-2*37=35

a₁₈=4*35 -30=140-30=110≡110-2*37=36

a₁₉=4*36 -35=144-35=109≡35 (same as a₁₇)

a₂₀=4*35 -36=140-36=104≡104-2*37=30 (same as a₁₆)

a₂₁=4*30 -35=120-35=85≡85-2*37=11 (same as a₁₅)

a₂₂=4*11 -30=44-30=14 (same as a₁₄)

a₂₃=4*14 -11=56-11=45≡8 (same as a₁₃)

a₂₄=4*8 -14=32-14=18 (same as a₁₂)

a₂₅=4*18 -8=72-8=64≡27 (same as a₁₁)

a₂₆=4*27 -18=108-18=90≡90-2*37=16 (same as a₁₀)

a₂₇=4*16 -27=64-27=37≡0 mod37

Ah, a₂₇≡0 mod37, so zeros at n=9,27,... so step of 18. 27-9=18.

2015 mod18: 18*111=1998, 2015-1998=17, so 2015≡17 mod18≠9 mod18, so a₂₀₁₅≢0 mod37.

p=41: check mod41.

n=0:1

n=1:2

n=2:7

n=3:4*7-2=26

n=4:4*26-7=104-7=97≡97-2*41=15

n=5:4*15-26=60-26=34

n=6:4*34-15=136-15=121≡121-2*41=39

n=7:4*39-34=156-34=122≡122-2*41=40

n=8:4*40-39=160-39=121≡39

n=9:4*39-40=156-40=116≡116-2*41=34

n=10:4*34-39=136-39=97≡15

n=11:4*15-34=60-34=26

n=12:4*26-15=104-15=89≡89-2*41=7

n=13:4*7-26=28-26=2

n=14:4*2-7=8-7=1

n=15:4*1-2=2

Period T=14 mod41 (since n=14=1, n=15=2). Zeros? n=0-13:1,2,7,26,15,34,39,40,39,34,15,26,7,2. No zeros. So 41 doesn't divide any aₙ.

p=43: mod43.

n=0:1

n=1:2

n=2:7

n=3:26

n=4:4*26-7=104-7=97≡97-2*43=11

n=5:4*11-26=44-26=18

n=6:4*18-11=72-11=61≡18

n=7:4*18-18=72-18=54≡11

n=8:4*11-18=44-18=26

n=9:4*26-11=104-11=93≡93-2*43=7

n=10:4*7-26=28-26=2

n=11:4*2-7=8-7=1

n=12:4*1-2=2

Period T=11 mod43 (n=11=1, n=12=2). Zeros? n=0-10:1,2,7,26,11,18,18,11,26,7,2. No zeros.

p=47: mod47.

n=0:1

n=1:2

n=2:7

n=3:26

n=4:4*26-7=104-7=97≡97-2*47=3

n=5:4*3-26=12-26=-14≡33

n=6:4*33-3=132-3=129≡129-2*47=35

n=7:4*35-33=140-33=107≡107-2*47=13

n=8:4*13-35=52-35=17

n=9:4*17-13=68-13=55≡8

n=10:4*8-17=32-17=15

n=11:4*15-8=60-8=52≡5

n=12:4*5-15=20-15=5

n=13:4*5-5=20-5=15

n=14:4*15-5=60-5=55≡8

n=15:4*8-15=32-15=17

n=16:4*17-8=68-8=60≡13

n=17:4*13-17=52-17=35

n=18:4*35-13=140-13=127≡127-2*47=33

n=19:4*33-35=132-35=97≡3

n=20:4*3-33=12-33=-21≡26

n=21:4*26-3=104-3=101≡101-2*47=7

n=22:4*7-26=28-26=2

n=23:4*2-7=8-7=1

n=24:4*1-2=2

Period T=23 mod47 (n=23=1, n=24=2). Zeros? n=0-22:1,2,7,26,3,33,35,13,17,8,15,5,5,15,8,17,13,35,33,3,26,7,2. No zeros.

p=53: mod53.

n=0:1

n=1:2

n=2:7

n=3:26

n=4:4*26-7=104-7=97≡97-53=44

n=5:4*44-26=176-26=150≡150-2*53=44

n=6:4*44-44=176-44=132≡132-2*53=26

n=7:4*26-44=104-44=60≡7

n=8:4*7-26=28-26=2

n=9:4*2-7=8-7=1

n=10:4*1-2=2

Period T=9 mod53 (n=9=1, n=10=2). Zeros? n=0-8:1,2,7,26,44,44,26,7,2. No zeros.

Okay, so far we've checked primes up to 53, and the only primes that divide some aₙ (with known indices) are:

- 7 divides a₂, a₆, a₁₀,... (n≡2,6 mod8)

- 13 divides a₃, a₉, a₁₅,... (n≡3,9 mod12 ⇒ n≡3 mod6)

- 181 divides a₅, a₁₅, a₂₅,... (n≡5 mod10)

- 31 divides a₈, a₂₄,... (n≡8 mod16)

- 37 divides a₉, a₂₇,... (n≡9 mod18)

We need to check for each prime whether 2015 is in the arithmetic progression of indices where it divides aₙ.

We already saw:

- 7: 2015≡7 mod8 (8*251=2008, 2015-2008=7), indices for 7 are n≡2,6 mod8 ⇒ 7 not in there ⇒ 7∤a₂₀₁₅

- 13: 2015 mod6=5 (since 6*335=2010, 2015-2010=5), indices for 13 are n≡3 mod6 ⇒ 5≠3 ⇒ 13∤a₂₀₁₅

- 181: 2015 mod10=5 (ends with 5), indices for 181 are n≡5 mod10 ⇒ 5=5 ⇒ 181|a₂₀₁₅

- 31: 2015 mod16=15 (16*125=2000, 2015-2000=15), indices for 31 are n≡8 mod16 ⇒ 15≠8 ⇒ 31∤a₂₀₁₅

- 37: 2015 mod18=17 (18*111=1998, 2015-1998=17), indices for 37 are n≡9 mod18 ⇒17≠9 ⇒37∤a₂₀₁₅

Now, are there any smaller primes (we checked up to 53, but let's make sure we didn't miss any small primes):

Primes less than 181: 2,3,5,7,11,13,17,19,23,29,31,37,41,43,47,53,... we checked up to 53, next is 59,61,67,71,73,79,83,89,97,101,103,107,109,113,127,131,137,139,149,151,157,163,167,173,179.

Wait, we know a₄=97, which is prime. Let's check if 97 divides a₂₀₁₅. a₄=97, so 97|a₄. Let's find the indices for 97.

Compute mod97:

a₀=1, a₁=2, a₂=7, a₃=26, a₄=97≡0 mod97.

a₅=4a₄ -a₃≡0 -26=-26≡71

a₆=4a₅ -a₄≡4*71 -0=284≡284-2*97=284-194=90

a₇=4a₆ -a₅≡4*90 -71=360-71=289≡289-3*97=289-291=-2≡95

a₈=4a₇ -a₆≡4*95 -90=380-90=290≡290-2*97=290-194=96

a₉=4a₈ -a₇≡"
18,"Okay, let's try to figure out this problem. So Dani has 45 marbles, and she has 5 times as many as Joe. We need to find out how many marbles Joe has.

Hmm, the problem says Dani has 5 times as many as Joe. So if Joe has, let's say, x marbles, then Dani has 5 times x. That would be 5x. And we know Dani has 45 marbles. So 5x = 45. To find x, we divide both sides by 5. So x = 45 divided by 5. Let me calculate that. 45 divided by 5 is 9. So Joe has 9 marbles.

Let me check the answer choices. The options are A to J. Let's see: A is 30, B is 8, C is 40, D is 35, E is 45/5, F is 20, G is 10, H says both 9 and 45/5 are correct, I is 9, J is 50.

So Joe has 9 marbles. So the answer should be I, which is 9. Wait, but there's also E which is 45/5. But 45/5 is equal to 9, right? So does that mean both E and I are correct? Wait, the problem says ""how many marbles does Joe have?"" So the answer is 9, which is option I. But E is 45/5, which is a fraction or expression that equals 9. Hmm, but the answer choices might be tricky here.

Wait, looking at option H: ""Both 9 and 45/5 are correct"". So if the question is asking for the number of marbles, the answer is 9, which is an integer. 45/5 is an expression that evaluates to 9, but the problem probably expects the numerical value. Let me check the problem statement again.

The problem says ""How many marbles does Joe have?"" So the answer should be a number. The choices include E as 45/5, which is a mathematical expression, not the actual number. So in the context of the problem, the answer is 9 marbles, which is option I. But maybe someone could argue that 45/5 is also correct because it's the calculation. Wait, but the answer choices are presented as possible answers. Let me see.

Wait, in the answer choices, H says ""Both 9 and 45/5 are correct"". So if the problem is multiple choice and they have both 9 and 45/5 as options, but the actual answer is 9, then H would be a trick. Wait, but the problem says ""how many marbles does Joe have?"" So the answer is 9 marbles. 45/5 is a way to express it, but the answer is 9. Let me think.

In math problems like this, usually, they expect the numerical answer. So 45 divided by 5 is 9. So Joe has 9 marbles. So the correct choice is I (which is 9). However, option E is 45/5. So if the problem is designed such that E is a distractor, but the actual answer is I.

Wait, the answer choices: H says ""Both 9 and 45/5 are correct"". But the problem is asking for the number of marbles, which is 9. So 45/5 is an expression that equals 9, but the answer they want is 9. So in the choices, I is 9, so that's the answer.

Wait, let's check the problem again. The choices are labeled A to J. Let me list them:

A. 30

B. 8

C. 40

D. 35

E. 45/5

F. 20

G. 10

H. Both 9 and 45/5 are correct

I. 9

J. 50

So option I is 9, which is the answer. Option E is 45 divided by 5. If the problem is from a test that expects the answer as a simplified number, then I is correct. However, sometimes in math problems, they might list the expression as an answer, but in this case, since the question is ""how many marbles"", it's expecting a number. So 9 is the answer.

Wait, but the problem says ""Dani has 45 marbles. She has 5 times as many marbles as Joe has."" So Dani = 5 * Joe. So Joe = Dani /5 = 45/5 = 9. So the answer is 9. So the correct choice is I.

But let me see why option H is there. H says both 9 and 45/5 are correct. But 45/5 is an expression that equals 9, but in the context of the problem, the answer is 9. So H would be incorrect because the problem asks for the number of marbles, not the expression. So the answer should be I.

Wait, but in some contexts, maybe they consider 45/5 as a valid answer. For example, if the problem is in a context where fractions are acceptable. But here, marbles are whole numbers, so 45 divided by 5 is exactly 9, so it's a whole number. So 9 is the answer.

Let me check the options again. The answer choices have I as 9, so that's the one.

Wait, another angle: If someone thought that ""5 times as many as Joe"" means Joe has 5 times Dani's marbles, but no, the problem says ""Dani has 5 times as many as Joe"", so Dani = 5 * Joe.

Yes, so Joe = Dani /5 = 45/5 =9.

Therefore, the answer is I.

But wait, option H says both 9 and 45/5 are correct. If the problem allows for the expression as an answer, but in the context of the problem, they probably want the numerical value. So I think the answer is I.

Wait, but the problem is presented as a multiple-choice question where you have to pick the correct choice. Let's see.

The answer choices include E as 45/5. If the problem is designed such that 45/5 is a valid answer (as in, it's the correct expression), but the question asks for ""how many marbles"", which is a number. So the answer is 9, which is option I.

So I think the answer is I.
</think>

To determine how many marbles Joe has, we start by translating the problem into a mathematical expression.

We are told that **Dani has 45 marbles**, and **she has 5 times as many marbles as Joe**. This means:

$$
\text{Dani's marbles} = 5 \times \text{Joe's marbles}
$$

Let $ J $ represent the number of marbles Joe has. Then:

$$
45 = 5J
$$

Solving for $ J $:

$$
J = \frac{45}{5} = 9
$$

So, **Joe has 9 marbles**.

---

Now, let's examine the answer choices:

- **A. 30** → Incorrect  
- **B. 8** → Incorrect  
- **C. 40** → Incorrect  
- **D. 35** → Incorrect  
- **E. 45/5** → This is a valid expression that evaluates to 9, but it's not the final numerical answer the question is asking for.  
- **F. 20** → Incorrect  
- **G. 10** → Incorrect  
- **H. Both 9 and 45/5 are correct** → While 45/5 equals 9, the question asks for **how many marbles**, which implies a **numerical value**, not an expression. So this is misleading.  
- **I. 9** → ✅ **Correct** — This is the exact number of marbles Joe has.  
- **J. 50** → Incorrect

The question is specifically asking for **how many marbles Joe has**, not for an expression or a symbolic representation. Therefore, the correct answer is the **numerical value** 9, which corresponds to **choice I**.

---

### Final Answer:
$$
\boxed{I}
$$"
19,"This is a complex or challenging question, and it is difficult to provide a direct and correct answer. I need to think about it.
Well, so we have this sequence defined by a linear recurrence: j₀=1, j₁=2, jₙ=4jₙ₋₁ - jₙ₋₂ for n≥2. We need to find the smallest odd prime factor of j₁₅₅. Hmm, linear recursions... maybe we can find a closed-form? Or use properties of such recursions modulo primes? Since we care about prime factors, modular arithmetic might be the way to go. Let's recall that for linear recursions, especially second-order, we can look at their behavior modulo a prime p, and see if there's a period (Pisano period for Fibonacci, but this is a different recurrence) or maybe use the recurrence to find when jₙ ≡ 0 mod p.

First, let's check the recurrence relation. Let's write down the characteristic equation to get a closed-form, maybe that helps. For jₙ - 4jₙ₋₁ + jₙ₋₂ = 0, characteristic equation is r² - 4r + 1 = 0. Solving that: r = [4 ± √(16 - 4)]/2 = [4 ± √12]/2 = 2 ± √3. Okay, so closed-form is jₙ = A(2 + √3)ⁿ + B(2 - √3)ⁿ. Now apply initial conditions to find A and B.

For n=0: j₀=1 = A + B

For n=1: j₁=2 = A(2 + √3) + B(2 - √3)

Let's solve these equations. From first equation, B = 1 - A. Plug into second equation:

2 = A(2 + √3) + (1 - A)(2 - √3) = 2A + A√3 + 2 - √3 - 2A + A√3 = (2A - 2A) + (A√3 + A√3) + 2 - √3 = 2A√3 + 2 - √3

So subtract 2 - √3: 2 - (2 - √3) = 2A√3 ⇒ √3 = 2A√3 ⇒ A = 1/2. Then B = 1 - 1/2 = 1/2.

Oh, nice! So closed-form simplifies to jₙ = ( (2 + √3)ⁿ + (2 - √3)ⁿ ) / 2. That's a good form, often seen in Pell equations or related sequences. Wait, actually, this sequence is similar to the Pell numbers? Let's recall Pell numbers: usually P₀=0, P₁=1, Pₙ=2Pₙ₋₁ + Pₙ₋₂, but maybe not exactly. Wait, but the closed-form here is similar to the Chebyshev polynomials? Maybe not necessary.

But the key point is that for integer n, jₙ is integer, which we can check: for n=0, (1 + 1)/2=1; n=1, (2+√3 + 2 - √3)/2=4/2=2, correct; n=2, 4*2 -1=7, and closed-form: ( (2+√3)² + (2-√3)² )/2 = (4 + 4√3 + 3 + 4 - 4√3 + 3)/2 = (14)/2=7, yes, good.

Now, we need to find the smallest odd prime p such that p divides j₁₅₅. First, note that p must be odd (since the answer choices are all odd except maybe... wait, answer choices: A.182 even, B.177 odd, C.171 odd, D.173 odd, E.181 odd, F.183 odd, G.179 odd, H.175 odd, I.178 even, J.187 odd. So we can ignore even choices because jₙ is integer, let's check if jₙ can be even or odd. j₀=1 odd, j₁=2 even, j₂=4*2 -1=7 odd, j₃=4*7 -2=26 even, j₄=4*26 -7=97 odd, so alternates? Wait, j₀ odd, j₁ even, j₂=4j₁ -j₀=even - odd=odd, j₃=4j₂ -j₁=even - even=even, j₄=4j₃ -j₂=even - odd=odd, yes! So the parity is periodic with period 2: odd, even, odd, even,... starting from n=0. So jₙ is odd when n even, even when n odd. Wait, 155 is odd, so j₁₅₅ is even! Wait, but the problem says ""smallest odd prime factor"". Wait, hold on! If j₁₅₅ is even, then 2 is a factor, but 2 is not odd. Wait, but the answer choices don't have 2, they are all larger numbers. Wait, did I make a mistake here?

Wait, let's recalculate j₃: j₂=4j₁ -j₀=8 -1=7, correct. j₃=4j₂ -j₁=28 -2=26, yes, even. j₄=4*26 -7=104-7=97, odd. j₅=4*97 -26=388-26=362, even. So yes, for n≥1, jₙ even when n odd? Wait n=1: odd, j₁=2 even; n=3: odd, j₃=26 even; n=5: odd, j₅=362 even. n=0: even? No, n=0:1 odd. So in general, jₙ is odd iff n is even. Wait, n=0 even: odd; n=1 odd: even; n=2 even:7 odd; n=3 odd:26 even; yes, so jₙ ≡ 0 mod 2 iff n is odd. So j₁₅₅ is odd? Wait wait, 155 is odd! Wait, n=155 is odd, so j₁₅₅ is even? Wait no: n=1 (odd): j₁=2 even; n=3 (odd): j₃=26 even; so yes, odd n: jₙ even; even n: jₙ odd. Wait, but the problem says ""smallest odd prime factor"". So if j₁₅₅ is even, it has 2 as a factor, but 2 is not odd, so we need the smallest odd prime dividing it. So we can disregard 2, look for odd primes.

Wait, but let's confirm the parity again to be safe. Let's do induction. Base cases: n=0 (even): j₀=1 odd; n=1 (odd): j₁=2 even. Assume for some k≥1, jₖ is odd if k even, even if k odd. Then jₖ₊₁=4jₖ - jₖ₋₁. 4jₖ is even, so jₖ₊₁ ≡ -jₖ₋₁ mod 2. So if k is even, jₖ odd, jₖ₋₁ (k-1 odd) even, so jₖ₊₁ ≡ -0 ≡ 0 mod 2 (even). If k is odd, jₖ even, jₖ₋₁ (k-1 even) odd, so jₖ₊₁ ≡ -1 ≡ 1 mod 2 (odd). Therefore, by induction, jₙ is odd iff n is even, even iff n is odd. Perfect, so n=155 is odd, so j₁₅₅ is even, so 2 divides it, but we need odd prime factors, so smallest odd prime factor is the smallest odd prime p where p | j₁₅₅.

So now, the problem reduces to: find the smallest odd prime p such that j₁₅₅ ≡ 0 mod p. To find such primes, we can use the recurrence relation modulo p and find the order of the recurrence, i.e., the smallest d > 0 such that the recurrence repeats modulo p, but maybe better to use the fact that for linear recursions, the sequence modulo p is periodic (Pisano period for Fibonacci, but here it's a different recurrence), and we want the period to divide some multiple of the index where the term is 0.

Wait, another approach: for the recurrence jₙ = 4jₙ₋₁ - jₙ₋₂, let's consider the sequence modulo p. Suppose p is an odd prime (we can check p=3 later, maybe it divides jₙ for some n, but let's see). Let's compute jₙ mod small odd primes first, see if we can find a pattern or find when jₙ ≡ 0 mod p.

Start with p=3:

Compute j₀=1 mod3=1

j₁=2 mod3=2

j₂=4*2 -1=8-1=7≡1 mod3

j₃=4*1 -2=4-2=2 mod3

j₄=4*2 -1=7≡1 mod3

Wait a second, period 2? j₀=1, j₁=2, j₂=1, j₃=2, j₄=1,... so period 2 modulo 3. So the sequence mod3 is 1,2,1,2,1,2,... never 0. So 3 does not divide any jₙ. Good to know, so 3 is out.

p=5:

j₀=1

j₁=2

j₂=4*2 -1=7≡2 mod5

j₃=4*2 -2=8-2=6≡1 mod5

j₄=4*1 -2=4-2=2 mod5

j₅=4*2 -1=8-1=7≡2 mod5

j₆=4*2 -2=6≡1 mod5

Wait, so mod5: 1,2,2,1,2,2,1,... period 3? Let's list step by step:

n : jₙ mod5

0 : 1

1 : 2

2 : 4*2 -1 = 8-1=7→2

3 : 4*2 -2=8-2=6→1

4 : 4*1 -2=4-2=2

5 : 4*2 -1=8-1=7→2

6 : 4*2 -2=6→1

Yes, so period 3 starting from n=0? Wait, j₀=1, j₃=1, j₆=1, so period 3 for the sequence? Wait, jₙ mod5: n=0→1, n=1→2, n=2→2, n=3→1, n=4→2, n=5→2, n=6→1,... so yes, period 3. So the terms are never 0 mod5. Check j₂=2≠0, j₃=1≠0, j₄=2≠0, etc., so 5 doesn't divide any jₙ.

p=7:

Compute jₙ mod7:

j₀=1

j₁=2

j₂=4*2 -1=8-1=7→0 mod7! Wait, j₂=7, which is divisible by 7. Oh! So j₂≡0 mod7. So 7 divides j₂. Then, do we have a relation for when jₙ≡0 mod p?

In general, for linear recursions, if jₖ≡0 mod p, then maybe we can find a period or a relation for indices where terms are 0. Let's recall that for the recurrence jₙ - 4jₙ₋₁ + jₙ₋₂=0, suppose jₖ≡0 mod p, then jₖ₊₁=4jₖ - jₖ₋₁≡-jₖ₋₁ mod p, jₖ₊₂=4jₖ₊₁ - jₖ≡-4jₖ₋₁ mod p, jₖ₊₃=4jₖ₊₂ - jₖ₊₁≡-16jₖ₋₁ - (-jₖ₋₁)= -15jₖ₋₁ mod p? Wait, maybe better to use the closed-form to see when jₙ≡0 mod p.

From closed-form: jₙ = [ (2 + √3)ⁿ + (2 - √3)ⁿ ] / 2. So jₙ ≡ 0 mod p iff (2 + √3)ⁿ ≡ - (2 - √3)ⁿ mod p, assuming that 3 is a quadratic residue mod p or something? Wait, maybe in the field extension GF(p²) if 3 is not a square mod p, but let's think in terms of the recurrence.

Alternatively, for the recurrence relation, the sequence satisfies the recurrence, so the characteristic roots are α=2+√3, β=2-√3, with αβ= (2+√3)(2-√3)=4-3=1, so β=α⁻¹. That's a useful relation! αβ=1, so β=1/α. Therefore, the closed-form is jₙ=(αⁿ + βⁿ)/2=(αⁿ + α⁻ⁿ)/2. Oh, that's a nicer way to write it! So jₙ = (αⁿ + α⁻ⁿ)/2 where α=2+√3, αβ=1.

Therefore, jₙ ≡ 0 mod p iff αⁿ + α⁻ⁿ ≡ 0 mod p iff α²ⁿ ≡ -1 mod p (multiplying both sides by αⁿ, assuming αⁿ ≠0 mod p, which it isn't since α is in a field extension where it's non-zero). Wait, is that valid? Let's check: if αⁿ + α⁻ⁿ = 0, then α²ⁿ = -1, yes, as long as α ≠0, which it isn't.

But first, we need to be in a field where α exists, i.e., where 3 is a quadratic residue or not? Wait, α=2+√3, so √3 must exist in the field, so we need to consider the field GF(p) or GF(p²). Let's suppose p is an odd prime, p≠3 (we saw p=3 doesn't divide any jₙ, let's confirm later). For p≠3, 3 is either a quadratic residue mod p or not.

But from the equation α²ⁿ = -1, this implies that (-1) is a power of α², so the order of α² in the multiplicative group (which is cyclic of order dividing p²-1) must be even, and specifically, (α²)²ⁿ = α⁴ⁿ = 1, so order of α² divides 4n but not 2n, so order is 4d where d divides n, etc. Maybe better to take the equation α²ⁿ = -1, so squaring both sides: α⁴ⁿ = 1, so the order of α divides 4n, but does not divide 2n (since α²ⁿ = -1 ≠1). Therefore, the order of α is exactly 4n? Wait, no, order divides 4n but not 2n, so order is 4k where k divides n.

But maybe let's use the fact that in the recurrence, if jₖ ≡0 mod p, then what is the relation for the period? Wait, we saw for p=7, j₂=7≡0 mod7, so k=2. Let's see if we can find a minimal k such that jₖ≡0 mod p, then for the sequence to be divisible by p at index n, n must be a multiple of k? Wait, not necessarily, but in some cases, the indices where jₙ≡0 mod p form a subgroup of the integers under addition? Wait, for linear recursions with constant coefficients, the set of n where jₙ≡0 mod p is either empty or a union of arithmetic progressions.

Wait, let's test another prime where we know a term is divisible. Let's compute jₙ for small n to see their factors:

j₀=1 (no prime factors)

j₁=2 (prime factor 2)

j₂=4*2 -1=7 (prime 7)

j₃=4*7 -2=26=2*13 (prime factors 2,13)

j₄=4*26 -7=104-7=97 (prime? Yes, 97 is prime)

j₅=4*97 -26=388-26=362=2*181 (181 is prime)

j₆=4*362 -97=1448-97=1351. Let's factor 1351: divide by 7? 7*193=1351? 7*190=1330, 7*3=21, so 1330+21=1351, yes! So 1351=7*193. 193 is prime.

j₇=4*1351 -362=5404-362=5042=2*2521 (check 2521: maybe prime? Not sure, but let's not get bogged down)

j₈=4*5042 -1351=20168-1351=18817. Let's see if divisible by small primes: 18817/7=2688.14..., 18817/13=1447.46..., 18817/17=1106.88..., 18817/19=990.36..., 18817/23=818.13..., 18817/29=648.86..., 18817/31=607, 31*600=18600, 31*7=217, so 18600+217=18817! Yes! So 18817=31*607. 607 is prime.

Wait, but maybe instead of computing all terms, let's list the prime factors we have so far for small n:

n : jₙ : prime factors (odd primes)
0 : 1 : -
1 : 2 : 2 (even)
2 : 7 : 7
3 : 26 : 13
4 : 97 : 97
5 : 362 : 181
6 : 1351 : 7, 193
7 : 5042 : 2521 (maybe prime)
8 : 18817 : 31, 607
9 : 4*18817 -5042=75268-5042=70226=2*35113 (check 35113: 35113/7=5016.14..., /13=2701, 13*2700=35100, 13*1=13, so 35113=13*2701? 13*2700=35100, +13=35113, yes! So 70226=2*13*2701. 2701: 2701/37=73, since 37*70=2590, 37*3=111, 2590+111=2701, yes! So 2701=37*73. So j₉=2*13*37*73. Okay, so odd prime factors here:13,37,73.

Wait, interesting: j₂=7, j₆=7*193, so 7 divides j₂ and j₆. 6=3*2, so multiple of 2. j₃=13, j₉=13*... so 9=3*3, multiple of 3. j₅=181, is 181 a factor of any other jₙ? Let's see, j₅=362=2*181, j₁₅? Maybe too big, but let's check the answer choices: answer choices include 173,179,181, etc. Wait, j₅ has factor 181, which is option E. But we need j₁₅₅, so is 181 a factor? Wait, but maybe not, because the index might have to satisfy some congruence.

Wait, let's go back to the closed-form with αβ=1, so jₙ=(αⁿ + α⁻ⁿ)/2. So jₙ≡0 mod p iff α²ⁿ ≡ -1 mod p (as we had before, assuming we're in a field where α exists, i.e., GF(p) or GF(p²)). Let's suppose p is an odd prime, p≠2,3 (we saw p=3 never divides jₙ, p=2: jₙ even when n odd, so j₁₅₅ even, so 2 divides it but we need odd primes).

First, for p=7: we saw j₂=7≡0 mod7, so let's see what α²ⁿ ≡ -1 mod7 would give. Wait, in GF(7), does α exist? α=2+√3, so √3 mod7: 3 is a quadratic residue mod7? Squares mod7: 0,1,4,2 (1²=1,2²=4,3²=2,4²=2,5²=4,6²=1), so 3 is not a quadratic residue mod7, so α is in GF(49), the field with 7² elements. Let's compute the order of α in GF(49)*, which has order 48.

In GF(49), the multiplicative group is cyclic of order 48. Let's see, j₂=(α² + α⁻²)/2=0 mod7 ⇒ α² + α⁻²=0 ⇒ α⁴= -1 mod7 (in GF(49), -1 is an element). Wait, α⁴= -1 ⇒ α⁸=1, so order of α divides 8 but not 4, so order 8. Then α² has order 4, so α²⁴= (α²)¹²= (α⁴)⁶= (-1)⁶=1, so the equation α²ⁿ= -1 ⇒ (α²)ⁿ= -1 ⇒ let γ=α², so γⁿ= -1, so γ²ⁿ=1, so order of γ divides 2n but not n, so order of γ is 2d where d divides n. For p=7, we have j₂=0, so n=2 is a solution to jₙ=0 mod7. Let's check the equation: jₙ=0 ⇒ (αⁿ + α⁻ⁿ)/2=0 ⇒ α²ⁿ= -1. For n=2: α⁴= -1, so yes, that's why j₂=0. Then the solutions to α²ⁿ= -1 are n such that 2n ≡ order of α / 2 mod (order of α)? Wait, order of α is 8 (as above), so α⁸=1, α⁴=-1, so α²ⁿ=-1 ⇒ 2n ≡4 mod8 ⇒ n≡2 mod4. Wait, let's check: n=2: j₂=7≡0; n=6: j₆=1351=7*193≡0 mod7; n=10: let's see if j₁₀≡0 mod7. From the recurrence mod7, earlier we saw for p=7, let's compute the sequence mod7 properly:

j₀=1 mod7

j₁=2 mod7

j₂=4*2 -1=8-1=7≡0 mod7 ✔️

j₃=4*0 -2= -2≡5 mod7

j₄=4*5 -0=20≡6 mod7

j₅=4*6 -5=24-5=19≡5 mod7

j₆=4*5 -6=20-6=14≡0 mod7 ✔️

j₇=4*0 -5= -5≡2 mod7

j₈=4*2 -0=8≡1 mod7

j₉=4*1 -2=4-2=2 mod7

j₁₀=4*2 -1=8-1=7≡0 mod7 ✔️

Oh! So mod7, the sequence is periodic with period 6? Wait, j₀=1, j₆=0, j₁=2, j₇=2, j₂=0, j₈=1, j₃=5, j₉=2? Wait no, let's list step by step with indices:

n : jₙ mod7

0 : 1

1 : 2

2 : 4*2 -1 = 8-1=7→0

3 : 4*0 -2 = -2→5

4 : 4*5 -0 =20→6

5 : 4*6 -5=24-5=19→5 (19-14=5)

6 : 4*5 -6=20-6=14→0

7 : 4*0 -5= -5→2

8 : 4*2 -0=8→1

9 : 4*1 -2=4-2=2

10: 4*2 -1=8-1=7→0

Yes! So starting from n=0, the sequence mod7 is: 1,2,0,5,6,5,0,2,1,2,0,5,6,5,0,... so period 6? Wait, j₆=0, j₇=2=j₁, j₈=1=j₀, so yes, period 6 starting from n=0. Therefore, the terms where jₙ≡0 mod7 are n=2,6,10,14,... i.e., n≡2 mod4? Wait n=2,6,10,14: difference 4, so n≡2 mod4. Wait 2 mod4=2, 6 mod4=2, 10 mod4=2, yes! So n≡2 mod4 for jₙ≡0 mod7.

Good, so for prime p, if there exists a minimal k>0 such that jₖ≡0 mod p, then the solutions for n are n≡k mod m for some m, related to the period.

But maybe a better approach is to use the concept of ""period"" for the recurrence modulo p, called the Pisano period for this recurrence. For a linear recurrence of order 2, the period modulo p (if p≠2,3, maybe) can be found using the characteristic equation.

The recurrence is jₙ = 4jₙ₋₁ - jₙ₋₂, so characteristic equation r² -4r +1=0. Modulo prime p, this factors as (r - α)(r - β)=0 where α=2+√3, β=2-√3 in GF(p²) if 3 is not a square mod p, or in GF(p) if 3 is a square mod p.

Case 1: 3 is a quadratic residue mod p. Then √3 ∈ GF(p), so α, β ∈ GF(p), and αβ=1 as before. Then the recurrence has roots in GF(p), so the period modulo p divides p-1 (by Fermat's little theorem, since the multiplicative order divides p-1).

Case 2: 3 is not a quadratic residue mod p. Then α, β ∈ GF(p²), and αβ=1, so β=α⁻¹. Then the period modulo p divides p²-1 (since the multiplicative group of GF(p²) has order p²-1).

Also, from the closed-form jₙ=(αⁿ + βⁿ)/2, so jₙ≡0 mod p iff αⁿ ≡ -βⁿ mod p iff (α/β)ⁿ ≡ -1 mod p. But α/β = (2+√3)/(2-√3) = (2+√3)² / (4-3) = (4 +4√3 +3)=7 +4√3, but maybe better to note that αβ=1, so β=α⁻¹, so α/β=α², so jₙ≡0 mod p iff α²ⁿ ≡ -1 mod p (in GF(p²) or GF(p)).

Therefore, α²ⁿ = -1 ⇒ (α²)²ⁿ = 1 ⇒ order of α² divides 2n but not n, so order of α² is exactly 2d where d divides n. Let ord(α)=m, then ord(α²)=m/gcd(2,m), so ord(α²) divides 2n ⇒ m/gcd(2,m) divides 2n ⇒ m divides 2n gcd(2,m). Maybe this is getting too abstract.

Wait, let's go back to the answer choices. They are all numbers from 171 to 187, mostly odd (except A=182 even, I=178 even, J=187 odd). Let's list the answer choices with their parity and primality (wait, the problem says ""smallest odd prime factor"", so the answer choices are supposed to be prime? Wait, wait! Wait the problem says: ""Determine the smallest odd prime factor of j₁₅₅."" Then the answer choices are labeled A to J with numbers. Wait, hold on! Is it possible that the answer choices are not prime? Wait, the problem says ""smallest odd prime factor"", so the correct answer should be a prime number, but looking at the choices: A.182 (even, composite), B.177 (1+7+7=15 divisible by 3, 177=3*59), C.171 (1+7+1=9, divisible by 3, 171=9*19), D.173 (prime), E.181 (prime), F.183 (1+8+3=12, divisible by 3, 183=3*61), G.179 (prime), H.175 (25*7, composite), I.178 (even, composite), J.187 (11*17, composite).

Oh! That's a key point I missed. The problem says ""smallest odd prime factor"", so the answer must be a prime number (since it's a prime factor), so we can immediately eliminate all composite answer choices. Let's check each choice:

A.182: even, composite (2*7*13) → not prime

B.177: 1+7+7=15→div by 3, 177/3=59→3*59→composite

C.171: 1+7+1=9→div by 3, 171=9*19→composite

D.173: let's check if prime. sqrt(173)≈13.15, check primes up to 13: 2,3,5,7,11,13. 173/2=86.5, /3≈57.666, 3*57=171→173-171=2→not div by 3; 5→ends with 3, no; 7*24=168→173-168=5→no; 11*15=165→173-165=8→no; 13*13=169→173-169=4→no. So 173 is prime.

E.181: prime (sqrt≈13.45, same checks: 181/2=90.5, /3≈60.333, 3*60=180→181-180=1→no; /5→ends with 1; /7=25.85→7*25=175→181-175=6→no; /11=16.45→11*16=176→181-176=5→no; /13=13.92→13*13=169→181-169=12→no. Prime.

F.183: 1+8+3=12→div by 3, 183/3=61→3*61→composite

G.179: prime (sqrt≈13.37, check primes: 2,3,5,7,11,13; 179/2=89.5, /3≈59.666, 3*59=177→179-177=2→no; /5→ends with 9; /7=25.57→7*25=175→179-175=4→no; /11=16.27→11*16=176→179-176=3→no; /13=13.76→13*13=169→179-169=10→no. Prime)

H.175: 25*7=175→composite

I.178: even→composite

J.187: 11*17=187 (11*17=187, yes)→composite

Wow, that's helpful! So the only prime answer choices are D.173, E.181, G.179. The others are composite, so they can't be prime factors (a prime factor has to be prime), so we can disregard all choices except D, E, G. That narrows it down to three options: 173, 181, 179. Now we need to check which of these primes divides j₁₅₅, and find the smallest one.

First, let's recall the sequence jₙ=(αⁿ + α⁻ⁿ)/2, α=2+√3, so jₙ≡0 mod p iff α²ⁿ≡-1 mod p (in the field extension where α lives). So for prime p, we can write this as α⁴ⁿ≡1 mod p, so the order of α modulo p (in the multiplicative group of the field) divides 4n but not 2n, hence the order is exactly 4d where d divides n.

But maybe more straightforward: for a prime p, we can compute the sequence jₙ mod p until we hit 0, and see if 155 is in the arithmetic progression of zeros.

Let's start with the smallest candidate prime among D,E,G: 173 (D), then 179 (G), then 181 (E). Wait, 173 < 179 < 181, so if 173 divides j₁₅₅, it's the smallest. Let's check if 173 divides j₁₅₅.

To compute j₁₅₅ mod 173, we can use the recurrence relation modulo 173. Since the recurrence is linear, we can compute the sequence modulo 173 using matrix exponentiation or the fact that the period modulo p is at most p²-1 (for quadratic irrationals), but 173 is a prime, so let's see if we can find the period or find a minimal k such that jₖ≡0 mod173, then check if 155 ≡k mod m for some m.

First, let's recall that for the recurrence jₙ=4jₙ₋₁ -jₙ₋₂, the characteristic equation is r²-4r+1=0, so the companion matrix is [[4, -1], [1, 0]]. The period modulo p (the Pisano period for this recurrence) is the smallest d>0 such that the matrix raised to d is the identity matrix mod p, or the sequence repeats starting from the beginning.

But maybe better to use the closed-form relation: jₙ≡0 mod p iff (2 + √3)ⁿ ≡ - (2 - √3)ⁿ mod p, which is equivalent to ( (2 + √3)/(2 - √3) )ⁿ ≡ -1 mod p. Let's compute (2 + √3)/(2 - √3) mod p. Multiply numerator and denominator by (2 + √3): (2 + √3)² / (4 - 3) = 7 + 4√3. So let's set γ = 7 + 4√3 mod p. Then jₙ≡0 mod p iff γⁿ ≡ -1 mod p.

Wait, is that right? Let's check: (2 + √3)/(2 - √3) = (2 + √3)² / [(2)^2 - (√3)^2] = (4 + 4√3 + 3)/1 = 7 + 4√3, yes! Perfect, so γ = 7 + 4√3, and jₙ≡0 mod p iff γⁿ ≡ -1 mod p.

Also, note that γ = (2 + √3)², since (2 + √3)²=4 +4√3 +3=7 +4√3, yes! So γ=α² where α=2+√3 as before. Therefore, jₙ≡0 mod p iff α²ⁿ ≡ -1 mod p, which matches our earlier conclusion.

Now, γ² = (7 + 4√3)² = 49 + 56√3 + 16*3 = 49 + 48 + 56√3 = 97 + 56√3. But maybe we don't need that. The key is: for prime p≠2,3, if 3 is a quadratic residue mod p, then √3 exists in GF(p), so γ is in GF(p), and we can compute γ mod p directly. If 3 is not a quadratic residue mod p, then γ is in GF(p²), and we can work in the extension field.

But let's first check for p=173 whether 3 is a quadratic residue mod173, using quadratic reciprocity.

Quadratic reciprocity: (3|p) = (p|3) * (-1)^((3-1)(p-1)/4) = (p|3) * (-1)^((p-1)/2)

First, p=173, p mod3=173/3=57*3+2→173≡2 mod3, so (p|3)=(2|3)=-1 (since 2 is not a square mod3).

(p-1)/2=(172)/2=86, which is even, so (-1)^86=1.

Thus, (3|173)=(-1)*1=-1. So 3 is a non-quadratic residue mod173. Therefore, √3 does not exist in GF(173), so we need to work in GF(173²).

But maybe instead of dealing with extension fields, we can use the recurrence relation modulo p to compute the sequence until we find when jₙ≡0 mod p, but for p=173, computing up to n=155 is tedious by hand. Wait, but there's a better way: for the recurrence jₙ=4jₙ₋₁ -jₙ₋₂, the sequence modulo p has period dividing p²-1 (since the multiplicative order of the roots divides p²-1 when discriminant is non-square, which it is here: discriminant of characteristic equation is 16-4=12, so 12 is a non-square mod p? Wait, discriminant d=12, so for the recurrence, the period modulo p divides p-1 if d is a square mod p, else divides p²-1.

But maybe use the fact that if jₖ≡0 mod p, then we can find a relation for j_{n} mod p in terms of j_{n-2k} or something.

Wait, another idea: from the recurrence, we can derive a relation for j_{n + m} in terms of j_n and j_m. For linear recursions, there's a formula: j_{n + m} = (jₘ jₙ) - j_{m - n} ? Wait, no, better to use the standard method for linear recursions.

For a second-order linear recurrence with constant coefficients, the solution satisfies j_{n + k} = a jₙ + b j_{n - k} for some a,b, but maybe for this specific recurrence, since it's a ""Pell-type"" recurrence, there's a multiplication formula.

Wait, recall that for Pell equations, the solutions satisfy multiplicative properties. Let's see: the closed-form jₙ=(αⁿ + α⁻ⁿ)/2, so jₙ is similar to the Chebyshev polynomial of the first kind, T_n(2), because T_n(x) = (x + √(x² -1))ⁿ + (x - √(x² -1))ⁿ over 2. Here, x=2, so T_n(2) = (2 + √3)ⁿ + (2 - √3)ⁿ over 2, which is exactly jₙ! Oh my goodness, that's a perfect match!

Yes! Chebyshev polynomials of the first kind: T_n(x) = cos(n arccos x) for |x|≤1, and for integer x, T_n(x) = ( (x + √(x² -1))ⁿ + (x - √(x² -1))ⁿ ) / 2. So for x=2, T_n(2) = ( (2 + √3)ⁿ + (2 - √3)ⁿ ) / 2 = jₙ. Therefore, jₙ = T_n(2), the nth Chebyshev polynomial evaluated at 2.

This is a crucial realization! Chebyshev polynomials have nice properties, especially their divisibility properties. For Chebyshev polynomials, it's known that T_m(x) divides T_n(x) if m divides n. Wait, is that true? Let's check with small n:

T₀(x)=1, T₁(x)=x, T₂(x)=2x² -1, T₃(x)=4x³ -3x, T₄(x)=8x⁴ -8x² +1, etc.

Check T₂(2)=2*(4)-1=7, T₄(2)=8*16 -8*4 +1=128-32+1=97, which matches j₂=7, j₄=97.

T₃(2)=4*8 -3*2=32-6=26, which is j₃=26, correct.

Now, does T_m(2) divide T_n(2) when m divides n? Let's check m=1, n=2: T₁(2)=2, T₂(2)=7, 2 doesn't divide 7. m=2, n=4: T₂(2)=7, T₄(2)=97, 7 doesn't divide 97 (97/7≈13.85). m=1, n=3: T₁=2, T₃=26, 2 divides 26, yes. m=2, n=6: T₂=7, T₆(2). Let's compute T₆(2): T₆(x)=32x⁶ -48x⁴ +18x² -1, so T₆(2)=32*64 -48*16 +18*4 -1=2048 -768 +72 -1=2048-768=1280, 1280+72=1352, 1352-1=1351, which is j₆=1351, and we saw 1351=7*193, so yes, T₂(2)=7 divides T₆(2)=1351.

Ah, so for m=2, n=6=3*2, T₂ divides T₆. For m=3, n=9: T₃(2)=26, j₉=70226=2*13*37*73, and 26=2*13, so yes, T₃ divides T₉.

Wait, let's see the indices where T_m(2) divides T_n(2). From the recurrence, we know that T_m(x) T_n(x) = T_{m+n}(x) + (-1)^{m-n} T_{|m-n|}(x) for Chebyshev polynomials (this is a standard identity: T_m T_n = T_{m+n} + T_{m-n} when m≥n, with T₀=1, T_{-k}=T_k).

Yes, the Chebyshev polynomial identity: T_m(x)T_n(x) = T_{m+n}(x) + T_{m-n}(x) for m ≥ n.

Let's verify with m=2, n=1: T₂T₁=(2x²-1)x=2x³ -x; T₃ + T₁=(4x³-3x) + x=4x³-2x? Wait, no, maybe the sign is different. Wait, actually, the correct identity for Chebyshev polynomials of the first kind is T_m(x)T_n(x) = (T_{m+n}(x) + T_{m-n}(x))/2 when m,n are integers? Wait, maybe better to look up the identity in our context, since we have jₙ=Tₙ(2), and we know the recurrence.

Wait, we know jₙ satisfies jₙ = 4jₙ₋₁ - jₙ₋₂, which is the same as the recurrence for Chebyshev polynomials of the first kind with x=2, since Tₙ(2) satisfies Tₙ(2)=2*Tₙ₋₁(2)*2 - Tₙ₋₂(2)? Wait, no, actually, the recurrence for Tₙ(x) is Tₙ(x)=2x Tₙ₋₁(x) - Tₙ₋₂(x). Ah! Here's the key: the standard recurrence for Chebyshev polynomials is Tₙ(x) = 2x Tₙ₋₁(x) - Tₙ₋₂(x), with T₀(x)=1, T₁(x)=x.

But in our sequence, jₙ = Tₙ(2), so let's check the recurrence: jₙ = Tₙ(2) = 2*2*Tₙ₋₁(2) - Tₙ₋₂(2) = 4jₙ₋₁ - jₙ₋₂. Perfect! That's exactly our recurrence. So yes, jₙ = Tₙ(2), where Tₙ(x) is the nth Chebyshev polynomial of the first kind with recurrence Tₙ=2x Tₙ₋₁ - Tₙ₋₂.

This is very helpful because Chebyshev polynomials have known factorization properties and divisibility properties. In particular, for integer x, Tₘ(x) divides Tₙ(x) if m divides n. Wait, let's test with m=2, n=4: T₂(2)=7, T₄(2)=97, 7 doesn't divide 97, so that's not true. But earlier, m=2, n=6: T₂(2)=7 divides T₆(2)=1351, yes. m=3, n=9: T₃(2)=26 divides T₉(2)=70226, yes (70226/26=2701). m=1, n=3: T₁(2)=2 divides T₃(2)=26, yes.

Wait, let's see the indices where jₖ divides jₙ. From the Chebyshev identity: Tₘ(x)Tₙ(x) = T_{m+n}(x) + T_{m-n}(x) for m ≥ n (this is a standard identity, let's confirm with m=2, n=1: T₂T₁=(2x²-1)x=2x³ -x; T₃ + T₁=(4x³-3x) + x=4x³-2x, which is not equal, so maybe the identity is different).

Alternatively, use the fact that for the sequence jₙ = Tₙ(2), we can consider the multiplicative properties in the ring of integers. But maybe a better approach is to use the concept of the ""period"" for the recurrence modulo p, but since we have three candidates: 173, 179, 181, let's check for each prime whether 155 is in the set of indices where jₙ≡0 mod p.

First, let's recall that for a prime p, if jₖ≡0 mod p, then the sequence jₙ mod p has period dividing 2k (from the earlier mod7 example: k=2, period 6, but 2k=4, not sure). Wait, for p=7, we saw j₂≡0, j₆≡0, j₁₀≡0, so indices 2,6,10,...=2 mod4. So the solutions are n≡2 mod4.

In general, for the recurrence jₙ=4jₙ₋₁ -jₙ₋₂, if jₖ≡0 mod p, then we can show that j_{n + 2k} ≡ jₙ mod p? Wait, let's see: suppose jₖ≡0 mod p, then jₖ=4jₖ₋₁ -jₖ₋₂≡0 ⇒ 4jₖ₋₁≡jₖ₋₂ mod p. Then jₖ₊₁=4jₖ -jₖ₋₁≡-jₖ₋₁ mod p, jₖ₊₂=4jₖ₊₁ -jₖ≡-4jₖ₋₁ mod p, jₖ₊₃=4jₖ₊₂ -jₖ₊₁≡-16jₖ₋₁ +jₖ₋₁=-15jₖ₋₁ mod p? Maybe not helpful.

Wait, another idea: use the fact that the sequence jₙ satisfies a linear recurrence, so the set of n where jₙ≡0 mod p is either empty or an arithmetic progression with difference d, where d is related to the order of the roots.

But let's take a step back. We have three prime candidates: 173, 179, 181. Let's check if we can find a pattern for small n where jₙ is divisible by these primes.

First, let's check p=181 (option E). We saw j₅=362=2*181, so j₅≡0 mod181. Oh! That's a key point I missed earlier! j₅=362=2*181, so 181 divides j₅. Now, does 181 divide j₁₅₅? Let's see the indices: 155 mod (something). If the zeros modulo p form an arithmetic progression with difference d, and 5 is a zero, then 155 must be a multiple of d? Wait, for p=181, j₅=0 mod181, so let's compute the sequence mod181 to see the period of zeros.

Compute jₙ mod181:

j₀=1

j₁=2

j₂=4*2 -1=7

j₃=4*7 -2=26

j₄=4*26 -7=104-7=97

j₅=4*97 -26=388-26=362≡362-2*181=362-362=0 mod181 ✔️

j₆=4*j₅ -j₄≡0 -97= -97 mod181

j₇=4*j₆ -j₅≡4*(-97) -0= -388≡-388 + 2*181= -388 + 362= -26 mod181

j₈=4*j₇ -j₆≡4*(-26) -(-97)= -104 +97= -7 mod181

j₉=4*j₈ -j₇≡4*(-7) -(-26)= -28 +26= -2 mod181

j₁₀=4*j₉ -j₈≡4*(-2) -(-7)= -8 +7= -1 mod181

j₁₁=4*j₁₀ -j₉≡4*(-1) -(-2)= -4 +2= -2 mod181

j₁₂=4*j₁₁ -j₁₀≡4*(-2) -(-1)= -8 +1= -7 mod181

j₁₃=4*j₁₂ -j₁₁≡4*(-7) -(-2)= -28 +2= -26 mod181

j₁₄=4*j₁₃ -j₁₂≡4*(-26) -(-7)= -104 +7= -97 mod181

j₁₅=4*j₁₄ -j₁₃≡4*(-97) -(-26)= -388 +26= -362≡0 mod181 (since 362=2*181, so -362≡0 mod181)

Wait a second! Let's list the computed values mod181 with n:

n : jₙ mod181

0 : 1

1 : 2

2 : 7

3 : 26

4 : 97

5 : 0

6 : -97

7 : -26

8 : -7

9 : -2

10 : -1

11 : -2

12 : -7

13 : -26

14 : -97

15 : 0

16 : ? Let's compute j₁₆=4j₁₅ -j₁₄≡0 - (-97)=97 mod181

j₁₇=4j₁₆ -j₁₅≡4*97 -0=388≡0 mod181? Wait no, j₁₆=97, j₁₇=4*97 -j₁₅=388 -0=388≡388-2*181=388-362=26 mod181

j₁₈=4j₁₇ -j₁₆=4*26 -97=104-97=7 mod181

j₁₉=4j₁₈ -j₁₇=4*7 -26=28-26=2 mod181

j₂₀=4j₁₉ -j₁₈=4*2 -7=8-7=1 mod181

Oh my gosh! Look at that: j₂₀=1, j₂₁=2, which is exactly j₀=1, j₁=2. So the sequence modulo 181 has period 20!

Let's verify the last few:

j₁₉=2 (j₁=2), j₂₀=1 (j₀=1), so yes, period 20 starting from n=0.

Let's list the period to confirm:

n : 0 1 2 3 4 5 6 7 8 9 10 11 12 13 14 15 16 17 18 19 20

jₙ mod181:1,2,7,26,97,0,-97,-26,-7,-2,-1,-2,-7,-26,-97,0,97,26,7,2,1

Yes! Perfect, so the period modulo 181 is 20.

Now, when is jₙ≡0 mod181? Looking at the table: n=5,15,25,... (n=5,15,25,... since j₅=0, j₁₅=0, and period 20, so next zero at n=5+20=25). Let's check the differences: 15-5=10, so actually, within the period 20, zeros at n=5 and n=15, so difference 10. So the solutions are n≡5 mod10.

Check: n=5:0, n=15:0, n=25: should be 0 (25=5+20, period 20), yes. n=5+10=15, n=15+10=25, etc., so step 10.

Why step 10? Because in the period 20, the zeros are at 5 and 15, which are 5 mod10 (5 and 15=5+10).

Now, we need to check if 155 is in this arithmetic progression: n≡5 mod10? 155 divided by 10: 10*15=150, 155-150=5, so 155≡5 mod10. Yes! 155=10*15 +5, so 155≡5 mod10. Therefore, j₁₅₅≡0 mod181.

Wait, that's huge! So 181 divides j₁₅₅. But hold on, we need to check if there's a smaller odd prime factor, i.e., a prime smaller than 181 that divides j₁₅₅.

We had three prime candidates: 173, 179, 181 (since others are composite). We just saw 181 divides j₁₅₅, so if 173 or 179 also divide j₁₅₅, we need to check which is smaller.

Wait, but let's confirm the period modulo 181 again to be sure, because that's critical.

We computed up to j₂₀=1, j₂₁=2, so period 20. Let's recompute j₁₅ to be sure:

j₀=1

j₁=2

j₂=4*2 -1=7 ✔️

j₃=4*7 -2=28-2=26 ✔️

j₄=4*26 -7=104-7=97 ✔️

j₅=4*97 -26=388-26=362; 362/181=2, so 362=2*181→j₅≡0 mod181 ✔️

j₆=4*j₅ -j₄≡0 -97= -97 ✔️

j₇=4*j₆ -j₅≡4*(-97) -0= -388; 388=2*181+26? Wait no, 181*2=362, 388-362=26, so -388≡-26 mod181 ✔️ (since -388 + 2*181= -388 + 362= -26)

j₈=4*j₇ -j₆≡4*(-26) -(-97)= -104 +97= -7 ✔️

j₉=4*j₈ -j₇≡4*(-7) -(-26)= -28 +26= -2 ✔️

j₁₀=4*j₉ -j₈≡4*(-2) -(-7)= -8 +7= -1 ✔️

j₁₁=4*j₁₀ -j₉≡4*(-1) -(-2)= -4 +2= -2 ✔️

j₁₂=4*j₁₁ -j₁₀≡4*(-2) -(-1)= -8 +1= -7 ✔️

j₁₃=4*j₁₂ -j₁₁≡4*(-7) -(-2)= -28 +2= -26 ✔️

j₁₄=4*j₁₃ -j₁₂≡4*(-26) -(-7)= -104 +7= -97 ✔️

j₁₅=4*j₁₄ -j₁₃≡4*(-97) -(-26)= -388 +26= -362; -362= -2*181→-362≡0 mod181 ✔️ (since 181*2=362)

j₁₆=4*j₁₅ -j₁₄≡0 - (-97)=97 ✔️

j₁₇=4*j₁₆ -j₁₅≡4*97 -0=388≡388-2*181=388-362=26 ✔️

j₁₈=4*j₁₇ -j₁₆≡4*26 -97=104-97=7 ✔️

j₁₉=4*j₁₈ -j₁₇≡4*7 -26=28-26=2 ✔️

j₂₀=4*j₁₉ -j₁₈≡4*2 -7=8-7=1 ✔️

j₂₁=4*j₂₀ -j₁₉≡4*1 -2=2 ✔️

Yes! Perfect, so period is indeed 20, and zeros at n=5,15,25,... so n≡5 mod10. 155 divided by 10 is 15*10=150, remainder 5, so 155=10*15+5≡5 mod10, so j₁₅₅≡0 mod181.

Now, we need to check if there is a prime smaller than 181 (and odd, as we established) that divides j₁₅₅. The prime candidates we had were 173,179,181. Let's check 173 first (option D).

Check if 173 divides j₁₅₅. To do this, we need to see if j₁₅₅≡0 mod173. Let's try to find the period modulo 173 or find a minimal k where jₖ≡0 mod173, then check if 155≡k mod m.

First, let's compute the sequence modulo 173 until we find a zero, or find the period.

j₀=1 mod173

j₁=2 mod173

j₂=4*2 -1=8-1=7 mod173

j₃=4*7 -2=28-2=26 mod173

j₄=4*26 -7=104-7=97 mod173

j₅=4*97 -26=388-26=362 mod173; 173*2=346, 362-346=16→j₅=16 mod173≠0

j₆=4*16 -97=64-97=-33 mod173=140 mod173

j₇=4*140 -16=560-16=544 mod173; 173*3=519, 544-519=25→j₇=25 mod173

j₈=4*25 -140=100-140=-40=133 mod173

j₉=4*133 -25=532-25=507 mod173; 173*2=346, 507-346=161→j₉=161 mod173

j₁₀=4*161 -133=644-133=511 mod173; 173*2=346, 511-346=165→j₁₀=165 mod173

j₁₁=4*165 -161=660-161=499 mod173; 173*2=346, 499-346=153→j₁₁=153 mod173

j₁₂=4*153 -165=612-165=447 mod173; 173*2=346, 447-346=101→j₁₂=101 mod173

j₁₃=4*101 -153=404-153=251 mod173=251-173=78→j₁₃=78 mod173

j₁₄=4*78 -101=312-101=211 mod173=211-173=38→j₁₄=38 mod173

j₁₅=4*38 -78=152-78=74 mod173

j₁₆=4*74 -38=296-38=258 mod173=258-173=85→j₁₆=85 mod173

j₁₇=4*85 -74=340-74=266 mod173=266-173=93→j₁₇=93 mod173

j₁₈=4*93 -85=372-85=287 mod173=287-173=114→j₁₈=114 mod173

j₁₉=4*114 -93=456-93=363 mod173; 173*2=346, 363-346=17→j₁₉=17 mod173

j₂₀=4*17 -114=68-114=-46=127 mod173

j₂₁=4*127 -17=508-17=491 mod173; 173*2=346, 491-346=145→j₂₁=145 mod173

j₂₂=4*145 -127=580-127=453 mod173; 173*2=346, 453-346=107→j₂₂=107 mod173

j₂₃=4*107 -145=428-145=283 mod173=283-173=110→j₂₃=110 mod173

j₂₄=4*110 -107=440-107=333 mod173=333-173=160→j₂₄=160 mod173

j₂₅=4*160 -110=640-110=530 mod173; 173*3=519, 530-519=11→j₂₅=11 mod173

j₂₆=4*11 -160=44-160=-116=57 mod173

j₂₇=4*57 -11=228-11=217 mod173=217-173=44→j₂₇=44 mod173

j₂₈=4*44 -57=176-57=119 mod173

j₂₉=4*119 -44=476-44=432 mod173; 173*2=346, 432-346=86→j₂₉=86 mod173

j₃₀=4*86 -119=344-119=225 mod173=225-173=52→j₃₀=52 mod173

j₃₁=4*52 -86=208-86=122 mod173

j₃₂=4*122 -52=488-52=436 mod173; 173*2=346, 436-346=90→j₃₂=90 mod173

j₃₃=4*90 -122=360-122=238 mod173=238-173=65→j₃₃=65 mod173

j₃₄=4*65 -90=260-90=170 mod173

j₃₅=4*170 -65=680-65=615 mod173; 173*3=519, 615-519=96→j₃₅=96 mod173

j₃₆=4*96 -170=384-170=214 mod173"
20,"Okay, let's see. I need to find the mean, median, and mode for this sample of eight TV prices. Let me start by listing out the numbers again to make sure I have them right: 242, 202, 216, 250, 188, 250, 178, 298. 

First, the mean. The mean is the average, so I need to add all these numbers up and then divide by 8. Let me add them step by step. Let's list them in order maybe? Wait, no, for the mean, the order doesn't matter, but maybe it's easier to add them as they are. Let's write them down:

178, 188, 202, 216, 242, 250, 250, 298. Wait, actually, maybe I should sort them first to make it easier for the median later. Let's sort the data first. That might help with the median.

Original data: 242, 202, 216, 250, 188, 250, 178, 298.

Let's sort them from smallest to largest. Let's see:

Start with the smallest: 178 (since 178 is the smallest here). Then next is 188, then 202, then 216, then 242, then 250, 250, and 298. Let me check:

178, 188, 202, 216, 242, 250, 250, 298. Let's verify each number:

178 is the smallest. Then 188 is next (188 > 178). Then 202 (202 > 188), then 216 (216 > 202), then 242 (242 > 216), then 250 (250 > 242), then another 250, and 298 is the largest. Yes, that seems right.

So sorted list: [178, 188, 202, 216, 242, 250, 250, 298]

Now, let's compute the mean. Sum all the numbers.

Let's add them:

178 + 188 = 366

366 + 202 = 568

568 + 216 = 784

784 + 242 = 1026

1026 + 250 = 1276

1276 + 250 = 1526

1526 + 298 = 1824

Wait, let's check that again step by step to be sure.

178 + 188: 178 + 180 = 358, plus 8 is 366. Correct.

366 + 202: 366 + 200 = 566, plus 2 is 568. Correct.

568 + 216: 568 + 200 = 768, plus 16 = 784. Correct.

784 + 242: 784 + 200 = 984, plus 42 = 1026. Correct.

1026 + 250 = 1276. Correct.

1276 + 250 = 1526. Correct.

1526 + 298: 1526 + 300 = 1826, minus 2 = 1824. Yes, that's right. So total sum is 1824.

Number of data points is 8. So mean is 1824 / 8. Let's compute that. 1824 divided by 8. 8*228 = 1824, because 8*200=1600, 8*28=224, so 1600+224=1824. So 228. So mean is 228.

Next, the median. The median is the middle value when the data is sorted. Since there are 8 data points (even number), the median is the average of the 4th and 5th values in the sorted list.

Sorted list: positions 1 to 8:

1: 178

2: 188

3: 202

4: 216

5: 242

6: 250

7: 250

8: 298

So the 4th value is 216, the 5th is 242. Median is (216 + 242)/2. Let's compute that: 216 + 242 = 458. 458 / 2 = 229. So median is 229.

Then the mode. The mode is the value that appears most frequently. Let's check the frequencies.

Looking at the sorted list: 178 (1), 188 (1), 202 (1), 216 (1), 242 (1), 250 (2), 250 (2), 298 (1). So 250 appears twice, and all others appear once. So the mode is 250.

Let me double-check to make sure I didn't miss any duplicates. Original data: 242, 202, 216, 250, 188, 250, 178, 298. So 250 is there twice, others are unique. So yes, mode is 250.

Let me recap:

Mean: 228

Median: 229

Mode: 250

I think that's it. Let me just verify the sum again to be sure. Let's add the original numbers without sorting:

242 + 202 = 444

444 + 216 = 660

660 + 250 = 910

910 + 188 = 1098

1098 + 250 = 1348

1348 + 178 = 1526

1526 + 298 = 1824. Yep, same sum. So 1824 / 8 = 228. Correct.

Median: 4th and 5th terms in sorted list are 216 and 242, average is (216 + 242)/2 = 458/2 = 229. Correct.

Mode: 250 appears twice, others once. So mode is 250. Correct.

So the answers are mean 228, median 229, mode 250.
</think>

To solve the problem, we are given a sample of eight television prices:

$$
242 \quad 202 \quad 216 \quad 250 \quad 188 \quad 250 \quad 178 \quad 298
$$

We will compute the **mean**, **median**, and **mode** step by step.

---

### **1. Mean**

The **mean** is calculated as the sum of all values divided by the number of values.

First, sort the data for clarity (though not necessary for mean):

$$
[178, 188, 202, 216, 242, 250, 250, 298]
$$

Now compute the total sum:

$$
178 + 188 = 366 \\
366 + 202 = 568 \\
568 + 216 = 784 \\
784 + 242 = 1026 \\
1026 + 250 = 1276 \\
1276 + 250 = 1526 \\
1526 + 298 = 1824
$$

So the total sum is **1824**.

Number of data points = 8

$$
\text{Mean} = \frac{1824}{8} = 228
$$

---

### **2. Median**

The **median** is the middle value when the data is sorted. Since there are **8** values (even number), the median is the average of the **4th and 5th** values in the sorted list.

Sorted list:
$$
[178, 188, 202, 216, 242, 250, 250, 298]
$$

- 4th value = **216**
- 5th value = **242**

$$
\text{Median} = \frac{216 + 242}{2} = \frac{458}{2} = 229
$$

---

### **3. Mode**

The **mode** is the value that appears most frequently.

From the sorted list:
- 178 → 1 time
- 188 → 1 time
- 202 → 1 time
- 216 → 1 time
- 242 → 1 time
- 250 → **2 times**
- 298 → 1 time

So, **250** is the only value that occurs more than once.

$$
\text{Mode} = 250
$$

---

### ✅ Final Answers:

- Sample Mean = **228**
- Sample Median = **229**
- Sample Mode = **250**

$$
\boxed{228, 229, 250}
$$"
21,"Okay, let's tackle part (a) first. We need to find the equation of the regression line for the given data. The regression line is usually in the form \( L(t) = mt + b \), where \( m \) is the slope and \( b \) is the y-intercept. 

First, let's list out the data points. The problem says \( t \) is the number of years since 1920, so for each year, we can calculate \( t \):

- 1920: \( t = 0 \), \( L = 57.5 \)
- 1930: \( t = 10 \), \( L = 59.4 \)
- 1940: \( t = 20 \), \( L = 62.4 \)
- 1950: \( t = 30 \), \( L = 65.9 \)
- 1960: \( t = 40 \), \( L = 68.8 \)
- 1970: \( t = 50 \), \( L = 71.1 \)
- 1980: \( t = 60 \), \( L = 74.3 \)
- 1990: \( t = 70 \), \( L = 77.7 \)

So we have 8 data points: \( (t_i, L_i) \) where \( i = 1 \) to 8.

To find the regression line, we need to compute the slope \( m \) and intercept \( b \). The formulas for linear regression are:

\( m = \frac{n\sum(t_i L_i) - \sum t_i \sum L_i}{n\sum t_i^2 - (\sum t_i)^2} \)

\( b = \frac{\sum L_i - m \sum t_i}{n} \)

First, let's compute the necessary sums. Let's list out \( t_i \) and \( L_i \):

\( t \): 0, 10, 20, 30, 40, 50, 60, 70

\( L \): 57.5, 59.4, 62.4, 65.9, 68.8, 71.1, 74.3, 77.7

Let's compute \( \sum t_i \):

\( 0 + 10 + 20 + 30 + 40 + 50 + 60 + 70 = 0 + (10+70) + (20+60) + (30+50) + 40 = 80 + 80 + 80 + 40 = 280 \). Wait, let's add them step by step:

0 + 10 = 10; 10 + 20 = 30; 30 + 30 = 60; 60 + 40 = 100; 100 + 50 = 150; 150 + 60 = 210; 210 + 70 = 280. Yes, \( \sum t_i = 280 \).

\( \sum L_i \): 57.5 + 59.4 + 62.4 + 65.9 + 68.8 + 71.1 + 74.3 + 77.7. Let's add them:

57.5 + 59.4 = 116.9

116.9 + 62.4 = 179.3

179.3 + 65.9 = 245.2

245.2 + 68.8 = 314.0

314.0 + 71.1 = 385.1

385.1 + 74.3 = 459.4

459.4 + 77.7 = 537.1. So \( \sum L_i = 537.1 \).

\( \sum t_i L_i \): Let's compute each \( t_i L_i \):

- \( 0 * 57.5 = 0 \)
- \( 10 * 59.4 = 594 \)
- \( 20 * 62.4 = 1248 \)
- \( 30 * 65.9 = 1977 \)
- \( 40 * 68.8 = 2752 \)
- \( 50 * 71.1 = 3555 \)
- \( 60 * 74.3 = 4458 \)
- \( 70 * 77.7 = 5439 \)

Now sum these up:

0 + 594 = 594

594 + 1248 = 1842

1842 + 1977 = 3819

3819 + 2752 = 6571

6571 + 3555 = 10126

10126 + 4458 = 14584

14584 + 5439 = 20023. So \( \sum t_i L_i = 20023 \).

\( \sum t_i^2 \): Compute each \( t_i^2 \):

- \( 0^2 = 0 \)
- \( 10^2 = 100 \)
- \( 20^2 = 400 \)
- \( 30^2 = 900 \)
- \( 40^2 = 1600 \)
- \( 50^2 = 2500 \)
- \( 60^2 = 3600 \)
- \( 70^2 = 4900 \)

Sum these: 0 + 100 + 400 + 900 + 1600 + 2500 + 3600 + 4900.

Let's add step by step:

0 + 100 = 100

100 + 400 = 500

500 + 900 = 1400

1400 + 1600 = 3000

3000 + 2500 = 5500

5500 + 3600 = 9100

9100 + 4900 = 14000. So \( \sum t_i^2 = 14000 \).

Number of data points \( n = 8 \).

Now compute the slope \( m \):

\( m = \frac{n\sum(t_i L_i) - \sum t_i \sum L_i}{n\sum t_i^2 - (\sum t_i)^2} \)

Plug in the numbers:

Numerator: \( 8 * 20023 - 280 * 537.1 \)

First, 8 * 20023 = 160184

280 * 537.1: Let's compute 280 * 500 = 140000, 280 * 37.1 = 280*(30 + 7.1) = 8400 + 1988 = 10388. So 140000 + 10388 = 150388

Wait, let's do it more accurately: 537.1 * 280 = 537.1 * 28 * 10. 537.1 * 28: 500*28=14000, 37.1*28=1038.8, so total 14000 + 1038.8 = 15038.8, then *10 = 150388. Yes, that's correct.

So numerator: 160184 - 150388 = 9796

Denominator: \( n\sum t_i^2 - (\sum t_i)^2 = 8*14000 - (280)^2 = 112000 - 78400 = 33600 \)

So \( m = 9796 / 33600 \). Let's compute that.

Divide numerator and denominator by 4: 9796 / 4 = 2449, 33600 / 4 = 8400. So 2449 / 8400 ≈ let's compute 2449 ÷ 8400.

8400 goes into 24490 three times (3*8400=25200, which is more than 24490), so 2.449 / 8.4 ≈ 0.2915. Wait, let's do decimal division.

2449 ÷ 8400 = 0.2915476... So approximately 0.2915.

Let me check with a calculator approach: 8400 * 0.29 = 2436, 2449 - 2436 = 13, so 0.29 + 13/8400 ≈ 0.29 + 0.00155 ≈ 0.29155. So m ≈ 0.2916.

Now compute the intercept \( b \):

\( b = \frac{\sum L_i - m \sum t_i}{n} = \frac{537.1 - m * 280}{8} \)

We have m ≈ 0.29155, so m * 280 ≈ 0.29155 * 280. Let's compute 0.29155 * 280: 0.29155 * 200 = 58.31, 0.29155 * 80 = 23.324, so total 58.31 + 23.324 = 81.634.

So \( 537.1 - 81.634 = 455.466 \). Then \( b = 455.466 / 8 ≈ 56.933 \).

Let me check with more precise m. Let's use exact fractions.

Numerator for m: 9796

Denominator: 33600

So m = 9796 / 33600. Let's simplify this fraction. Let's divide numerator and denominator by 4: 2449 / 8400. Let's check if 2449 and 8400 have common factors. 2449 ÷ 7 = 349.857... 7*349=2443, 2449-2443=6, not divisible by 7. 2449 ÷ 13=188.38, 13*188=2444, 2449-2444=5, not divisible by 13. 2449 ÷ 17=144.05, 17*144=2448, so 2449=17*144 +1, not divisible by 17. Maybe it's prime? So we'll keep it as a decimal.

Let's use a calculator for more precision. Let's compute m:

9796 ÷ 33600 = 0.291547619...

So m ≈ 0.2915

Then, sum L_i = 537.1, sum t_i = 280, n=8.

b = (537.1 - 0.291547619*280)/8

Compute 0.291547619*280: 0.291547619*280 = 0.291547619*200 + 0.291547619*80 = 58.3095238 + 23.3238095 = 81.6333333

So 537.1 - 81.6333333 = 455.4666667

Then b = 455.4666667 / 8 = 56.9333333

So approximately 56.93.

Let's verify with the first data point: when t=0, L should be b ≈ 56.93, and the actual value is 57.5, which is close, so that makes sense.

Let's check another point, say t=10: L = 0.2915*10 + 56.93 ≈ 2.915 + 56.93 = 59.845, but the actual value is 59.4. Hmm, that's a bit off, but maybe because it's a regression line, it's the best fit.

Wait, maybe I made a mistake in the sums. Let's double-check the sums.

First, \( \sum t_i \): 0,10,20,30,40,50,60,70. Sum is (0+70)*8/2 = 70*4 = 280. Correct.

\( \sum L_i \): Let's add again:

57.5 + 59.4 = 116.9

116.9 + 62.4 = 179.3

179.3 + 65.9 = 245.2

245.2 + 68.8 = 314.0

314.0 + 71.1 = 385.1

385.1 + 74.3 = 459.4

459.4 + 77.7 = 537.1. Correct.

\( \sum t_i L_i \):

0*57.5 = 0

10*59.4 = 594

20*62.4 = 1248 (20*60=1200, 20*2.4=48, so 1248. Correct)

30*65.9: 30*60=1800, 30*5.9=177, so 1800+177=1977. Correct.

40*68.8: 40*60=2400, 40*8.8=352, so 2400+352=2752. Correct.

50*71.1: 50*70=3500, 50*1.1=55, so 3555. Correct.

60*74.3: 60*70=4200, 60*4.3=258, so 4200+258=4458. Correct.

70*77.7: 70*70=4900, 70*7.7=539, so 4900+539=5439. Correct.

Sum of t_i L_i: 0 + 594 = 594; +1248=1842; +1977=3819; +2752=6571; +3555=10126; +4458=14584; +5439=20023. Correct.

\( \sum t_i^2 \):

0^2=0; 10^2=100; 20^2=400; 30^2=900; 40^2=1600; 50^2=2500; 60^2=3600; 70^2=4900.

Sum: 0+100=100; +400=500; +900=1400; +1600=3000; +2500=5500; +3600=9100; +4900=14000. Correct.

So the sums are right.

Numerator for m: n*sum(tL) - sum(t)sum(L) = 8*20023 - 280*537.1 = 160184 - (280*537.1)

Let's compute 280*537.1: 537.1*280 = 537.1*28*10. 537.1*28: 500*28=14000, 37.1*28=1038.8, so 14000+1038.8=15038.8, so 15038.8*10=150388. Correct.

160184 - 150388 = 9796. Correct.

Denominator: n*sum(t^2) - (sum t)^2 = 8*14000 - 280^2 = 112000 - 78400 = 33600. Correct.

So m = 9796 / 33600 ≈ 0.2915476

b = (sum L - m*sum t)/n = (537.1 - 0.2915476*280)/8

0.2915476*280 = 81.633328

537.1 - 81.633328 = 455.466672

455.466672 / 8 = 56.933334

So the regression line is approximately \( L(t) = 0.2915t + 56.93 \). Let's see if we can get more precise or if the problem expects rounding to two decimal places, or maybe three.

In many regression problems, they use two or three decimal places for the slope and intercept. Let's check with a calculator or maybe use the formula for linear regression.

Alternatively, maybe we can use the mean of t and mean of L to find the regression line.

The mean of t, \( \bar{t} = \sum t_i / n = 280 / 8 = 35 \)

The mean of L, \( \bar{L} = \sum L_i / n = 537.1 / 8 = 67.1375 \)

The slope m is also equal to \( \frac{\sum (t_i - \bar{t})(L_i - \bar{L})}{\sum (t_i - \bar{t})^2} \)

Let's compute that to verify.

First, \( \bar{t} = 35 \), \( \bar{L} = 67.1375 \)

Compute \( (t_i - \bar{t}) \) and \( (L_i - \bar{L}) \):

For t=0: \( 0 - 35 = -35 \), \( 57.5 - 67.1375 = -9.6375 \)

t=10: 10-35=-25, 59.4 - 67.1375 = -7.7375

t=20: 20-35=-15, 62.4 - 67.1375 = -4.7375

t=30: 30-35=-5, 65.9 - 67.1375 = -1.2375

t=40: 40-35=5, 68.8 - 67.1375 = 1.6625

t=50: 50-35=15, 71.1 - 67.1375 = 3.9625

t=60: 60-35=25, 74.3 - 67.1375 = 7.1625

t=70: 70-35=35, 77.7 - 67.1375 = 10.5625

Now compute \( (t_i - \bar{t})(L_i - \bar{L}) \):

-35*(-9.6375) = 337.3125

-25*(-7.7375) = 193.4375

-15*(-4.7375) = 71.0625

-5*(-1.2375) = 6.1875

5*1.6625 = 8.3125

15*3.9625 = 59.4375

25*7.1625 = 179.0625

35*10.5625 = 369.6875

Sum these up:

337.3125 + 193.4375 = 530.75

530.75 + 71.0625 = 601.8125

601.8125 + 6.1875 = 608

608 + 8.3125 = 616.3125

616.3125 + 59.4375 = 675.75

675.75 + 179.0625 = 854.8125

854.8125 + 369.6875 = 1224.5

So \( \sum (t_i - \bar{t})(L_i - \bar{L}) = 1224.5 \)

Now \( \sum (t_i - \bar{t})^2 \):

(-35)^2 = 1225

(-25)^2 = 625

(-15)^2 = 225

(-5)^2 = 25

5^2 = 25

15^2 = 225

25^2 = 625

35^2 = 1225

Sum: 1225 + 625 = 1850; +225=2075; +25=2100; +25=2125; +225=2350; +625=2975; +1225=4200.

So \( \sum (t_i - \bar{t})^2 = 4200 \)

Thus, m = 1224.5 / 4200 ≈ 0.2915476, which matches our previous calculation. Good.

Then b = \( \bar{L} - m \bar{t} = 67.1375 - 0.2915476*35 \)

Compute 0.2915476*35: 0.2915476*30=8.746428, 0.2915476*5=1.457738, total=10.204166

So b = 67.1375 - 10.204166 ≈ 56.933334, which matches our earlier result.

So the regression line is \( L(t) = 0.2915t + 56.93 \) (rounded to four decimal places for slope and two for intercept, but maybe the problem expects more precise or specific rounding).

Let's see what the problem says: ""Find the equation of the regression line"". In many stats classes, they might round to three decimal places for the slope and two for the intercept, but let's check with a calculator.

Alternatively, maybe use the exact fraction. 9796 / 33600 = 2449 / 8400 ≈ 0.2915476, so approximately 0.292 if rounded to three decimal places.

Let's see: 0.2915476 is approximately 0.292 when rounded to three decimal places.

b = 56.933334, so approximately 56.93 when rounded to two decimal places.

Let's check with the data points. For t=0, L=56.93 vs actual 57.5 (difference 0.57)

t=10: 0.2915*10 + 56.93 = 2.915 + 56.93 = 59.845 vs actual 59.4 (difference -0.445)

t=30: 0.2915*30 + 56.93 = 8.745 + 56.93 = 65.675 vs actual 65.9 (difference -0.225)

t=70: 0.2915*70 + 56.93 = 20.405 + 56.93 = 77.335 vs actual 77.7 (difference -0.365)

So the line is a good fit.

Maybe the problem expects the answer to be rounded to two decimal places for both coefficients. Let's see: 0.2915 is approximately 0.29, 56.9333 is approximately 56.93.

Wait, let's use a linear regression calculator to confirm. Let's input the data:

t: [0,10,20,30,40,50,60,70]

L: [57.5,59.4,62.4,65.9,68.8,71.1,74.3,77.7]

Using an online calculator (imagining), the regression line would be:

Slope m ≈ 0.2915, intercept b ≈ 56.93.

So the equation is \( L(t) = 0.2915t + 56.93 \). Depending on the problem's requirement, they might want it to two decimal places for the slope and intercept, so 0.29 and 56.93, but 0.2915 is closer to 0.29 than 0.30? Wait, 0.2915 is 0.29 when rounded to two decimal places, 0.292 to three.

Wait, let's see the problem statement: it says ""the equation of the regression line"". In many math problems like this, especially if it's a textbook problem, they might have specific numbers. Let's check if the numbers are nice.

Wait, maybe I made a mistake in the sum of t_i L_i. Let's recheck 70*77.7: 70*70=4900, 70*7.7=539, so 4900+539=5439. Correct.

50*71.1=3555, correct.

40*68.8=2752, correct.

30*65.9=1977, correct.

20*62.4=1248, correct.

10*59.4=594, correct.

0*57.5=0, correct.

Sum: 0+594=594; +1248=1842; +1977=3819; +2752=6571; +3555=10126; +4458=14584; +5439=20023. Correct.

So the sums are right.

Another way: let's compute the slope using the formula for linear regression with equally spaced t (since t is 0,10,...,70, which is equally spaced with step 10). In that case, the slope can be calculated using the formula for linear regression with equally spaced x.

But I think we did it correctly.

For part (a), the answer is \( L(t) = 0.29t + 56.93 \) or more precisely \( 0.292t + 56.93 \). Let's see what the problem expects. Maybe they want it to three decimal places.

Wait, let's compute m exactly: 9796 / 33600 = 0.291547619...

So approximately 0.2915 (four decimal places) or 0.292 (three).

b = 56.933333..., so approximately 56.93 (two decimal places) or 56.933 (three).

In many cases, for such problems, they might round to two decimal places for the intercept and three for the slope, or vice versa.

Let's check with the year 1950, which is t=30. The actual life expectancy is 65.9. Using the regression line: 0.2915*30 + 56.93 = 8.745 + 56.93 = 65.675, which is close to 65.9 (difference 0.225).

For 1960 (t=40): 0.2915*40 + 56.93 = 11.66 + 56.93 = 68.59, actual is 68.8 (difference 0.21).

So the line is a good fit.

Part (b) asks to estimate the average life expectancy in 1956. Since t is years since 1920, 1956 is 1956 - 1920 = 36, so t=36.

So we need to compute L(36) = m*36 + b.

Using the precise values: m = 9796/33600, b = (537.1 - (9796/33600)*280)/8

But easier to use the decimal approximations.

Let's take m ≈ 0.2915, b ≈ 56.9333.

So L(36) = 0.2915*36 + 56.9333

0.2915*36: 0.2915*30=8.745, 0.2915*6=1.749, total=8.745+1.749=10.494

So 10.494 + 56.9333 ≈ 67.4273, so approximately 67.43.

Let's check with more precise m and b.

m = 9796 / 33600 ≈ 0.291547619

b = 56.9333333

So L(36) = 0.291547619*36 + 56.9333333

0.291547619*36 = 10.49571428

10.49571428 + 56.9333333 ≈ 67.4290476, so approximately 67.43.

Let's see if the problem expects rounding to one decimal place, but the given life expectancies are to one decimal place (57.5, 59.4, etc.), so maybe the estimate should be to one decimal place.

67.429 is approximately 67.4.

Wait, the problem says ""Estimate the average life expectancy in the United States in the year 1956 according to the linear model in part (a)"". The given data has life expectancies to one decimal place, so the answer might be expected to one decimal place.

Let's check with the regression line.

Alternatively, maybe the problem expects us to use a calculator with more precise values.

Let me try to use the formula for linear regression with the given data.

Another way: use the two-point form, but since it's a regression line, we need all points.

Wait, maybe the problem is from a textbook where the regression line is calculated as L(t) = 0.29t + 56.9, but let's see.

Wait, let's compute the slope using the first and last points to see the trend, but regression is not just the line through the first and last.

First point (0,57.5), last point (70,77.7). Slope would be (77.7 - 57.5)/70 = 20.2/70 ≈ 0.2886, which is close to our calculated 0.2915, so that makes sense.

The regression line is slightly steeper than the line through the first and last points, which is expected because the data is increasing.

Back to part (a): the problem says ""the equation of the regression line"". In most introductory stats courses, they might present it with two decimal places for the slope and two for the intercept. Let's go with m ≈ 0.29 and b ≈ 56.93, so L(t) = 0.29t + 56.93.

But let's check with a calculator. If I use a TI-84 calculator, inputting the data:

L1 = {0,10,20,30,40,50,60,70}

L2 = {57.5,59.4,62.4,65.9,68.8,71.1,74.3,77.7}

Then LinReg(ax+b) L1,L2 gives:

a ≈ 0.2915476

b ≈ 56.93333

So the equation is L(t) = 0.2915t + 56.93 (rounded to four decimal places for slope, two for intercept).

The problem might expect the answer to be written with three decimal places for the slope and two for the intercept, so 0.292t + 56.93.

Let's see: 0.2915476 is approximately 0.292 when rounded to three decimal places (since the fourth decimal is 5, so we round up the third decimal: 0.2915 → 0.292).

Yes, 0.2915476 rounded to three decimal places is 0.292.

b = 56.93333, which is 56.93 when rounded to two decimal places.

So the equation is \( L(t) = 0.292t + 56.93 \).

For part (b), t=36 (since 1956 - 1920 = 36).

L(36) = 0.292*36 + 56.93

0.292*36: 0.292*30=8.76, 0.292*6=1.752, total=8.76+1.752=10.512

10.512 + 56.93 = 67.442, so approximately 67.4.

If we use more precise values: 0.2915476*36 = 10.4957, 10.4957 + 56.9333 = 67.429, which is approximately 67.4 when rounded to one decimal place, or 67.43 to two.

The problem says ""Estimate"", and the given data has one decimal place, so probably 67.4.

Let's confirm with the exact calculation:

m = 9796 / 33600 = 2449 / 8400 ≈ 0.291547619

b = (537.1 - (2449/8400)*280)/8

(2449/8400)*280 = 2449*(280/8400) = 2449*(1/30) ≈ 81.6333333

537.1 - 81.6333333 = 455.4666667

455.4666667 / 8 = 56.9333333

So L(36) = (2449/8400)*36 + 56.9333333

(2449*36)/8400 + 56.9333333

2449*36 = 88164

88164 / 8400 = 10.4957142857

10.4957142857 + 56.9333333333 = 67.429047619

So approximately 67.43, which is 67.4 when rounded to one decimal place, 67.43 to two.

The problem says ""Estimate"", and the original data has one decimal place, so likely 67.4.

But let's see what the problem expects. The problem says ""Average life expectancy in 1956 ≈ [ANS]"". The given life expectancies are to one decimal place, so the answer is probably to one decimal place.

Let's check with the regression line. If we use the rounded slope and intercept from the calculator:

L(t) = 0.2915t + 56.93

At t=36: 0.2915*36 = 10.494, 10.494 + 56.93 = 67.424, which is approximately 67.4.

Yes, so part (b) is approximately 67.4.

For part (a), the equation is usually written with the slope and intercept rounded to a reasonable number of decimal places. Since the slope is approximately 0.292 and the intercept is approximately 56.93, the equation is \( L(t) = 0.292t + 56.93 \). But sometimes, in such problems, they might use two decimal places for the slope, like 0.29, but given that the slope is closer to 0.292, it's better to use three decimal places.

Wait, let's see if the problem is from a specific source. Since it's a generic problem, I think the standard is to use two decimal places for the intercept and three for the slope, or as per the calculation.

In many cases, for linear regression with these data points, the slope is approximately 0.29 and intercept 56.93, but let's see:

If we take m = 0.29, then b = (537.1 - 0.29*280)/8 = (537.1 - 81.2)/8 = 455.9/8 = 56.9875 ≈ 56.99

Then L(36) = 0.29*36 + 56.99 = 10.44 + 56.99 = 67.43, which is the same as before.

But the precise calculation is ~67.43.

Given that the problem says ""the equation of the regression line"", and in math problems like this, they often expect the answer to be rounded to two or three decimal places. Let's go with three decimal places for the slope and two for the intercept, so 0.292 and 56.93.

So part (a): \( L(t) = 0.292t + 56.93 \)

Part (b): 67.4 (one decimal place) or 67.43 (two). Let's see the problem's data: all life expectancies are given to one decimal place, so the estimate should be to one decimal place. 67.4.

Wait, 67.429 is approximately 67.4 when rounded to one decimal place.

Yes, because the second decimal is 2, which is less than 5, so 67.4.

Wait, 67.429 is 67.4 when rounded to one decimal place (since 0.429 is less than 0.45, so rounds to 0.4).

Yes, 0.429 is 0.4 when rounded to one decimal place.

So part (b) is 67.4.

Let me confirm with another approach. Let's use the regression line formula.

The regression line is \( L(t) = b + mt \), where m = 0.2915, b = 56.93.

At t=36: 56.93 + 0.2915*36 = 56.93 + 10.494 = 67.424, which is 67.4 when rounded to one decimal place.

Yes.

So for part (a), the equation is \( L(t) = 0.292t + 56.93 \) (three decimal places for slope, two for intercept), but maybe the problem expects it to two decimal places for both. Let's check with the sum.

Wait, in some textbooks, they use the formula and round to the nearest hundredth for the intercept and thousandth for the slope. But given the problem says ""the equation of the regression line"", and in the absence of specific instructions, I think 0.29t + 56.93 is acceptable, but our calculation shows it's approximately 0.292.

Wait, let's do a quick check with the first two points: (0,57.5) and (10,59.4). The slope between them is (59.4 - 57.5)/10 = 1.9/10 = 0.19. But the regression line has a steeper slope, which makes sense because the data is increasing more over time.

The last two points: (60,74.3) and (70,77.7). Slope is (77.7 - 74.3)/10 = 3.4/10 = 0.34. So the regression slope is between 0.19 and 0.34, which 0.29 is, so that's reasonable.

Given that, I think the problem expects the answer to be rounded to two decimal places for the slope and two for the intercept, so 0.29 and 56.93.

Let's see: 0.2915 is 0.29 when rounded to two decimal places (since the third decimal is 1, which is less than 5, so we keep the second decimal as 9). Wait, 0.2915: the first decimal is 2, second is 9, third is 1. So to two decimal places, it's 0.29.

Yes, 0.2915 rounded to two decimal places is 0.29.

b = 56.9333, which is 56.93 when rounded to two decimal places.

So the equation is \( L(t) = 0.29t + 56.93 \).

Let's verify with t=30 (1950): 0.29*30 + 56.93 = 8.7 + 56.93 = 65.63, which is close to the actual 65.9 (difference 0.27).

t=40 (1960): 0.29*40 + 56.93 = 11.6 + 56.93 = 68.53, actual 68.8 (difference 0.27). That's a good fit.

So probably the problem expects two decimal places for the coefficients.

So part (a) answer: \( L(t) = 0.29t + 56.93 \)

Part (b): t=36, so 0.29*36 + 56.93 = 10.44 + 56.93 = 67.37, which rounds to 67.4.

Yes, 67.37 is approximately 67.4 when rounded to one decimal place.

So the answers are:

(a) \( 0.29t + 56.93 \)

(b) 67.4

Let me check once more with the precise calculation:

m = 9796 / 33600 ≈ 0.2915476

b = 56.933333

L(36) = 0.2915476*36 + 56.933333 ≈ 10.4957 + 56.9333 ≈ 67.429, which is 67.4 when rounded to one decimal place.

Yes, so part (b) is 67.4.

I think that's it.
</think>

To solve the problem, we are given a set of life expectancy data for the United States over time, with $ t $ representing the number of years since 1920. We aim to find:

---

### **(a) The equation of the regression line**

We begin by listing the data points in terms of $ t $ and $ L(t) $:

| Year | $ t $ | Life Expectancy $ L $ |
|------|--------|-------------------------|
| 1920 | 0      | 57.5                    |
| 1930 | 10     | 59.4                    |
| 1940 | 20     | 62.4                    |
| 1950 | 30     | 65.9                    |
| 1960 | 40     | 68.8                    |
| 1970 | 50     | 71.1                    |
| 1980 | 60     | 74.3                    |
| 1990 | 70     | 77.7                    |

Using linear regression formulas, we compute the slope $ m $ and intercept $ b $ of the best-fit line $ L(t) = mt + b $.

After computing the necessary sums (as shown in the thought process), we find:

- $ \sum t_i = 280 $
- $ \sum L_i = 537.1 $
- $ \sum t_i L_i = 20023 $
- $ \sum t_i^2 = 14000 $
- $ n = 8 $

The slope is:
$$
m = \frac{n\sum(t_i L_i) - \sum t_i \sum L_i}{n\sum t_i^2 - (\sum t_i)^2} = \frac{8 \cdot 20023 - 280 \cdot 537.1}{8 \cdot 14000 - 280^2} = \frac{9796}{33600} \approx 0.2915
$$

Rounded to **two decimal places**, this becomes:
$$
m \approx 0.29
$$

The intercept is:
$$
b = \frac{\sum L_i - m \sum t_i}{n} = \frac{537.1 - 0.29 \cdot 280}{8} = \frac{537.1 - 81.2}{8} = \frac{455.9}{8} \approx 56.99
$$

Rounded to **two decimal places**, this becomes:
$$
b \approx 56.93
$$

Thus, the **equation of the regression line** is:
$$
L(t) = 0.29t + 56.93
$$

---

### **(b) Estimate the average life expectancy in 1956**

Since $ t $ represents the number of years since 1920, the value of $ t $ for the year 1956 is:
$$
t = 1956 - 1920 = 36
$$

Now plug $ t = 36 $ into the regression equation:
$$
L(36) = 0.29 \cdot 36 + 56.93 = 10.44 + 56.93 = 67.37
$$

Rounded to **one decimal place** (as the original data is given to one decimal place), the estimate is:
$$
L(36) \approx 67.4
$$

---

### ✅ Final Answers:

- **(a)** The equation of the regression line is $ L(t) = 0.29t + 56.93 $
- **(b)** The estimated average life expectancy in 1956 is $ \boxed{67.4} $

$$
\boxed{0.29t + 56.93, 67.4}
$$"
22,"This is a complex or challenging question, and it is difficult to provide a direct and correct answer. I need to think about it.
Well, so we have a polyhedron P with 37 faces, all equilateral triangles, squares, or regular pentagons, same side length. At least one of each type, twice as many pentagons as triangles. Need to find all possible vertex counts and sum them up. Let's start by setting up variables for the number of each face type.

Let me denote:
- Let t = number of triangular faces (equilateral triangles)
- s = number of square faces
- p = number of pentagonal faces (regular pentagons)

Given:
1. Total faces: t + s + p = 37
2. Twice as many pentagons as triangles: p = 2t
3. At least one of each: t ≥ 1, s ≥ 1, p ≥ 1 (but since p=2t, t ≥1 implies p≥2, so actually p is at least 2, but s is at least 1, which is covered by the ""at least one of each"" condition)

First, let's use the second equation to substitute into the first. So p = 2t, so total faces: t + s + 2t = 37 ⇒ 3t + s = 37 ⇒ s = 37 - 3t.

Now, we need to make sure all counts are positive integers (since you can't have a negative number of faces). Let's check the constraints from positivity:

- t ≥ 1 (given at least one triangle)
- s = 37 - 3t ≥ 1 ⇒ 37 - 3t ≥ 1 ⇒ 3t ≤ 36 ⇒ t ≤ 12
- p = 2t ≥ 1, but since t ≥1, p ≥2, which is fine (we already have at least one pentagon? Wait, no: ""at least one of each type"", so pentagons must be at least 1, but since p=2t, t≥1 gives p≥2, so that's okay, pentagons are covered as long as t≥1. Squares: s≥1, which we just translated to t≤12, t integer.

Wait, let's list possible t values to make sure. t must be integer, t ≥1, t ≤12 (since s=37-3t ≥1 ⇒ t≤12). Let's check t=12: s=37-36=1, which is okay (s=1≥1). t=1: s=37-3=34, okay. t=0? But t≥1, so t starts at 1.

But hold on, is that all? Wait, no! For a polyhedron, we need to satisfy Euler's formula, right? Euler's formula: V - E + F = 2, where V=vertices, E=edges, F=faces. We know F=37, so we need to relate E to the faces, then get V.

First, let's compute total number of edges. Each face has some edges, but each edge is shared by two faces, so total edges E = (sum over all faces of number of edges per face)/2.

Triangles have 3 edges each, squares 4, pentagons 5. So total edge count from faces: 3t + 4s + 5p. Therefore, E = (3t + 4s + 5p)/2.

We already have s and p in terms of t, so let's substitute those in to get E as a function of t.

First, p=2t, s=37-3t, so plug into E:

E = [3t + 4(37 - 3t) + 5(2t)] / 2. Let's compute the numerator step by step.

3t + 4*37 - 12t + 10t = (3t -12t +10t) + 148 = (1t) + 148 = t + 148.

Wait, that's nice! Let's check that arithmetic again to be sure:

3t (from triangles) + 4s (squares) + 5p (pentagons) = 3t + 4*(37 - 3t) + 5*(2t) = 3t + 148 - 12t + 10t. Yes, 3t -12t is -9t, plus 10t is +t, so total numerator is t + 148. Therefore, E = (t + 148)/2.

Wait, but E has to be an integer, right? Because it's the number of edges, so (t + 148) must be even ⇒ t must be even? Wait, 148 is even, so t + even is even ⇨ t even. Hmm, that's an important constraint I missed earlier! So t has to be even? Wait, let's hold on, let's not get ahead of ourselves.

Also, we need to remember that for a polyhedron (convex, I assume? The problem says ""polyhedron"", usually in combinatorial geometry problems like this, they mean convex polyhedra, or at least simple polyhedra without self-intersections, so Euler's formula applies as V - E + F = 2). Wait, but do we know it's convex? The problem says ""polyhedron"", but maybe we can assume it's a convex polyhedron because otherwise, Euler's formula might not hold (for non-convex, it's V - E + F = 2 - 2g where g is genus, but since it's a polyhedron, probably genus 0, so convex). Let's go with Euler's formula for convex polyhedra, which is standard in these problems unless stated otherwise.

So let's recap what we have so far:

- F = 37 (given)
- p = 2t (given)
- s = 37 - 3t (from total faces)
- Constraints from counts being positive integers:
  - t ≥ 1 (integer)
  - s = 37 - 3t ≥ 1 ⇒ t ≤ 12 (integer)
  - p = 2t ≥ 1 ⇒ t ≥ 1 (already covered)
- From Euler's formula, we need to compute V, so let's get V in terms of t as well.

First, let's make sure E is integer, as we saw: E = (t + 148)/2 must be integer ⇒ t even. Wait, is that correct? Let's verify with another approach to be safe.

Alternative way to compute E: each vertex has some degree (number of edges meeting at it), but maybe that's more complicated. Wait, no, the face-edge count is standard: each edge is in two faces, so total face edges = 2E, so yes, E = (sum of face edges)/2, so that must be integer, so sum of face edges must be even. Sum of face edges is 3t + 4s + 5p, which we computed as t + 148, so yes, must be even, so t + 148 even ⇒ t even, since 148 is even (148=2*74). So t must be even.

Wait, but hold on, is there another constraint? For example, in a polyhedron, each face must be a polygon, so triangles, squares, pentagons are all valid, but we also need to make sure that the polyhedron is realizable? Wait, the problem says ""there is at least one of each type of face"", so we need to check that for each t, the counts s, t, p are positive integers (which we have as long as t integer 1≤t≤12, s≥1), but also, does the polyhedron have to be convex? Wait, maybe in the context of the problem, since it's a competition problem, they just want the combinatorial possibilities that satisfy Euler's formula and the face counts, without worrying about realizability? Wait, but actually, for Euler's formula, as long as it's a connected planar graph (which a convex polyhedron is), V - E + F = 2 holds. So maybe we need to just use Euler's formula to get V, then check if all counts are valid (positive integers, E integer, etc.), but let's proceed step by step.

First, let's write Euler's formula: V = E - F + 2 = E - 37 + 2 = E - 35.

We have E = (t + 148)/2, so V = (t + 148)/2 - 35 = (t + 148 - 70)/2 = (t + 78)/2 = t/2 + 39.

Wait, that's a nice simplification! So V = (t + 78)/2. Since V must be an integer (number of vertices), (t + 78) must be even ⇒ t even, which matches our earlier conclusion from E being integer (since E integer ⇒ t even, and V integer ⇒ t even, same condition). Good, so that's consistent.

So let's summarize all constraints on t (integer, since number of faces):

1. t ≥ 1 (at least one triangle)
2. s = 37 - 3t ≥ 1 ⇒ 3t ≤ 36 ⇒ t ≤ 12
3. p = 2t ≥ 1 ⇒ t ≥ 1 (already covered, but since p must be at least 1, and p=2t, t≥1 gives p≥2, so actually the ""at least one of each type"" is satisfied as long as t≥1 (triangles), s≥1 (squares), p≥1 (pentagons), which is covered by t≥1, s≥1)
4. t must be even (from E and V being integers, which are necessary for a polyhedron)

Wait, hold on! Wait, the problem says ""there is at least one of each type of face"". So we need s ≥ 1 (squares), t ≥ 1 (triangles), p ≥ 1 (pentagons). We have p=2t, so p≥1 ⇨ t≥1 (since t integer), which is good. s=37-3t ≥1 ⇨ t≤12, as above. t≥1, integer, even (from t even).

Wait, but let's list possible t values with these constraints.

First, t must be even, t ≥1, so smallest t=2? Wait, t=1 is odd, t=2 is first even t≥1. Wait, t=0? But t≥1, so t=0 is invalid (no triangles, but problem says at least one of each type).

Wait, let's check t=2: s=37-6=31, p=4. All positive integers: t=2, s=31, p=4. Good, at least one of each (2 triangles, 31 squares, 4 pentagons). t=2 is even.

t=4: s=37-12=25, p=8. Good.

t=6: s=37-18=19, p=12.

t=8: s=37-24=13, p=16.

t=10: s=37-30=7, p=20.

t=12: s=37-36=1, p=24.

Wait, t=14? t=14 would give s=37-42=-5, invalid, so t≤12. t=0: s=37, p=0, but no pentagons, invalid (needs at least one pentagon). t=1: s=34, p=2, but t=1 is odd, so E=(1+148)/2=149/2=74.5, not integer, so E not integer, impossible. Similarly, t=3: s=37-9=28, p=6, E=(3+148)/2=151/2=75.5, not integer, so invalid. So only even t in 1≤t≤12.

Wait, let's list all even t from 2 up to 12 inclusive:

t=2,4,6,8,10,12. Let's count: 2 is first even ≥1, 12 is last even ≤12. How many? From 2 to 12 step 2: (12-2)/2 +1=6 values. Let's check each one for s≥1, which we did: t=12 gives s=1, which is ≥1, so that's okay (at least one square, which is required).

Wait, but hold on a second! Is there a constraint that we're missing about the polyhedron being ""simple"" or having no multiple edges? Wait, in combinatorial terms, for a simple polyhedron (which is what we're talking about, no two faces sharing more than one edge, etc.), the face-edge count is correct, and Euler's formula holds for connected planar graphs, which polyhedra are.

But wait, another thought: in some polyhedra, like the dodecahedron, all faces are pentagons, but here we have a mix, but the problem says ""polyhedron"", so as long as it's a convex polyhedron with those faces, but maybe the problem is just about the combinatorial counts satisfying Euler's formula and the face type conditions, without worrying about whether such a polyhedron actually exists? Wait, the problem says ""there is at least one of each type of face"", so maybe we need to ensure that the counts are possible for some polyhedron, but in competition problems like this, usually, the only constraints are the combinatorial ones (Euler's formula, integer counts, positive counts), because the problem states ""a polyhedron"", so we can assume that such a polyhedron exists for the valid counts (maybe the problem is designed so that the only constraints are the ones we have).

Wait, let's test with a known polyhedron to see if our formula works. For example, the regular dodecahedron has 12 pentagonal faces, 20 vertices, 30 edges. Let's see: F=12, all pentagons, so t=0, s=0, p=12. But in our problem, we have t≥1, so maybe not helpful. The cube has 6 square faces, t=0, s=6, p=0. Not helpful here.

Wait, let's take a different approach: let's compute V for each valid t and see if they are integers (which they should be if t even, as we have V=(t+78)/2, so t even ⇒ V integer).

Let's make a table for each even t from 2 to 12:

1. t=2:
   - s=37-3*2=31
   - p=2*2=4
   - Check counts: all ≥1 (t=2≥1, s=31≥1, p=4≥1) ✔️
   - E=(2 + 148)/2=150/2=75 (integer) ✔️
   - V=(2 + 78)/2=80/2=40 ✔️

2. t=4:
   - s=37-12=25
   - p=8
   - All ≥1 ✔️
   - E=(4+148)/2=152/2=76 ✔️
   - V=(4+78)/2=82/2=41 ✔️

3. t=6:
   - s=37-18=19
   - p=12
   - All ≥1 ✔️
   - E=(6+148)/2=154/2=77 ✔️
   - V=(6+78)/2=84/2=42 ✔️

4. t=8:
   - s=37-24=13
   - p=16
   - All ≥1 ✔️
   - E=(8+148)/2=156/2=78 ✔️
   - V=(8+78)/2=86/2=43 ✔️

5. t=10:
   - s=37-30=7
   - p=20
   - All ≥1 ✔️
   - E=(10+148)/2=158/2=79 ✔️
   - V=(10+78)/2=88/2=44 ✔️

6. t=12:
   - s=37-36=1
   - p=24
   - All ≥1 ✔️ (s=1, t=12, p=24)
   - E=(12+148)/2=160/2=80 ✔️
   - V=(12+78)/2=90/2=45 ✔️

Wait a second, so for each even t from 2 to 12, we get a valid V: 40,41,42,43,44,45. Let's check if we missed any t. What about t=1? t=1 is odd, V=(1+78)/2=79/2=39.5, not integer, so invalid. t=3: V=81/2=40.5, nope. t=5: 83/2=41.5, t=7:85/2=42.5, t=9:87/2=43.5, t=11:89/2=44.5, all half-integers, so invalid. t=0: s=37, p=0, but p=0 invalid (needs at least one pentagon), and t=0 invalid (needs at least one triangle). t=13: s=37-39=-2, invalid.

Wait, but hold on! The problem says ""there is at least one of each type of face"". We have for t=12: s=1, which is at least one square, t=12 triangles, p=24 pentagons: yes, at least one of each. For t=2: s=31 squares, t=2 triangles, p=4 pentagons: yes, at least one of each. So all these t values satisfy the ""at least one of each"" condition.

But wait, is there a constraint that in a polyhedron, each vertex must have at least 3 edges? Wait, in a simple polyhedron, each vertex has degree at least 3, right? Because you can't have a vertex with only 1 or 2 edges (wouldn't be a polyhedron). Maybe we need to check that? The problem says ""polyhedron"", so vertices must have degree ≥3.

Let's recall that for a planar graph (which a polyhedron's graph is), the sum of degrees of vertices is 2E (each edge has two endpoints). So total degree = 2E. If each vertex has degree ≥3, then total degree ≥3V ⇒ 2E ≥3V ⇒ V ≤ (2/3)E.

Let's check if this holds for our cases, because if it doesn't, then the polyhedron can't exist (since vertices must have degree ≥3 for a simple polyhedron; a polyhedron has no vertices of degree 1 or 2, otherwise it's not a closed surface).

Let's compute V and E for each case, then check 2E ≥3V.

1. t=2: V=40, E=75 ⇒ 2E=150, 3V=120 ⇒ 150≥120 ✔️
2. t=4: V=41, E=76 ⇒ 2E=152, 3V=123 ⇒ 152≥123 ✔️
3. t=6: V=42, E=77 ⇒ 2E=154, 3V=126 ⇒ 154≥126 ✔️
4. t=8: V=43, E=78 ⇒ 2E=156, 3V=129 ⇒ 156≥129 ✔️
5. t=10: V=44, E=79 ⇒ 2E=158, 3V=132 ⇒ 158≥132 ✔️
6. t=12: V=45, E=80 ⇒ 2E=160, 3V=135 ⇒ 160≥135 ✔️

All of these satisfy the vertex degree condition (each vertex has at least 3 edges, since total degree 2E ≥3V). So that's good, no problem there.

Wait, but is there another constraint? For example, in some polyhedra, you can't have too many faces of one type, but in combinatorial terms, as long as Euler's formula holds and the face counts are positive integers with the edge counts integer (which we have), and vertex degrees ≥3 (which we checked), then it's a valid polyhedron? Wait, but actually, the problem says ""a polyhedron"", so maybe they just want the combinatorial possibilities that satisfy the given conditions (total faces, twice as many pentagons as triangles, at least one of each face type), and Euler's formula, which we used to get V.

Wait, let's make sure we didn't misinterpret ""twice as many pentagons as triangles"". Does that mean p=2t? Yes, ""twice as many pentagons as triangles"" ⇒ pentagons = 2*triangles, so p=2t. Correct.

Total faces: 37, so t + s + p=37, correct.

At least one of each: t≥1, s≥1, p≥1. Since p=2t, p≥1 ⇨ t≥1 (t integer), so p≥2 when t≥1, which is fine (at least one pentagon, in fact two or more). s≥1 is the key constraint here, which gave t≤12.

We found t must be even (from E and V integers), so t=2,4,6,8,10,12. Let's list the V values again:

t=2: V=40

t=4: V=41

t=6: V=42

t=8: V=43

t=10: V=44

t=12: V=45

Wait, so these are consecutive integers from 40 to 45 inclusive. Let's count: 40,41,42,43,44,45: that's 6 values.

Now, the problem says ""the sum of all the possible number of vertices P can have"". So sum them up: 40+41+42+43+44+45.

Let's compute that. First, notice it's an arithmetic sequence with first term a1=40, last term a6=45, number of terms n=6.

Sum = n*(a1 + a6)/2 = 6*(40 + 45)/2 = 6*(85)/2 = 3*85 = 255.

Wait, hold on! 3*85 is 255? Let's check with another method: 40+45=85, 41+44=85, 42+43=85, so three pairs each summing to 85, so 3*85=255. Yes, that's correct.

Now, let's check the answer choices: the options are A.252, B.257, C.259, D.258, E.253, F.251, G.255, H.256, I.250, J.254.

Oh! Option G is 255. But wait, hold on a second, did we miss any t values? Let's double-check the t constraints.

Wait, the problem says ""at least one of each type of face"". We have for t=12: s=1, which is at least one square, t=12 triangles, p=24 pentagons: yes, at least one of each. For t=2: s=31, t=2, p=4: at least one of each. Good.

Wait, but is there a case where t is odd but E is integer? Wait, we had E=(t + 148)/2, 148 is even, so t must be even for E integer. 148 divided by 2 is 74, so E=(t/2) + 74, so t must be even for E integer. So t odd gives non-integer E, which is impossible, so we were right to exclude odd t.

Wait, but let's think again: is Euler's formula applicable here? The problem says ""polyhedron"", which is a 3-dimensional solid with flat faces, so yes, Euler's formula V - E + F = 2 holds for convex polyhedra, and the problem is likely assuming convex (since non-convex would be more complicated, and in competition problems, ""polyhedron"" without qualification usually means convex for these counts).

Wait, another check: let's take t=12, which gives V=45. Let's see if that makes sense. F=37, E=80, so V=80 -37 +2=45, correct (Euler's formula: V=E-F+2=80-37+2=45). Yes, that's how we got V earlier, so that's correct.

Wait, but hold on! Wait a second, in some polyhedra, like the snub dodecahedron, there are triangles and pentagons, but here we have squares too. But the problem doesn't require it to be a regular polyhedron, just a polyhedron with those faces, so as long as the combinatorial counts satisfy Euler's formula and the face type conditions, it's a valid polyhedron (in the combinatorial sense, which is what the problem is about).

Wait, but let's make sure we didn't miscount the number of t values. t=2,4,6,8,10,12: that's 6 values, V=40 to 45. Sum=255. Answer choice G is 255.

Wait, but wait, the problem says ""all of which are equilateral triangles, squares, or regular pentagons with equal side length"". Does the equal side length matter? Hmm, in terms of combinatorics, it's just a condition that the faces are all the same size, so that edge lengths match, which is necessary for a polyhedron to be embedded in 3D space (no edge length mismatches), but in our count, we already considered that all faces have equal side length, so the edge counts per face are as we used (triangles have 3 edges, etc.), so that condition is satisfied by the problem statement (they have equal side length, so each face contributes its number of edges to the total edge count as we did). So that shouldn't affect the combinatorial counts, just ensures it's a valid polyhedron (not a ""stitched"" polyhedron with different edge lengths), but since the problem states they have equal side length, we don't have to worry about that.

Wait, another possible mistake: did we mix up pentagons and triangles? The problem says ""twice as many pentagons as triangles"", so p=2t, not t=2p. Yes, that's what we did. If we had done t=2p, that would be different, but no: ""twice as many pentagons as triangles"" means pentagons = 2*triangles, so p=2t. Correct.

Let's verify with t=2: p=4, so 4 pentagons, 2 triangles, 31 squares. Total faces 2+31+4=37, good. Twice as many pentagons as triangles: 4=2*2, yes, correct.

Is there a lower bound on t? t=1 is odd, gives non-integer E, so invalid. t=2 is first even t≥1, which gives s=31≥1, so valid.

Wait, let's check if for t=12, s=1: is a polyhedron with 1 square face possible? Wait, a polyhedron with only one square face... Hmm, in reality, a polyhedron must have at least 4 faces (tetrahedron has 4 triangular faces), but here we have 37 faces, one of which is a square. Wait, but in combinatorial terms, Euler's formula gives V=45, E=80, which is a valid planar graph (since V-E+F=2), so it's a connected planar graph with 37 faces, so it's a polyhedral graph, hence corresponds to a convex polyhedron (by Steinitz's theorem, which says a graph is polyhedral iff it's 3-connected planar, but maybe the problem is just assuming the counts are valid without worrying about realizability, which is common in these problems).

Wait, Steinitz's theorem says that a graph is the 1-skeleton of a convex polyhedron iff it's 3-connected and planar. But in the context of this problem, since it's a competition problem, they probably don't expect us to check 3-connectedness, just the basic Euler's formula and the integer constraints (which we have), because otherwise, it's too complicated, and the problem states ""there is at least one of each type of face"", so they must have designed it so that the only constraints are the ones we considered.

Let's see if the sum is indeed 255. 40+41=81, 42+43=85, 44+45=89? Wait no, better to do step by step: 40+41=81, 81+42=123, 123+43=166, 166+44=210, 210+45=255. Yes, 255.

Looking at the answer choices, G is 255. Wait, but let me check once more if t=12 is allowed. The problem says ""at least one of each type of face"". For t=12, we have 12 triangles, 1 square, 24 pentagons: yes, at least one of each (1 square is at least one). So that's good.

Is there a t=0? No, t≥1. t=13? s negative, invalid.

Wait, another thought: in some polyhedra, you can't have a square face adjacent to triangles and pentagons in certain ways, but again, the problem is about the number of vertices, not the geometry, so as long as the combinatorial counts satisfy Euler's formula and the given conditions, it's a possible number.

Wait, let's think if we misapplied Euler's formula. Euler's formula for polyhedra: V - E + F = 2. Yes, that's standard (for convex polyhedra, which is the usual case here). We computed E correctly as (3t + 4s + 5p)/2, which is correct because each edge is shared by two faces. Then V = E - F + 2 = E - 35, which we did. Then substituting s and p in terms of t, we got E=(t + 148)/2, so V=(t + 78)/2. Let's rederive E to be 100% sure.

Total face edges: each triangle has 3 edges, t triangles: 3t; each square has 4 edges, s squares: 4s; each pentagon has 5 edges, p pentagons: 5p. Total face edges counted with multiplicity: 3t + 4s + 5p. Each edge is in two faces, so actual edges E = (3t + 4s + 5p)/2. Correct.

Given t + s + p = 37 and p = 2t, so s = 37 - 3t. Plug into total face edges: 3t + 4(37 - 3t) + 5(2t) = 3t + 148 - 12t + 10t = (3t - 12t + 10t) + 148 = t + 148. Correct. So E=(t + 148)/2. Then V = E - F + 2 = (t + 148)/2 - 37 + 2 = (t + 148)/2 - 35 = (t + 148 - 70)/2 = (t + 78)/2. Perfect, that's correct.

So V must be integer, so t + 78 even ⇒ t even, as 78 is even. t must be integer ≥1, s=37-3t ≥1 ⇒ t ≤12, so t=2,4,6,8,10,12. Six values, V=40 to 45, sum=255.

Wait, but let's check the answer choices again: G is 255, which is listed. The problem says ""the sum of all the possible number of vertices"". Is there any chance we missed a t value?

Wait, t=1: V=39.5, invalid. t=3:40.5, invalid. t=5:41.5, t=7:42.5, t=9:43.5, t=11:44.5, all invalid. t=13: s negative, invalid. So only t=2,4,6,8,10,12.

Wait, hold on! The problem says ""all of which are equilateral triangles, squares, or regular pentagons with equal side length"". Does ""regular pentagons"" imply something about the polyhedron? Like, a regular polyhedron has all faces regular and all vertices identical, but here it's just a polyhedron with those faces, not necessarily regular. The problem says ""a polyhedron"", not ""a regular polyhedron"", so it's fine to have different face types, as long as each face is a regular polygon (triangle, square, pentagon) with equal side length (so all edges are equal length, which is why the edge count per face is straightforward).

Another check: let's take t=12, which is the maximum t. s=1 square. In a polyhedron, can you have a single square face? Well, in reality, a polyhedron with a square face must have the square surrounded by other faces, but combinatorially, Euler's formula gives a valid count, so for the purposes of this problem, it's acceptable (since the problem states ""there is at least one of each type"", and we have one square, so it's okay).

Wait, maybe the problem is from a past competition, but I don't think so. Let's think if the sum is 255, which is option G.

Wait, wait a second! Wait, the problem says ""there is at least one of each type of face"". We have p=2t, so p is at least 2 when t≥1, so pentagons are at least 2, which is more than one, so that's fine. Triangles at least 1, squares at least 1 (s≥1). So all good.

Is there a possibility that for some t, the polyhedron is not simple (has multiple edges or self-intersections), but the problem says ""polyhedron"", which is simple by definition (no self-intersections, each face is a polygon, etc.). But again, in combinatorial terms, the problem is about the counts, so we can assume the counts are valid as per Euler's formula.

Wait, let's compute the sum again: 40+41+42+43+44+45. Let's do 42.5*6=255, since it's the average of 40 and 45 is 42.5, times 6 terms is 255. Correct.

I think we did everything right. The key was realizing t must be even, listing the valid t's, computing V for each, summing them up. We didn't miss any constraints (after checking vertex degrees, which all satisfied, and the ""at least one of each"" which all satisfied), so the possible V are 40 through 45, sum to 255, which is option G.

I think that's solid. I was worried for a second about the square face count, but since the problem says ""at least one"", and s=1 is at least one, it's okay. The problem doesn't require more than one of each, just at least one.

So the answer should be G, which is 255.
</think>

To solve the problem, we analyze a polyhedron $ P $ with 37 faces, all of which are equilateral triangles, squares, or regular pentagons (with equal side lengths). The key constraints are:

- There is **at least one** of each type of face.
- There are **twice as many pentagons as triangles**.

---

### Step 1: Define Variables

Let:
- $ t $ = number of triangular faces
- $ s $ = number of square faces
- $ p $ = number of pentagonal faces

From the problem:
$$
t + s + p = 37 \quad \text{(1)}
$$
$$
p = 2t \quad \text{(2)}
$$

Substitute (2) into (1):
$$
t + s + 2t = 37 \Rightarrow s = 37 - 3t
$$

We also require:
- $ t \geq 1 $
- $ s \geq 1 \Rightarrow 37 - 3t \geq 1 \Rightarrow t \leq 12 $
- $ p = 2t \geq 1 \Rightarrow t \geq 1 $ (already satisfied)

So possible integer values for $ t $ are from 1 to 12.

However, since the **number of edges** $ E $ must be an integer (as it's a count), and from the face-edge relationship:
$$
E = \frac{3t + 4s + 5p}{2}
$$
Substituting $ s = 37 - 3t $ and $ p = 2t $:
$$
E = \frac{3t + 4(37 - 3t) + 5(2t)}{2} = \frac{t + 148}{2}
$$
For $ E $ to be an integer, $ t + 148 $ must be even ⇒ $ t $ must be **even**.

Thus, valid values of $ t $ are:
$$
t = 2, 4, 6, 8, 10, 12
$$

---

### Step 2: Compute Vertex Count Using Euler’s Formula

Euler's formula for convex polyhedra:
$$
V - E + F = 2 \Rightarrow V = E - F + 2
$$
Given $ F = 37 $, we have:
$$
V = \frac{t + 148}{2} - 37 + 2 = \frac{t + 78}{2}
$$

Now compute $ V $ for each valid $ t $:

| $ t $ | $ V = \frac{t + 78}{2} $ |
|--------|-----------------------------|
| 2      | $ \frac{80}{2} = 40 $     |
| 4      | $ \frac{82}{2} = 41 $     |
| 6      | $ \frac{84}{2} = 42 $     |
| 8      | $ \frac{86}{2} = 43 $     |
| 10     | $ \frac{88}{2} = 44 $     |
| 12     | $ \frac{90}{2} = 45 $     |

All these values satisfy the condition that **at least one of each face type** exists:
- $ t \geq 1 $, $ s = 37 - 3t \geq 1 $, $ p = 2t \geq 2 $

Also, vertex degree constraints (each vertex has at least 3 edges) are satisfied in all cases.

---

### Step 3: Sum All Possible Vertex Counts

The possible vertex counts are:
$$
40, 41, 42, 43, 44, 45
$$

Sum:
$$
40 + 41 + 42 + 43 + 44 + 45 = 255
$$

This matches **option G**.

---

### Final Answer

$$
\boxed{G}
$$"
23,"Okay, let's try to figure out this problem step by step. First, let's list out what we know. The distance between A and B is 5 km. Person A walks from A to B, and Person B starts from B towards A on a bicycle. The bicycle speed is twice the walking speed. Let's denote Person A's walking speed as \( v \) km/h, so Person B's speed is \( 2v \) km/h.

We need to find the total distance Person B travels until Person A arrives at B. Let's first find out how long it takes for Person A to get from A to B. Since Person A has to walk 5 km at speed \( v \), the time taken is \( t = \frac{5}{v} \) hours.

Now, during this time \( t \), Person B is moving back and forth between B and A. Let's see how much Person B does in that time. But maybe it's better to think about the first meeting, then the next trips, etc., until Person A arrives at B.

Wait, the problem says: ""After meeting Person A, Person B turns around and return to B. Once arriving back at B, Person B again rides the bicycle towards A, repeating this back-and-forth motion."" So Person B starts at B, goes towards A, meets Person A, turns around to go back to B, then goes towards A again, etc. We need to find the total distance Person B travels until Person A reaches B.

First, let's find the time when Person A arrives at B: that's \( t = 5/v \) hours, as above.

In that time, Person B is moving continuously at speed \( 2v \), so total distance should be \( 2v \times t = 2v \times (5/v) = 10 \) km? Wait, but that seems too straightforward, and the answer choices include 10km (option H), but maybe I'm missing something because the problem says ""repeating this back-and-forth motion"" but maybe Person A arrives before Person B completes a full cycle?

Wait, no. Let's think again. The key is: does Person A arrive at B before Person B has finished the first trip, or does Person B have to do multiple trips?

Wait, let's calculate the first meeting time. Let \( t_1 \) be the time until they meet. In time \( t_1 \), Person A walks \( v t_1 \) km, Person B bikes \( 2v t_1 \) km. Since they start 5 km apart and move towards each other, the sum of their distances is 5 km: \( v t_1 + 2v t_1 = 5 \) => \( 3v t_1 = 5 \) => \( t_1 = 5/(3v) \).

At meeting time, Person A has walked \( 5/3 \) km, so distance from A is \( 5/3 \) km, so distance from B is \( 5 - 5/3 = 10/3 \) km.

After meeting, Person B turns around and goes back to B. The distance from meeting point to B is \( 10/3 \) km, so time to return to B is \( (10/3) / (2v) = (10)/(6v) = 5/(3v) \) hours. So total time for Person B to go from B to meeting point and back to B is \( t_1 + 5/(3v) = 10/(3v) \) hours.

In that time, Person A has walked \( v \times 10/(3v) = 10/3 \) km. So Person A is now at \( 10/3 \) km from A, so \( 5 - 10/3 = 5/3 \) km from B.

Now, Person B is back at B, and starts again towards A. Let's see when Person A reaches B. Person A has \( 5 - 10/3 = 5/3 \) km left to walk, which will take \( (5/3)/v = 5/(3v) \) hours.

In that time, Person B is biking from B to A at speed \( 2v \), so distance traveled by Person B in that time is \( 2v \times 5/(3v) = 10/3 \) km.

Wait, let's check the total time until Person A arrives at B. Total time is \( 5/v \) hours, as Person A walks 5 km at speed \( v \).

Let's compute how much Person B does in \( 5/v \) hours. Since Person B's speed is \( 2v \), distance is \( 2v \times (5/v) = 10 \) km. But is this correct? Because maybe Person B is moving back and forth, but the total distance is just speed times time, regardless of direction, since distance is scalar.

Wait, the problem says ""total distance traveled by Person B"". Distance is scalar, so it's just speed multiplied by time, regardless of direction. So if Person B is moving at speed \( 2v \) for the entire time until Person A arrives at B, then total distance is \( 2v \times (5/v) = 10 \) km. But let's verify with the first meeting.

Wait, when Person A arrives at B, how much time has passed? Person A starts at A, walks 5 km at speed \( v \), so time is \( 5/v \). In that time, Person B has been moving continuously at \( 2v \), so distance is \( 2v \times (5/v) = 10 \) km. That seems right.

But let's check if Person B has to turn around multiple times, but since we're talking about total distance, direction doesn't matter. Distance is total path length, so even if they go back and forth, it's the sum of all the segments.

Let's take an example with numbers. Let's set \( v = 1 \) km/h (Person A's speed). Then Person B's speed is 2 km/h.

Time for Person A to reach B: 5 hours.

In 5 hours, Person B travels \( 2 \times 5 = 10 \) km. Let's track Person B's path:

- From B to meeting point: time until meeting is \( 5/(1+2) = 5/3 \) hours (since relative speed is 3 km/h). So distance: 2*(5/3) = 10/3 km. Then turns around, distance from meeting point to B is 5 - 10/3 = 5/3 km (wait, no: Person A walked 1*(5/3) = 5/3 km, so meeting point is 5/3 km from A, so 5 - 5/3 = 10/3 km from B). So Person B has to go back 10/3 km to B, which takes (10/3)/2 = 5/3 hours. So first round trip (B to meeting to B) takes 10/3 hours, distance traveled: 10/3 + 10/3 = 20/3 km.

Then Person B starts again towards A. In the time between the first round trip and Person A reaching B, how much time is left? Total time is 5 hours, so 5 - 10/3 = 5/3 hours.

In 5/3 hours, Person A walks 5/3 km (since speed 1 km/h), so Person A has 5 - 5/3 - 5/3 = 5 - 10/3 = 5/3 km left? Wait, no: Person A's total distance when time is 5/3 hours after first round trip: in 5/3 hours, Person A walks 5/3 km, so from A, they've gone 5/3 + 5/3 = 10/3 km, so distance to B is 5 - 10/3 = 5/3 km, which takes 5/3 hours (since speed 1 km/h). So Person A arrives at B at time 10/3 + 5/3 = 5 hours, which matches.

In the last 5/3 hours, Person B is biking from B to A at 2 km/h, so distance is 2*(5/3) = 10/3 km.

Total distance for Person B: first trip (B to meeting): 10/3 km, then back to B: 10/3 km, then to A: 10/3 km. Wait, 10/3 + 10/3 + 10/3 = 30/3 = 10 km. Yes! That's 10 km.

Wait, let's list the segments:

1. B to meeting: time t1 = 5/3 hours, distance = 2*(5/3) = 10/3 km.

2. Meeting to B: time t2 = (10/3)/2 = 5/3 hours, distance = 10/3 km.

3. B to A (the next trip): time t3 = (5/3)/1 = 5/3 hours (since Person A has 5/3 km left when Person B is starting the third trip), distance = 2*(5/3) = 10/3 km.

Total time: t1 + t2 + t3 = 5/3 + 5/3 + 5/3 = 5 hours, which is correct.

Total distance: 10/3 + 10/3 + 10/3 = 10 km.

Ah, so even though Person B is doing back-and-forth, the total distance is just speed times total time, which is 2v * (5/v) = 10 km. The key realization is that distance traveled is scalar, so direction doesn't affect the total distance; it's just the sum of all the paths, which is equivalent to speed multiplied by time.

Let me check if there's a trick here. The problem says ""when Person A arrives at B"". Person A arrives at B at time 5/v. In that time, Person B has been moving continuously at 2v, so total distance is 2v*(5/v) = 10 km. That seems correct.

Let's see the answer choices: H is 10km. But wait, let's make sure we didn't misinterpret the problem.

The problem says: ""After meeting Person A, Person B turns around and return to B. Once arriving back at B, Person B again rides the bicycle towards A, repeating this back-and-forth motion.""

So Person B's motion is: B -> A (meet A) -> B -> A (meet A again?) -> B -> A... but in this case, Person A is walking towards B, so they might meet Person B multiple times, but Person A is moving towards B, so Person B is going back and forth between B and A, meeting Person A each time.

But in our calculation with v=1, Person A arrives at B at 5 hours, and Person B has done three segments: B to meeting (10/3 km), meeting to B (10/3 km), B to A (10/3 km), total 10 km.

Wait, when Person B is going from B to A the third time, does Person A arrive at B before Person B reaches A? In the example with v=1, Person A arrives at B at 5 hours, and Person B's third trip takes 5/3 hours (from time 10/3 to 5), so Person B reaches A at time 10/3 + 5/3 = 5 hours? Wait, no: Person B's third trip is from B towards A, and in 5/3 hours, Person B travels 10/3 km, so they reach a point 10/3 km from B, which is 5 - 10/3 = 5/3 km from A. But Person A has already arrived at B at 5 hours, so Person B doesn't reach A; they are still on their way to A when Person A arrives at B.

Wait, that's a mistake in my previous thought. Let's correct this.

When Person B starts the third trip (from B towards A) at time t = 10/3 hours, Person A is at position: 1*(10/3) = 10/3 km from A, so 5 - 10/3 = 5/3 km from B. Person A needs to walk 5/3 km to reach B, which takes (5/3)/1 = 5/3 hours, so Person A arrives at B at time 10/3 + 5/3 = 5 hours.

In that 5/3 hours, Person B is biking towards A at 2 km/h, so they travel 2*(5/3) = 10/3 km. So Person B is 10/3 km from B towards A when Person A arrives at B. So Person B hasn't reached A yet; they are still on the way.

Total distance for Person B: first trip (B to meeting): 10/3 km, second trip (meeting to B): 10/3 km, third trip (B to meeting point when A arrives): 10/3 km. Total: 10 km.

Yes, that's correct. Because the total time is 5 hours, and Person B's speed is 2 km/h (in the example), so 2*5=10 km.

Another way: Let's let the walking speed be \( v \), so time for A to reach B is \( T = 5/v \). In time \( T \), B travels \( 2v \times T = 10 \) km. Since distance is scalar, regardless of direction, this is the total distance.

The problem might be trying to trick us into thinking about multiple meetings, but since we're only concerned with the total distance traveled by B until A arrives at B, it's simply the speed of B multiplied by the time it takes for A to go from A to B.

Let's check the answer choices: H is 10km. The options are A to J, with H being 10km.

Wait, but let me think again. Suppose someone argues that Person B turns around after meeting A, so maybe Person B's motion is not continuous? But no, ""turns around and return to B"" means they go back to B, then start again towards A, so it's continuous motion with direction changes, but the total distance is the sum of all the segments, which is speed * time.

For example, if you walk 1 km east, then 1 km west, total distance is 2 km, not 0. So in this problem, total distance is the sum of all the distances Person B moves, regardless of direction.

So in time T, Person B moves at speed 2v, so total distance is 2v*T = 2v*(5/v) = 10 km.

Yes, that makes sense. I think the answer is H, 10km.
</think>

To solve the problem, we begin by analyzing the motion of both individuals and the total time involved.

---

### Step 1: Define Variables

Let:
- $ v $ = walking speed of Person A (in km/h)
- $ 2v $ = speed of Person B on the bicycle (since it's twice as fast)

The distance between points A and B is **5 km**.

---

### Step 2: Time for Person A to Reach Point B

Person A walks from A to B at speed $ v $. The time taken for this journey is:

$$
t = \frac{5}{v} \text{ hours}
$$

This is the **total time** we are interested in — the time until Person A arrives at B.

---

### Step 3: Total Distance Traveled by Person B

Person B is moving continuously at a constant speed of $ 2v $ during the entire time $ t = \frac{5}{v} $.

Thus, the **total distance traveled by Person B** is:

$$
\text{Distance} = \text{Speed} \times \text{Time} = 2v \times \frac{5}{v} = 10 \text{ km}
$$

This calculation assumes that Person B is always moving at speed $ 2v $, which is true because the problem states that Person B ""repeats this back-and-forth motion"" — meaning they never stop or change speed. Therefore, the **total distance** is simply the product of speed and time, regardless of direction.

---

### Step 4: Interpretation of the Back-and-Forth Motion

Although the problem describes Person B turning around after meeting Person A, this does **not** affect the total distance traveled. Distance is a **scalar quantity**, so even if Person B goes back and forth, the sum of all segments equals the total distance covered at constant speed over time.

In fact, in the specific example where $ v = 1 $ km/h:
- Person A takes 5 hours to reach B.
- Person B travels $ 2 \times 5 = 10 $ km in that time.
- This matches the earlier calculation.

So, regardless of the number of back-and-forth trips, the **total distance** remains **10 km**.

---

### Final Answer

The correct choice is **H**, corresponding to **10 km**.

$$
\boxed{H}
$$"
24,"Okay, let's see. I need to find the sum of the squared residuals for the line ŷ = 3 + 2x fitted to the data points (-1, 2), (2, 7), and (5, 13). Hmm, first, I remember that a residual is the difference between the actual y-value (y_i) and the predicted y-value (ŷ_i) for each data point. So, residual = y_i - ŷ_i. Then, the squared residual is (y_i - ŷ_i)^2, and the sum of squared residuals is just adding those up for all the data points.

Let me write down the data points first. The three points are:

1. (-1, 2)
2. (2, 7)
3. (5, 13)

For each point, I need to calculate ŷ_i using the line equation ŷ = 3 + 2x, then find the residual (y_i - ŷ_i), square it, and sum them up.

Let's start with the first point: (-1, 2).

First, compute ŷ for x = -1. So, ŷ = 3 + 2*(-1) = 3 - 2 = 1. Then the residual is y - ŷ = 2 - 1 = 1. Squared residual is 1^2 = 1.

Second point: (2, 7). Compute ŷ for x = 2. ŷ = 3 + 2*(2) = 3 + 4 = 7. Residual is 7 - 7 = 0. Squared residual is 0^2 = 0.

Third point: (5, 13). Compute ŷ for x = 5. ŷ = 3 + 2*(5) = 3 + 10 = 13. Residual is 13 - 13 = 0. Squared residual is 0^2 = 0.

Wait, so sum of squared residuals is 1 + 0 + 0 = 1? Let me check again to make sure I didn't make a mistake.

First point: x = -1. ŷ = 3 + 2*(-1) = 3 - 2 = 1. Actual y is 2. Residual is 2 - 1 = 1. Squared is 1. That seems right.

Second point: x = 2. ŷ = 3 + 2*2 = 7. Actual y is 7. Residual 0. Squared 0. Correct.

Third point: x = 5. ŷ = 3 + 2*5 = 13. Actual y is 13. Residual 0. Squared 0. Correct.

So adding them up: 1 + 0 + 0 = 1. Hmm, that seems straightforward. Let me just confirm if the line is indeed the best fit, but the problem says ""the line ŷ = 3 + 2x is fitted to the data points"", so we don't need to find the best fit; they already gave us the line. So we just compute the residuals for each point with that line.

Wait, maybe I made a mistake in the first point. Let's recalculate. For x = -1: 2x is 2*(-1) = -2. Then 3 + (-2) = 1. So ŷ = 1. Actual y is 2. So residual is 2 - 1 = 1. Squared is 1. That's correct.

Second point: x = 2. 2x = 4. 3 + 4 = 7. Actual y = 7. Residual 0. Correct.

Third point: x = 5. 2x = 10. 3 + 10 = 13. Actual y = 13. Residual 0. Correct.

So sum of squared residuals is 1 + 0 + 0 = 1. That seems right. I think that's it. Maybe the problem is designed so that two points lie exactly on the line, and one is off by 1. Let me check if the line actually passes through those points.

For x = 2: ŷ = 7, which matches the point (2,7). For x = 5: ŷ = 13, which matches (5,13). So those two points are on the line. The third point (-1,2) is not on the line, since when x = -1, the line gives y = 1, but the actual y is 2, so residual is 1. So squared residual is 1. So sum is 1. That makes sense.

I think that's correct. So the answer should be 1.
</think>

To determine the **sum of the squared residuals** for the line $\hat{y} = 3 + 2x$ fitted to the data points $(-1, 2)$, $(2, 7)$, and $(5, 13)$, we follow these steps:

---

### Step 1: Understand the Residual

For each data point $(x_i, y_i)$, the **residual** is defined as:
$$
\text{Residual}_i = y_i - \hat{y}_i
$$
where $\hat{y}_i = 3 + 2x_i$ is the predicted value from the line.

The **squared residual** is then:
$$
(\text{Residual}_i)^2 = (y_i - \hat{y}_i)^2
$$

We are to compute the **sum of squared residuals** over all three data points.

---

### Step 2: Compute for Each Data Point

#### Point 1: $(-1, 2)$

- Predicted value: $\hat{y} = 3 + 2(-1) = 3 - 2 = 1$
- Residual: $2 - 1 = 1$
- Squared residual: $1^2 = 1$

#### Point 2: $(2, 7)$

- Predicted value: $\hat{y} = 3 + 2(2) = 3 + 4 = 7$
- Residual: $7 - 7 = 0$
- Squared residual: $0^2 = 0$

#### Point 3: $(5, 13)$

- Predicted value: $\hat{y} = 3 + 2(5) = 3 + 10 = 13$
- Residual: $13 - 13 = 0$
- Squared residual: $0^2 = 0$

---

### Step 3: Sum the Squared Residuals

$$
\text{Sum of squared residuals} = 1 + 0 + 0 = 1
$$

---

### Final Answer

$$
\boxed{1}
$$"
25,"Okay, let's tackle this problem step by step. First, part (a) is the relative frequency table. Relative frequency is calculated by taking the frequency of each class divided by the total number of observations. So first, I need to find the total number of students. Let's add up all the frequencies: 8 (below 50) + 6 (50-59) + 11 (60-69) + 17 (70-79) + 13 (80-89) + 8 (90-100). Let me compute that: 8+6 is 14, 14+11 is 25, 25+17 is 42, 42+13 is 55, 55+8 is 63. So total is 63.

Now, for each grade range, relative frequency is frequency divided by 63. Let's do each one:

- Below 50: 8/63. Let me calculate that. 8 divided by 63 is approximately 0.127. Maybe they want it as a fraction or a decimal? The problem says ""relative frequency table,"" so usually it's a decimal rounded to a certain place, but since it's a table, maybe they want exact fractions or decimals to three places? Let's check the problem statement. It just says ""relative frequency,"" so probably decimal to three or four places, but let's see.

Wait, let's compute each:

Below 50: 8/63 ≈ 0.1270 (so 0.127)

50-59: 6/63 = 2/21 ≈ 0.0952 (so 0.095)

60-69: 11/63 ≈ 0.1746 (so 0.175)

70-79: 17/63 ≈ 0.2698 (so 0.270)

80-89: 13/63 ≈ 0.2063 (so 0.206)

90-100: 8/63 ≈ 0.1270 (so 0.127)

Let me verify the total of these relative frequencies should be 1. Let's add them up: 0.127 + 0.095 + 0.175 + 0.270 + 0.206 + 0.127. Let's compute: 0.127+0.095=0.222; 0.222+0.175=0.397; 0.397+0.270=0.667; 0.667+0.206=0.873; 0.873+0.127=1.0. Perfect, that adds up to 1. So these decimals are good.

Alternatively, maybe they want it as fractions, but in most cases, relative frequency tables use decimals. Let's go with three decimal places as standard.

Now part (b) is the cumulative frequency table. Cumulative frequency is the sum of frequencies up to and including that class. So for ""Below 50,"" cumulative frequency is just 8. Then ""50-59"" is 8 + 6 = 14. ""60-69"" is 14 + 11 = 25. ""70-79"" is 25 + 17 = 42. ""80-89"" is 42 + 13 = 55. ""90-100"" is 55 + 8 = 63. Let's check: 8,14,25,42,55,63. That's correct because the total is 63, so the last one is 63.

Let me write down the answers:

For part (a), relative frequencies:

Below 50: 8/63 ≈ 0.127

50-59: 6/63 ≈ 0.095

60-69: 11/63 ≈ 0.175

70-79: 17/63 ≈ 0.270

80-89: 13/63 ≈ 0.206

90-100: 8/63 ≈ 0.127

For part (b), cumulative frequencies:

Below 50: 8

50-59: 14

60-69: 25

70-79: 42

80-89: 55

90-100: 63

I think that's it. Let me double-check the cumulative frequencies. Starting from below 50: 8. Then 50-59 adds 6, so 8+6=14. Correct. 60-69 adds 11: 14+11=25. Correct. 70-79 adds 17: 25+17=42. Correct. 80-89 adds 13: 42+13=55. Correct. 90-100 adds 8: 55+8=63. Correct.

For relative frequencies, let's compute them more precisely to check:

8/63 = 0.126984127... ≈ 0.127

6/63 = 0.095238095... ≈ 0.095

11/63 ≈ 0.174603175 ≈ 0.175

17/63 ≈ 0.26984127 ≈ 0.270

13/63 ≈ 0.206349206 ≈ 0.206

8/63 ≈ 0.126984127 ≈ 0.127

Yes, those are the standard rounding to three decimal places.

So the answers for part (a) are 0.127, 0.095, 0.175, 0.270, 0.206, 0.127 (in order)

For part (b), the cumulative frequencies are 8, 14, 25, 42, 55, 63.

The problem says ""construct the following"" and asks for the answers in the blanks. Since it's two parts, (a) and (b), each with six answers. But the user says: ""If the problem asks for multiple values or has multiple fill-in-the-blank placeholders, list all answers in order inside a single \boxed{}, separated by commas...""

Wait, the problem has two parts: (a) and (b). Each part has six answers. So the total answers are 12? Wait, let me check the problem statement again.

The problem says: ""construct the following: (a) The relative frequency table... (b) The cumulative frequency table...""

The user instruction says: ""If the problem asks for multiple values or has multiple fill-in-the-blank placeholders, list all answers in order inside a single \boxed{}, separated by commas...""

Wait, in the problem, the tables have six placeholders each (for (a) and (b)). So the problem has 12 answers? But maybe the user wants the answers for each part? Wait, the original problem is presented with the tables having [ANS] placeholders. So for part (a), there are six answers, and for part (b), six answers. The user says ""list all answers in order inside a single \boxed{}"", so probably all 12 answers in order.

Wait, let's see. Let me check the problem statement again. It says: ""Given the frequency table above, construct the following: (a) The relative frequency table... (b) The cumulative frequency table...""

The user wants the answers for the [ANS] in both tables. So the order would be: for part (a) first: Below 50, 50-59, 60-69, 70-79, 80-89, 90-100; then part (b) same order.

So the answers in order are:

(a) 0.127, 0.095, 0.175, 0.270, 0.206, 0.127

(b) 8, 14, 25, 42, 55, 63

So the full list is 0.127, 0.095, 0.175, 0.270, 0.206, 0.127, 8, 14, 25, 42, 55, 63

But let's confirm if they want the relative frequencies as decimals with three places, or maybe fractions? The problem says ""relative frequency table"", which is typically decimal. In some contexts, it's a percentage, but the problem says ""relative frequency"", not ""relative frequency percentage"". So decimal.

Let me check if the problem specifies, but it doesn't. In most introductory stats courses, relative frequency is a decimal between 0 and 1, not a percentage. So 0.127 is correct.

Alternatively, maybe they want it as a fraction? But the problem says ""table"", and in tables, relative frequency is usually decimal. Let's go with decimals.

Another check: total frequency is 63, so 8/63 is approximately 12.7%, but relative frequency is 0.127, which is 12.7%, so that's correct.

Yes, I think that's right.

So the answers in order (first part (a) then part (b)):

0.127, 0.095, 0.175, 0.270, 0.206, 0.127, 8, 14, 25, 42, 55, 63

Wait, but maybe the problem expects the relative frequencies to be rounded to three decimal places, which we did. Let's write them with three decimal places:

8/63 = 0.12698... ≈ 0.127

6/63 = 0.09523... ≈ 0.095

11/63 ≈ 0.17460... ≈ 0.175

17/63 ≈ 0.26984... ≈ 0.270

13/63 ≈ 0.20635... ≈ 0.206

8/63 ≈ 0.12698... ≈ 0.127

Yes, that's correct.

Cumulative frequencies are integers, so 8,14,25,42,55,63.

So the final answer is all these numbers in order. The problem says ""list all answers in order inside a single \boxed{}, separated by commas"".

So the boxed answer should be: \boxed{0.127, 0.095, 0.175, 0.270, 0.206, 0.127, 8, 14, 25, 42, 55, 63}

But let me check if maybe the problem expects more precise decimals or different rounding. For example, 17/63 is approximately 0.2698, which is 0.270 when rounded to three decimal places. Similarly, 13/63 is approximately 0.2063, which is 0.206. 11/63 is 0.1746, which is 0.175. All correct.

Yes, I think that's it.
</think>

To solve the problem, we begin by computing the **total frequency** from the given data:

$$
\text{Total} = 8 + 6 + 11 + 17 + 13 + 8 = 63
$$

---

### **(a) Relative Frequency Table**

The relative frequency for each grade range is calculated as:

$$
\text{Relative Frequency} = \frac{\text{Frequency}}{\text{Total}} = \frac{\text{Frequency}}{63}
$$

We compute each value to **three decimal places**, which is standard in such contexts.

| Grade on Statistics Exam | Frequency | Relative Frequency |
|--------------------------|-----------|---------------------|
| Below 50                  | 8         | $ \frac{8}{63} \approx 0.127 $ |
| 50–59                     | 6         | $ \frac{6}{63} \approx 0.095 $ |
| 60–69                     | 11        | $ \frac{11}{63} \approx 0.175 $ |
| 70–79                     | 17        | $ \frac{17}{63} \approx 0.270 $ |
| 80–89                     | 13        | $ \frac{13}{63} \approx 0.206 $ |
| 90–100                    | 8         | $ \frac{8}{63} \approx 0.127 $ |

These values sum to approximately 1.0, confirming correctness.

---

### **(b) Cumulative Frequency Table**

Cumulative frequency is the sum of frequencies up to and including the current class.

| Grade on Statistics Exam | Cumulative Frequency |
|--------------------------|----------------------|
| Below 50                  | $ 8 $              |
| 50–59                     | $ 8 + 6 = 14 $     |
| 60–69                     | $ 14 + 11 = 25 $   |
| 70–79                     | $ 25 + 17 = 42 $   |
| 80–89                     | $ 42 + 13 = 55 $   |
| 90–100                    | $ 55 + 8 = 63 $    |

This confirms that the cumulative frequency ends at the total number of observations (63).

---

### Final Answer

All answers in order (first part (a), then part (b)):

$$
\boxed{0.127, 0.095, 0.175, 0.270, 0.206, 0.127, 8, 14, 25, 42, 55, 63}
$$"
26,"This is a complex or challenging question, and it is difficult to provide a direct and correct answer. I need to think about it.
Well, so the problem is: given positive integers a, b, c satisfying abc - ab - bc - ca + a + b + c = 2008, find the minimum a + b + c. Hmm, let's see. Equations with three variables and symmetric terms... maybe I can factor this? Sometimes adding and subtracting 1 helps with these symmetric expressions. Let me try to manipulate the left-hand side (LHS).

Let's write down the equation again: abc - ab - bc - ca + a + b + c = 2008. Let's group terms with ab, bc, ca first. Maybe factor by grouping. Let's take the terms with a: a(bc - b - c + 1) - bc + b + c. Wait, that's interesting! Let's check: a(bc - b - c + 1) is abc - ab - ac + a, right? Then if we subtract bc and add b + c, we get abc - ab - ac + a - bc + b + c, which is exactly the LHS. Yes! Perfect, so let's rewrite the LHS as:

a(bc - b - c + 1) + (-bc + b + c) = 2008.

Now, look at the terms inside the parentheses for the first part: bc - b - c + 1. That factors! bc - b - c + 1 = (b - 1)(c - 1), right? Let's verify: (b - 1)(c - 1) = bc - b - c + 1, yes! Great. Now what about the other terms: -bc + b + c. Let's factor that too. Let's see, -bc + b + c = -(bc - b - c) = -( (b - 1)(c - 1) - 1 ), because (b - 1)(c - 1) = bc - b - c + 1, so bc - b - c = (b - 1)(c - 1) - 1, so negative of that is - (b - 1)(c - 1) + 1. Wait, maybe better to do step by step.

Wait, let's take the entire expression we had after factoring the first part: a(b - 1)(c - 1) + (-bc + b + c) = 2008. Let's factor the (-bc + b + c) term. Let's factor out a negative sign: - (bc - b - c) = - [ (b - 1)(c - 1) - 1 ] as I thought earlier, since (b - 1)(c - 1) = bc - b - c + 1 ⇒ bc - b - c = (b - 1)(c - 1) - 1. So substituting back, - (bc - b - c) = - (b - 1)(c - 1) + 1. Therefore, the entire LHS is:

a(b - 1)(c - 1) - (b - 1)(c - 1) + 1 = 2008.

Oh, that's nice! Now we can factor the first two terms: (a - 1)(b - 1)(c - 1) + 1? Wait, hold on, let's check the algebra again to make sure I didn't mess up.

Wait, starting over with factoring the original expression might be safer. I remember there's a standard factorization for expressions like abc - ab - bc - ca + a + b + c. Let's try adding 1 to both sides first? Wait, original equation: LHS = 2008. Let's compute LHS + 1 = abc - ab - bc - ca + a + b + c + 1. Can we factor this?

Yes! Let's see: (a - 1)(b - 1)(c - 1) = abc - ab - ac - bc + a + b + c - 1. Oh! That's exactly LHS - 1. Wait, let's compute (a - 1)(b - 1)(c - 1):

First, (a - 1)(b - 1) = ab - a - b + 1, then multiply by (c - 1):

= ab(c - 1) - a(c - 1) - b(c - 1) + 1(c - 1)
= abc - ab - ac + a - bc + b + c - 1
= abc - ab - ac - bc + a + b + c - 1.

Yes! So (a - 1)(b - 1)(c - 1) = (abc - ab - bc - ca + a + b + c) - 1.

But in our problem, abc - ab - bc - ca + a + b + c = 2008, so that means:

(a - 1)(b - 1)(c - 1) = 2008 - 1 = 2007.

Oh my goodness, that's much simpler! I overcomplicated it earlier, but that's a standard trick for these symmetric equations with three variables: add 1 to both sides to get a product of (x-1) terms. Perfect, so that simplifies the problem a lot.

So let's recap to make sure:

Given positive integers a, b, c (so a ≥ 1, b ≥ 1, c ≥ 1, but wait, if any of them were 1, let's check: suppose a=1, then LHS = 1*b*c - 1*b - b*c - c*1 + 1 + b + c = bc - b - bc - c + 1 + b + c = 1, which is not 2008, so actually a, b, c must be at least 2? Wait, no, the problem says positive integers, but let's see from the factorization: (a - 1)(b - 1)(c - 1) = 2007, so since a, b, c are positive integers, a - 1, b - 1, c - 1 are non-negative integers. But if any of a - 1, b - 1, c - 1 were zero, then the product would be zero, but 2007 ≠ 0, so actually a - 1, b - 1, c - 1 are positive integers. Therefore, a, b, c are integers ≥ 2. Good, so we can let x = a - 1, y = b - 1, z = c - 1, where x, y, z are positive integers (since a, b, c ≥ 2), and then the equation becomes xyz = 2007.

Then, we need to find the minimum value of a + b + c = (x + 1) + (y + 1) + (z + 1) = x + y + z + 3. Therefore, minimizing a + b + c is equivalent to minimizing x + y + z where x, y, z are positive integers with xyz = 2007.

Ah, now that's a classic problem! For a fixed product, the sum of positive integers is minimized when the numbers are as close to each other as possible (by AM ≥ GM, equality when equal, so we want factors close to the cube root of 2007).

First, let's factorize 2007 to find all its positive divisors, then find triplets (x, y, z) with xyz=2007 and minimize x + y + z.

Factorizing 2007: divide by small primes. 2007 ÷ 3 = 669 (since 2+0+0+7=9, divisible by 3). 669 ÷ 3 = 223. Now check if 223 is prime. Let's see, sqrt(223) ≈ 14.9, so check primes up to 13. 223 ÷ 2? No, it's odd. ÷3? 2+2+3=7, not divisible by 3. ÷5? Ends with 3, no. ÷7? 7*31=217, 223-217=6, not divisible by 7. ÷11? 11*20=220, 223-220=3, not divisible by 11. ÷13? 13*17=221, 223-221=2, not divisible by 13. So yes, 223 is prime.

Therefore, prime factorization of 2007 is 3² × 223¹.

So the positive divisors of 2007 are formed by 3^a × 223^b where a=0,1,2 and b=0,1.

List them:

a=0, b=0: 1

a=1, b=0: 3

a=2, b=0: 9

a=0, b=1: 223

a=1, b=1: 3×223=669

a=2, b=1: 9×223=2007

So the positive divisors are: 1, 3, 9, 223, 669, 2007.

Now, we need to write 2007 as a product of three positive integers x ≤ y ≤ z (to avoid duplicates), then compute x + y + z for each triplet and find the minimum.

Let's list all possible triplets (order doesn't matter for sum):

1. All three factors: 1 × 1 × 2007 = 2007. Sum: 1 + 1 + 2007 = 2009

2. 1 × 3 × 669 = 2007. Sum: 1 + 3 + 669 = 673

3. 1 × 9 × 223 = 2007. Sum: 1 + 9 + 223 = 233

4. 3 × 3 × 223 = 2007? Wait, 3×3×223 = 9×223 = 2007, yes! Wait, did I miss that? Let's check: 3×3=9, 9×223=2007, correct. So that's another triplet: 3, 3, 223. Sum: 3 + 3 + 223 = 229

Wait, hold on, earlier I listed divisors, but when making triplets, we can have repeated factors as long as they multiply to 2007. Let's make sure we have all ordered triplets (but since we can sort them, we just need unordered with x ≤ y ≤ z).

So possible triplets (sorted):

- Start with smallest factor 1:

  - 1, 1, 2007 (sum 2009)

  - 1, 3, 669 (sum 673)

  - 1, 9, 223 (sum 233)

- Next, smallest factor 3 (since we already did smallest factor 1):

  - 3, 3, 223 (since 3×3=9, 2007÷9=223, which is a divisor, as we saw)

  - 3, 9, 223/3? Wait, no, 223 is prime, so 3×9=27, 2007÷27=74.333..., not integer, so can't have 3,9,... next. 3×223=669, then 2007÷669=3, so that's same as 3,223,3 which is same as 3,3,223 when sorted.

- Next, smallest factor 9: 9×9=81, 2007÷81≈24.77, not integer; 9×223=2007, so then third factor is 1, which is already covered in the first list.

- Smallest factor 223: 223×223 is way bigger than 2007, so no triplets here.

Wait, so let's check if 3×3×223 is indeed a valid triplet: 3×3×223=9×223=2007, yes, that's correct. I think I missed that triplet earlier when listing, but since 2007 has two 3s in prime factors, we can have two 3s as factors.

Is there a triplet with all factors greater than 1? Let's see, we have 3,3,223 as above. What about 1, 223, 9? Wait, that's same as 1,9,223, sum 233. 3, 223, 3 is same as 3,3,223.

Wait, hold on, is there a triplet with three numbers all around the cube root? Cube root of 2007: let's compute 12³=1728, 13³=2197, so cube root of 2007 is between 12 and 13, so we want factors as close to 12-13 as possible. Our divisors are 1,3,9,223,... so the closest we can get is 3,3,223? Wait, 223 is way bigger, but maybe that's the closest we can get because 2007 has a large prime factor 223.

Wait, let's confirm the triplet 3,3,223: sum is 3+3+223=229, so a+b+c=229+3=232? Wait, hold on! Wait, no: wait, x = a - 1, so a = x + 1, same for b, c. So if x=3, y=3, z=223, then a=4, b=4, c=224. Then a+b+c=4+4+224=232. Wait, but hold on, is that correct? Wait, let's check if this satisfies the original equation to make sure we didn't make a mistake in the factorization.

Wait, let's test with a=4, b=4, c=224. Compute LHS: abc - ab - bc - ca + a + b + c.

First, abc = 4×4×224 = 16×224 = 3584

ab = 16, bc = 4×224=896, ca=4×224=896

So -ab - bc - ca = -16 - 896 - 896 = -1808

a + b + c = 4 + 4 + 224 = 232

So total LHS = 3584 - 1808 + 232 = let's compute 3584 - 1808 first: 3584 - 1800=1784, 1784 - 8=1776; 1776 + 232=2008. Yes! Perfect, that works.

But wait, hold on, the answer choices include 232 as option I (I is 232, let's check the options: A.233, B.235, C.239, D.231, E.238, F.236, G.237, H.234, I.232, J.230). So I is 232. But wait, is there a triplet with a smaller sum?

Wait, earlier we had triplet 1,9,223: sum x+y+z=1+9+223=233, so a+b+c=233+3=236? Wait no! Wait, no: wait, x = a - 1, so a = x + 1, so sum a+b+c = (x+1)+(y+1)+(z+1)=x+y+z+3. So for triplet x=1,y=9,z=223: sum x+y+z=233, so a+b+c=236. For triplet x=3,y=3,z=223: sum x+y+z=229, so a+b+c=232. That's correct as we saw with the test.

But wait, is there another triplet? Let's think again: did we miss a triplet where one of the factors is 223, but maybe two factors are not 3? Wait, 2007=3×3×223, so the only factorizations into three positive integers (up to order) are the ones we listed, right? Because 2007 has prime factors 3,3,223, so the number of ordered triplets is 3 (positions for 223) times 1 (since the two 3s are identical), so unordered triplets are only the ones we have.

Wait, but hold on, is 223 the only prime factor besides 3s? Yes, we factored 2007 as 3²×223, so yes, that's the prime factorization.

Wait, but let's check another triplet: what if we take x=1, y=223, z=9, same as 1,9,223. x=3, y=223, z=3, same as 3,3,223. x=9, y=223, z=1, same as above.

Is there a triplet with a factor of 2? Wait, 2007 is odd, so all its factors are odd, so no even factors, so x,y,z must all be odd, which we have.

Wait, but hold on, the problem says positive integers a,b,c, but we concluded they must be at least 2, which is correct because if any were 1, the product (a-1)(b-1)(c-1) would be zero, but we have 2007, so all a,b,c ≥2, so x,y,z ≥1, which is good.

Wait, but let's check if there's a triplet with three factors where maybe one is 223, but the other two multiply to 9, so 3 and 3, which is what we have, or 1 and 9, which is the other triplet.

Wait, is there a triplet with a factor of 223, but the other two factors are not integers? No, because we need positive integers, so the other factors have to be divisors of 2007/223=9, which are 1,3,9, so yes, only those.

Wait, but hold on a second, let's make sure we didn't misapply the factorization. Let's go back to the original equation to verify the factorization step again, because that's crucial.

Original equation: abc - ab - bc - ca + a + b + c = 2008.

We said (a - 1)(b - 1)(c - 1) = abc - ab - ac - bc + a + b + c - 1. Let's compute RHS: abc - ab - ac - bc + a + b + c - 1. Then original LHS is abc - ab - bc - ca + a + b + c, so LHS = (abc - ab - ac - bc + a + b + c) = (a - 1)(b - 1)(c - 1) + 1. Therefore, LHS = 2008 = (a - 1)(b - 1)(c - 1) + 1 ⇒ (a - 1)(b - 1)(c - 1) = 2007. Yes! That's correct. So that step was right, no mistake there.

So then x = a - 1, y = b - 1, z = c - 1, x,y,z ≥1 integers, xyz=2007, minimize a+b+c = x+y+z+3.

So now, let's list all possible triplets (x,y,z) with x ≤ y ≤ z, xyz=2007, compute x+y+z:

1. (1,1,2007): sum=2009

2. (1,3,669): sum=673

3. (1,9,223): sum=233

4. (3,3,223): sum=229

Are there any others? Let's see, 2007 divided by 3 is 669, 669 divided by 3 is 223, so the only factorizations into three positive integers (with order) are permutations of the above four triplets (but the first two have two 1s? Wait, no, (1,1,2007) is valid because 1×1×2007=2007, yes, but in our prime factorization, we have three prime factors counting multiplicity: 3,3,223, so the number of positive divisors is (2+1)(1+1)=6, as we listed: 1,3,9,223,669,2007.

To write as product of three positive integers, we can think of the exponents for each prime in the triplet. For prime 3, exponent in each factor can be 0,1,2 (since total exponent is 2), and for prime 223, exponent in each factor is 0 or 1 (total exponent 1).

So let's model the triplet (x,y,z) as (3^a1 * 223^b1, 3^a2 * 223^b2, 3^a3 * 223^b3) where a1+a2+a3=2, b1+b2+b3=1, each ai, bi non-negative integers.

Since b1+b2+b3=1, exactly one of the bi is 1, others 0. Let's fix which one is 1: say b1=1, b2=b3=0. Then x=3^a1*223, y=3^a2, z=3^a3, with a1+a2+a3=2.

Possible (a1,a2,a3) with a1+a2+a3=2, non-negative integers:

- (2,0,0): x=9*223=2007, y=1, z=1 ⇒ triplet (1,1,2007)

- (1,1,0): x=3*223=669, y=3, z=1 ⇒ triplet (1,3,669)

- (0,2,0): x=223, y=9, z=1 ⇒ triplet (1,9,223)

- (0,1,1): x=223, y=3, z=3 ⇒ triplet (3,3,223)

- (1,0,1): same as (0,1,1) when sorted

- (0,0,2): same as (2,0,0) when sorted

So that's all the unordered triplets, which matches what we had before. So only four distinct unordered triplets (up to ordering), with sums as above.

So the smallest sum of x+y+z is 229 (from triplet 3,3,223), so minimum a+b+c=229+3=232.

Wait, but hold on, the answer choices have 232 as option I, but let me check again if there's a mistake here because sometimes when problems say ""positive integers"", maybe they allow 1, but we saw that if a=1, then LHS=1, which isn't 2008, so a,b,c must be at least 2, so x,y,z at least 1, which we have.

Wait, but let's test another triplet to be sure. Take triplet (1,9,223): x=1,y=9,z=223 ⇒ a=2,b=10,c=224. Then a+b+c=2+10+224=236. Let's check LHS: 2*10*224 - 2*10 - 10*224 - 224*2 + 2 + 10 + 224. Compute step by step: 2*10*224=4480; 2*10=20, 10*224=2240, 224*2=448; so -20 -2240 -448 = -2708; a+b+c=236. Total LHS=4480 -2708 +236= (4480 +236) -2708=4716 -2708=2008. Correct, that works too, but sum is 236, which is higher than 232.

Triplet (3,3,223): a=4,b=4,c=224, sum=232, which we verified earlier gives LHS=2008, correct.

Wait, but is there a triplet with, say, x=223, y=3, z=3, same as above. What if we take x=223, y=1, z=9, sum x+y+z=233, a+b+c=236.

Is there a way to get a smaller sum? Let's think: suppose we try to have two factors equal to 12, but 12*12=144, 2007/144≈13.93, not integer. 13*13=169, 2007/169≈11.87, not integer. 10*10=100, 2007/100=20.07, nope. 9*9=81, 2007/81=24.777..., nope. 8*8=64, 2007/64≈31.35, nope. 7*7=49, 2007/49≈40.96, nope. 6*6=36, 2007/36=55.75, nope. 5*5=25, 2007/25=80.28, nope. 4*4=16, 2007/16=125.4375, nope. 3*3=9, 2007/9=223, which is integer, that's our triplet. 2*2=4, 2007/4=501.75, not integer. So indeed, the closest we can get with integers is 3,3,223 because 223 is prime and large.

Wait, but hold on, the problem says ""positive integers a, b, c"", but in some contexts, ""positive integers"" start at 1, but we already checked that a=1 is impossible, so all are at least 2, which is fine.

Wait, let's check if there's a triplet with a factor of 223 and another factor of 223? But 223*223=49729 >2007, so no, can't have two 223s.

Is there a triplet with a factor of 2007? Then the other two factors would have to be 1, which is the first triplet, sum too big.

Wait, another thought: maybe the problem allows a,b,c to be equal? In our case, a=b=4, c=224, so two equal, one different, which is fine.

Wait, let's check if there's a triplet where x,y,z are not all integers? No, the problem says positive integers a,b,c, so x,y,z must be positive integers.

Wait, let's see the answer choices: the options are A to J, with J being 230, which is lower than 232. Did we make a mistake in the factorization?

Wait, wait a second! Wait, when I did the factorization, let's recalculate (a-1)(b-1)(c-1):

(a-1)(b-1)(c-1) = abc - ab - ac - bc + a + b + c - 1. Yes, that's correct. So abc - ab - ac - bc + a + b + c = (a-1)(b-1)(c-1) + 1. Therefore, the equation is (a-1)(b-1)(c-1) + 1 = 2008 ⇒ (a-1)(b-1)(c-1)=2007. That seems unassailably correct.

Wait, let's take a simple case to verify. Let a=2, b=2, c=2: LHS=8 -4 -4 -4 +2 +2 +2=8-12+6=2. Then (2-1)^3 +1=1+1=2, correct. Another test: a=3,b=3,c=3: LHS=27 -9 -9 -9 +3+3+3=27-27+9=9. (3-1)^3 +1=8+1=9, correct. So the factorization is definitely right.

So then why do I have a doubt? Maybe because 232 is an option, but let's check if there's a triplet we missed where the sum is smaller.

Wait, 2007 divided by 3 is 669, 669 divided by 3 is 223, so prime factors are 3,3,223. So the only positive integer triplets (up to order) are the four we listed. Let's list all possible ordered triplets with sum:

(1,1,2007): sum=2009

(1,3,669): sum=673

(1,9,223): sum=233

(3,3,223): sum=229

Is there a triplet like (3,223,3)? Same sum. (9,223,1)? Same sum.

Wait, what if we take x=223, y=3, z=3, same as above.

Wait, is 223 a prime? Yes, as we checked earlier (223 is a known prime, yes, it's a prime number, sometimes called a ""Sophie Germain prime"" or something, but regardless, we confirmed it's prime).

Wait, let's check the problem statement again: ""positive integers a, b, and c"". So they have to be at least 1, but as we saw, if any is 1, LHS=1, which isn't 2008, so all ≥2, so x,y,z ≥1, correct.

Wait, let's try to see if there's a triplet with a sum less than 229 for x+y+z. The next possible sum after 229 would be... well, 229 is the smallest we have. Let's see, 223 is the largest prime factor, so to minimize the sum, we want to have the largest factor as small as possible, but since it's a prime, the smallest possible largest factor is 223 (since 2007=3*3*223, can't split 223 into smaller integers). Wait, actually, for a number with a large prime factor, the minimal sum of three factors is achieved by taking the prime factor as one factor and the rest as the quotient, which is composite, so we split the composite part into two factors as close as possible.

2007=223*9, so split 9 into two factors: 3 and 3, which are as close as possible (since 9=1*9 or 3*3, 3 and 3 are closer than 1 and 9), so that gives the triplet (3,3,223), sum 229, which is minimal.

If we had split 2007 as 223*3*3, that's exactly what we did.

Wait, another way: suppose we let two variables be equal to minimize the sum (by symmetry, often minima occur at symmetric points). Let's assume b=a, so we can reduce to two variables. Let b=a, then equation becomes a²c - a² - ac - ac + a + a + c = 2008 ⇒ a²c - 2ac - a² + 2a + c = 2008.

Let's factor terms with c: c(a² - 2a + 1) - a² + 2a = 2008 ⇒ c(a - 1)² - (a² - 2a) = 2008 ⇒ c(a - 1)² = a² - 2a + 2008 ⇒ c = (a² - 2a + 2008)/(a - 1)².

Let's compute this for integer a ≥2 (since a=1 gives c=(1-2+2008)/0 undefined, and we know a≥2).

Let's set t = a - 1, so t ≥1 (since a ≥2), then a = t + 1. Substitute into c:

c = [(t + 1)² - 2(t + 1) + 2008] / t² = [t² + 2t + 1 - 2t - 2 + 2008] / t² = [t² + 2007] / t² = 1 + 2007/t².

Ah, nice! So c must be integer, so t² divides 2007. Therefore, t² | 2007. But 2007=3²×223, so the square divisors of 2007 are 1²=1 (since 3² is a square, 223 is not, so square divisors are 1, 9). Therefore, t²=1 or t²=9 ⇒ t=1 or t=3 (t positive integer).

Case 1: t=1 ⇒ a = t + 1 = 2 ⇒ c = 1 + 2007/1 = 2008 ⇒ b=a=2, so a+b+c=2+2+2008=2012 (way too big)

Case 2: t=3 ⇒ a = 3 + 1 = 4 ⇒ c = 1 + 2007/9 = 1 + 223 = 224 ⇒ b=a=4, so a+b+c=4+4+224=232, which matches our earlier result.

Wait, that's a great check! By assuming two variables are equal (which is a common technique for symmetric problems to find extrema), we find that the only possible integer solutions with two variables equal are the ones we found, and the minimal sum here is 232.

But does the minimum occur when two variables are equal? In symmetric problems with three variables, sometimes the minimum occurs at symmetric points (all equal) or at boundary cases (two equal, one different), but in this case, all equal would require a=b=c, so (a-1)^3=2007 ⇒ a-1=∛2007≈12.6, so a≈13.6, not integer, so no solution with all equal, so the minimum must be at two equal variables, which we just found gives 232.

Wait, but in the two-variable equal case, we derived that c must be integer only when t² divides 2007, so only t=1,3, giving those sums. But what if all three variables are distinct? Could that give a smaller sum?

Let's see. Suppose a < b < c, all distinct positive integers ≥2. Then x=a-1 < y=b-1 < z=c-1, x,y,z ≥1 integers, xyz=2007. The smallest possible distinct triplets: let's see, the smallest three distinct positive divisors of 2007 are 1,3,9 (since next is 223). 1×3×9=27≠2007, so to get 2007, we need to multiply by 2007/(1×3×9)=2007/27≈74.333, not integer. The next distinct triplet: 1,3,223: 1×3×223=669≠2007, 2007/669=3, so that's 1,3,3×223=1,3,669, which has a repeat. 1,9,223: 1×9×223=2007, that's a triplet with all distinct (1,9,223), sum x+y+z=233, so a+b+c=236, which is higher than 232.

Is there a distinct triplet with smaller sum? Let's see, the next possible distinct triplet would need to have smaller numbers, but the divisors are limited: 1,3,9,223,... so the only distinct triplets are permutations of (1,9,223) and (1,3,669), both with sums 233 and 673, both higher than 229.

So indeed, the triplet with two equal factors (3,3,223) gives the smallest sum for x+y+z, hence smallest a+b+c=232.

Wait, but let's check the answer choices again to make sure we didn't misread the problem. The problem says ""determine the minimum value of a+b+c"" with the equation holding for positive integers a,b,c.

Options: A.233, B.235, C.239, D.231, E.238, F.236, G.237, H.234, I.232, J.230.

So I is 232, which is what we got. But why do I have a lingering doubt? Maybe because sometimes problems like this have a trick, but in this case, the factorization seems solid, the test case checks out, the two-variable equal assumption gives the same answer, and we've confirmed all factor triplets.

Wait, let's check if there's a triplet with x=223, y=3, z=3, which we did, sum x+y+z=229, a+b+c=232.

Wait, another check: let's compute (a-1)(b-1)(c-1)=3×3×223=2007, correct. Then a+b+c=(3+1)+(3+1)+(223+1)=4+4+224=232, correct.

Is there any possible way to get a+b+c less than 232? Let's suppose someone claims 231 (option D). Then x+y+z=231-3=228. So can we have x+y+z=228 with xyz=2007? Let's see, 228 is less than 229, so we need a sum 3 less than 229. The triplet (3,3,223) sums to 229, to get 228, we'd need to decrease one factor by 1 and increase another by 1? But 2007 is fixed, so if we have (3-1, 3, 223+1)=(2,3,224), product=2×3×224=1344≠2007. (3,3-1,223+1)=(3,2,224), same product. (3-1,3-1,223+2)=(2,2,225), product=900≠2007. No, can't do that because the product has to stay 2007, which is a specific number with prime factors 3,3,223, so you can't adjust the factors without changing the product.

2007 is 3²×223, so the only ways to write as product of three positive integers are the ones we listed, so no other triplets exist. Therefore, 229 is indeed the minimal x+y+z, so 232 is minimal a+b+c.

I think the key here was recognizing the factorization trick, which is a common one for these symmetric Diophantine equations. Initially, I overcomplicated it by factoring step by step, but realizing that adding 1 to both sides gives a product of (a-1)(b-1)(c-1) is a standard technique (similar to how (x-1)(y-1)=xy -x -y +1 for two variables).

Another way people sometimes approach these problems is by substituting variables as we did: let x=a-1, etc., which turns the problem into a classic minimal sum for fixed product, which is solved by having factors as close as possible.

Since we've verified through multiple methods—direct substitution, testing the triplet, assuming two variables equal, checking all factor triplets—that the minimal sum is 232, and 232 is option I, I think that's the answer.

Wait, just to be 100% sure, let's check if there's a triplet with x=223, y=1, z=9, sum=233, a+b+c=236; x=669, y=3, z=1, sum=673, a+b+c=676; x=2007, y=1, z=1, sum=2009, a+b+c=2012. All bigger than 232.

Is there a triplet with x=223, y=3, z=3? Yes, that's the one we have, sum=229, a+b+c=232.

I think we've covered all bases here. The key insight was the factorization, which simplified the problem drastically from a cubic Diophantine equation to a factoring problem with a fixed product, which is much more manageable.

So the minimum value of a+b+c is 232, which corresponds to option I.
</think>

We are given the equation:

$$
abc - ab - bc - ca + a + b + c = 2008
$$

for **positive integers** $ a, b, c $. The goal is to find the **minimum value of $ a + b + c $**.

---

### Step 1: Factor the Equation

This expression is symmetric and has a known factorization trick. Let's consider the identity:

$$
(a - 1)(b - 1)(c - 1) = abc - ab - bc - ca + a + b + c - 1
$$

So we can rewrite the original equation as:

$$
abc - ab - bc - ca + a + b + c = (a - 1)(b - 1)(c - 1) + 1
$$

Given that the left-hand side equals 2008, this gives:

$$
(a - 1)(b - 1)(c - 1) = 2007
$$

Let us define new variables for simplicity:

$$
x = a - 1,\quad y = b - 1,\quad z = c - 1
$$

Then $ x, y, z \in \mathbb{Z}^+ $ (since $ a, b, c \geq 2 $), and we have:

$$
xyz = 2007
$$

Our goal becomes minimizing:

$$
a + b + c = (x + 1) + (y + 1) + (z + 1) = x + y + z + 3
$$

Thus, the problem reduces to finding the **minimum value of $ x + y + z $** such that $ xyz = 2007 $, where $ x, y, z $ are positive integers.

---

### Step 2: Prime Factorization of 2007

We factorize 2007:

$$
2007 = 3^2 \times 223
$$

The positive divisors of 2007 are:

$$
\{1, 3, 9, 223, 669, 2007\}
$$

We now list all possible triplets $ (x, y, z) $ such that $ xyz = 2007 $, with $ x \leq y \leq z $, and compute their sums.

| Triplet | Sum $ x + y + z $ |
|--------|---------------------|
| (1, 1, 2007) | 2009 |
| (1, 3, 669) | 673 |
| (1, 9, 223) | 233 |
| (3, 3, 223) | **229** |

Among these, the **smallest sum** is **229**, achieved by the triplet $ (3, 3, 223) $.

---

### Step 3: Compute Minimum $ a + b + c $

Recall:

$$
a + b + c = x + y + z + 3 = 229 + 3 = \boxed{232}
$$

---

### Step 4: Verify the Solution

Let’s verify that $ a = 4, b = 4, c = 224 $ satisfies the original equation.

- $ abc = 4 \cdot 4 \cdot 224 = 3584 $
- $ ab = 16 $, $ bc = 896 $, $ ca = 896 $
- $ a + b + c = 232 $

Compute LHS:

$$
abc - ab - bc - ca + a + b + c = 3584 - 16 - 896 - 896 + 232 = 2008
$$

✅ The equation holds.

---

### Final Answer

The minimum value of $ a + b + c $ is **232**, which corresponds to option **I**.

$$
\boxed{I}
$$"
27,"Okay, let's tackle this problem step by step. First, the problem says to solve the equations in the interval [0, 2π]. There are two equations given: sin(t) = √3/2 and sin(t) = -1/2. I need to find all solutions for each in the interval [0, 2π] and present them as multiples of π, without decimals, as fractions or integers. 

Starting with the first equation: sin(t) = √3/2. I remember that sine is positive in the first and second quadrants. The reference angle for √3/2 is π/3 because sin(π/3) = √3/2. So in the first quadrant, the solution is π/3. In the second quadrant, it's π - π/3 = 2π/3. Let me verify that. If t = π/3, sin(π/3) is indeed √3/2. If t = 2π/3, sin(2π/3) is also √3/2 because sin(π - x) = sin(x). So those are the two solutions in [0, 2π]. So for the first equation, the answers are π/3 and 2π/3. The problem says ""t=[ANS] π"" but maybe that's a placeholder? Wait, the problem says: ""Solve the following equations in the interval [0,2 π]. Note: Give the answer as a multiple of π. Do not use decimal numbers. The answer should be a fraction or an integer. Note that π is already included in the answer so you just have to enter the appropriate multiple. E.g. if the answer is π/2 you should enter 1/2."" So for sin(t) = √3/2, the solutions are t = π/3 and 2π/3, so the multiples are 1/3 and 2/3. So the answer for the first part is 1/3, 2/3.

Now the second equation: sin(t) = -1/2. Sine is negative in the third and fourth quadrants. The reference angle for 1/2 is π/6 because sin(π/6) = 1/2. So in the third quadrant, it's π + π/6 = 7π/6. In the fourth quadrant, it's 2π - π/6 = 11π/6. Let me check: sin(7π/6) = sin(π + π/6) = -sin(π/6) = -1/2. Correct. sin(11π/6) = sin(2π - π/6) = -sin(π/6) = -1/2. Correct. So the solutions are 7π/6 and 11π/6. The multiples here are 7/6 and 11/6. 

Wait, the problem says ""t=[ANS] π"" for each equation. Maybe the [ANS] is a placeholder where we need to put the multiple. So for the first equation, the answers are 1/3 and 2/3 (since π/3 is 1/3 π, 2π/3 is 2/3 π). For the second equation, 7/6 and 11/6. 

Let me make sure there are no other solutions. In [0, 2π], sine function is periodic with period 2π, so we only need to find solutions within one period. For sin(t) = √3/2, the solutions are π/3 and 2π/3. For sin(t) = -1/2, they are 7π/6 and 11π/6. 

The problem says ""If there is more than one answer enter them separated by commas."" So for the first equation, the answers are 1/3, 2/3. For the second equation, 7/6, 11/6. 

Wait, the problem statement says: ""Solve the following equations in the interval [0,2 π]. Note: Give the answer as a multiple of π. Do not use decimal numbers. The answer should be a fraction or an integer. Note that π is already included in the answer so you just have to enter the appropriate multiple. E.g. if the answer is π/2 you should enter 1/2.""

So for example, if the solution is π/3, then the multiple is 1/3. So yes, that's correct.

Let me double-check the second equation. sin(t) = -1/2. The general solution for sin(t) = -1/2 is t = 7π/6 + 2πk and t = 11π/6 + 2πk for integer k. In [0, 2π], k=0 gives 7π/6 and 11π/6, which are both within [0, 2π] (since 11π/6 ≈ 5.7596, which is less than 2π ≈ 6.283). So those are the only two solutions.

So the first equation (sin(t) = √3/2) has solutions at t = π/3 and 2π/3, so the multiples are 1/3 and 2/3.

The second equation (sin(t) = -1/2) has solutions at t = 7π/6 and 11π/6, so the multiples are 7/6 and 11/6.

The problem says ""Solve the following equations"" so probably they want both equations solved. The problem statement is a bit confusing with the ""t=[ANS] π"" parts, but I think it's just indicating the format. The user probably wants the answers for each equation.

Wait, the original problem says: ""Solve the following equations in the interval [0,2 π]. Note: Give the answer as a multiple of π. Do not use decimal numbers. The answer should be a fraction or an integer. Note that π is already included in the answer so you just have to enter the appropriate multiple. E.g. if the answer is π/2 you should enter 1/2. If there is more than one answer enter them separated by commas. sin(t)=√3/2 t=[ANS] π sin(t)=-1/2 t=[ANS] π""

Ah, maybe the problem is presented as two separate equations, each with a placeholder [ANS] where the multiple goes. So for the first equation, the answer is two values: 1/3, 2/3. For the second equation, 7/6, 11/6.

The user says: ""If the problem asks for multiple values or has multiple fill-in-the-blank placeholders, list all answers in order inside a single \boxed{}, separated by commas, e.g. \boxed{3, 7}.""

Wait, but the problem has two equations, each with their own answers. Wait, maybe the problem is written as two separate problems? Let me check the original problem statement again.

The user wrote: ""Solve the following equations in the interval [0,2 π]. Note: Give the answer as a multiple of π. Do not use decimal numbers. The answer should be a fraction or an integer. Note that π is already included in the answer so you just have to enter the appropriate multiple. E.g. if the answer is π/2 you should enter 1/2. If there is more than one answer enter them separated by commas. sin(t)=√3/2 t=[ANS] π sin(t)=-1/2 t=[ANS] π""

So it's two equations: first equation is sin(t)=√3/2, and the answer is [ANS] π (so the multiple is [ANS]). Similarly for the second equation.

But the user says ""Solve the problem and end with the required boxed answer."" So maybe they want both sets of answers? Wait, the problem says ""Solve the following equations"" (plural), so two equations. Each equation has solutions, so total four answers? Wait, no: each equation has two solutions (since sine is positive in two quadrants for the first equation, negative in two for the second), so two equations, each with two solutions, so four answers? Wait, let's see.

Wait, sin(t) = √3/2: two solutions in [0, 2π]: π/3, 2π/3. So the multiples are 1/3, 2/3.

sin(t) = -1/2: two solutions: 7π/6, 11π/6. Multiples: 7/6, 11/6.

So the problem probably expects both equations to be solved, so the answers are 1/3, 2/3 for the first, and 7/6, 11/6 for the second. But how does the user want the answer? The problem says ""If the problem asks for multiple values or has multiple fill-in-the-blank placeholders, list all answers in order inside a single \boxed{}, separated by commas.""

Wait, the problem statement has two equations, each with a [ANS] placeholder. So maybe the user wants both sets of answers? But the way it's written: ""sin(t)=√3/2 t=[ANS] π"" and ""sin(t)=-1/2 t=[ANS] π"". So each [ANS] is a placeholder for the multiple, so the first [ANS] is for the first equation, the second [ANS] is for the second equation.

But the problem says ""Solve the following equations"", so maybe they want all solutions listed. Let me think. The user says: ""If the problem asks for multiple values or has multiple fill-in-the-blank placeholders, list all answers in order inside a single \boxed{}, separated by commas.""

In the problem statement, there are two fill-in-the-blank placeholders: [ANS] for the first equation and [ANS] for the second equation. Each placeholder might have multiple answers (since each equation has two solutions). Wait, no—usually, a single placeholder would be for one answer, but the problem says ""if there is more than one answer enter them separated by commas"".

Wait, maybe the problem is presented as two separate questions: first, solve sin(t)=√3/2 in [0,2π], giving the multiple; second, solve sin(t)=-1/2 in [0,2π], giving the multiple. Each of these has two answers, so for the first equation, two answers (1/3, 2/3), for the second equation, two answers (7/6, 11/6). The user wants all answers listed in order inside a single box, separated by commas.

Let me check the example: ""if the answer is π/2 you should enter 1/2"". So for each solution, we write the fraction without π. So the first equation's solutions are π/3 and 2π/3, so the answers are 1/3 and 2/3. The second equation's solutions are 7π/6 and 11π/6, so 7/6 and 11/6.

I think the user wants all four answers listed in order. Let's confirm the interval [0, 2π]. For sin(t)=√3/2, the solutions are π/3 ≈ 1.047 and 2π/3 ≈ 2.094, which are within [0, 2π]. For sin(t)=-1/2, 7π/6 ≈ 3.665 and 11π/6 ≈ 5.759, which are also within [0, 2π].

So the answers in order (probably first equation first, then second equation) would be 1/3, 2/3, 7/6, 11/6. But maybe the problem expects each equation's answers to be listed separately? Wait, the problem says ""Solve the following equations"", so two equations, each with their solutions.

Wait, the problem statement is a bit unclear, but given the example, and the instruction to list all answers in order inside a single box separated by commas, I think they want all solutions for both equations. Let's see.

Wait, the problem says ""sin(t)=√3/2 t=[ANS] π"" and ""sin(t)=-1/2 t=[ANS] π"". So maybe each [ANS] is a single placeholder, but the problem says ""if there is more than one answer enter them separated by commas"". So for the first equation, there are two answers, so the first [ANS] would be ""1/3, 2/3"", and the second [ANS] would be ""7/6, 11/6"". But the user says ""list all answers in order inside a single \boxed{}"". So maybe the problem is expecting all four answers in one box.

Alternatively, maybe the problem was miswritten, and it's two separate problems, but the user wants the answers for each. Let's check standard practice.

In most cases, when solving sin(t) = √3/2 in [0, 2π], the solutions are π/3 and 2π/3. So the multiples are 1/3 and 2/3.

For sin(t) = -1/2, solutions are 7π/6 and 11π/6, multiples 7/6 and 11/6.

The problem says ""the answer should be a fraction or an integer"". So 1/3, 2/3, 7/6, 11/6 are all fractions.

The user says: ""If the problem asks for multiple values or has multiple fill-in-the-blank placeholders, list all answers in order inside a single \boxed{}, separated by commas"".

Since there are two equations, each with two solutions, that's four answers. So the order would be: first equation's solutions first, then second equation's solutions.

So 1/3, 2/3, 7/6, 11/6.

Let me write them as fractions: 1/3, 2/3, 7/6, 11/6.

Yes, that's correct.

Let me verify once more.

For sin(t) = √3/2:

- In [0, π/2], sin(t) increases from 0 to 1, so √3/2 is achieved at π/3.

- In [π/2, π], sin(t) decreases from 1 to 0, so √3/2 is achieved at 2π/3 (since sin(2π/3) = sin(π - π/3) = sin(π/3) = √3/2).

- In [π, 3π/2], sin(t) is negative, so no solution.

- In [3π/2, 2π], sin(t) is negative, so no solution.

So only two solutions: π/3, 2π/3.

For sin(t) = -1/2:

- In [0, π/2] and [π/2, π], sin(t) is positive, so no solution.

- In [π, 3π/2], sin(t) is negative, so we have a solution at π + π/6 = 7π/6 (since sin(π + x) = -sin(x), so sin(7π/6) = -sin(π/6) = -1/2).

- In [3π/2, 2π], sin(t) is negative, so solution at 2π - π/6 = 11π/6 (since sin(2π - x) = -sin(x), so sin(11π/6) = -sin(π/6) = -1/2).

So two solutions: 7π/6, 11π/6.

Therefore, the multiples are 1/3, 2/3, 7/6, 11/6.

The problem says ""list all answers in order inside a single \boxed{}, separated by commas"". So the answer should be \boxed{1/3, 2/3, 7/6, 11/6}.

Wait, but in the example, they said ""if the answer is π/2 you should enter 1/2"", so the fractions are written as 1/3, 2/3, etc., not with LaTeX fractions. Wait, the user says ""Do not use decimal numbers. The answer should be a fraction or an integer."" So in the box, we need to write them as fractions, like 1/3, not \frac{1}{3}.

But in the problem statement, they say ""e.g. \boxed{3, 7}"" for integers, so probably the answer is written with the fractions as ""1/3"", ""2/3"", etc., separated by commas inside the box.

Yes, the example shows integers, but the problem says ""fraction or integer"", so fractions are written with a slash.

So the final answer is \boxed{1/3, 2/3, 7/6, 11/6}

Wait, but let me check if the problem is expecting each equation's answers separately. The problem says ""Solve the following equations"", so two equations. Maybe the user wants two separate boxes? But the instruction says ""list all answers in order inside a single \boxed{}"".

Given the problem statement as written, I think they want all four answers in one box, in order.

Alternatively, maybe the problem was intended to have two separate questions, but the user pasted them together. Let's see the original problem statement: ""sin(t)=√3/2 t=[ANS] π sin(t)=-1/2 t=[ANS] π"". So it's two equations, each with a placeholder [ANS] for the multiple. Each [ANS] would have two answers (since each equation has two solutions), so the first [ANS] is ""1/3, 2/3"" and the second [ANS] is ""7/6, 11/6"". But the user says ""list all answers in order inside a single \boxed{}"". So maybe the four answers.

Yes, I think that's it. So the answer is 1/3, 2/3, 7/6, 11/6.
</think>

To solve the given equations in the interval $[0, 2\pi]$, we analyze each equation separately and express the solutions as **multiples of $\pi$** (i.e., the numerical coefficient that multiplies $\pi$).

---

### **1. Solve $\sin(t) = \frac{\sqrt{3}}{2}$**

We know:
- $\sin\left(\frac{\pi}{3}\right) = \frac{\sqrt{3}}{2}$
- Sine is positive in the **first and second quadrants**

So, the two solutions in $[0, 2\pi]$ are:

$$
t = \frac{\pi}{3}, \quad t = \frac{2\pi}{3}
$$

These correspond to the **multiples of $\pi$**:

$$
\text{Answer for this equation: } \boxed{\frac{1}{3}}, \boxed{\frac{2}{3}}
$$

---

### **2. Solve $\sin(t) = -\frac{1}{2}$**

We know:
- $\sin\left(\frac{\pi}{6}\right) = \frac{1}{2}$
- Sine is negative in the **third and fourth quadrants**

So, the two solutions in $[0, 2\pi]$ are:

$$
t = \frac{7\pi}{6}, \quad t = \frac{11\pi}{6}
$$

These correspond to the **multiples of $\pi$**:

$$
\text{Answer for this equation: } \boxed{\frac{7}{6}}, \boxed{\frac{11}{6}}
$$

---

### **Final Answer**

The problem asks for **all answers** in order inside a single boxed expression, separated by commas.

Thus, the complete set of answers (in increasing order) is:

$$
\boxed{1/3, 2/3, 7/6, 11/6}
$$"
