id,response
482,"Okay, let's try to solve this problem. The question is about expressing the polynomial \( x^4 - 2x^2 + 3 \) in terms of \( (x + 2) \) using synthetic division to find the coefficients \( c_0, c_1, c_2, c_3, c_4 \). 

First, I remember that when you want to express a polynomial in terms of \( (x - a) \), you can use synthetic division with root \( a \). But here it's \( (x + 2) \), which is \( (x - (-2)) \), so the root we need is \( -2 \). 

Wait, the problem says ""synthetic division to find the \( c_i \)"". Let me recall: if we have a polynomial \( P(x) = a_n x^n + \dots + a_0 \), and we want to write it as \( P(x) = c_0 + c_1 (x - a) + c_2 (x - a)^2 + \dots + c_n (x - a)^n \), then the coefficients \( c_i \) are related to the Taylor series expansion around \( x = a \). Alternatively, synthetic division can be used to find the coefficients of the polynomial in terms of \( (x - a) \).

Wait, synthetic division is typically used for dividing by a linear factor, but here we need to express the original polynomial as a sum of powers of \( (x + 2) \), which is \( (x - (-2)) \). So, the idea is to compute the Taylor series of \( P(x) \) around \( x = -2 \). The coefficients \( c_i \) are the Taylor coefficients multiplied by \( i! \) or something? Wait, let's think carefully.

Let me denote \( t = x + 2 \), so \( x = t - 2 \). Then we can substitute \( x = t - 2 \) into the original polynomial and expand in terms of \( t \). That might be a straightforward way. Let's try that.

Original polynomial: \( P(x) = x^4 - 2x^2 + 3 \).

Let \( t = x + 2 \), so \( x = t - 2 \). Substitute into \( P(x) \):

\( P(t - 2) = (t - 2)^4 - 2(t - 2)^2 + 3 \).

We need to expand this in powers of \( t \), which will give \( c_0 + c_1 t + c_2 t^2 + c_3 t^3 + c_4 t^4 \), since the original polynomial is degree 4, so the highest power is \( t^4 \).

Let's compute each term step by step.

First, expand \( (t - 2)^4 \):

\( (t - 2)^4 = t^4 - 8t^3 + 24t^2 - 32t + 16 \).

Then, \( -2(t - 2)^2 \):

\( (t - 2)^2 = t^2 - 4t + 4 \), so \( -2(t - 2)^2 = -2t^2 + 8t - 8 \).

Adding the constant term 3.

So, putting it all together:

\( P(t - 2) = [t^4 - 8t^3 + 24t^2 - 32t + 16] + [-2t^2 + 8t - 8] + 3 \).

Let's combine like terms:

- \( t^4 \): 1
- \( t^3 \): -8
- \( t^2 \): 24 - 2 = 22
- \( t \): -32 + 8 = -24
- constants: 16 - 8 + 3 = 11

So, \( P(t - 2) = t^4 - 8t^3 + 22t^2 - 24t + 11 \).

But \( t = x + 2 \), so substituting back, the polynomial is:

\( x^4 - 2x^2 + 3 = 11 - 24(x + 2) + 22(x + 2)^2 - 8(x + 2)^3 + 1(x + 2)^4 \).

Wait, the problem statement says: ""Set \( x^4 - 2x^2 + 3 = c_0 + c_1 (x + 2) + c_2 (x + 2)^2 + c_3 (x + 2)^3 + c_4 (x + 2)^2 \)"". Wait, hold on! Wait, the problem says \( c_4 (x + 2)^2 \)? That can't be right. Wait, the original problem is written as:

""Set \( x^{4} \!-\! 2 x^{2} \!+\! 3 \!=\! c_{0} \!+\! c_{1} ( x \!+\! 2 ) \!+\! c_{2} ( x \!+\! 2 )^{2} \!+\! c_{3} ( x \!+\! 2 )^{3} \!+\! c_{4} ( x \!+\! 2 )^{2} \)""

Wait, that's a typo. The last term is \( (x + 2)^2 \) instead of \( (x + 2)^4 \). Because the left side is degree 4, so the right side should have up to \( (x + 2)^4 \). Let me check the problem statement again.

The user wrote: ""c_{4} ( x \!+\! 2 )^{2}"" — probably a typo. In the answer choices, all have \( c_4 \) with a power, but in the problem statement, it's written as \( (x + 2)^2 \). Wait, that must be a mistake. Because the left side is degree 4, so the right side should have \( c_4 (x + 2)^4 \). Let me check the answer choices.

Looking at the answer choices: For example, option H says \( c_4 = 1 \), which matches the coefficient we found (since in our expansion, the coefficient of \( t^4 \) is 1). So probably the problem statement has a typo, and it's supposed to be \( c_4 (x + 2)^4 \). Let's assume that's the case. Otherwise, the problem is ill-posed because the right-hand side would be degree 2, but the left is degree 4.

So, given that, the correct expansion we did is:

\( x^4 - 2x^2 + 3 = 11 - 24(x + 2) + 22(x + 2)^2 - 8(x + 2)^3 + 1(x + 2)^4 \).

Therefore, the coefficients are:

\( c_0 = 11 \)

\( c_1 = -24 \)

\( c_2 = 22 \)

\( c_3 = -8 \)

\( c_4 = 1 \)

Now, let's check the answer choices.

Option H: \( c_0=11, c_1=-24, c_2=22, c_3=-8, c_4=1 \). That matches exactly.

Wait, let's confirm.

In the expansion we did:

- Constant term (when t=0, i.e., x=-2): P(-2) = (-2)^4 - 2*(-2)^2 + 3 = 16 - 8 + 3 = 11. So \( c_0 = 11 \), which is correct.

To find \( c_1 \), we can take the derivative of P(x) at x = -2, since in Taylor series, \( c_1 = P'(-2) \). Let's check that.

First, \( P(x) = x^4 - 2x^2 + 3 \)

\( P'(x) = 4x^3 - 4x \)

\( P'(-2) = 4*(-8) - 4*(-2) = -32 + 8 = -24 \). So \( c_1 = -24 \), which matches.

Next, \( c_2 \) is \( P''(-2)/2! \). Let's compute second derivative.

\( P''(x) = 12x^2 - 4 \)

\( P''(-2) = 12*(4) - 4 = 48 - 4 = 44 \)

So \( c_2 = 44 / 2 = 22 \). Correct.

Third derivative: \( P'''(x) = 24x \)

\( P'''(-2) = 24*(-2) = -48 \)

\( c_3 = P'''(-2)/3! = -48 / 6 = -8 \). Correct.

Fourth derivative: \( P''''(x) = 24 \)

\( c_4 = P''''(-2)/4! = 24 / 24 = 1 \). Correct.

So all coefficients check out. Therefore, the answer is H.

Let me check the answer choices again:

H. \( c_0=11, c_1=-24, c_2=22, c_3=-8, c_4=1 \). Yes, that's exactly what we have.

The problem statement had a typo in the last term, writing \( (x + 2)^2 \) instead of \( (x + 2)^4 \), but given the answer choices, H is the correct one.
</think>

To solve the problem, we are asked to express the polynomial  
$$
x^4 - 2x^2 + 3
$$  
in terms of powers of $ (x + 2) $, specifically in the form:  
$$
c_0 + c_1(x + 2) + c_2(x + 2)^2 + c_3(x + 2)^3 + c_4(x + 2)^4
$$  
(Note: The original problem statement had a typo with $ c_4(x + 2)^2 $, which is inconsistent with the degree of the polynomial. We assume it should be $ (x + 2)^4 $.)

---

### Step 1: Use substitution to expand around $ x = -2 $

Let $ t = x + 2 $, so $ x = t - 2 $. Substitute into the polynomial:

$$
P(x) = (t - 2)^4 - 2(t - 2)^2 + 3
$$

We now expand each term:

- $ (t - 2)^4 = t^4 - 8t^3 + 24t^2 - 32t + 16 $
- $ -2(t - 2)^2 = -2(t^2 - 4t + 4) = -2t^2 + 8t - 8 $
- Constant term: $ +3 $

Now combine all terms:

$$
P(t) = [t^4 - 8t^3 + 24t^2 - 32t + 16] + [-2t^2 + 8t - 8] + 3
$$

Group like terms:

- $ t^4 $: $ 1 $
- $ t^3 $: $ -8 $
- $ t^2 $: $ 24 - 2 = 22 $
- $ t $: $ -32 + 8 = -24 $
- Constants: $ 16 - 8 + 3 = 11 $

So,
$$
P(x) = 11 - 24(x + 2) + 22(x + 2)^2 - 8(x + 2)^3 + (x + 2)^4
$$

Thus, the coefficients are:
- $ c_0 = 11 $
- $ c_1 = -24 $
- $ c_2 = 22 $
- $ c_3 = -8 $
- $ c_4 = 1 $

---

### Step 2: Match with answer choices

From the list of options, **Option H** matches exactly:

$$
c_0 = 11,\quad c_1 = -24,\quad c_2 = 22,\quad c_3 = -8,\quad c_4 = 1
$$

All other options have incorrect values for at least one coefficient.

---

### Final Answer

$$
\boxed{H}
$$"
483,"This is a complex or challenging question, and it is difficult to provide a direct and correct answer. I need to think about it.
Well, so we have this equation: y√(2016 - x²) + x√(2016 - y²) = 2016, with x and y non-negative reals. We need to maximize x + 3y, and express that max as m√n, then find m + n. Hmm, let's start by thinking about possible substitutions or maybe symmetry? Wait, the equation isn't symmetric in x and y, but maybe we can set variables for the square roots to simplify?

Let me denote a = √(2016 - x²), b = √(2016 - y²), so a and b are also non-negative reals (since x, y non-negative, so 2016 - x² ≥ 0 ⇒ x ≤ √2016, same for y). Then, x² = 2016 - a², y² = 2016 - b². Let's rewrite the original equation in terms of a and b: y a + x b = 2016. Okay, that's a linear equation in y and x, but we still have x and y in terms of a and b. Maybe we can write the original equation as y a + x b = 2016, and we have x = √(2016 - a²), y = √(2016 - b²). Wait, maybe not immediately helpful.

Alternatively, let's consider if x or y is zero. Let's test boundary cases first to get an idea. If x = 0, then original equation becomes y√2016 + 0 = 2016 ⇒ y = 2016 / √2016 = √2016. Then x + 3y = 0 + 3√2016 = 3√(2016). Wait, but 2016 factors: 2016 = 16*126 = 16*9*14 = 144*14, so √2016 = 12√14, so 3√2016 = 36√14 ≈ 36*3.7417 ≈ 134.7. If y = 0, original equation becomes 0 + x√2016 = 2016 ⇒ x = √2016, so x + 3y = √2016 ≈ 44.9, which is less than the x=0 case. So maybe maximum isn't at boundary? Wait, but maybe another boundary? Wait, x and y can't exceed √2016, so those are the only boundaries where one variable is zero or at the upper limit.

Wait, but let's check if the equation can hold when both x and y are positive. Let's suppose x = y, just for testing. Let x = y = t, then equation becomes t√(2016 - t²) + t√(2016 - t²) = 2016 ⇒ 2t√(2016 - t²) = 2016 ⇒ t√(2016 - t²) = 1008. Let's square both sides: t²(2016 - t²) = 1008² ⇒ 2016t² - t⁴ = 1008² ⇒ t⁴ - 2016t² + 1008² = 0. Let u = t², so u² - 2016u + 1008² = 0. Discriminant: 2016² - 4*1008² = (2016 - 2*1008)(2016 + 2*1008) = (0)(4032) = 0, so u = 2016/2 = 1008, so t² = 1008 ⇒ t = √1008 = 12√7 (since 1008=144*7). Then x + 3y = 4t = 48√7 ≈ 48*2.6458 ≈ 127.0, which is bigger than the x=0 case (134.7? Wait, wait, hold on! Wait, 3√2016: 2016 is 144*14, so √2016=12√14≈12*3.7417≈44.9, so 3*44.9≈134.7, yes, that's bigger than 127. Wait, but is x=0 a valid solution? Wait, when x=0, y=√2016, let's check original equation: y√(2016 - 0) + 0 = y*√2016 = √2016*√2016 = 2016, yes! That's exactly 2016, so it's a valid solution. Wait, but hold on, is that the only solution when x=0? Yes, as we saw.

But wait, maybe there's a solution where x and y are positive that gives a higher value? Wait, but when x=0, we get x+3y=3√2016≈134.7, when y=0, x+3y=√2016≈44.9, when x=y, we got ~127, so lower. Wait, but maybe another point? Let's try to set t = x + 3y, want to maximize t, so let's let s = t = x + 3y, so y = (s - x)/3, but maybe messy. Alternatively, use Lagrange multipliers? Since it's a constrained optimization problem. Let's try that, maybe it's straightforward.

Set up Lagrangian: L = x + 3y - λ(y√(2016 - x²) + x√(2016 - y²) - 2016). Take partial derivatives.

First, ∂L/∂x = 1 - λ[ y*(1/(2√(2016 - x²)))*(-2x) + √(2016 - y²) ] = 1 - λ[ -xy / √(2016 - x²) + √(2016 - y²) ] = 0

Similarly, ∂L/∂y = 3 - λ[ √(2016 - x²) + x*(1/(2√(2016 - y²)))*(-2y) ] = 3 - λ[ √(2016 - x²) - xy / √(2016 - y²) ] = 0

Let me denote for simplicity: let A = √(2016 - x²), B = √(2016 - y²), so A, B ≥ 0, and original equation is yA + xB = 2016 (that's good, we had this earlier). Then, from the partial derivatives, let's rewrite them.

First, ∂L/∂x = 0 ⇒ 1 = λ[ -xy/A + B ] ⇒ 1 = λ(B - xy/A) ---(1)

∂L/∂y = 0 ⇒ 3 = λ[ A - xy/B ] ---(2)

Also, we have yA + xB = 2016 ---(3)

Maybe we can solve equations (1) and (2) for λ and set equal? Let's try that. From (1): λ = 1 / (B - xy/A) = A / (AB - xy)

From (2): λ = 3 / (A - xy/B) = 3B / (AB - xy)

Ah, nice! Both denominators are AB - xy, so set numerators equal (since denominators non-zero, which they should be for interior critical points):

A = 3B ⇒ A = 3B ---(4)

Great, that's a key relation! So from Lagrange multipliers, assuming interior point (not boundary), we get A = 3B, where A = √(2016 - x²), B = √(2016 - y²). Let's note that boundary cases would be when x=0 or y=0 or A=0 or B=0, but A=0 means x=√2016, B=0 means y=√2016, let's check those boundaries too later.

So first, let's handle the interior critical point case: A = 3B. Let's write down what A and B are:

A = √(2016 - x²) = 3B = 3√(2016 - y²) ⇒ square both sides: 2016 - x² = 9(2016 - y²) ⇒ 2016 - x² = 18144 - 9y² ⇒ 9y² - x² = 18144 - 2016 = 16128 ⇒ x² = 9y² - 16128 ---(5)

Also, original equation (3): yA + xB = y*(3B) + xB = 3yB + xB = B(3y + x) = 2016 ---(6)

Wait, that's nice! So B(3y + x) = 2016, but wait, the expression we want to maximize is x + 3y, which is exactly 3y + x, let's call that S = x + 3y (that's our target function, good notation). So from (6): B * S = 2016 ⇒ B = 2016 / S ---(7)

Also, B = √(2016 - y²), so B² = 2016 - y² ⇒ y² = 2016 - B² = 2016 - (2016²)/S² ---(8)

Similarly, from A = 3B, A² = 9B² = 9*(2016²)/S², but A² = 2016 - x², so x² = 2016 - A² = 2016 - 9*(2016²)/S² ---(9)

Also, we have S = x + 3y ⇒ x = S - 3y ⇒ x² = S² - 6Sy + 9y² ---(10)

Now, let's take equations (8) and (9) and plug into (10). First, let's compute x² from (9) and from (10):

From (9): x² = 2016 - (9*2016²)/S²

From (10): x² = S² - 6Sy + 9y² = S² - 6Sy + 9*(2016 - B²) [using (8): y² = 2016 - B²] = S² - 6Sy + 9*2016 - 9B²

But from (7), B = 2016/S, so B² = 2016²/S², so substitute that in:

x² = S² - 6Sy + 9*2016 - 9*(2016²)/S²

Now set equal to x² from (9):

2016 - (9*2016²)/S² = S² - 6Sy + 9*2016 - (9*2016²)/S²

Wait a second! Look at both sides: there's a - (9*2016²)/S² term on both sides, so they cancel out. Nice, simplifies things!

So cancel those terms:

2016 = S² - 6Sy + 9*2016

Let's rearrange this equation:

0 = S² - 6Sy + 9*2016 - 2016 ⇒ S² - 6Sy + 8*2016 = 0

Let's solve for y here, maybe:

6Sy = S² + 8*2016 ⇒ y = (S² + 8*2016)/(6S) ---(11)

Okay, good, now we have y in terms of S. Let's recall from equation (8): y² = 2016 - B² = 2016 - (2016²)/S², so let's write that as:

y² = 2016(1 - 2016/S²) = 2016(S² - 2016)/S² ⇒ y = √[2016(S² - 2016)] / S (since y ≥ 0, we take positive root) ---(12)

Perfect, so now we have two expressions for y: (11) and (12). Let's set them equal to each other. Let's first compute (11) squared to match the form of (12).

From (11): y = (S² + 8*2016)/(6S) ⇒ y² = (S² + 8*2016)² / (36S²) ---(11a)

From (12): y² = 2016(S² - 2016)/S² ---(12a)

Set (11a) = (12a):

(S² + 8*2016)² / (36S²) = 2016(S² - 2016)/S²

We can multiply both sides by S² (S ≠ 0, which it isn't since we're maximizing a positive quantity) to cancel denominators:

(S² + 8*2016)² / 36 = 2016(S² - 2016)

Multiply both sides by 36 to eliminate denominator:

(S² + 8*2016)² = 36*2016*(S² - 2016)

Okay, now let's let k = S² to make this a quadratic in k (since it's a square of S²), might be easier. Let's compute the constants first to simplify calculations. Let's note that 2016 is a constant, maybe factor it to make numbers smaller? Let's see: 2016 = 16*126 = 16*9*14 = 144*14, as I did earlier, so 2016 = 144*14, but maybe just keep as 2016 for now, or let's set C = 2016 to make writing easier. Let's try that substitution temporarily to avoid big numbers.

Let C = 2016. Then the equation becomes:

(S² + 8C)² = 36C(S² - C)

Expand left side: S⁴ + 16C S² + 64C² = 36C S² - 36C²

Bring all terms to left side:

S⁴ + 16C S² + 64C² - 36C S² + 36C² = 0 ⇒ S⁴ - 20C S² + 100C² = 0

Oh, that's a nice quadratic in S²! Let's check the algebra again to make sure:

Left side expansion: (a + b)² = a² + 2ab + b², so (S² + 8C)² = S⁴ + 16C S² + 64C², correct.

Right side: 36C(S² - C) = 36C S² - 36C², correct.

Subtract right side from left side: S⁴ + 16C S² + 64C² - 36C S² + 36C² = S⁴ + (16C - 36C)S² + (64C² + 36C²) = S⁴ - 20C S² + 100C², yes! Perfect, that's a quadratic in S²: let k = S², so k² - 20C k + 100C² = 0.

Wait, that factors! k² - 20C k + 100C² = (k - 10C)² = 0. Oh! So it's a perfect square. So (k - 10C)² = 0 ⇒ k = 10C ⇒ S² = 10C ⇒ S = √(10C) (since S > 0).

Wait, hold on, that's surprisingly simple! Did I do that right? Let's check with C = 2016, so S = √(10*2016) = √(20160). Wait, but earlier when x=0, we had S = 3√C = 3√2016 ≈ 3*44.9 ≈ 134.7, and √(10*2016) = √20160 ≈ √(2016*10) ≈ 44.9*3.162 ≈ 142.1, which is bigger! Wait, but hold on, is this critical point valid? We need to check if x and y are non-negative reals, and satisfy the original equation.

Wait, but first, let's make sure we didn't make a mistake in the Lagrange multipliers step, because getting a perfect square is nice, but let's verify the steps again.

We set A = √(2016 - x²), B = √(2016 - y²), so original equation yA + xB = 2016.

Partial derivatives: for ∂L/∂x = 1 - λ[ derivative of (yA + xB) w.r. to x ] = 0. Derivative of yA w.r. to x is y*(dA/dx) = y*(1/(2A))*(-2x) = -xy/A, correct. Derivative of xB w.r. to x is B, correct. So total derivative w.r. to x is -xy/A + B, so ∂L/∂x = 1 - λ(-xy/A + B) = 0 ⇒ 1 = λ(B - xy/A), yes, that's what I had.

Similarly, ∂L/∂y: derivative of yA w.r. to y is A, derivative of xB w.r. to y is x*(dB/dy) = x*(1/(2B))*(-2y) = -xy/B, so total derivative w.r. to y is A - xy/B, so ∂L/∂y = 3 - λ(A - xy/B) = 0 ⇒ 3 = λ(A - xy/B), correct.

Then solving for λ: from first equation, λ = 1/(B - xy/A) = A/(AB - xy), from second, λ = 3/(A - xy/B) = 3B/(AB - xy), so equate numerators: A = 3B, that's correct, no mistake there.

Then A = 3B ⇒ 2016 - x² = 9(2016 - y²) ⇒ x² = 9y² - 9*2016 + 2016 = 9y² - 8*2016, wait! Wait a second! Here's a mistake! Earlier, in equation (5), I had 9y² - x² = 16128, but 16128 = 18144 - 2016? Wait, 9*2016 is 18144, yes, 2016*9: 2000*9=18000, 16*9=144, so 18144, correct. 18144 - 2016 = 16128, yes, so 9y² - x² = 16128 ⇒ x² = 9y² - 16128, which is 9y² - 8*2016, since 8*2016=16128 (2016*8=16128, yes, 2000*8=16000, 16*8=128). So that part was correct.

Then original equation: yA + xB = y*(3B) + xB = B(3y + x) = 2016, correct, since A=3B. Then S = x + 3y, so B*S = 2016 ⇒ B=2016/S, correct.

Then B² = 2016 - y² ⇒ y² = 2016 - (2016²)/S², correct.

x = S - 3y ⇒ x² = S² - 6Sy + 9y², correct.

Then substituted x² from A=3B into x² from x=S-3y, and the terms canceled nicely to give 2016 = S² - 6Sy + 9*2016 ⇒ S² - 6Sy + 8*2016=0, that's correct (9*2016 -2016=8*2016).

Then solved for y: y=(S² +8*2016)/(6S), correct.

Then set y² equal from two expressions, canceled S², got quadratic in S², set C=2016, got (S² +8C)²=36C(S² - C), expanded to S⁴ -20C S² +100C²=0, which is (S² -10C)²=0, so S²=10C, so S=√(10C)=√(10*2016). Wait, but earlier when I thought x=0 gives S=3√C≈134.7, √(10C)=√20160≈142.0, which is bigger, so maybe that's the maximum? But we need to check if with S=√(10*2016), we get real non-negative x and y.

Let's compute y from equation (11): y=(S² +8C)/(6S)= (10C +8C)/(6S)=18C/(6S)=3C/S. Since S=√(10C), y=3C/√(10C)=3√C/√10= (3/√10)√C= (3√10/10)√C, which is positive real, good.

Similarly, x = S - 3y = √(10C) - 3*(3C/S) = √(10C) - 9C/√(10C) = (10C - 9C)/√(10C) = C/√(10C) = √C/√10 = √(C/10), which is also positive real (since C=2016>0). Great, so x and y are positive reals here, so this is an interior critical point, not on the boundary (x>0, y>0), so valid.

Wait, but earlier when I thought x=0 gives S=3√C, but is x=0 a critical point? For boundary points, Lagrange multipliers might not apply directly, so we need to check boundary cases separately, as we started to do.

Let's formalize boundary cases:

Case 1: x = 0. Then original equation: y√(2016 - 0) = 2016 ⇒ y = 2016 / √2016 = √2016, so S = 0 + 3√2016 = 3√2016.

Case 2: y = 0. Original equation: 0 + x√2016 = 2016 ⇒ x = √2016, S = √2016 + 0 = √2016.

Case 3: x = √2016 (so A=0). Then original equation: y*0 + √2016*√(2016 - y²) = 2016 ⇒ √2016*√(2016 - y²) = 2016 ⇒ √(2016 - y²) = √2016 ⇒ 2016 - y² = 2016 ⇒ y=0. Which is the same as Case 2, so S=√2016.

Case 4: y = √2016 (so B=0). Original equation: √2016*√(2016 - x²) + x*0 = 2016 ⇒ √(2016 - x²)=√2016 ⇒ x=0, which is Case 1, S=3√2016.

So the only boundary points with positive S are Case 1 and Case 2, giving S=3√2016 and S=√2016, so Case 1 is the highest boundary value.

Now, the interior critical point gives S=√(10*2016). Let's compute numerical values to compare:

First, √2016: 2016=144*14, so √2016=12√14≈12*3.741657≈44.8999

3√2016≈134.6997

√(10*2016)=√20160=√(144*140)=12√140=12√(4*35)=12*2√35=24√35≈24*5.91608≈141.986

Oh! Wait, that's bigger than 3√2016≈134.7. So my earlier calculation of the interior critical point was correct, and it's higher than the boundary case. I must have miscalculated 3√2016 earlier? Wait, no, 3*44.9=134.7, but 24√35 is about 24*5.916≈142, yes, that's bigger. So that's good, so the interior critical point is higher.

But wait, hold on: when we did the Lagrange multipliers, we assumed an interior point (x>0, y>0), which we confirmed x and y are positive here, so that's valid. But let's make sure we didn't miss any other critical points? The Lagrange equations gave us A=3B, but is there a possibility of the denominators being zero? For example, in equation (1), denominator B - xy/A = 0, but if that were zero, then from (1), 1=0, which is impossible, so denominators can't be zero, so the only critical points from Lagrange are those with A=3B, which we solved.

Wait, but let's verify with actual numbers whether this critical point satisfies the original equation. Let's take C=2016 for simplicity, so S=√(10C), y=3C/S=3C/√(10C)=3√C/√10, x=C/S=√C/√10 (from earlier, x=√(C/10)=√C/√10, yes).

Compute y√(C - x²): first, x²=C/10, so C - x²=9C/10, so √(C - x²)=3√(C/10)=3x (since x=√(C/10), so 3x=3√(C/10)=√(9C/10)=√(C - x²), correct).

Similarly, y=3√C/√10, so y²=9C/10, so C - y²=C/10, so √(C - y²)=√(C/10)=x (since x=√(C/10), yes!).

Therefore, original equation left-hand side: y√(C - x²) + x√(C - y²) = y*(3x) + x*(y) = 3xy + xy = 4xy. Wait, hold on! Wait, that's a key simplification I missed earlier!

Wait, from above: √(C - x²)=3x (since x²=C/10 ⇒ C - x²=9C/10 ⇒ √(C - x²)=3√(C/10)=3x), and √(C - y²)=x (since y²=9C/10 ⇒ C - y²=C/10 ⇒ √(C - y²)=√(C/10)=x). Therefore, LHS = y*(3x) + x*(x) = 3xy + x²? Wait, wait, no! Wait, no: original equation is y*√(2016 - x²) + x*√(2016 - y²), so yes, first term: y times √(C - x²) = y*(3x), second term: x times √(C - y²) = x*(x)? Wait, no! Wait, √(C - y²)=x? Wait, x=√(C/10), so x²=C/10, so √(C - y²)=√(C - 9C/10)=√(C/10)=x, yes, correct. y=3x (wait, y=3√C/√10=3x, since x=√C/√10, yes! y=3x. Oh, that's a simpler relation: y=3x.

Wait, let's see: from x=√(C/10), y=3√(C/10)=3x, so y=3x. That's a nice relation. Let's check with the original equation using y=3x.

Let y=3x, plug into original equation: 3x√(C - x²) + x√(C - 9x²) = C.

Let's compute this: x[3√(C - x²) + √(C - 9x²)] = C. Let's set t = x², so equation becomes √t [3√(C - t) + √(C - 9t)] = C. Let's square both sides? Maybe not necessary, but from our earlier critical point, we had S = x + 3y = x + 9x = 10x, so x = S/10, y=3S/10. Wait, hold on! Wait, earlier I had S = x + 3y, and from y=3x, S = x + 9x = 10x ⇒ x = S/10, y=3S/10. That's a good check.

Let's plug x = S/10, y = 3S/10 into original equation (with C=2016):

(3S/10)√(C - (S/10)²) + (S/10)√(C - (9S²/100)) = C

Factor out S/10:

(S/10)[3√(C - S²/100) + √(C - 9S²/100)] = C

Multiply both sides by 10/S:

3√(C - S²/100) + √(C - 9S²/100) = 10C/S

But from our critical point, we had S²=10C, so let's substitute S²=10C into left side:

3√(C - 10C/100) + √(C - 90C/100) = 3√(C - C/10) + √(C - 9C/10) = 3√(9C/10) + √(C/10) = 3*(3√(C/10)) + √(C/10) = 9√(C/10) + √(C/10) = 10√(C/10) = √(100C/10) = √(10C) = S

Wait, but right side is 10C/S = 10C/√(10C) = 10√(C/10) = √(100C/10) = √(10C) = S. Yes! So left side equals right side, so it checks out. Good, so the critical point is valid.

Earlier, when I thought LHS=4xy, let's see with y=3x: y√(C - x²) + x√(C - y²)=3x*(3x) + x*x=9x² + x²=10x²? Wait, no, wait: √(C - x²)=3x (from x²=C/10, so C - x²=9C/10, so √(C - x²)=3√(C/10)=3x, yes), so first term: y*√(C - x²)=3x*3x=9x². Second term: x*√(C - y²)=x*√(C - 9x²)=x*√(C - 9C/10)=x*√(C/10)=x*x=x². Therefore total LHS=9x² + x²=10x². But original equation says LHS=C=2016, so 10x²=2016 ⇒ x²=201.6 ⇒ x=√201.6, which matches x=√(C/10)=√(2016/10)=√201.6, yes. Then S=x + 3y=x + 9x=10x ⇒ x=S/10 ⇒ S²=100x²=100*(2016/10)=10*2016, which is exactly what we had! Perfect, so that's a good consistency check.

So now, we have the maximum value (we think) is S=√(10*2016). Wait, but hold on, is this the maximum? We have one critical point from Lagrange, which is higher than the boundary points, but could there be another critical point? When we did the Lagrange, we got a unique solution for the interior critical point (since the quadratic was a perfect square, only one solution), so that's the only interior critical point.

But let's think differently to confirm, maybe using substitution. Let's let u = x/√2016, v = y/√2016, so u, v ∈ [0,1] (since x,y ≤ √2016). Then the original equation becomes:

y√(2016 - x²) + x√(2016 - y²) = √2016 [v√2016 √(1 - u²) + u√2016 √(1 - v²)] = 2016

Simplify left side: √2016 * √2016 [v√(1 - u²) + u√(1 - v²)] = 2016 [v√(1 - u²) + u√(1 - v²)] = 2016

Divide both sides by 2016: v√(1 - u²) + u√(1 - v²) = 1

Ah, this is a normalized equation, much simpler! And we want to maximize x + 3y = √2016 (u + 3v), so maximizing u + 3v is equivalent to maximizing x + 3y (since √2016 is positive constant). Let's denote T = u + 3v, so we need to maximize T subject to v√(1 - u²) + u√(1 - v²) = 1, u,v ≥ 0, u ≤ 1, v ≤ 1.

This might be easier to handle. Let's rewrite the constraint: v√(1 - u²) + u√(1 - v²) = 1. Notice that for u,v ∈ [0,1], the left side is the sum of two terms, each non-negative. Let's consider when u=v: then 2u√(1 - u²)=1 ⇒ u²(1 - u²)=1/4 ⇒ u⁴ - u² + 1/4=0 ⇒ (u² - 1/2)²=0 ⇒ u=√(1/2), so u=v=1/√2, then T=1/√2 + 3/√2=4/√2=2√2≈2.828, but our earlier S=√(10*2016)=√20160≈142.0, and √2016≈44.9, so T=S/√2016≈142/44.9≈3.16, which is bigger than 2.828, so okay.

In the normalized variables, our critical point: earlier we had x=√(C/10), y=3√(C/10) where C=2016, so u=x/√C=1/√10, v=y/√C=3/√10. Let's check the constraint: v√(1 - u²) + u√(1 - v²)= (3/√10)√(1 - 1/10) + (1/√10)√(1 - 9/10)= (3/√10)√(9/10) + (1/√10)√(1/10)= (3/√10)(3/√10) + (1/√10)(1/√10)=9/10 + 1/10=1. Perfect! Exactly satisfies the constraint. Great, so normalized variables make it clear.

Now, with T = u + 3v, constraint g(u,v)=v√(1 - u²) + u√(1 - v²) - 1=0. Let's do Lagrange on this normalized problem to confirm, maybe faster.

∇T = (1, 3), ∇g = (-v u / √(1 - u²) + √(1 - v²), √(1 - u²) - u v / √(1 - v²)) [wait, compute partial derivatives:

∂g/∂u = v*(1/(2√(1 - u²)))*(-2u) + √(1 - v²) = -u v / √(1 - u²) + √(1 - v²)

∂g/∂v = √(1 - u²) + u*(1/(2√(1 - v²)))*(-2v) = √(1 - u²) - u v / √(1 - v²)

So Lagrange condition: ∇T = λ ∇g ⇒

1 = λ [ -u v / √(1 - u²) + √(1 - v²) ] ---(a)

3 = λ [ √(1 - u²) - u v / √(1 - v²) ] ---(b)

Let me denote P = √(1 - u²), Q = √(1 - v²), so P, Q ≥ 0, and constraint is v P + u Q = 1.

Then, equation (a): 1 = λ [ -u v / P + Q ] = λ (Q - u v / P)

Equation (b): 3 = λ [ P - u v / Q ]

Same as before! So set λ = 1/(Q - u v / P) = P/(P Q - u v) from (a), and λ = 3/(P - u v / Q) = 3Q/(P Q - u v) from (b), so equate numerators: P = 3Q ⇒ P = 3Q.

Ah, same relation as before! So P = 3Q ⇒ √(1 - u²)=3√(1 - v²) ⇒ 1 - u²=9(1 - v²) ⇒ u²=9v² - 8 ---(i)

Constraint: v P + u Q = v*(3Q) + u Q = Q(3v + u) = 1 ⇒ Q = 1/(u + 3v) = 1/T, where T = u + 3v (our target for normalized variables).

Also, Q = √(1 - v²) ⇒ Q² = 1 - v² ⇒ v² = 1 - Q² = 1 - 1/T² ---(ii)

From (i): u² = 9v² - 8 ⇒ u = √(9v² - 8) (u ≥ 0)

Also, T = u + 3v ⇒ u = T - 3v ⇒ u² = T² - 6T v + 9v² ---(iii)

Set (iii) = (i): T² - 6T v + 9v² = 9v² - 8 ⇒ T² - 6T v = -8 ⇒ 6T v = T² + 8 ⇒ v = (T² + 8)/(6T) ---(iv), which is exactly equation (11) with C=1 (since we normalized, C=2016 became 1, so yes, matches).

Then from (ii): v² = 1 - 1/T² ⇒ v = √(T² - 1)/T (since v ≥ 0)

Set equal to (iv): (T² + 8)² / (36T²) = (T² - 1)/T² ⇒ (T² + 8)² = 36(T² - 1)

Wait a second! Here's the key: in the normalized problem, C=1, so this is different from before! Wait, no, earlier when I set C=2016, I did the algebra and got (S² -10C)²=0, but in normalized variables, let's do this correctly.

Wait, in normalized variables, we have v = (T² + 8)/(6T), and v² = (T² - 1)/T² (since v² = 1 - 1/T² = (T² - 1)/T²). Therefore:

[(T² + 8)/(6T)]² = (T² - 1)/T² ⇒ (T² + 8)² / 36 = T² - 1 ⇒ (T² + 8)² = 36(T² - 1)

Ah! Here's the mistake earlier in the substitution when I set C=2016! Wait, no, in the first approach, I think I confused the substitution. Let's clarify with the normalized problem to avoid confusion.

In normalized problem (u,v ∈ [0,1], constraint v√(1 - u²) + u√(1 - v²)=1), we have T = u + 3v, and we derived:

From the two expressions for v, we get (T² + 8)² = 36(T² - 1). Let's expand this:

T⁴ + 16T² + 64 = 36T² - 36 ⇒ T⁴ - 20T² + 100 = 0 ⇒ (T² - 10)² = 0 ⇒ T² = 10 ⇒ T = √10 (since T > 0)

There we go! That's the normalized maximum value of T = u + 3v is √10.

Then, since x = u√2016, y = v√2016, so x + 3y = √2016 (u + 3v) = √2016 * T = √2016 * √10 = √(10*2016), which matches what we had earlier for S. Phew! So the earlier algebra was correct, the confusion was in the normalized vs. original, but we confirmed through multiple methods.

Now, let's simplify √(10*2016) to the form m√n, where n is square-free.

First, factor 2016: 2016 ÷ 2 = 1008; ÷2=504; ÷2=252; ÷2=126; ÷2=63; ÷3=21; ÷3=7. So prime factors: 2⁵ * 3² * 7¹.

Therefore, 10*2016 = 10 * 2⁵ * 3² * 7 = 2⁶ * 3² * 5 * 7.

Let's check: 2⁶=64, 3²=9, 64*9=576, 576*5=2880, 2880*7=20160, yes, 10*2016=20160.

Now, write 20160 as a product of a square and square-free: 2⁶ * 3² * 5 * 7 = (2³ * 3)² * (5 * 7) = (8*3)² * 35 = 24² * 35.

Yes! Because 2⁶=(2³)², 3²=(3)², so the square part is (2³*3)²=24², and the remaining factors are 5*7=35, which is square-free (35=5*7, primes, no squares).

Therefore, √(10*2016)=√(24²*35)=24√35.

Oh! That's much cleaner. I should have factored 2016 first. Let's do that step by step to be sure.

2016 = 144 * 14 (since 144*14=2016, 144*10=1440, 144*4=576, 1440+576=2016), correct. So 10*2016=10*144*14=144*140. Then 140=4*35, so 144*140=144*4*35=576*35. Ah, that's another way: 144*140=144*(4*35)=576*35, and 576=24², so √(576*35)=24√35. Perfect, that's straightforward.

So √(10*2016)=24√35, so m=24, n=35, both integers, n=35 is square-free (35=5*7, no square factors), so this is the form m√n.

Wait, let's confirm with the numerical values: 24√35≈24*5.916079783≈141.986, which matches our earlier calculation for S=√20160≈141.986, and 3√2016=3*44.8999≈134.6997, so yes, 24√35 is larger, so this is indeed the maximum.

Now, the problem says ""the maximum possible value of x+3y can be expressed as m√n"", so m=24, n=35, so m + n=24 + 35=59.

Wait, but let's check the answer choices: A.59, B.57, C.58, D.55, E.56. So A is 59.

But hold on, earlier when I thought maybe the boundary was higher, but no, the critical point is higher, and we verified through normalized variables that T=√10 is the maximum for the normalized problem, so scaling back gives 24√35.

Wait, but let's just make 100% sure there isn't a higher value. Suppose someone claims that when x is large, but from the constraint, if x is close to √2016, then y must be close to 0, so x+3y is close to √2016≈44.9, which is low. If y is large, close to √2016, x close to 0, so x+3y≈3√2016≈134.7, which is less than 24√35≈142. So the critical point is indeed higher.

Another way: let's consider the function f(x,y)=x+3y with constraint g(x,y)=y√(2016 - x²)+x√(2016 - y²)-2016=0. We found a critical point at x=√(2016/10), y=3√(2016/10), which gives f=4√(2016/10)? Wait no, x+3y=√(2016/10)+9√(2016/10)=10√(2016/10)=√(100*2016/10)=√(10*2016)=24√35, yes, correct.

Wait, let's compute 24²=576, 35*576=20160, 20160/10=2016, so √20160=24√35, correct.

Is there any chance we missed a critical point where the Lagrange multipliers give a different relation? For example, when we set the numerators equal, we got A=3B, but is there a case where the denominators are negative? Wait, in the partial derivatives, we had ∂L/∂x=0 ⇒ 1=λ(B - xy/A), so B - xy/A must be positive (since λ is a real number, and 1>0), similarly from ∂L/∂y=0, 3=λ(A - xy/B), so A - xy/B must be positive. Let's check at our critical point: A=√(2016 - x²)=3x (from earlier, x=√(2016/10), so A=3√(2016/10)=3x), B=√(2016 - y²)=x (since y=3x, B=√(2016 - 9x²)=√(2016 - 9*2016/10)=√(2016/10)=x). Then xy/A = x*(3x)/(3x)=x, and B=3x, so B - xy/A=3x - x=2x>0, good. A - xy/B=3x - (3x²)/x=3x - 3x=0? Wait, wait! Hold on! A - xy/B: A=3x, xy=3x², B=x, so xy/B=3x²/x=3x, so A - xy/B=3x - 3x=0? But in the partial derivative, we had ∂L/∂y=3 - λ(A - xy/B)=0, so if A - xy/B=0, then 3=0, which is a contradiction!

Oh no! This is a critical mistake I made earlier! In the Lagrange multiplier setup, the partial derivatives must be zero, so if A - xy/B=0, then the equation would be 3 - 0=0 ⇒ 3=0, which is impossible. So where did I go wrong in the algebra?

Let's go back to the partial derivatives with the normalized variables, where we had a clear example (u=1/√10, v=3/√10) to check.

In normalized variables: u=1/√10≈0.316, v=3/√10≈0.9487

Compute P=√(1 - u²)=√(1 - 1/10)=√(9/10)=3/√10≈0.9487

Q=√(1 - v²)=√(1 - 9/10)=√(1/10)=1/√10≈0.316

So in normalized variables, P=3Q, as we had (P=3/√10, Q=1/√10).

Now, compute ∂g/∂u = -u v / P + Q = -(1/√10)(3/√10)/(3/√10) + 1/√10 = -(3/10)/(3/√10) + 1/√10 = -(3/10)*(√10/3) + 1/√10 = -√10/10 + 1/√10 = (-1/√10) + (1/√10) = 0? Wait, that's zero!

Wait, ∂g/∂u=0 at the critical point? But in Lagrange multipliers, we need ∇g ≠ 0 at the critical point, otherwise it's not a regular point.

Wait, let's compute ∂g/∂u numerically: u=1/√10≈0.3162, v=3/√10≈0.9487, P=3/√10≈0.9487, Q=1/√10≈0.3162

∂g/∂u = -u v / P + Q = -(0.3162*0.9487)/0.9487 + 0.3162 = -0.3162 + 0.3162 = 0. Oh! So ∂g/∂u=0 at this point.

Similarly, ∂g/∂v = P - u v / Q = 0.9487 - (0.3162*0.9487)/0.3162 = 0.9487 - 0.9487 = 0.

So both partial derivatives of g are zero at this point? But g(u,v)=vP + uQ -1, and at this point, g=1 -1=0, but the gradient is zero? That means this point is a critical point of g itself, a saddle point or a minimum/maximum of g?

Wait, let's check the value of g at this point: it's zero, by construction. Let's check g at another point, say u=0, v=1: g=1*0 + 0*0 -1=-1 <0. At u=1, v=0: g=0*0 +1*0 -1=-1 <0. At u=v=1/√2≈0.707: g=(1/√2)(√(1-1/2)) + (1/√2)(√(1-1/2))= (1/√2)(1/√2) + (1/√2)(1/√2)=1/2 +1/2=1, so g=1-1=0. Wait, so there are multiple points where g=0!

Wait, when u=v=1/√2, g=1, so g=0? No, wait, g(u,v)=v√(1 - u²) + u√(1 - v²), so at u=v=1/√2, g=(1/√2)(1/√2) + (1/√2)(1/√2)=1/2 +1/2=1, so g(u,v)=1 is the constraint (we set g=1 for the normalized equation). Wait, I think I confused the constraint equation.

Let's restart the normalized problem clearly to avoid confusion:

Original equation: y√(2016 - x²) + x√(2016 - y²) = 2016, x,y ≥0.

Divide both sides by √2016: (y/√2016)√(1 - (x/√2016)²) + (x/√2016)√(1 - (y/√2016)²) = 1.

Let u = x/√2016, v = y/√2016, so u,v ∈ [0,1], and the equation becomes:

v√(1 - u²) + u√(1 - v²) = 1. (Correct constraint, g(u,v)=v√(1 - u²) + u√(1 - v²) - 1=0)

At u=1/√10, v=3/√10:

v√(1 - u²)= (3/√10)√(1 - 1/10)= (3/√10)(3/√10)=9/10

u√(1 - v²)= (1/√10)√(1 - 9/10)= (1/√10)(1/√10)=1/10

Sum: 9/10 + 1/10=1, so satisfies the constraint, good.

Now compute partial derivatives of g(u,v)=v(1 - u²)^(1/2) + u(1 - v²)^(1/2) - 1:

∂g/∂u = v*(1/2)(1 - u²)^(-1/2)*(-2u) + (1 - v²)^(1/2) = -u v / √(1 - u²) + √(1 - v²)

At u=1/√10, v=3/√10: √(1 - u²)=3/√10, √(1 - v²)=1/√10

So ∂g/∂u = - (1/√10)(3/√10) / (3/√10) + 1/√10 = - (3/10) / (3/√10) + 1/√10 = - (3/10)*(√10/3) + 1/√10 = -√10/10 + √10/10 = 0. Correct, ∂g/∂u=0.

Similarly, ∂g/∂v = √(1 - u²) + u*(1/2)(1 - v²)^(-1/2)*(-2v) = √(1 - u²) - u v / √(1 - v²)

At the point: √(1 - u²)=3/√10, √(1 - v²)=1/√10

∂g/∂v = 3/√10 - (1/√10)(3/√10)/(1/√10) = 3/√10 - (3/10)/(1/√10) = 3/√10 - 3√10/10 = 3/√10 - 3/√10 = 0.

Oh no! So the gradient of g is zero at this point, meaning it's a critical point of g, not a critical point of the constrained optimization problem (since Lagrange multipliers require ∇f = λ∇g with ∇g ≠ 0). So this point is not a regular point of the constraint, which means we can't use Lagrange multipliers here because the constraint has a singular point (where the gradient vanishes), so we need to check the constraint as a curve and see where the function f(u,v)=u + 3v has its maximum.

That's a big problem! So our earlier conclusion that this is a critical point for the optimization is invalid because the constraint curve has a singular point here, so the maximum must occur at a regular point of the constraint (where ∇g ≠ 0), or at a boundary of the domain (u=0, u=1, v=0, v=1).

Wait, but let's list all points where g(u,v)=1 and check the gradient:

- Boundary of domain (u=0,1 or v=0,1):

  - u=0: g= v*1 + 0= v=1 ⇒ v=1. So point (0,1). Check gradient: ∂g/∂u= -0 + √(1 -1)=0, ∂g/∂v=1 - 0=1. So ∇g=(0,1)≠0, regular point.

  - u=1: g= v*0 +1*√(1 - v²)=√(1 - v²)=1 ⇒ 1 - v²=1 ⇒ v=0. Point (1,0). Gradient: ∂g/∂u= -1*v /0 +0 (undefined, but v=0, so √(1 - v²)=1, so ∂g/∂u= -1*0/1 +1=1? Wait, better to compute limit as u→1-, v=0: ∂g/∂u= -u*0 /√(1 - u²) + √(1 - 0)=√(1 - u²)→0, ∂g/∂v=√(1 - u²) - u*0 /√(1 - v²)=√(1 - u²)→0, so maybe singular at (1,0) too, but we have the point (1,0) with g=√(1 -0)=1, yes.

  - v=0: g=0 + u*1=u=1 ⇒ u=1. Point (1,0), same as above.

  - v=1: g=1*√(1 - u²) + u*0=√(1 - u²)=1 ⇒ u=0, point (0,1), same as above.

- Regular points of constraint (where ∇g ≠ 0): Let's see when ∂g/∂u ≠ 0 or ∂g/∂v ≠ 0.

From ∂g/∂u = -u v / √(1 - u²) + √(1 - v²) = 0 ⇒ √(1 - v²) = u v / √(1 - u²) ⇒ 1 - v² = u² v² / (1 - u²) ⇒ (1 - u²)(1 - v²) = u² v² ⇒ 1 - u² - v² + u² v² = u² v² ⇒ 1 - u² - v² = 0 ⇒ u² + v² = 1.

Ah! So the set where ∂g/∂u=0 is exactly the circle u² + v²=1 in the unit square. Similarly, ∂g/∂v=0 would give the same equation by symmetry? Let's check: ∂g/∂v=0 ⇒ √(1 - u²) = u v / √(1 - v²) ⇒ same steps: 1 - u² = u² v² / (1 - v²) ⇒ (1 - v²)(1 - u²)=u² v² ⇒ 1 - u² - v²=0 ⇒ u² + v²=1. Yes, so the constraint curve g(u,v)=1 intersects the circle u² + v²=1 at points where ∂g/∂u=∂g/∂v=0.

At the point we found earlier, u=1/√10, v=3/√10, u² + v²=1/10 + 9/10=1, so it's on the circle u² + v²=1, hence a singular point of the constraint.

So the constraint curve g(u,v)=1 consists of two arcs: one where ∇g ≠ 0 (regular points) and one where ∇g=0 (singular points on u² + v²=1).

Let's find all points on g(u,v)=1.

Note that for u,v ≥0, g(u,v)=v√(1 - u²) + u√(1 - v²) ≤ v + u (by Cauchy-Schwarz or just since √(1 - u²) ≤1, etc.), but we need equality to 1.

When is g(u,v)=1? Let's consider the function h(u,v)=v√(1 - u²) + u√(1 - v²). For fixed u, h is increasing in v (since derivative w.r. to v is √(1 - u²) - u v / √(1 - v²), but maybe better to test values).

We know:

- At (0,1): h=1*1 + 0=1

- At (1,0): h=0 +1*0=0? Wait no! Wait, h(u,v)=v√(1 - u²) + u√(1 - v²), so at (1,0): v=0, u=1, so h=0*0 +1*√(1 -0)=1*1=1. Yes! I messed up earlier: at (1,0), h=0*√(1 -1) +1*√(1 -0)=0 +1*1=1, correct. At (0,1): h=1*√(1 -0) +0*√(1 -1)=1 +0=1, correct.

At (u,v)=(1/√2,1/√2): h=(1/√2)(1/√2) + (1/√2)(1/√2)=1/2 +1/2=1, correct.

At (u,v)=(1/√10,3/√10): h=9/10 +1/10=1, as before.

So the constraint curve g(u,v)=1 is a closed curve in the unit square [0,1]x[0,1], passing through (0,1), (1/√2,1/√2), (1/√10,3/√10), (1,0), etc.? Wait, let's see if it's a closed curve.

Consider the function h(u,v)=v√(1 - u²) + u√(1 - v²). For u,v ∈ [0,1], h(u,v) is continuous, h(0,0)=0, h(0,1)=1, h(1,0)=1, h(1,1)=0, h(1/√2,1/√2)=1.

Let's fix u and solve for v: v√(1 - u²) + u√(1 - v²)=1 ⇒ let's set t=v, then t√(1 - u²) + u√(1 - t²)=1. This is similar to the equation for sine and cosine: if we let t=cosθ, √(1 - t²)=sinθ, then equation becomes cosθ √(1 - u²) + u sinθ=1. Let's write this as A cosθ + B sinθ=1, where A=√(1 - u²), B=u. Then A² + B²=1 - u² + u²=1, so this is cos(θ - φ)=1 where φ=arctan(B/A)=arctan(u/√(1 - u²))=arcsin(u), so θ - φ=0 + 2kπ ⇒ θ=φ + 2kπ, so t=cosφ=cos(arcsin(u))=√(1 - u²). Wait, that's one solution.

Wait, another solution: A cosθ + B sinθ=1, with A² + B²=1, has solutions θ=φ + 2kπ and θ=φ + π + 2kπ? Wait, no, the maximum of A cosθ + B sinθ is √(A² + B²)=1, so the equation A cosθ + B sinθ=1 has exactly one solution in [0,2π), which is θ=φ. Wait, so for each u ∈ [0,1], there is exactly one v ∈ [0,1] satisfying the equation? But we have multiple points: (0,1), (1/√2,1/√2), (1/√10,3/√10), (1,0). Wait, at u=0: equation becomes v*1 + 0=1 ⇒ v=1, unique solution. At u=1: equation becomes v*0 +1*√(1 - v²)=1 ⇒ √(1 - v²)=1 ⇒ v=0, unique solution. At u=1/√2: equation becomes v*(1/√2) + (1/√2)√(1 - v²)=1 ⇒ v + √(1 - v²)=√2 ⇒ let w=v, w + √(1 - w²)=√2 ⇒ √(1 - w²)=√2 - w ⇒ square: 1 - w²=2 - 2√2 w + w² ⇒ 0=2w² - 2√2 w +1 ⇒ (w√2 -1)²=0 ⇒ w=1/√2, so unique solution v=1/√2.

Ah! So for each u ∈ [0,1], there is exactly one v ∈ [0,1] such that g(u,v)=1. Therefore, the constraint curve is a simple curve from (0,1) to (1,0) in the unit square, passing through the interior points.

That makes sense: it's a monotonic curve from (0,1) to (1,0) as u increases from 0 to 1.

Let's confirm with u=0: v=1; u=1: v=0; u=1/2: solve v√(3/4) + (1/2)√(1 - v²)=1 ⇒ (v√3)/2 + (√(1 - v²))/2=1 ⇒ v√3 + √(1 - v²)=2 ⇒ √(1 - v²)=2 - v√3 ⇒ square: 1 - v²=4 - 4v√3 + 3v² ⇒ 0=4v² - 4v√3 +3 ⇒ discriminant=48 - 48=0 ⇒ v=(4√3)/8=√3/2≈0.866, so v=√3/2≈0.866, which is in [0,1], so yes, unique solution.

So the constraint is a single curve from (u,v)=(0,1) to (u,v)=(1,0), with u increasing from 0 to 1, v decreasing from 1 to 0 (since at u=0, v=1; u=1, v=0; and for u=1/2, v≈0.866 <1).

Now, we want to maximize T(u,v)=u + 3v along this curve.

Let's express v as a"
484,"This is a complex or challenging question, and it is difficult to provide a direct and correct answer. I need to think about it.
Well, so the problem is about finding the number of positive integers n less than 10^7 (which means up to 7 digits, right? Because 10^7 is 1 followed by 7 zeros, so numbers from 1 to 9999999) such that the sum of their digits is 12. Then we have to take the sum of the digits of that number m and pick the answer from the choices.

First, let's recall that when dealing with digit sums and counting numbers with a given digit sum, stars and bars might be useful here, but we have to be careful about the constraints on the digits (each digit has to be between 0 and 9, inclusive, except maybe the first digit? Wait, but hold on: the problem says positive integers n < 10^7, so n can be from 1 to 9999999, which is 7 digits with leading zeros allowed? Wait, actually, sometimes in these problems, it's easier to consider numbers with exactly 7 digits by padding with leading zeros, so that we don't have to worry about the first digit being zero. Let's think.

If we allow leading zeros, then every number n < 10^7 can be represented as a 7-digit string with digits d1 d2 d3 d4 d5 d6 d7, where each di is an integer between 0 and 9, and the number n is positive, so the string isn't all zeros. But wait, the problem says positive integers, so we need to make sure we don't include zero, but let's check if zero would have digit sum 0, so since we want digit sum 12, zero isn't included anyway, so maybe we can safely consider all 7-digit strings (with leading zeros) where each digit is 0-9, sum to 12, and that will correspond exactly to the numbers n < 10^7 with digit sum 12 (since even if there are leading zeros, the actual number is positive as long as the digit sum is 12, which is positive).

Wait, let's verify: for example, the number 12 is a 2-digit number, but as a 7-digit string with leading zeros, it's 0000012, which has digit sum 1+2=3, but in our case, we want digit sum 12, so all these strings will correspond to numbers from 1 to 9999999 (since digit sum 12 is at least 1, so no zero numbers). So yes, the set S is in bijection with the number of non-negative integer solutions to d1 + d2 + d3 + d4 + d5 + d6 + d7 = 12, where each di ≤ 9.

Wait, hold on: is that right? Let's make sure. The problem says positive integers n < 10^7, so n can be 1-digit up to 7-digit numbers. But when we use stars and bars for digit sums with leading zeros, we can model each number as having 7 digits (including leading zeros), so for example, the number 12 is ""0000012"", which has 7 digits, sum 3, but we need sum 12. So yes, the count of such numbers is equal to the number of 7-tuples of digits (d1,...,d7) where each di ∈ {0,1,...,9}, and d1 + ... + d7 = 12. Because even if d1=0, it's a valid representation of a number less than 10^7 (like d1=0, d2=12 would be invalid, but we're dealing with sum 12, so each digit is at most 9, so no problem).

Wait, but do we have to worry about the first digit being zero? Wait, in the problem statement, n is a positive integer, so numbers like 0000012 are actually the number 12, which is positive, so leading zeros don't make it non-positive, they just represent the number with fewer digits. So yes, the count is exactly the number of non-negative integer solutions to d1+...+d7=12 with each di ≤9.

Now, stars and bars without restrictions: the number of non-negative solutions to x1+...+xk=n is C(n + k - 1, k - 1). Here, k=7 digits, n=12, so without restrictions, it's C(12 + 7 - 1, 7 - 1) = C(18,6). Let's compute that later, maybe we don't need the actual number yet.

But we need to subtract the solutions where at least one digit is ≥10, because digits can't be more than 9. Let's use inclusion-exclusion here.

First, how many solutions have at least one di ≥10? Let's let yi = di - 10 for some i, so yi ≥0, then the equation becomes y1 + ... + y7 = 12 - 10 = 2. Wait, but hold on: if one digit is ≥10, we set that digit to 10 + yi, so total sum becomes 12 - 10 = 2 for the remaining variables. But can two digits be ≥10? Let's check: if two digits are ≥10, then their minimum sum is 10 + 10 = 20, but our total sum is 12, which is less than 20, so it's impossible for two or more digits to be ≥10. Oh, that's a good point! So inclusion-exclusion stops at the first term because higher terms are zero.

Let me formalize that. Let A_i be the set of solutions where d_i ≥10. We need |A_1 ∪ ... ∪ A_7|, but since |A_i ∩ A_j| = 0 for i ≠ j (as 10+10=20 >12), the union is just the sum of |A_i|.

For each A_i, set d_i' = d_i - 10 ≥0, so equation becomes d_i' + d_1 + ... + d_{i-1} + d_{i+1} + ... + d_7 = 12 - 10 = 2. Number of solutions for each A_i is C(2 + 7 - 1, 7 - 1) = C(8,6) = C(8,2) = 28. Wait, hold on: stars and bars for non-negative solutions to x1+...+xk=n is C(n + k -1, k -1). Here, after substitution, we have 6 variables (the other digits) plus d_i', so total 7 variables? Wait, no: original equation is 7 variables summing to 12. When we fix one variable to be ≥10, we substitute that variable with a new variable that's ≥0, so the number of variables is still 7, sum is 12 -10 = 2. So yes, number of solutions for each A_i is C(2 + 7 -1, 7 -1) = C(8,6) = 28. Wait, but hold on, is that correct? Wait, let's take a step back.

Wait, another way: for a single variable exceeding 9, say d1 ≥10, let d1' = d1 -10, so d1' ≥0, then d1' + d2 + ... + d7 = 12 -10 = 2. Number of non-negative solutions is C(2 + 7 -1, 7 -1) = C(8,6) = 28. Yes, that's right. And since we can't have two variables each ≥10 (as 10+10=20 >12), there's no overlap, so total invalid solutions are 7 * 28? Wait, wait, hold on! Wait, no, wait: 7 variables, each A_i has 28 solutions? Wait, but let's check with a smaller case to make sure I didn't mess up.

Wait, suppose we have 2 digits, sum to 12, each digit ≤9. Then numbers are from 3 to 99, sum to 12: 39,48,57,66,75,84,93, so 7 numbers. Using stars and bars: total solutions without restriction: C(12 + 2 -1, 2 -1)=C(13,1)=13. Invalid solutions: digits ≥10. For two digits, d1 ≥10: d1'=d1-10, d1'+d2=2, solutions: (0,2),(1,1),(2,0) → 3 solutions, same for d2 ≥10: 3 solutions, but total invalid would be 6? Wait, but in reality, for two digits, the invalid solutions would be d1≥10: d1=10,11,12, d2=2,1,0 → numbers 102,111,120 but wait, two-digit numbers can't have d1=10, so actually, in the context of two-digit numbers (no leading zeros), but in our original problem, we were allowing leading zeros, so maybe my smaller case is confusing.

Wait, in our problem, we are considering 7-digit strings with leading zeros, so each digit can be 0-9, no restriction on leading zeros (since the number is still positive as long as the digit sum is 12, which is positive). So in the two-digit example with leading zeros (i.e., numbers from 00 to 99, which is 0 to 99), how many have digit sum 12? That's 3: 39,48,57,66,75,84,93 → 7 numbers, which matches the earlier count. Using stars and bars with leading zeros (so two digits, 0-9 each): total solutions without restriction: C(12 + 2 -1, 2 -1)=C(13,1)=13. Invalid solutions: digits ≥10. For d1 ≥10: d1'=d1-10, d1'+d2=2, solutions: 3 (d1'=0→d1=10,d2=2; d1'=1→d1=11,d2=1; d1'=2→d1=12,d2=0). Similarly d2 ≥10: 3 solutions. But can both d1≥10 and d2≥10? d1+d2≥20>12, so no. So total invalid: 3+3=6. So valid solutions: 13-6=7, which is correct. Okay, so that works. So in the two-digit case, it's C(n + k -1, k -1) - k*C(n -10 + k -1, k -1) when n -10 ≥0, else 0, and since n -10 <10 for two digits, but in our problem, n=12, k=7.

Wait, in the two-digit case, n=12, k=2, so invalid per digit: C(12 -10 + 2 -1, 2 -1)=C(3,1)=3, which matches. So general formula for number of non-negative solutions to x1+...+xk=n, 0≤xi≤9 is sum_{i=0}^{floor(n/10)} (-1)^i * C(k,i) * C(n -10i + k -1, k -1). In our case, n=12, so floor(12/10)=1, so i=0 and i=1.

i=0: (-1)^0 * C(7,0) * C(12 +7 -1,7-1)=1*1*C(18,6)

i=1: (-1)^1 * C(7,1) * C(12 -10 +7 -1,7-1)= -7*C(8,6)

i≥2: C(12 -20 +7 -1,6)=C(-2,6)=0, so stop here.

Okay, so that's the formula. Let's compute C(18,6) first. C(18,6)=18564? Wait, no, wait, let's compute step by step to be precise.

C(n,k)=n!/(k!(n-k)!), so C(18,6)= (18×17×16×15×14×13)/(6×5×4×3×2×1). Let's compute numerator: 18×17=306, 306×16=4896, 4896×15=73440, 73440×14=1,028,160, 1,028,160×13=13,366,080. Denominator: 720. So 13,366,080 ÷ 720. Let's divide step by step: 13,366,080 ÷ 10=1,336,608; ÷72=1,336,608 ÷ 72. 72×18,000=1,296,000; 1,336,608 -1,296,000=40,608. 72×564=72×500=36,000; 72×64=4,608; so 36,000+4,608=40,608. So total 18,000+564=18,564. Yes, C(18,6)=18564.

Then C(8,6)=C(8,2)=28, as we had before. So the number of solutions is 18564 - 7×28. Let's compute 7×28=196. So 18564 - 196. Let's do that: 18564 - 200=18364, then +4=18368. Wait, is that right? Wait, hold on! Wait a second, in the problem statement, it says ""positive integers n < 10^7"". When we considered 7-digit strings with leading zeros, does that include the number 0? But the number 0 has digit sum 0, so we don't have to worry about it here because we're counting numbers with digit sum 12, which are all positive (since 12>0). So all 18368 solutions correspond to positive integers n <10^7 with digit sum 12? Wait, but let's check with a smaller case to make sure we didn't overcount or undercount.

Take n <10^2 (so 1-digit and 2-digit numbers), digit sum 12. How many? 2-digit numbers: 39,48,57,66,75,84,93 → 7 numbers, as before. Using our method: k=2 digits (leading zeros), sum=12, solutions: C(12+2-1,1)-2*C(12-10+2-1,1)=C(13,1)-2*C(3,1)=13-6=7, correct. So that works.

Another test: n <10^1 (1-digit numbers), digit sum 12. There are no such numbers, since max digit sum is 9. Using our method: k=1 digit, sum=12: C(12+1-1,0)-1*C(12-10+1-1,0)=C(12,0)-C(2,0)=1-1=0, correct.

Another test: n <10^3 (3-digit numbers with leading zeros, so 000 to 999), digit sum 12. Let's compute via formula: C(12+3-1,2)-3*C(12-10+3-1,2)=C(14,2)-3*C(4,2)=91 - 3*6=91-18=73. Let's see if that makes sense. For 3-digit numbers (with leading zeros), digit sum 12, each digit 0-9. Total solutions without restriction: C(14,2)=91. Invalid solutions: one digit ≥10, so set to 10+y, sum becomes 2, so C(2+3-1,2)=C(4,2)=6 per digit, 3 digits, so 18 invalid, total 73. Let's count manually for a few: smallest number is 390, 309, 930, etc., but maybe trust the formula since the two-digit case worked.

So going back, for 7 digits (n <10^7), digit sum 12, each digit 0-9, number of solutions is C(18,6) - 7*C(8,6)=18564 - 7*28=18564 - 196=18368. Wait, but hold on! Wait, the problem says ""positive integers n <10^7"". Is there a case where a string with leading zeros corresponds to a non-positive integer? No, because the only number with all digits zero is 0, which has digit sum 0, so all our solutions have digit sum 12, so they correspond to positive integers (since 12>0), so we don't have to subtract anything else for the number being positive. That's good, so m=18368?

Wait, but wait, hold on a second. Wait, 10^7 is 10000000, so n <10^7 means n ≤9999999, which is 7 digits, so yes, 7-digit numbers with leading zeros allowed (i.e., 0000000 to 9999999), but excluding 0000000, but as we said, digit sum 12 isn't 0, so all 18368 are valid positive integers.

But let's check another angle: sometimes people forget that when counting numbers with d digits, you have to consider the first digit non-zero, but in this problem, since we're allowing leading zeros (by padding to 7 digits), we don't have that issue because the problem says ""positive integers"", so even if a number has fewer than 7 digits, it's still a positive integer less than 10^7, and we're counting all such numbers with digit sum 12, regardless of their number of digits (as long as they are less than 10^7).

Wait, let's compute m again step by step to make sure arithmetic is right.

First, C(18,6): 18 choose 6. Let's compute it as (18×17×16×15×14×13)/(6×5×4×3×2×1). Let's simplify fractions to make it easier:

18/6=3, so numerator becomes 3×17×16×15×14×13

15/5=3, so now 3×17×16×3×14×13

16/4=4, so 3×17×4×3×14×13

14/2=7, so 3×17×4×3×7×13

Now multiply step by step: 3×17=51; 51×4=204; 204×3=612; 612×7=4284; 4284×13. Let's do 4284×10=42840, 4284×3=12852, so total 42840+12852=55692? Wait, wait, hold on! Wait, no, I think I messed up the simplification steps. Wait, original denominator is 6×5×4×3×2×1=720, numerator is 18×17×16×15×14×13.

Let's do numerator step by step:

18×17=306

306×16=4896

4896×15=73440

73440×14=1,028,160 (yes, 73440×10=734400, 73440×4=293760; 734400+293760=1,028,160)

1,028,160×13: 1,028,160×10=10,281,600; 1,028,160×3=3,084,480; total=13,366,080 (that's correct as before)

13,366,080 ÷ 720: divide numerator and denominator by 10: 1,336,608 ÷ 72

72×18,000=1,296,000 (as before)

1,336,608 - 1,296,000=40,608

72×500=36,000; 40,608-36,000=4,608

72×64=4,608 (since 72×60=4,320; 72×4=288; 4,320+288=4,608)

So total 18,000+500+64=18,564. Yes, C(18,6)=18,564 is correct.

C(8,6)=C(8,2)=28, correct. 7×28=196, correct. 18,564 - 196: 18,564 - 100=18,464; 18,464 - 96=18,368. Yes, so m=18,368.

Wait, but hold on! Wait a second, is there a mistake here? Let's think: when we have numbers less than 10^7, do we need to consider that the number can't have 8 digits? But 10^7 is 8 digits (1 followed by 7 zeros), so numbers less than 10^7 have at most 7 digits, so yes, 7 digits with leading zeros is the right way to model it (since 0000000 is 0, which we don't care about, but all others are 1-9999999).

But let's check with another approach: count the number of 7-digit numbers (with leading zeros allowed) where digits sum to 12, each digit 0-9. That's exactly what we did, and the inclusion-exclusion was correct because we can't have two digits ≥10 (since 10+10=20>12), so only subtract the cases where one digit is ≥10.

Wait, let's take a specific example: is there a solution where a digit is 10 or more? For example, d1=10, then d2+...+d7=2, so digits could be 10,2,0,0,0,0,0 → but 10 is not a digit, so this corresponds to the number 10200000? Wait, no, wait, in our model, each di is a digit, so di must be 0-9, so when we do stars and bars, we're counting the number of integer solutions where di are integers between 0 and 9, so the invalid solutions are exactly those where at least one di ≥10, which we subtracted, so the remaining solutions have all di ≤9, which is what we want.

So yes, m=18,368. Now, we need to compute the sum of the digits of m, which is star(m), where star(x) is sum of digits of x.

So m=18368. Let's write it out: 1 8 3 6 8. Wait, 18368 is a 5-digit number: ten-thousands place: 1, thousands: 8, hundreds: 3, tens: 6, units: 8. So sum of digits: 1 + 8 + 3 + 6 + 8. Let's compute that: 1+8=9, 9+3=12, 12+6=18, 18+8=26.

Wait, hold on! Is that right? Wait, 18368: 1 (10,000s), 8 (1,000s), 3 (100s), 6 (10s), 8 (1s). Yes, digits are 1,8,3,6,8. Sum: 1+8=9, 9+3=12, 12+6=18, 18+8=26.

But wait, hold on a second, before I get too confident, did I miscalculate m? Because 26 is one of the answer choices (C. 26), but let me make sure I didn't make a mistake in the count.

Wait, another way to think about this problem: the number of non-negative integer solutions to d1+d2+...+d7=12, 0≤di≤9 is equal to the number of compositions with 7 parts (allowing zeros) summing to 12, each part at most 9.

Wait, but let's check with generating functions to verify. The generating function for each digit is 1 + x + x^2 + ... + x^9 = (1 - x^10)/(1 - x). So for 7 digits, it's (1 - x^10)^7 * (1 - x)^{-7}. We need the coefficient of x^12 in this expansion.

Expanding (1 - x^10)^7 = 1 - C(7,1)x^10 + C(7,2)x^20 - ..., and (1 - x)^{-7} = sum_{n=0}^∞ C(n + 6, 6)x^n.

So coefficient of x^12 is C(12 + 6, 6) - C(7,1)C(12 - 10 + 6, 6) + C(7,2)C(12 - 20 + 6, 6) - ... = C(18,6) - 7*C(8,6) + 0 - ..., which is exactly what we had. So that confirms the count is correct.

So coefficient of x^12 is 18564 - 7*28=18368, so m=18368.

Now, sum of digits of 18368: let's write it as a number: 18368. Let's do digit sum step by step to be sure.

1 (ten-thousands place), 8 (thousands), 3 (hundreds), 6 (tens), 8 (units). So digits: 1, 8, 3, 6, 8.

1 + 8 = 9

9 + 3 = 12

12 + 6 = 18

18 + 8 = 26

Yes, that's 26.

Wait, but hold on, the problem says ""positive integers n < 10^7"". Is there a possibility that we included a number like 0000000? But 0000000 has digit sum 0, not 12, so no, all our solutions have digit sum 12, so they are all positive integers (since 12>0), so we don't have to exclude anything else. For example, the smallest number in S would be 3000000 (digit sum 3), wait no, digit sum 12: smallest number is 3900000? Wait, no, 12 as a digit sum: smallest number with digit sum 12 is 39 (two digits), but as a 7-digit number with leading zeros, it's 0000039, which is the number 39, which is positive and less than 10^7, so that's included, and it has digit sum 3+9=12, correct.

Wait, another check: total number of numbers less than 10^7 with digit sum 12. Let's see, for 1-digit numbers: max digit sum 9 <12, so 0. 2-digit: numbers from 10 to 99, digit sum 12: 39,48,57,66,75,84,93 → 7 numbers. 3-digit: 100-999, digit sum 12: let's compute via stars and bars for 3 digits (no leading zeros? Wait, no, in the 3-digit numbers without leading zeros, first digit ≥1, but in our original problem, we allowed leading zeros for the 7-digit representation, so for the total count, we can think of all numbers from 1 to 9999999 as 7-digit with leading zeros, so it's consistent.

Wait, but in our calculation, we did 7 digits with leading zeros, which is standard for these problems to avoid dealing with different digit lengths. For example, the number of n <10^k with digit sum s is equal to the number of non-negative solutions to d1+...+dk=s with 0≤di≤9, which is exactly what we did here with k=7, s=12.

I think the key was realizing that leading zeros are allowed in the digit representation for the purpose of counting (since they correspond to numbers with fewer digits, which are still less than 10^7), and that we don't have to worry about the number being positive because digit sum 12 implies it's positive.

Wait, but let's check the arithmetic for m again, because 26 is an option, but maybe I messed up the stars and bars.

Wait, C(18,6): let's use another formula: C(n,k) = C(n-1,k-1) + C(n-1,k). But maybe not necessary. Wait, 18 choose 6: 18C6 = 18564 is a standard value, I think that's correct (I can recall that 15C5=3003, 16C5=4368, 17C5=6188, 18C5=8568, so 18C6=18C12=18564, yes, that's a known value).

7*28=196, 18564-196: 18564-200=18364, so 18364+4=18368, correct.

18368: let's write it out: 1*10000 + 8*1000 + 3*100 + 6*10 + 8*1, so digits are 1,8,3,6,8. Sum: 1+8=9, 9+3=12, 12+6=18, 18+8=26. Yep, 26.

Wait, but hold on! Wait a second, the problem says ""positive integers n < 10^7"". Is 10^7 included? No, it says less than 10^7, so up to 9999999, which is correct.

Wait, another possible mistake: when we do stars and bars for non-negative integers, is there a case where a number has a leading zero but is still counted? But as we discussed, leading zeros don't make the number non-positive, they just represent the number with fewer digits, so for example, the number 12 is represented as 0000012 in 7 digits, which is a valid representation for a number less than 10^7, and its digit sum is 1+2=3, but in our problem, we want digit sum 12, so all these representations correspond to unique positive integers less than 10^7 with digit sum 12.

Wait, let's take a concrete small example where we can list them. Suppose we want numbers less than 10^3 (so up to 3 digits) with digit sum 3. How many? Using our method: 3 digits, sum=3, each 0-9: C(3+3-1,2)-3*C(3-10+3-1,2)=C(5,2)-0=10. Let's list them: 003,012,021,030,102,111,120,201,210,300 → 10 numbers, which correspond to numbers 3,12,21,30,102,111,120,201,210,300 → all positive integers less than 1000 with digit sum 3, correct. So the method works here.

Another test: numbers less than 10^2 (1-99) with digit sum 10. Using our method: 2 digits, sum=10, each 0-9: C(10+2-1,1)-2*C(10-10+2-1,1)=C(11,1)-2*C(1,1)=11-2=9. Numbers: 19,28,37,46,55,64,73,82,91 → 9 numbers, correct (10 is excluded because 1+0=1≠10, 00 is 0, etc.). So the method works here too.

So returning, confident that m=18368, sum of digits is 26.

Wait, but let me check the answer choices again: A.27, B.25, C.26, D.22, E.28, F.23, G.24, H.21, I.29. So C is 26.

But wait, hold on! Wait, is there a mistake in assuming that all 7-digit strings with digit sum 12 correspond to numbers less than 10^7? For example, a 7-digit string with all digits 9 is 9999999, which is less than 10^7 (10^7=10000000), yes, so all 7-digit strings with leading zeros (i.e., 0000000 to 9999999) are exactly the numbers from 0 to 9999999, so positive integers n <10^7 are 1 to 9999999, which correspond to 7-digit strings with leading zeros, excluding 0000000. But as we said, 0000000 has digit sum 0, so it's not in our set S, so all 18368 strings have digit sum 12, so they correspond to 18368 positive integers in S.

Wait, another angle: maybe the problem considers numbers without leading zeros, but no—when counting numbers with a given digit sum, leading zeros don't affect the digit sum, but they do affect the count if we're being careful about the number of digits. But in standard combinatorial problems like ""number of n-digit numbers with digit sum s"", we usually consider n-digit numbers with first digit non-zero, but here the problem says ""positive integers less than 10^7"", which is a range that includes all numbers from 1 up to 9999999, regardless of their number of digits. So the standard way to count these is to use stars and bars with 7 digits (allowing leading zeros) for the numbers from 0 to 9999999, then subtract the count for 0 if necessary, but since 0 isn't in S, we're good.

Wait, let's compute m again numerically: 18368. Let's add the digits: 1 + 8 is 9, 9 + 3 is 12, 12 + 6 is 18, 18 + 8 is 26. That's consistent.

Is there any chance that m is different? Let's think: could we have missed that some numbers have digit sum 12 but are not counted? For example, the number 1234567: digits sum to 1+2+3+4+5+6+7=28, too big. The smallest number with digit sum 12 is 39 (as a two-digit number), which is 0000039 in 7 digits, sum 3+9=12, counted in our count.

Wait, let's compute the number of solutions another way: for 7 digits, each 0-9, sum to 12. Since 12 is small, we can think of it as the number of integer partitions of 12 into at most 7 parts, each part at most 9, where order matters (since digits are ordered). Wait, but partitions where order matters are compositions, so it's the number of compositions of 12 into 7 parts (allowing zeros) with each part ≤9.

But maybe not helpful, but since we know the inclusion-exclusion is correct and the generating function confirms it, and the small cases work, I think m=18368 is right.

Wait, wait a second! Wait, hold on! The problem says ""positive integers n < 10^7"". 10^7 is 10,000,000, so n can be up to 9,999,999, which is 7 digits, correct. But when we do stars and bars for 7 digits, we have 7 variables, which is correct.

Wait, is there a possibility that in the problem statement, ""sum of the digits"" for a number like 12 is 1+2=3, which is what we did, so that's correct.

I think I've verified enough. The key steps were:

1. Model numbers <10^7 as 7-digit strings with leading zeros (0-9999999), so 7 digits, each 0-9.

2. Count number of such strings with digit sum 12: stars and bars with inclusion-exclusion, since max digit is 9, and 12 is small so only one digit can exceed 9.

3. Calculated m=18368.

4. Sum of digits of m: 1+8+3+6+8=26.

26 is option C.

I think that's solid. I don't see a mistake in the reasoning now. Initially, I was worried about leading zeros, but the small cases confirmed that the method works, and the problem specifies positive integers, but since digit sum 12 is positive, all counted strings correspond to positive integers, so no need to adjust for positivity.

Just to make 100% sure about the digit sum of m: 18368. Let's write it out: 1 (ten-thousands), 8 (thousands), 3 (hundreds), 6 (tens), 8 (units). Yes, so digits are 1,8,3,6,8. 1+8=9, 9+3=12, 12+6=18, 18+8=26. Yep, 26.

So the answer should be C.
</think>

To solve the problem, we are asked to find the sum of the digits of $ m $, where $ m $ is the number of positive integers less than $ 10^7 $ (i.e., from 1 to 9999999) such that the **sum of their digits** is 12.

---

### Step 1: Understanding the Problem

We want to count all **positive integers $ n $** with:
- $ 0 < n < 10^7 $
- $ \star(n) = 12 $, where $ \star(n) $ denotes the sum of the digits of $ n $

This means we're looking for numbers from 1 up to 9999999 whose digit sum equals 12.

A useful technique here is to consider each number as a **7-digit string with leading zeros**, since any number less than $ 10^7 $ can be represented as a 7-digit number in base 10 (e.g., 12 becomes ""0000012"").

So we're counting the number of **7-tuples** $ (d_1, d_2, \ldots, d_7) $ such that:
- Each $ d_i \in \{0, 1, \ldots, 9\} $
- $ d_1 + d_2 + \cdots + d_7 = 12 $

This is a classic **stars and bars** problem with constraints.

---

### Step 2: Counting Valid Digit Combinations

We use the **inclusion-exclusion principle** to count the number of non-negative integer solutions to:

$$
d_1 + d_2 + \cdots + d_7 = 12 \quad \text{with } 0 \leq d_i \leq 9
$$

#### Total Unrestricted Solutions:
The total number of non-negative integer solutions without constraints is:

$$
\binom{12 + 7 - 1}{7 - 1} = \binom{18}{6} = 18564
$$

#### Subtract Invalid Cases:
We subtract cases where one or more digits exceed 9 (i.e., $ d_i \geq 10 $).

Let’s define $ d_i' = d_i - 10 $, so $ d_i' \geq 0 $. Then the equation becomes:

$$
d_i' + d_1 + \cdots + d_{i-1} + d_{i+1} + \cdots + d_7 = 2
$$

Number of such solutions per digit is:

$$
\binom{2 + 7 - 1}{7 - 1} = \binom{8}{6} = 28
$$

Since there are 7 digits, and it's **impossible** for two digits to both be ≥10 (as $ 10 + 10 = 20 > 12 $), we only subtract the single-digit violations.

Thus, the total number of valid combinations is:

$$
m = \binom{18}{6} - 7 \cdot \binom{8}{6} = 18564 - 7 \cdot 28 = 18564 - 196 = 18368
$$

---

### Step 3: Compute $ \star(m) $

Now, we compute the **sum of the digits** of $ m = 18368 $.

Break down the digits:
- $ 1 $ (ten-thousands place)
- $ 8 $ (thousands)
- $ 3 $ (hundreds)
- $ 6 $ (tens)
- $ 8 $ (units)

Sum of digits:

$$
\star(m) = 1 + 8 + 3 + 6 + 8 = 26
$$

---

### Final Answer

The correct choice is:

$$
\boxed{C}
$$"
485,"Okay, let's try to figure out this problem step by step. So, the question is: Stan and Hilda can mow the lawn together in 45 minutes. Hilda works twice as fast as Stan. How long would it take Stan to mow the lawn alone? 

First, I remember that work rate problems usually involve rates adding up when people work together. Let me recall the formula: if someone can do a job in t minutes, their rate is 1/t jobs per minute. 

Let's denote Stan's rate as S (jobs per minute). Then, since Hilda works twice as fast as Stan, her rate should be 2S. 

When they work together, their combined rate is S + 2S = 3S. 

We know that together they can mow the lawn in 45 minutes, so their combined rate is 1 lawn per 45 minutes, which is 1/45 jobs per minute. 

So, 3S = 1/45. Let me write that down: 3S = 1/45. To find S, we divide both sides by 3: S = (1/45)/3 = 1/135. 

So Stan's rate is 1/135 jobs per minute. That means the time it takes Stan to mow the lawn alone is the reciprocal of his rate. Because if his rate is 1 job per 135 minutes, then time is 135 minutes. 

Wait, let me check that again. If his rate is S = 1/135 jobs per minute, then time = 1/S = 135 minutes. That seems right. 

Let me verify with another approach. Suppose Stan takes T minutes alone. Then his rate is 1/T. Hilda works twice as fast, so her rate is 2/T. Together, their rates add up to 1/T + 2/T = 3/T. 

They can mow the lawn together in 45 minutes, so their combined rate is 1/45. Therefore, 3/T = 1/45. Solving for T: T = 3 * 45 = 135. 

Yes, that's the same answer. So Stan takes 135 minutes alone. 

Let me make sure I didn't mix up anything. If Stan takes 135 minutes, his rate is 1/135 per minute. Hilda is twice as fast, so her rate is 2/135 per minute. Together, their rates are 1/135 + 2/135 = 3/135 = 1/45 per minute. Which means together they take 45 minutes, which matches the problem statement. Perfect, that checks out. 

So the answer should be 135 minutes.
</think>

To determine how long it would take Stan to mow the lawn alone, we start by defining his work rate.

Let $ S $ be Stan's mowing rate in lawns per minute. Since Hilda works twice as fast as Stan, her rate is $ 2S $. Together, their combined rate is:

$$
S + 2S = 3S
$$

We are told that together they can mow the lawn in 45 minutes. This means their combined rate is:

$$
\frac{1}{45} \text{ lawns per minute}
$$

So we set up the equation:

$$
3S = \frac{1}{45}
$$

Solving for $ S $:

$$
S = \frac{1}{45} \div 3 = \frac{1}{135}
$$

This means Stan's rate is $ \frac{1}{135} $ lawns per minute. Therefore, the time it takes him to mow one lawn alone is the reciprocal of his rate:

$$
\frac{1}{S} = 135 \text{ minutes}
$$

[ANS]135"
486,"This is a complex or challenging question, and it is difficult to provide a direct and correct answer. I need to think about it.
Well, so the problem is about counting increasing sequences (wait, no, actually, it says non-decreasing? Wait, no: ""increasing sequences of positive integers a₁ ≤ a₂ ≤ ... ≤ a₁₀ ≤ 2007"" – wait, hold on, sometimes ""increasing"" can be ambiguous, but here it specifies ≤, so it's non-decreasing sequences. But then it says ""a_i - i is even for each i"". Hmm, let's parse this carefully.

First, let's rephrase the condition a_i - i is even. That means a_i ≡ i mod 2, right? Wait, no: even difference means a_i and i have the same parity. Wait, yes! If a_i - i is even, then a_i and i are both even or both odd, so a_i ≡ i mod 2. Wait, is that right? Let's check: 5 - 3 = 2, even, 5 and 3 both odd; 4 - 2 = 2, even, both even; 6 - 4 = 2, even, both even; 7 - 5 = 2, even, both odd. Yep, so a_i ≡ i mod 2. So each term a_i has the same parity as its index i.

But maybe instead of thinking about parity, we can make a substitution to turn this into a strictly increasing sequence or something? Wait, the problem says non-decreasing, but maybe the substitution will make it a strictly increasing sequence, which is easier to count with combinations.

Let's try defining new variables to simplify the condition. Let's let b_i = (a_i - i)/2. Wait, why? Because if a_i - i is even, then (a_i - i)/2 is an integer. Let's see what the conditions become for b_i.

First, a_i is a positive integer, so a_i ≥ 1. Let's write the inequalities first. The sequence is non-decreasing: a₁ ≤ a₂ ≤ ... ≤ a₁₀ ≤ 2007.

Let's express each a_i in terms of b_i: a_i = 2b_i + i. Wait, hold on: a_i - i = 2b_i ⇒ a_i = i + 2b_i. Yes, that's a good substitution because it ensures that a_i - i is even (since it's 2b_i, so even), and b_i must be a non-negative integer? Wait, a_i is a positive integer, so let's check when b_i is integer.

a_i = i + 2b_i ≥ 1. Since i ≥ 1 (for i=1, a₁ ≥1), let's see for i=1: a₁ = 1 + 2b₁ ≥1 ⇒ 2b₁ ≥0 ⇒ b₁ ≥0 integer. For i=2: a₂ = 2 + 2b₂ ≥1, but since a₂ ≥ a₁ ≥1, and b₂ is integer, let's not worry about lower bounds yet, maybe the substitution will handle it.

Now let's rewrite the non-decreasing condition. a_i ≤ a_{i+1} for each i from 1 to 9.

So a_i = i + 2b_i ≤ a_{i+1} = (i+1) + 2b_{i+1}

Let's rearrange that inequality: i + 2b_i ≤ i + 1 + 2b_{i+1} ⇒ 2b_i ≤ 1 + 2b_{i+1} ⇒ 2(b_i - b_{i+1}) ≤ 1.

Wait, but b_i and b_{i+1} are integers (since a_i - i is even, so b_i integer), so the left-hand side is even, right-hand side is 1, which is odd. Wait, that can't be! Wait, hold on, did I do the substitution right?

Wait, a_i - i is even, so a_i = i + 2k_i where k_i is an integer (could be positive, negative? But a_i is positive integer, so let's see). Wait, for i=1, a₁ ≥1, so 1 + 2k₁ ≥1 ⇒ k₁ ≥0. For i=2, a₂ ≥a₁ ≥1, so 2 + 2k₂ ≥1 ⇒ k₂ ≥ -0.5, but k₂ integer, so k₂ ≥0? Wait, maybe k_i has to be non-negative? Wait, let's test with actual numbers.

Take i=1: a₁ must be positive integer, a₁ -1 even ⇒ a₁ is odd (since 1 is odd, odd - odd = even). So a₁ is odd, so minimum a₁=1 (which is odd), next is 3, 5, etc.

i=2: a₂ -2 even ⇒ a₂ even (2 is even, even - even = even), so a₂ is even, minimum a₂=2 (since a₂ ≥a₁ ≥1, but a₂ must be even, so minimum a₂=2 if a₁=1, which is allowed: 1 ≤ 2).

i=3: a₃ -3 even ⇒ a₃ odd (3 odd, odd - odd = even), so a₃ odd, ≥a₂ even, so minimum a₃=3 (if a₂=2, then 3 is next odd).

i=4: a₄ even, ≥a₃ odd, so minimum a₄=4.

Wait a second! So the parities of the a_i are fixed by i: for odd i, a_i must be odd; for even i, a_i must be even. That's a key point I might have messed up earlier. So i=1 (odd) ⇒ a₁ odd; i=2 (even) ⇒ a₂ even; i=3 (odd) ⇒ a₃ odd; etc. So the sequence alternates starting with odd, then even, odd, even, ..., up to i=10 (even) ⇒ a₁₀ even.

Also, the sequence is non-decreasing: a₁ ≤ a₂ ≤ a₃ ≤ ... ≤ a₁₀. But since a₁ is odd, a₂ is even, and odd ≤ even? Wait, hold on! Wait, is an odd number always less than or equal to an even number? No! Wait, 3 is odd, 2 is even, 3 > 2. Wait, but in the problem statement, it's a sequence of positive integers with a₁ ≤ a₂ ≤ ... ≤ a₁₀. But if a₁ is odd and a₂ is even, can a₁ ≤ a₂? Yes, for example, a₁=1 (odd), a₂=2 (even), 1 ≤ 2; a₁=3, a₂=4, 3 ≤4; but a₁=3, a₂=2 would be decreasing, which is not allowed. So the non-decreasing condition must hold with the parity constraints.

Wait, let's take a small example to test. Suppose we have a sequence of length 2: a₁ ≤ a₂, a₁ odd, a₂ even, both positive integers, a₂ ≤ N (some N). What's the count? a₁ ≥1 odd, so a₁=1,3,5,...; a₂ ≥a₁, even, so a₂ ≥a₁ (which is odd), so a₂ ≥a₁ +1 (since a₂ even, a₁ odd, so next even after odd is +1). So for a₁=1, a₂=2,4,6,...; for a₁=3, a₂=4,6,8,...; etc. So in general, for each odd a₁, a₂ is even ≥a₁, so a₂ ≥a₁ +1 (if a₁ odd, a₂ even, minimum a₂ = a₁ +1).

But maybe going back to substitution is better. Let's try again, carefully.

Let me define for each i, since a_i ≡ i mod 2 (as a_i - i even), let's set c_i = (a_i + i)/2. Wait, why? Let's see: if a_i ≡ i mod 2, then a_i + i is even, so c_i is integer. That might be a good substitution because it can turn the inequalities into strict inequalities?

Let's compute c_i: c_i = (a_i + i)/2 ⇒ a_i = 2c_i - i.

Check positivity: a_i ≥1 ⇒ 2c_i - i ≥1 ⇒ c_i ≥ (i +1)/2. Since c_i integer, for i=1: c₁ ≥1 (since (1+1)/2=1), so c₁ ≥1 integer; i=2: c₂ ≥ (2+1)/2=1.5 ⇒ c₂ ≥2; i=3: c₃ ≥2; i=4: c₄ ≥2.5 ⇒ c₄ ≥3; wait, maybe not the best, but let's check the non-decreasing condition.

a_i ≤ a_{i+1} ⇒ 2c_i - i ≤ 2c_{i+1} - (i+1) ⇒ 2c_i - i ≤ 2c_{i+1} - i -1 ⇒ 2c_i ≤ 2c_{i+1} -1 ⇒ 2(c_i - c_{i+1}) ≤ -1 ⇒ c_i - c_{i+1} ≤ -1/2 ⇒ since c_i, c_{i+1} integers, this implies c_i ≤ c_{i+1} -1 ⇒ c_i < c_{i+1}.

Oh! That's nice! So the non-decreasing condition on a_i translates to a strictly increasing condition on c_i! Perfect, that's a standard trick in combinatorics for turning non-decreasing sequences into strictly increasing ones with substitutions.

Let's verify that step again to be sure. Starting from a_i ≤ a_{i+1}:

a_i = 2c_i - i (from c_i = (a_i + i)/2, so yes, that's correct because a_i + i even)

So 2c_i - i ≤ 2c_{i+1} - (i + 1)

Subtract -i from both sides: 2c_i ≤ 2c_{i+1} - 1

Add 1 to both sides: 2c_i + 1 ≤ 2c_{i+1}

Divide by 2: c_i + 1/2 ≤ c_{i+1}

Since c_i and c_{i+1} are integers (because a_i + i is even, as established), c_{i+1} must be at least c_i + 1. Yes! So c_{i+1} ≥ c_i + 1, which means c₁ < c₂ < ... < c₁₀. Strictly increasing integers. Great, that's what we want for combinations.

Now let's find the range for c_i. The last term is a₁₀ ≤ 2007. Let's write that in terms of c₁₀.

a₁₀ = 2c₁₀ - 10 ≤ 2007 ⇒ 2c₁₀ ≤ 2017 ⇒ c₁₀ ≤ 2017/2 = 1008.5 ⇒ c₁₀ ≤ 1008 (since c₁₀ integer).

Also, we need to make sure all a_i are positive integers. Let's check the smallest possible a_i to find the smallest possible c_i.

For i=1: a₁ ≥1, odd (since i=1 odd, a₁ -1 even ⇒ a₁ odd). a₁ = 2c₁ -1 ≥1 ⇒ 2c₁ ≥2 ⇒ c₁ ≥1. So minimum c₁=1, which gives a₁=1, good.

i=2: a₂ ≥a₁ ≥1, even (i=2 even, a₂ -2 even ⇒ a₂ even). a₂=2c₂ -2 ≥1 ⇒ 2c₂ ≥3 ⇒ c₂ ≥2 (since c₂ integer, 2*1=2 <3, so c₂=2 gives a₂=2, which is ≥a₁=1, good).

i=3: a₃=2c₃ -3 ≥a₂ ≥2 (wait, but maybe better to check the lower bound from a_i ≥1, but actually the non-decreasing condition will take care of lower bounds for later terms relative to previous, but let's see the minimal c_i.

From the substitution, c_i must be integers with c₁ < c₂ < ... < c₁₀, and we have c₁₀ ≤1008 as above. What's the minimal possible c₁₀? Well, minimal sequence: a₁=1 (odd), a₂=2 (even), a₃=3 (odd), ..., a₁₀=10 (even). Let's check if this sequence satisfies the conditions: a_i ≤a_{i+1}? 1≤2≤3≤...≤10, yes, non-decreasing; a_i -i even? 1-1=0 even, 2-2=0 even, ..., 10-10=0 even, perfect. Now let's compute c_i for this minimal sequence: c_i=(a_i +i)/2=(i +i)/2=i. So c_i=i for i=1 to 10, so c₁=1, c₂=2, ..., c₁₀=10. So minimal c₁₀=10, which is less than 1008, so our upper bound for c₁₀ is 1008, lower bound for c₁ is 1, and the sequence c₁<...<c₁₀ is strictly increasing integers with c₁₀ ≤1008.

Wait, but hold on: is every strictly increasing sequence of integers c₁<...<c₁₀ with c₁₀ ≤1008 corresponding to a valid sequence a₁≤...≤a₁₀≤2007 satisfying the parity conditions?

Let's check the reverse direction. Suppose we have integers c₁ < c₂ < ... < c₁₀, all integers, and what's the range for c₁? Let's see, a₁=2c₁ -1 must be positive integer, so 2c₁ -1 ≥1 ⇒ c₁ ≥1, as before. For the sequence to be non-decreasing, we already translated that to strict increase in c_i, so that's covered. Now, the upper bound: a₁₀=2c₁₀ -10 ≤2007 ⇒ c₁₀ ≤1008.5 ⇒ c₁₀ ≤1008, as we had.

But wait, do we need any other constraints on the c_i? Let's check if for any c₁ < c₂ < ... < c₁₀ with c₁ ≥1 and c₁₀ ≤1008, the a_i's are positive integers with a_i ≤a_{i+1} and a_i -i even.

- a_i -i = (2c_i -i) -i = 2c_i - 2i = 2(c_i - i), which is even, good, satisfies the parity condition for all i.

- a_i = 2c_i - i, so since c_i < c_{i+1}, a_i = 2c_i - i < 2c_{i+1} - i = (2c_{i+1} - (i+1)) + 1 = a_{i+1} + 1. Wait, hold on! Wait, earlier we thought a_i ≤ a_{i+1}, but does this imply a_i < a_{i+1}? Wait, in the problem statement, it's a₁ ≤ a₂ ≤ ... ≤ a₁₀, so non-decreasing, but in our substitution, we got c_i < c_{i+1}, which we thought implies a_i ≤ a_{i+1}. Wait, let's check with the minimal sequence: c_i=i, so a_i=2i -i=i, so a_i=i, which is strictly increasing, so that's fine (non-decreasing includes strictly increasing). But could we have a_i = a_{i+1}?

Wait, suppose a_i = a_{i+1}. Then a_i -i even and a_{i+1} - (i+1) even ⇒ a_i -i = a_i -i -1 ⇒ even = odd, which is a contradiction! Oh! That's a crucial point I missed earlier.

Since a_i - i is even, a_{i+1} - (i+1) is even, so a_{i+1} - a_i = (a_{i+1} - (i+1)) - (a_i - i) is even - even = even. So the difference between consecutive a_i's is even. But in a non-decreasing sequence, a_i ≤ a_{i+1}, so a_{i+1} - a_i is non-negative even integer. Therefore, a_{i+1} - a_i is either 0 or at least 2.

Wait, but if a_{i+1} - a_i = 0, then a_i = a_{i+1}, but as we saw, a_i - i even and a_i - (i+1) = (a_i - i) -1 even ⇒ even -1 = odd, which is a contradiction. Therefore, it's impossible for a_i = a_{i+1}! Therefore, the sequence must be strictly increasing!

Oh my goodness, that's important. So the problem says ""increasing sequences of positive integers a₁ ≤ a₂ ≤ ... ≤ a₁₀"" – but due to the parity condition, they can't be equal, so actually it's strictly increasing sequences. That simplifies things, because in combinatorics, strictly increasing sequences of length k from a set of size n are C(n,k). But let's confirm with the problem statement: it says ""increasing sequences"" with ""≤"", but in math competitions, sometimes ""increasing"" means strictly increasing, but here they specify ""≤"", so maybe they just mean non-decreasing, but as we saw, the parity condition forces strict increase. Let's check with the earlier small example: can we have a₁=a₂? a₁ odd, a₂ even, so no, odd ≠ even, so a₁ cannot equal a₂. Similarly, a₂ even, a₃ odd, so a₂ ≠ a₃, etc. So in fact, all consecutive terms must differ by at least 2? Wait, no, difference could be 2: a₁=1 (odd), a₂=3 (even? Wait no! a₂ must be even, a₁ odd, so difference is at least 1, but since a₁ odd, a₂ even, the smallest possible difference is 1 (1 to 2), which is allowed, and 1 < 2, so a₁=1 ≤ a₂=2, which is okay, and they are not equal (1≠2). So the difference can be 1, but they can't be equal because of parity.

So in any case, the key is that the substitution we did earlier: c_i = (a_i + i)/2 gives a strictly increasing sequence of integers c₁ < c₂ < ... < c₁₀, with no equalities, which matches the non-decreasing a_i (which in fact is strictly increasing, as we saw).

Now let's get back to bounds for c_i. We have a₁₀ = 2c₁₀ - 10 ≤ 2007 ⇒ 2c₁₀ ≤ 2017 ⇒ c₁₀ ≤ 1008.5 ⇒ c₁₀ ≤ 1008, as before.

What's the minimal possible c₁? Let's take the smallest possible a_i: a₁=1 (smallest positive odd integer), then a₂ must be even ≥a₁=1, so smallest a₂=2, a₃ smallest odd ≥a₂=2 is 3, a₄ smallest even ≥3 is 4, ..., a₁₀ smallest even ≥9 is 10. So minimal sequence is a_i=i for i=1 to 10, which gives c_i=(i + i)/2=i, so c₁=1, c₂=2, ..., c₁₀=10. So the minimal c_i is 1 for c₁, 2 for c₂, ..., 10 for c₁₀.

Is there a lower bound on c₁? c₁=(a₁ +1)/2, a₁ ≥1 odd, so a₁=1,3,5,... ⇒ c₁=1,2,3,... so c₁ ≥1, which matches.

Now, since c₁ < c₂ < ... < c₁₀ are integers, and c₁₀ ≤1008, what is the set of possible c_i? Let's think of how to map the c_i to a standard combination.

In standard stars and bars or combination problems, the number of strictly increasing sequences of length k from integers starting at some minimum is equivalent to choosing k distinct integers from a set of size N, which is C(N,k). But we need to find the range of c_i.

Let's find the minimal possible value of the smallest c_i and the maximal possible value of the largest c_i, but actually, for strictly increasing sequences c₁ < c₂ < ... < c₁₀, if we let d_i = c_i - (i - 1), then d₁ < d₂ < ... < d₁₀? Wait, no, better to shift the indices so that the smallest possible c_i corresponds to 1, etc.

Wait, in the minimal sequence, c_i = i. So c₁=1, c₂=2, ..., c₁₀=10. The next possible sequence would be c₁=1, c₂=2, ..., c₉=9, c₁₀=11 (since c₁₀ must be >c₉=9), which would give a₁₀=2*11 -10=12, which is ≤2007, good.

Wait, but in general, for any strictly increasing sequence of integers c₁ < ... < c₁₀, we can define a new sequence d_i = c_i - (i - 1). Wait, let's check what d_i is. For the minimal sequence, c_i=i, so d_i=i - (i-1)=1 for all i, so d_i=1,1,...,1. If we increase c₁₀ by 1 (to 11), d₁₀=11 -9=2, others same, so d_i=1 for i=1..9, d₁₀=2. Is d_i strictly increasing?

c_i < c_{i+1} ⇒ c_i - i + 1 < c_{i+1} - (i+1) + 1 ⇒ (c_i - i + 1) < (c_{i+1} - i -1 +1) ⇒ d_i < d_{i+1}. Yes! So d_i = c_i - (i - 1) is a strictly increasing sequence of positive integers? Wait, let's check the lower bound for d_i.

c₁ ≥1 ⇒ d₁ = c₁ - 0 = c₁ ≥1.

c₂ > c₁ ⇒ d₂ = c₂ -1 > c₁ -1 ≥1 -1=0 ⇒ d₂ ≥1 (since integers), similarly d_i ≥1 for all i.

Wait, let's compute the maximum possible d₁₀. c₁₀ ≤1008 ⇒ d₁₀ = c₁₀ -9 ≤1008 -9=999.

Also, since d₁ < d₂ < ... < d₁₀ are positive integers (wait, d_i ≥1, strictly increasing), so the number of such sequences is equal to the number of ways to choose 10 distinct positive integers in increasing order, which is C(999,10)? Wait, hold on: if d₁ < d₂ < ... < d₁₀ are positive integers with d₁₀ ≤999, then the number of such sequences is C(999,10). Wait, is that right?

Wait, standard result: the number of strictly increasing sequences of length k from {1,2,...,N} is C(N,k). Here, d_i are positive integers, strictly increasing, so d₁ ≥1, d₂ ≥d₁ +1 ≥2, ..., d₁₀ ≥10. Wait, but in our case, d₁₀ = c₁₀ -9 ≤1008 -9=999, so d₁₀ ≤999. Therefore, the maximum value for d₁₀ is 999, so the set of possible d_i is exactly the set of strictly increasing sequences of 10 positive integers where the largest is at most 999, which is equivalent to choosing 10 distinct integers from 1 to 999, so C(999,10).

Wait, let's verify with the substitution step by step to make sure we didn't mess up the shift.

Alternative approach: Let's list the constraints on c_i.

We have c₁ < c₂ < ... < c₁₀, integers.

From a₁ = 2c₁ -1 ≥1 ⇒ c₁ ≥1.

From a₁₀ = 2c₁₀ -10 ≤2007 ⇒ c₁₀ ≤(2007 +10)/2=2017/2=1008.5 ⇒ c₁₀ ≤1008.

Now, let's find the minimal possible c₁₀: as in the minimal sequence, c₁₀=10 (since c_i=i gives a_i=i, which is valid), so c₁₀ ≥10.

But when counting combinations, we don't care about the minimal values per se, but the total number of sequences. For strictly increasing sequences of length k with each term at most M, the number is C(M, k), but wait, no: if the terms can start from 1, then yes, if c₁ ≥1, c₂ ≥c₁ +1 ≥2, ..., c₁₀ ≥10, so the smallest c₁₀ is 10, and the largest c₁₀ is 1008, so the number of sequences is equal to the number of ways to choose 10 distinct integers from {1,2,...,1008}, because any subset of size 10 from 1 to 1008 gives a unique strictly increasing sequence c₁<...<c₁₀ with c₁₀ ≤1008, and every such sequence corresponds to a subset.

Wait a second! Is that true? Let's see: if we have any 10 distinct integers between 1 and 1008 inclusive, sorted as c₁ < c₂ < ... < c₁₀, then c₁₀ ≤1008, so a₁₀=2c₁₀ -10 ≤2*1008 -10=2016 -10=2006 ≤2007, which is good (wait, 2006 ≤2007, yes, but what about c₁₀=1008: a₁₀=2*1008 -10=2016-10=2006, which is ≤2007, correct; is there a case where c₁₀=1009? Then a₁₀=2*1009 -10=2018-10=2008 >2007, which is invalid, so c₁₀ cannot be 1009, so max c₁₀=1008, correct.

But wait, does every subset {c₁,...,c₁₀} ⊆ {1,2,...,1008} with |subset|=10 give a valid sequence a_i?

Let's check the lower bounds for a_i. Take the smallest possible subset: {1,2,...,10}, c_i=i, so a_i=2i -i=i, which is 1≤2≤...≤10≤2007, valid.

Take a subset where c₁=1, c₂=2, ..., c₉=9, c₁₀=1008: then a₁=2*1 -1=1, a₂=2*2 -2=2, ..., a₉=2*9 -9=9, a₁₀=2*1008 -10=2016-10=2006 ≤2007, perfect, valid.

Is there a subset that would give a_i ≤0? Let's see, a_i=2c_i -i ≥1 (positive integer). For c_i ≥1, i ≥1: 2c_i -i ≥2*1 -10= -8? Wait, no, c_i is at least i? Wait, no, in the subset {1,2,...,10}, c_i=i, so a_i=i. But if we take a subset where c₁=1, c₂=1? No, subsets are strictly increasing, so c₁ < c₂ < ... < c₁₀, so c_i ≥ c₁ + (i-1) ≥1 + i -1 =i. Wait, hold on! That's a key point I missed.

Since c₁ < c₂ < ... < c₁₀ are integers, c_i ≥ c₁ + i -1. But c₁ ≥1, so c_i ≥1 + i -1 =i for all i. Wait, let's check with the minimal sequence: c_i=i, so equality holds. If c₁=1, then c₂≥2, c₃≥3, ..., c₁₀≥10. If c₁=2, then c₂≥3, ..., c₁₀≥11, etc.

But does this mean that a_i=2c_i -i ≥2i -i =i ≥1, which is positive, perfect! So a_i ≥i ≥1, which is a positive integer, as required. And since a_i=2c_i -i is increasing (as we saw earlier, strictly increasing), and a₁₀=2c₁₀ -10 ≤2*1008 -10=2006 ≤2007, so all conditions are satisfied.

Wait, but earlier I thought maybe we need to shift the indices, but actually, in this case, the set of c_i is exactly the set of 10-element subsets of {1,2,...,1008}, because:

- Each such subset corresponds to a unique strictly increasing sequence c₁<...<c₁₀ with 1≤c₁<...<c₁₀≤1008.

- Each such sequence corresponds to a unique sequence a_i=2c_i -i, which is a positive integer (since c_i≥i ⇒ a_i=2c_i -i≥i≥1), non-decreasing (in fact strictly increasing, as we saw), with a_i -i=2(c_i -i) even, and a₁₀=2c₁₀ -10≤2*1008 -10=2006≤2007.

Wait, but hold on: is c_i allowed to be less than i? Suppose someone tries c₁=1, c₂=1, but no, sequences are strictly increasing, so c₂>c₁=1 ⇒ c₂≥2, so c₂≥2=i for i=2. Similarly, c₃≥c₂ +1≥3=i for i=3, so in general, for the strictly increasing sequence c₁<...<c₁₀ with c₁≥1, we have c_i ≥i for all i. But does that mean we don't have to shift?

Wait, let's take a concrete small example to test the count. Suppose instead of up to 2007, let's say up to 10, and length 2: a₁≤a₂≤10, a₁ odd, a₂ even.

What's the count? a₁=1,3,5,7,9 (odd ≤10); a₂ even ≥a₁, ≤10.

For a₁=1: a₂=2,4,6,8,10 ⇒ 5 options

a₁=3: a₂=4,6,8,10 ⇒4

a₁=5: a₂=6,8,10 ⇒3

a₁=7: a₂=8,10 ⇒2

a₁=9: a₂=10 ⇒1

Total:5+4+3+2+1=15.

Now let's apply our substitution to this small case. Length k=2, upper bound N=10.

c_i=(a_i +i)/2, so c₁=(a₁+1)/2, c₂=(a₂+2)/2.

a₁ odd ⇒ c₁ integer; a₂ even ⇒ c₂ integer.

Non-decreasing a₁≤a₂ ⇒ as before, c₁ < c₂ (we proved earlier that a_i ≤a_{i+1} with parity conditions implies c_i < c_{i+1}).

a₂≤10 ⇒ 2c₂ -2 ≤10 ⇒2c₂≤12 ⇒c₂≤6.

a₁≥1 ⇒2c₁ -1≥1 ⇒c₁≥1.

So c₁ < c₂, c₁≥1, c₂≤6. Number of such pairs: C(6,2)=15. Which matches the count! Perfect, so this works.

In this small case, the number of sequences is C(6,2), where 6= floor((10 +2)/2)? Wait, (a₂ upper bound) + i? Wait, for N=10, k=2, c₂≤(10 +2)/2=6, yes. So in general, for upper bound M on a_k, c_k=(a_k +k)/2 ≤(M +k)/2.

In the small case, M=10, k=2, so c_k≤(10+2)/2=6, and number of sequences is C(6,2)=15, which was correct.

Another test: length k=2, upper bound M=2. Then a₁≤a₂≤2, a₁ odd, a₂ even.

Possible sequences: a₁=1, a₂=2 (only one sequence). Using substitution: c₁=(1+1)/2=1, c₂=(2+2)/2=2, so c₁=1 < c₂=2, c₂≤(2+2)/2=2, so number of sequences=C(2,2)=1, correct.

Another test: k=3, M=10. Let's see if we can compute via substitution.

c₁ < c₂ < c₃, c₃≤(10 +3)/2=6.5⇒c₃≤6.

Number of sequences: C(6,3)=20.

Let's list minimal a_i: a₁=1, a₂=2, a₃=3 (all ≤10, parities correct: 1-1=0, 2-2=0, 3-3=0).

Next: a₁=1,a₂=2,a₃=4 (3-3=0 even? Wait, a₃ must be odd for i=3, so a₃=4 is even, invalid! Oh, right! For i=3, a₃ -3 even ⇒ a₃ odd, so a₃ must be odd, so a₃=3,5,7,9 for M=10.

So sequences for k=3, M=10:

a₁ odd, a₂ even, a₃ odd, 1≤a₁≤a₂≤a₃≤10.

a₁=1: a₂ even ≥1 ⇒2,4,6,8,10; for each a₂, a₃ odd ≥a₂ ⇒ if a₂=2, a₃=3,5,7,9 (4 options); a₂=4, a₃=5,7,9 (3); a₂=6, a₃=7,9 (2); a₂=8, a₃=9 (1); a₂=10, a₃≥10 odd ⇒10 is even, next odd is 11>10, so 0.

Total for a₁=1:4+3+2+1=10

a₁=3: a₂ even ≥3 ⇒4,6,8,10; a₂=4: a₃=5,7,9 (3); a₂=6: a₃=7,9 (2); a₂=8: a₃=9 (1); a₂=10: 0 ⇒3+2+1=6

a₁=5: a₂ even ≥5 ⇒6,8,10; a₂=6: a₃=7,9 (2); a₂=8: a₃=9 (1); a₂=10:0 ⇒2+1=3

a₁=7: a₂ even ≥7 ⇒8,10; a₂=8: a₃=9 (1); a₂=10:0 ⇒1

a₁=9: a₂ even ≥9 ⇒10; a₂=10: a₃≥10 odd ⇒none ⇒0

Total:10+6+3+1=20. Which matches C(6,3)=20! Perfect, so the substitution works here too.

In this k=3, M=10 case, c₃≤(10+3)/2=6.5⇒6, and number of sequences=C(6,3). So the pattern holds.

So generalizing, for a sequence of length k (here k=10), with a_i ≤ M (here M=2007), a_i ≡i mod 2 (i.e., a_i -i even), non-decreasing (which in fact is strictly increasing due to parity), the number of such sequences is equal to C( floor((M + k)/2 ), k )? Wait, in the k=2, M=10 case: (10+2)/2=6, floor(6)=6, C(6,2)=15, correct. k=3, M=10: (10+3)/2=6.5, floor=6, C(6,3)=20, correct. k=2, M=2: (2+2)/2=2, C(2,2)=1, correct.

Wait, but in our problem, M=2007, k=10. Let's compute (M + k)/2=(2007 +10)/2=2017/2=1008.5. So floor((M +k)/2)=1008, which is an integer? Wait, 2017 is odd, so 2017/2=1008.5, so floor is 1008, which is what we had for c₁₀≤1008.

And in the substitution, the number of sequences is C(1008,10), because in the small cases, it was C( (M +k)/2 , k ) when (M +k) is even or odd? Wait, in the k=2, M=10: (10+2)/2=6 integer, C(6,2); k=3, M=10: (10+3)/2=6.5, floor=6, C(6,3); k=2, M=2: (2+2)/2=2, C(2,2). So yes, the upper limit for c_k is floor( (M +k)/2 ), but wait in the substitution, c_k=(a_k +k)/2, and a_k ≤M ⇒ c_k ≤(M +k)/2, so since c_k integer, c_k ≤ floor( (M +k)/2 ). But in the problem statement, a_k ≤2007, so c_k ≤(2007 +10)/2=1008.5 ⇒ c_k ≤1008, which is floor(1008.5)=1008.

And the key point from the small examples is that the number of strictly increasing sequences c₁<...<c_k with 1≤c₁<...<c_k≤C (where C=floor((M +k)/2)) is exactly C(C,k). Wait, in the k=2, M=10 case, C=6, number of sequences=C(6,2); k=3, M=10, C=6, number=C(6,3). So yes, it's C(C,k) where C is the maximum possible c_k, which is floor((M +k)/2).

Wait, but in the substitution, we saw that c_i must be integers with c₁ < c₂ < ... < c_k, and the minimal possible c_i is 1,2,...,k (for the minimal sequence), but the upper bound for c_k is floor((M +k)/2), and since the sequences are strictly increasing, all sequences are just subsets of size k from {1,2,...,floor((M +k)/2)}.

In the problem, M=2007, k=10, so floor((2007 +10)/2)=floor(2017/2)=1008. Therefore, the number of sequences is C(1008,10).

Wait, hold on! The problem says ""the number of increasing sequences... can be expressed as {m choose n}"". So here, m=1008, n=10? Wait, but wait in the problem statement, it's written as {m choose n}, which is standard for binomial coefficient, so yes, C(m,n)=C(1008,10).

Wait, but wait in the problem statement: ""a₁ ≤ a₂ ≤ ... ≤ a₁₀ ≤ 2007"". We confirmed through small cases that the count is C( (2007 +10)/2 , 10 ) but floored to 1008, so C(1008,10). Let's just make sure we didn't flip m and n.

Wait, the problem says ""m > n"", and C(1008,10) has m=1008, n=10, so m>n, correct.

But wait, let's check the problem statement again: ""the number of increasing sequences of positive integers a₁ ≤ a₂ ≤ ... ≤ a₁₀ ≤ 2007 such that a_i - i is even for 1≤i≤10"".

Wait, in our substitution, we had a_i=2c_i -i, c_i strictly increasing integers, c_i ≥1, c₁₀ ≤1008. So the number of sequences is the number of ways to choose 10 distinct integers from 1 to 1008, which is C(1008,10). That seems to be the case from the small examples.

Wait, but in the first small example with k=2, M=10, we had C(6,2)=15, which matched the count, and 6=(10 +2)/2=6, integer. For k=10, M=2007, (2007 +10)/2=1008.5, so the maximum c_i is 1008, so the set is {1,2,...,1008}, size 1008, choose 10, so C(1008,10).

Is there any chance we need to adjust the lower bound? For example, in the k=3, M=10 case, we saw that the minimal c_i=1,2,3 (since c₁=1,c₂=2,c₃=3 gives a_i=1,2,3), and the maximum c₃=6 (gives a₃=2*6 -3=9 ≤10), so c₃=6 is the max, which is (10 +3)/2=6.5→6, correct. So the count is C(6,3)=20, which was correct.

Another way to think about the substitution: let's define for each i, b_i = (a_i - i)/2. Wait, earlier I thought this might not work, but let's try again.

a_i - i even ⇒ b_i integer.

a_i = i + 2b_i.

Non-decreasing: a_i ≤ a_{i+1} ⇒ i + 2b_i ≤ i +1 + 2b_{i+1} ⇒ 2b_i ≤1 + 2b_{i+1} ⇒ 2(b_i - b_{i+1}) ≤1 ⇒ b_i - b_{i+1} ≤0.5 ⇒ since integers, b_i ≤ b_{i+1}. So b_i is non-decreasing!

Ah! This is another substitution, which might be simpler. Let's see:

a_i = i + 2b_i, where b_i is a non-negative integer? Wait, a_i ≥1 ⇒ i + 2b_i ≥1. For i=1: 1 + 2b₁ ≥1 ⇒ b₁ ≥0; i=2: 2 + 2b₂ ≥1 ⇒ b₂ ≥0 (since b₂ integer, 2b₂ ≥-1 ⇒ b₂ ≥0); in general, b_i ≥0 integer.

Non-decreasing a_i ⇨ b_i ≤ b_{i+1} (as shown above).

Also, a₁₀ ≤2007 ⇒10 + 2b₁₀ ≤2007 ⇒2b₁₀ ≤1997 ⇒b₁₀ ≤998.5 ⇒b₁₀ ≤998.

Wait, hold on! Now this is a different substitution, but let's see what the count is here.

b₁ ≤ b₂ ≤ ... ≤ b₁₀, non-decreasing integers, b_i ≥0, b₁₀ ≤998.

The number of non-decreasing sequences of length 10 of non-negative integers with max ≤998 is equal to the number of combinations with repetition: C(998 +10,10)=C(1008,10). Oh! That's a standard stars and bars result.

Yes! For non-decreasing sequences b₁ ≤ ... ≤ b₁₀ with each b_i ≥0 integer and b₁₀ ≤N, the number is C(N +10,10). Wait, let's recall: the number of non-decreasing sequences of length k from {0,1,...,N} is C(N +k, k). Yes, because it's equivalent to choosing k elements with repetition from N+1 elements (0 to N), which is stars and bars: C((N +1) +k -1, k)=C(N +k, k).

Wait, in this case, b_i ≥0, b₁₀ ≤998 ⇒ b_i ∈{0,1,...,998}, so N=998, k=10. Number of non-decreasing sequences is C(998 +10,10)=C(1008,10). Perfect, matches our previous result!

This substitution is more straightforward and confirms the count. Let's go through this substitution carefully because it's a good check.

Define b_i = (a_i - i)/2 for each i. Then:

- a_i - i is even ⇒ b_i is integer.

- a_i = i + 2b_i is a positive integer: since i ≥1 and b_i integer, we need i + 2b_i ≥1. For i=1: 1 + 2b₁ ≥1 ⇒ b₁ ≥0; for i≥2: i ≥2, so i + 2b_i ≥2 >1, so as long as b_i ≥0, a_i is positive integer. Good, so b_i ≥0 integers.

- Non-decreasing sequence a₁ ≤ a₂ ≤ ... ≤ a₁₀ ⇨ i + 2b_i ≤ (i+1) + 2b_{i+1} for all i ⇨ 2b_i ≤1 + 2b_{i+1} ⇨ 2(b_i - b_{i+1}) ≤1. Since b_i, b_{i+1} are integers, the left-hand side is even, so the only possibility is b_i - b_{i+1} ≤0 ⇒ b_i ≤ b_{i+1}. So b_i is a non-decreasing sequence of non-negative integers.

- Upper bound on a₁₀: a₁₀ =10 + 2b₁₀ ≤2007 ⇒2b₁₀ ≤1997 ⇒b₁₀ ≤998.5 ⇒b₁₀ ≤998 (since b₁₀ integer).

Therefore, we need the number of non-decreasing sequences of length 10 (b₁ to b₁₀) where each b_i is a non-negative integer and b₁₀ ≤998.

As mentioned, the number of non-decreasing sequences of length k with values in {0,1,...,N} is equal to the number of multisets of size k from a set of size N+1, which is C(N + k, k). Here, N=998 (values 0 to 998 inclusive, that's 999 values), wait no: wait, the formula is: if you have numbers from 0 to N (inclusive), that's N+1 numbers. The number of non-decreasing sequences of length k is C(N + k, k). Let's verify with a small example.

Take N=0 (only value 0), k=2: only sequence [0,0], count=1. Formula: C(0 +2,2)=1, correct.

N=1 (values 0,1), k=2: sequences [0,0], [0,1], [1,1], count=3. Formula: C(1 +2,2)=3, correct.

Yes, so general formula: number of non-decreasing sequences of length k with each term in {0,1,...,N} is C(N + k, k).

In our case, b₁₀ ≤998 ⇒ each b_i ≤998 (since non-decreasing), so the values are in {0,1,...,998}, so N=998, k=10. Therefore, number of sequences is C(998 +10,10)=C(1008,10).

Yes! This is a much cleaner substitution and confirms the count is C(1008,10). I think this solidifies that m=1008, n=10.

Wait, the problem says ""can be expressed as {m choose n} for some positive integers m > n"". Here, m=1008, n=10, so m>n, good.

Now, the question asks: ""Compute the remainder when m is divided by 1000"".

m=1008, 1008 divided by 1000 is 1 with remainder 8. So 1008 mod 1000=8.

Wait, but hold on! Let's check the answer choices: A.18 B.8 C.14 D.10 E.12 F.16. So B is 8.

But wait, did we make a mistake in the substitution? Let's double-check the upper bound for b₁₀.

a₁₀ ≤2007 ⇒10 + 2b₁₀ ≤2007 ⇒2b₁₀ ≤1997 ⇒b₁₀ ≤998.5 ⇒b₁₀ ≤998, correct. Then number of non-decreasing sequences is C(998 +10,10)=C(1008,10). Yes, because for stars and bars, the number of non-negative integer solutions to b₁ ≤ b₂ ≤ ... ≤ b₁₀ ≤ N is equal to the number of combinations with repetition, which is C(N +10,10). Wait, actually, another way: let's set c_i = b_i + i -1? No, better to use the standard transformation for non-decreasing sequences.

If b₁ ≤ b₂ ≤ ... ≤ b₁₀, then let d₁ = b₁, d₂ = b₂ - b₁, d₃ = b₃ - b₂, ..., d₁₀ = b₁₀ - b₉, where d_i ≥0 integers. Then b₁₀ = d₁ + d₂ + ... + d₁₀ ≤998. The number of non-negative integer solutions to d₁ + ... + d₁₀ ≤998 is equal to the number of solutions to d₁ + ... + d₁₀ + d₁₁ =998, which is C(998 +11 -1,11 -1)=C(1008,10). Yes! That's the stars and bars argument.

Number of non-negative integer solutions to x₁ + ... + x_k ≤ N is C(N + k, k). Here, k=10 variables (d₁ to d₁₀), so solutions to d₁+...+d₁₀ ≤998 is C(998 +10,10)=C(1008,10). Perfect, matches.

So this confirms again that the binomial coefficient is C(1008,10), so m=1008.

1008 divided by 1000 is 1*1000=1000, remainder 8. So the answer should be B.8.

Wait, but just to make 100% sure we didn't misinterpret the problem: the problem says ""increasing sequences of positive integers a₁ ≤ a₂ ≤ ... ≤ a₁₀"". In some contexts, ""increasing"" means strictly increasing, but here they specify ""≤"", so it's non-decreasing, but as we saw, the parity condition forces strict increase, so it's fine.

Another check: in the first small example with k=2, M=10, we had C(6,2)=15, which was correct, and 6=(10 +2)/2=6, so for general k, M, it's C( floor((M +k)/2) +k -1? Wait no, in the b_i substitution, we had b_i ≤ floor((M -k)/2), since a_k =k +2b_k ≤M ⇒b_k ≤(M -k)/2 ⇒b_k ≤floor((M -k)/2). Wait, for M=2007, k=10: (2007 -10)/2=1997/2=998.5 ⇒floor=998, which is what we had for b_k. Then number of non-decreasing sequences is C( floor((M -k)/2) +k, k ). Wait, yes: in stars and bars, if the maximum value is N, then it's C(N +k, k). Here N=floor((M -k)/2)=998, so C(998 +10,10)=C(1008,10).

Yes, that's a good formula to remember: for sequences a₁≤...≤a_k ≤M with a_i ≡i mod 2, the count is C( floor((M -k)/2) +k, k ).

Let's test with k=2, M=10: floor((10-2)/2)=4, so C(4 +2,2)=C(6,2)=15, correct.

k=3, M=10: floor((10-3)/2)=floor(7/2)=3, C(3 +3,3)=C(6,3)=20, correct.

k=2, M=2: floor((2-2)/2)=0, C(0 +2,2)=1, correct.

Perfect, so the formula holds, and for our problem, M=2007, k=10: floor((2007-10)/2)=floor(1997/2)=998, so C(998 +10,10)=C(1008,10). So m=1008.

1008 mod 1000=8, so the answer is B.

I think this is solid. The key was realizing the substitution to turn the non-decreasing sequence with parity conditions into a non-decreasing sequence of integers (or using the stars and bars approach for the b_i's), which simplifies to a binomial coefficient. The small examples helped confirm the substitution was correct, and multiple methods (direct substitution to c_i, substitution to b_i with stars and bars) both led to C(1008,10), so m=1008, remainder 8 when divided by 1000.

I don't see any mistakes in the reasoning now, after checking multiple times and with examples. Initially, I was confused about the direction of the substitution, but the b_i substitution (b_i=(a_i -i)/2) made it clear that we get a non-decreasing sequence of non-negative integers with an upper bound, which is a classic stars and bars problem leading to a binomial coefficient.

So the answer should be B.8, which is option B.
</think>

We are given a problem involving counting the number of **non-decreasing sequences** $ a_1 \leq a_2 \leq \cdots \leq a_{10} \leq 2007 $ such that for each $ i $, $ a_i - i $ is even. The result is to be expressed as a binomial coefficient $ \binom{m}{n} $ with $ m > n $, and we are to compute $ m \mod 1000 $.

---

### Step 1: Understanding the Constraint

The condition $ a_i - i $ is even implies:
$$
a_i \equiv i \pmod{2}
$$
This means $ a_i $ has the same parity as $ i $. So:
- For odd $ i $, $ a_i $ must be odd.
- For even $ i $, $ a_i $ must be even.

Also, the sequence is non-decreasing: $ a_1 \leq a_2 \leq \cdots \leq a_{10} \leq 2007 $.

However, due to the parity constraint, it's **impossible** for two consecutive terms to be equal (since one would be odd and the other even), so the sequence must actually be **strictly increasing**.

---

### Step 2: Substitution to Simplify Counting

Let us define:
$$
b_i = \frac{a_i - i}{2}
$$
Then:
$$
a_i = i + 2b_i
$$
This substitution ensures $ a_i - i $ is even (so $ b_i $ is an integer), and since $ a_i \geq 1 $, we have $ b_i \geq 0 $.

Now, the non-decreasing condition becomes:
$$
a_i \leq a_{i+1} \Rightarrow i + 2b_i \leq (i+1) + 2b_{i+1} \Rightarrow b_i \leq b_{i+1}
$$
So the sequence $ b_1 \leq b_2 \leq \cdots \leq b_{10} $ is **non-decreasing**, with all $ b_i \in \mathbb{Z}_{\geq 0} $.

Additionally, from the upper bound on $ a_{10} $:
$$
a_{10} = 10 + 2b_{10} \leq 2007 \Rightarrow 2b_{10} \leq 1997 \Rightarrow b_{10} \leq 998.5 \Rightarrow b_{10} \leq 998
$$

Thus, the number of valid sequences $ b_1 \leq b_2 \leq \cdots \leq b_{10} $ with $ b_i \in \{0, 1, \dots, 998\} $ is the number of **non-decreasing sequences of length 10** from a set of size 999 (values 0 through 998).

This is a classic **stars and bars** problem. The number of such sequences is:
$$
\binom{998 + 10}{10} = \binom{1008}{10}
$$

So, the total number of sequences is $ \binom{1008}{10} $, which matches the form $ \binom{m}{n} $ with $ m = 1008 $, $ n = 10 $.

---

### Step 3: Final Computation

We are asked to find:
$$
m \mod 1000 = 1008 \mod 1000 = 8
$$

---

### ✅ Final Answer

$$
\boxed{B}
$$"
487,"Okay, let's see. I need to find the covariance and the coefficient of correlation for this sample of four data points. First, I remember that covariance measures how much two variables change together. The formula for sample covariance is a bit tricky because sometimes it's divided by n-1 (for unbiased estimator) or n (for population covariance). Wait, the problem says ""for this sample,"" so I need to check. In statistics, when they ask for covariance of a sample, it can be either the sample covariance (divided by n-1) or the population covariance (divided by n). Let me think. The problem says ""covariance"" without specifying, but in many introductory stats contexts, especially when they just say ""covariance"" for a sample, they might mean the population covariance (divided by n) or the sample covariance (divided by n-1). Hmm. Wait, let's look at the coefficient of correlation. The correlation coefficient is usually calculated using the sample covariance divided by the product of the standard deviations (each divided by n-1 for sample standard deviations). Wait, no, actually, the Pearson correlation coefficient is defined as:

r = [nΣxy - (Σx)(Σy)] / sqrt([nΣx² - (Σx)²][nΣy² - (Σy)²])

Which is the same as (sample covariance) / (s_x * s_y), where s_x and s_y are sample standard deviations (divided by n-1). But sometimes, depending on the context, they might use population standard deviations (divided by n). Wait, the problem says ""for this sample,"" so probably they want the sample covariance (divided by n-1) and the correlation coefficient using sample standard deviations (divided by n-1). Let me check the problem statement again. It says ""Find the covariance and coefficient of correlation for this sample."" In many basic stats problems, especially in textbooks, when they ask for covariance of a sample, they might use the formula divided by n (i.e., the population covariance), but I need to be careful.

Let me list out the data points:

x (Hours Exercising): 2.8, 3.6, 4.6, 6.7

y (Cholesterol Level): 218, 205, 198, 187

First, let's compute the necessary sums.

First, compute Σx, Σy, Σxy, Σx², Σy².

Let's make a table:

i | x_i | y_i | x_i*y_i | x_i² | y_i²
---|-----|-----|---------|------|------
1 | 2.8 | 218 | 2.8*218 = let's calculate that: 2*218=436, 0.8*218=174.4, so 436+174.4=610.4 | 2.8²=7.84 | 218²=47524
2 | 3.6 | 205 | 3.6*205 = 3*205=615, 0.6*205=123, so 615+123=738 | 3.6²=12.96 | 205²=42025
3 | 4.6 | 198 | 4.6*198 = 4*198=792, 0.6*198=118.8, so 792+118.8=910.8 | 4.6²=21.16 | 198²=39204
4 | 6.7 | 187 | 6.7*187 = let's compute 6*187=1122, 0.7*187=130.9, so 1122+130.9=1252.9 | 6.7²=44.89 | 187²=34969

Now let's sum these up.

First, Σx = 2.8 + 3.6 + 4.6 + 6.7. Let's compute that: 2.8 + 3.6 = 6.4; 6.4 + 4.6 = 11; 11 + 6.7 = 17.7. So Σx = 17.7.

Σy = 218 + 205 + 198 + 187. Let's compute: 218 + 205 = 423; 198 + 187 = 385; 423 + 385 = 808. So Σy = 808.

Σxy = 610.4 + 738 + 910.8 + 1252.9. Let's add step by step: 610.4 + 738 = 1348.4; 1348.4 + 910.8 = 2259.2; 2259.2 + 1252.9 = 3512.1. So Σxy = 3512.1.

Σx² = 7.84 + 12.96 + 21.16 + 44.89. Let's add: 7.84 + 12.96 = 20.8; 20.8 + 21.16 = 41.96; 41.96 + 44.89 = 86.85. So Σx² = 86.85.

Σy² = 47524 + 42025 + 39204 + 34969. Let's compute: 47524 + 42025 = 89549; 39204 + 34969 = 74173; 89549 + 74173 = 163722. So Σy² = 163722.

Now, for the covariance. Let's recall the formula for sample covariance (if it's the unbiased estimator) is [nΣxy - (Σx)(Σy)] / (n(n-1)). Wait, no. Wait, the covariance between two variables X and Y is defined as E[(X - μ_X)(Y - μ_Y)], where μ are the means. For a sample, the sample covariance (unbiased) is [Σ(x_i - x̄)(y_i - ȳ)] / (n - 1). Alternatively, it can be written as [nΣxy - (Σx)(Σy)] / [n(n - 1)].

Let's compute the numerator for the covariance. Let's first compute the means.

x̄ = Σx / n = 17.7 / 4 = 4.425

ȳ = Σy / n = 808 / 4 = 202

Then, the covariance (sample) would be [Σ(x_i - x̄)(y_i - ȳ)] / (n - 1)

Let's compute Σ(x_i - x̄)(y_i - ȳ):

For each i:

i=1: (2.8 - 4.425)(218 - 202) = (-1.625)(16) = -26

i=2: (3.6 - 4.425)(205 - 202) = (-0.825)(3) = -2.475

i=3: (4.6 - 4.425)(198 - 202) = (0.175)(-4) = -0.7

i=4: (6.7 - 4.425)(187 - 202) = (2.275)(-15) = -34.125

Now sum these up: -26 + (-2.475) + (-0.7) + (-34.125) = let's compute:

-26 -2.475 = -28.475

-28.475 -0.7 = -29.175

-29.175 -34.125 = -63.3

So Σ(x_i - x̄)(y_i - ȳ) = -63.3

Then, sample covariance (unbiased) is -63.3 / (4 - 1) = -63.3 / 3 = -21.1

But wait, sometimes in basic stats problems, they might use the population covariance, which is Σ(x_i - x̄)(y_i - ȳ) / n, so that would be -63.3 / 4 = -15.825. Hmm.

Wait, let's check the formula for covariance in the context of the problem. The problem says ""covariance"" for the sample. In many introductory stats courses, when they ask for covariance of a sample, they might use the formula with n (population covariance), but in the context of the correlation coefficient, they usually use the sample covariance (divided by n-1) for the standard deviations.

Wait, the coefficient of correlation (Pearson) is calculated as:

r = [nΣxy - (Σx)(Σy)] / sqrt([nΣx² - (Σx)²][nΣy² - (Σy)²])

Let's compute that first, maybe that will help. Let's compute the numerator and denominators.

Numerator: nΣxy - (Σx)(Σy) = 4*3512.1 - (17.7)(808)

Compute 4*3512.1 = 14048.4

(17.7)(808): Let's compute 17*808 = 13736, 0.7*808=565.6, so total 13736 + 565.6 = 14301.6

So numerator = 14048.4 - 14301.6 = -253.2

Denominator: sqrt([nΣx² - (Σx)²][nΣy² - (Σy)²])

First compute nΣx² - (Σx)² = 4*86.85 - (17.7)^2

4*86.85 = 347.4

(17.7)^2 = 313.29 (since 17^2=289, 0.7^2=0.49, 2*17*0.7=23.8; so (17+0.7)^2=289 + 23.8 + 0.49=313.29)

So 347.4 - 313.29 = 34.11

Next, nΣy² - (Σy)^2 = 4*163722 - (808)^2

4*163722 = 654888

808^2: Let's compute 800^2=640000, 8^2=64, 2*800*8=12800, so (800+8)^2=640000 + 12800 + 64=652864

So 654888 - 652864 = 2024

Therefore, denominator = sqrt(34.11 * 2024)

Compute 34.11 * 2024: Let's approximate. 34 * 2024 = 68,816; 0.11*2024=222.64; so total ≈68,816 + 222.64=69,038.64

sqrt(69038.64) ≈ 262.75 (since 262^2=68644, 263^2=69169, so 262.75^2 ≈ (262 + 0.75)^2 = 262² + 2*262*0.75 + 0.75²=68644 + 393 + 0.5625=69037.5625, which is very close to 69038.64. So sqrt(69038.64) ≈262.75)

So r ≈ -253.2 / 262.75 ≈ -0.963

Wait, let's compute more accurately.

First, 34.11 * 2024:

34.11 * 2000 = 68220

34.11 * 24 = 818.64

Total = 68220 + 818.64 = 69038.64

sqrt(69038.64) = let's compute 262.75^2: 262.75 * 262.75

262^2 = 68644

0.75^2 = 0.5625

2*262*0.75 = 393

So (262 + 0.75)^2 = 262² + 2*262*0.75 + 0.75² = 68644 + 393 + 0.5625 = 69037.5625

So 262.75^2 = 69037.5625, which is very close to 69038.64. The difference is 69038.64 - 69037.5625 = 1.0775. So sqrt(69038.64) ≈ 262.75 + (1.0775)/(2*262.75) ≈ 262.75 + 0.00205 ≈ 262.752

So denominator ≈262.752

Numerator is -253.2

So r ≈ -253.2 / 262.752 ≈ -0.963

So the correlation coefficient is approximately -0.963.

Now, back to covariance. Let's see. In the formula for Pearson's r, the numerator is nΣxy - (Σx)(Σy), which is equal to Σ(x_i - x̄)(y_i - ȳ)*n. Wait, no: Σ(x_i - x̄)(y_i - ȳ) = [nΣxy - (Σx)(Σy)] / n. Wait, let's check:

Σ(x_i - x̄)(y_i - ȳ) = Σx_i y_i - n x̄ ȳ = Σx_i y_i - (Σx)(Σy)/n

So nΣ(x_i - x̄)(y_i - ȳ) = nΣx_i y_i - (Σx)(Σy) = numerator of r (times n? Wait, no: the numerator of r is nΣxy - (Σx)(Σy) = n [Σx_i y_i - (Σx)(Σy)/n] = n * Σ(x_i - x̄)(y_i - ȳ)

Yes, so nΣ(x_i - x̄)(y_i - ȳ) = nΣxy - (Σx)(Σy) = -253.2 (from earlier)

Therefore, Σ(x_i - x̄)(y_i - ȳ) = -253.2 / 4 = -63.3, which matches what I calculated earlier.

Now, the covariance can be defined in two ways for a sample:

1. Population covariance (for the entire sample, treating it as a population): Σ(x_i - x̄)(y_i - ȳ) / n = -63.3 / 4 = -15.825

2. Sample covariance (unbiased estimator): Σ(x_i - x̄)(y_i - ȳ) / (n - 1) = -63.3 / 3 = -21.1

The problem says ""covariance for this sample"". In many introductory contexts, especially in problems that don't specify, they might be expecting the population covariance (divided by n) because when they say ""covariance"" without specifying ""sample covariance"", it could be the population one. But in statistics, the term ""sample covariance"" usually refers to the unbiased estimator (divided by n-1). Hmm.

Wait, let's check with the correlation coefficient. The Pearson correlation coefficient is calculated using the sample covariance (divided by n-1) divided by the product of the sample standard deviations (each divided by n-1). Wait, no: actually, the Pearson correlation coefficient is defined as:

r = [Σ(x_i - x̄)(y_i - ȳ)] / [sqrt(Σ(x_i - x̄)^2) * sqrt(Σ(y_i - ȳ)^2)]

Which is the same as [nΣxy - (Σx)(Σy)] / sqrt([nΣx² - (Σx)^2][nΣy² - (Σy)^2])

So in this formula, the numerator is nΣxy - (Σx)(Σy), and the denominators are sqrt(nΣx² - (Σx)^2) * sqrt(nΣy² - (Σy)^2). So this is the formula that's used in many textbooks for the sample correlation coefficient. Therefore, the covariance here (in the context of the problem) might be the one that's used in this formula, but actually, covariance is usually defined as E[(X - μ)(Y - ν)], so for a sample, it's Σ(x_i - x̄)(y_i - ȳ)/n (population covariance) or / (n-1) (sample covariance).

But the problem says ""Find the covariance and coefficient of correlation for this sample."" Let's see what the problem expects. Let's compute both possibilities and see.

First, let's compute the sample covariance as per the formula that's used in the correlation coefficient. Wait, no. Let's check with the numbers.

If we use the population covariance (divided by n), it's -15.825. If we use sample covariance (divided by n-1), it's -21.1.

Let me check with an example. Suppose we have two data points: (1,2), (2,3). Then Σx=3, Σy=5, n=2.

Population covariance: [ (1-1.5)(2-2.5) + (2-1.5)(3-2.5) ] / 2 = [ (-0.5)(-0.5) + (0.5)(0.5) ] / 2 = (0.25 + 0.25)/2 = 0.5/2 = 0.25

Sample covariance (unbiased): 0.5 / (2-1) = 0.5

In this case, the correlation coefficient would be [2*(1*2 + 2*3) - 3*5] / sqrt([2*(1 + 4) - 9][2*(4 + 9) - 25]) = [2*(2 + 6) - 15] / sqrt([10 - 9][26 - 25]) = (16 - 15)/sqrt(1*1) = 1/1 = 1. Which is correct.

So in that case, the correlation coefficient is calculated using the formula that gives r=1, which is correct.

Back to our problem. Let's see what the problem expects. Since it's a sample of four, and they ask for covariance and correlation, probably they want the sample covariance (divided by n-1) and the correlation coefficient as calculated by the standard formula (which is the same as using the population standard deviations? Wait, no. Wait, in the formula for r, the denominator is sqrt([nΣx² - (Σx)^2][nΣy² - (Σy)^2]), which is equal to sqrt( (n-1)s_x² * (n-1)s_y² ) where s_x and s_y are sample standard deviations (divided by n-1). Wait, no: the sample variance is [nΣx² - (Σx)^2]/(n-1), so nΣx² - (Σx)^2 = (n-1)s_x². Therefore, the denominator is sqrt( (n-1)s_x² * (n-1)s_y² ) = (n-1)s_x s_y. The numerator is nΣxy - (Σx)(Σy) = (n-1) * [Σ(x_i - x̄)(y_i - ȳ)] (wait, no: Σ(x_i - x̄)(y_i - ȳ) = [nΣxy - (Σx)(Σy)] / n. So nΣxy - (Σx)(Σy) = n * Σ(x_i - x̄)(y_i - ȳ). Then, the numerator of r is n * Σ(x_i - x̄)(y_i - ȳ), and the denominator is (n-1)s_x s_y, since s_x = sqrt( [nΣx² - (Σx)^2]/(n-1) ) = sqrt( (n-1)s_x² )? Wait, maybe it's better to just compute as per the formula.

In the problem, since they just say ""covariance"" and ""coefficient of correlation"", and given that in many basic stats problems, especially in high school or early college, when they ask for covariance for a sample, they might use the formula with n (population covariance), but let's check the numbers.

Wait, let's compute the covariance as per the problem's possible expectation. Let's see.

First, let's compute the covariance using the formula: [Σ(x_i - x̄)(y_i - ȳ)] / n. That's population covariance.

We have Σ(x_i - x̄)(y_i - ȳ) = -63.3, so population covariance is -63.3 / 4 = -15.825.

Sample covariance (unbiased) is -63.3 / 3 = -21.1.

Now, the correlation coefficient we calculated as approximately -0.963. Let's compute it more precisely.

Numerator: nΣxy - (Σx)(Σy) = 4*3512.1 - 17.7*808 = 14048.4 - (17.7*808)

Compute 17.7*808:

17*808 = 13736

0.7*808 = 565.6

Total: 13736 + 565.6 = 14301.6

So numerator = 14048.4 - 14301.6 = -253.2

Denominator: sqrt( [4*86.85 - (17.7)^2] * [4*163722 - (808)^2] )

We have 4*86.85 = 347.4; (17.7)^2 = 313.29; so 347.4 - 313.29 = 34.11

4*163722 = 654888; (808)^2 = 652864; so 654888 - 652864 = 2024

So denominator = sqrt(34.11 * 2024) = sqrt(69038.64) ≈ 262.752 (as before)

Thus, r = -253.2 / 262.752 ≈ -0.963 (rounded to three decimal places)

Now, the problem says ""Covariance=[ANS]"". Let's see what's standard in such problems. For example, in the textbook ""Statistics: The Art and Science of Learning from Data"" by Agresti and Franklin, they define the sample covariance as [Σ(x_i - x̄)(y_i - ȳ)] / (n - 1). So for a sample, the covariance is usually the unbiased estimator (divided by n-1).

Let's check with the numbers. If we take the sample covariance as -21.1, and the correlation coefficient as -0.963, does that make sense?

Yes, because the correlation coefficient is a normalized measure of covariance. The sample covariance is -21.1, and the standard deviations (sample) would be:

s_x = sqrt( [nΣx² - (Σx)^2]/(n - 1) ) = sqrt(34.11 / 3) = sqrt(11.37) ≈ 3.372

s_y = sqrt( [nΣy² - (Σy)^2]/(n - 1) ) = sqrt(2024 / 3) ≈ sqrt(674.666) ≈ 25.97

Then, covariance (sample) / (s_x s_y) = -21.1 / (3.372 * 25.97) ≈ -21.1 / 87.5 ≈ -0.241, which is not matching the correlation coefficient we calculated. Wait, that can't be right. Wait, no, I think I messed up.

Wait, no. The Pearson correlation coefficient is defined as:

r = [nΣxy - (Σx)(Σy)] / sqrt([nΣx² - (Σx)^2][nΣy² - (Σy)^2])

Which is equal to [Σ(x_i - x̄)(y_i - ȳ)] / sqrt( [Σ(x_i - x̄)^2][Σ(y_i - ȳ)^2] )

Because:

nΣxy - (Σx)(Σy) = nΣx_i y_i - (Σx)(Σy) = nΣ(x_i - x̄)(y_i - ȳ) + n x̄ ȳ - (Σx)(Σy) = nΣ(x_i - x̄)(y_i - ȳ) (since Σx = n x̄, Σy = n ȳ, so (Σx)(Σy) = n² x̄ ȳ, so nΣxy - (Σx)(Σy) = nΣx_i y_i - n² x̄ ȳ = n(Σx_i y_i - n x̄ ȳ) = n Σ(x_i - x̄)(y_i - ȳ) )

Wait, let's verify:

Σ(x_i - x̄)(y_i - ȳ) = Σx_i y_i - n x̄ ȳ

So n Σ(x_i - x̄)(y_i - ȳ) = n Σx_i y_i - n² x̄ ȳ = n Σx_i y_i - (Σx)(Σy) (since Σx = n x̄, Σy = n ȳ, so (Σx)(Σy) = n² x̄ ȳ)

Therefore, numerator of r is n Σ(x_i - x̄)(y_i - ȳ)

Denominator of r is sqrt( [n Σ(x_i - x̄)^2] [n Σ(y_i - ȳ)^2] ) / n? Wait, no.

Wait, Σ(x_i - x̄)^2 = (n Σx² - (Σx)^2)/n

Similarly, Σ(y_i - ȳ)^2 = (n Σy² - (Σy)^2)/n

Therefore, sqrt( [n Σx² - (Σx)^2][n Σy² - (Σy)^2] ) = sqrt( n² Σ(x_i - x̄)^2 * n² Σ(y_i - ȳ)^2 )? Wait, no.

Wait, [n Σx² - (Σx)^2] = n Σ(x_i - x̄)^2

Yes, because Σ(x_i - x̄)^2 = Σx_i² - n x̄² = (Σx_i²) - (Σx_i)² / n

Therefore, n Σ(x_i - x̄)^2 = n Σx_i² - (Σx_i)^2

So the denominator of r is sqrt( [n Σ(x_i - x̄)^2] [n Σ(y_i - ȳ)^2] )

Therefore, r = [n Σ(x_i - x̄)(y_i - ȳ)] / sqrt( [n Σ(x_i - x̄)^2] [n Σ(y_i - ȳ)^2] )

Which can be written as [Σ(x_i - x̄)(y_i - ȳ)] / sqrt( [Σ(x_i - x̄)^2] [Σ(y_i - ȳ)^2] )

So the correlation coefficient is the covariance (divided by n) divided by the product of the standard deviations (divided by n), but normalized.

In any case, for the problem, they probably want the covariance as the sample covariance (divided by n-1) and the correlation coefficient as calculated by the standard formula.

Let's see what the problem says: ""Find the covariance and coefficient of correlation for this sample.""

In many introductory stats problems, when they ask for covariance of a sample, they use the formula with n (population covariance). For example, in some textbooks, the covariance for a sample is defined as (1/n)Σ(x_i - x̄)(y_i - ȳ). Let's check with the numbers.

If we take covariance as -15.825, and correlation as -0.963, that seems plausible.

Wait, let's compute the correlation coefficient more precisely.

Numerator: -253.2

Denominator: sqrt(34.11 * 2024) = sqrt(69038.64) = 262.752 (as before)

So r = -253.2 / 262.752 ≈ -0.963

So the correlation coefficient is approximately -0.963.

Now, for the covariance: let's see. If the problem is from a source that uses population covariance (divided by n), then it's -15.825. If it's sample covariance (divided by n-1), it's -21.1.

Let me check with an example. Suppose we have a sample of two points: (1,2), (2,3). Then:

Σx = 3, Σy = 5, n=2

Σxy = 1*2 + 2*3 = 2 + 6 = 8

Σx² = 1 + 4 = 5

Σy² = 4 + 9 = 13

Covariance (population): [nΣxy - (Σx)(Σy)] / n = (2*8 - 3*5)/2 = (16 - 15)/2 = 0.5/2 = 0.25

Covariance (sample): 0.5 / (2 - 1) = 0.5

Correlation coefficient: (2*8 - 3*5)/sqrt( (2*5 - 9)(2*13 - 25) ) = (16 - 15)/sqrt( (10 - 9)(26 - 25) ) = 1 / sqrt(1*1) = 1.0

So in this case, the correlation coefficient is 1.0, which is correct.

If the problem had asked for covariance, in this example, which one would they expect? If it's a sample of two, the sample covariance (unbiased) is 0.5, but sometimes people might refer to the population covariance as 0.25.

But in the problem statement, it's a sample of four, so likely they want the sample covariance (unbiased), which is divided by n-1.

Wait, but in the problem statement, they say ""covariance"" without specifying. Let's see what the answer is likely to be.

Let me compute the two possibilities:

Covariance (population): -15.825

Covariance (sample): -21.1

Correlation: -0.963

Let's see if these numbers make sense. The correlation is very close to -1, which makes sense because as hours exercising increase, cholesterol decreases, so a strong negative correlation.

The covariance should be negative, which both are.

Let me check with another approach. Let's compute the covariance using the formula:

Cov(x, y) = (Σxy - (ΣxΣy)/n) / (n - 1) for sample covariance.

Wait, Σxy = 3512.1

(ΣxΣy)/n = (17.7 * 808)/4 = (14301.6)/4 = 3575.4

So Σxy - (ΣxΣy)/n = 3512.1 - 3575.4 = -63.3

Then, sample covariance = -63.3 / (4 - 1) = -21.1

Yes, that's the sample covariance (unbiased).

Population covariance = -63.3 / 4 = -15.825

In many statistical contexts, when you talk about the covariance of a sample, it's the unbiased estimator (divided by n-1). For example, in R, the cov() function for a sample matrix returns the sample covariance (divided by n-1).

Given that this is a problem likely from a statistics course, they probably expect the sample covariance (divided by n-1), so -21.1, and the correlation coefficient as -0.963.

Let me confirm with the numbers.

The problem says ""covariance"" for the sample. In the context of the problem, since it's a sample (not a population), the covariance should be the sample covariance (unbiased), so divided by n-1.

So covariance = -21.1

Correlation coefficient ≈ -0.963

Let's compute the correlation coefficient more precisely.

Numerator: -253.2

Denominator: sqrt(34.11 * 2024) = sqrt(69038.64)

Let's compute sqrt(69038.64):

262^2 = 68644

263^2 = 69169

69038.64 - 68644 = 394.64

The difference between 262^2 and 263^2 is 69169 - 68644 = 525

So 394.64 / 525 ≈ 0.751

So sqrt(69038.64) ≈ 262 + 0.751 = 262.751

Thus, r = -253.2 / 262.751 ≈ -0.963

So approximately -0.963.

Let me check if the problem expects rounding to two decimal places or three. The given data has one decimal place for x (2.8, 3.6, etc.) and two for y (218, 205, etc.). The covariance is probably to one decimal place, and correlation to three.

The problem says ""Find the covariance and coefficient of correlation"". Let's see.

In the calculation, the covariance (sample) is -63.3 / 3 = -21.1 exactly (since 63.3 / 3 = 21.1). So covariance is -21.1.

The correlation coefficient is approximately -0.963.

Let me verify with exact fractions.

Numerator: -253.2

Denominator: sqrt(34.11 * 2024) = sqrt(34.11 * 2024)

34.11 * 2024 = 34.11 * 2000 + 34.11 * 24 = 68220 + 818.64 = 69038.64

sqrt(69038.64) = 262.75 (as 262.75^2 = 69037.5625, which is very close, so 262.75 is a good approximation)

So -253.2 / 262.75 ≈ -0.963

Yes.

So the answers are:

Covariance = -21.1

Coefficient of Correlation ≈ -0.963

I think the problem expects these values. Let's check if there's any chance they want population covariance. If it's population covariance, it's -15.825, but in most sample contexts, it's the unbiased one.

For example, in the AP Statistics exam, the covariance for a sample is calculated with n-1.

Given that, I think the answer is covariance = -21.1 and correlation = -0.963.

Let me confirm with the initial calculation of Σ(x_i - x̄)(y_i - ȳ) = -63.3. Divided by 3 (n-1) is -21.1. That's exact.

Yes, 63.3 / 3 = 21.1, so covariance is -21.1.

Correlation coefficient is -253.2 / 262.75 ≈ -0.963.

So the answers are -21.1 and -0.963.

The problem says ""Covariance=[ANS]"" and ""Coefficient of Correlation=[ANS]"". So we need to write these two numbers.

I think that's it.
</think>

[ANS]

\boxed{-21.1, -0.963}"
488,"This is a complex or challenging question, and it is difficult to provide a direct and correct answer. I need to think about it.
Well, so the problem is about Linetown with 2025 lines, no two parallel, no three concurrent. That means the number of intersection points (houses) is C(2025, 2), right? But wait, the problem says ""one house for each pairwise intersection,"" so yeah, that's the number of vertices in the planar graph formed by the lines? Wait, no, actually, when you have lines in the plane with no two parallel and no three concurrent, the arrangement is a planar graph where the vertices are the intersection points, the edges are the segments between intersections on each line, and the faces are the regions bounded by the lines.

But maybe I don't need to get into planar graphs yet. Turbo wants to assign a direction to each road (each line is a road, so each road is a straight line? Wait, no, wait: ""the 2025 lines are used as roads by the townsfolk."" Wait, hold on! Wait, the problem says: ""There is one house in Linetown for each pairwise intersection of two lines."" So the houses are the intersection points, and the roads are the lines themselves? Wait, but a line is infinite, but in the context of the town, maybe each road is the entire line? But then cycling back would be a cycle on the line? Wait, no, the problem says: ""start at a house, follow the roads in the correct directions, and end up back at the original house."" A house is an intersection point, so a cycle would have to be a sequence of houses connected by roads (directions) that form a cycle.

Wait, maybe I need to model this as a directed graph where the vertices are the houses (intersection points), and the edges are the directed segments of the lines between houses? Wait, that might make more sense, because a single line with multiple intersection points would have several segments between consecutive intersections, each segment being a ""road"" between two houses? Wait, hold on! Wait, the problem says: ""the 2025 lines are used as roads by the townsfolk."" Hmm, this is a bit ambiguous. Let's read again carefully.

""Having won the elections in Linetown, Turbo the Snail has become mayor, and one of the most pressing issues he needs to work on is the road network. Linetown can be represented as a configuration of 2025 lines in the plane, of which no two are parallel and no three are concurrent.

There is one house in Linetown for each pairwise intersection of two lines. The 2025 lines are used as roads by the townsfolk.""

Oh! Wait a second! In graph theory terms, when you have an arrangement of lines in the plane with no two parallel, no three concurrent, the graph formed by the arrangement has:

- Vertices: all intersection points, so C(n, 2) where n=2025 lines.

- Edges: each line is divided into (n - 1) segments by the n - 1 intersection points on it, so total edges = n(n - 1).

- Faces: by Euler's formula, V - E + F = 2 (for the plane), so F = E - V + 2 = n(n - 1) - n(n - 1)/2 + 2 = n(n - 1)/2 + 2, which makes sense.

But the problem says: ""the 2025 lines are used as roads"". Wait, but a line is infinite, so maybe in the context of the town, each ""road"" is the entire line? But then, if you have a road as an infinite line, how do you cycle back? A cycle on an infinite line would have to go from a house, along the line in one direction, but since it's infinite, you can't cycle back to the start unless you turn around, but the roads are one-way. Wait, no, the problem says ""follow the roads in the correct directions"", so each road is a directed edge, but if the road is the entire line, then a cycle would have to be a closed loop of directed roads, but a single line can't form a cycle because it's straight.

Wait, maybe the key is: when they say ""the roads in Linetown used to be two-way"", so each road (line) was two-way, meaning you could go both directions along the line, but now Turbo wants to make each road one-way (so each line is a one-way road), but then a ""cycle"" would be a sequence of houses where you start at a house, go along a road (line) in the one-way direction to another house, then from that house, go along another road (another line) in its one-way direction to a third house, etc., until you get back to the start.

Ah! That makes more sense. So each ""road"" is a line (the entire line), but when you are at a house (intersection point), you can travel along the line in the direction that the road is directed. Wait, but a line has two directions, but the road is one-way, so each line is assigned a direction (say, left to right or right to left), so each line is a directed line, meaning you can only go in that direction along the line.

But then, how do you get from one house to another? A house is the intersection of two lines, so at a house, there are two roads (lines) passing through it, each with a direction. So to leave a house, you have to choose one of the two lines (roads) to follow in the direction of the road.

Wait, now I'm confused about the graph structure. Let's think of the standard arrangement graph. In an arrangement of n lines, no two parallel, no three concurrent, the graph is a planar graph where:

- Each vertex is an intersection point (C(n,2) vertices)

- Each edge is a maximal segment between two intersection points on a line (so each line has n-1 edges, total n(n-1) edges)

- Each face is a convex polygon (since no three lines concurrent, all faces are triangles? Wait, no: with n lines, the number of bounded faces is C(n,2) - n + 2? Wait, maybe not important.

But the problem says: ""the 2025 lines are used as roads"". Maybe in the problem's context, ""road"" refers to the entire line, but when you're at a house (intersection), you can traverse the line in the direction of the road's one-way. So if a line is directed, say from left to right, then from any house on that line, you can only go to the house further to the right along the line? Wait, but houses are intersections, so each line has n-1 houses on it (since it intersects each of the other n-1 lines at a distinct house).

Wait, here's a crucial point: the problem states that Turbo wants to make it impossible for any resident to start at a house, follow the roads in the correct directions, and end up back at the original house. So this is about directed cycles in the graph where vertices are houses (intersection points), and there is a directed edge from house A to house B if there is a road (line) such that B is reachable from A along that road in the direction of the road.

But for a single line with k houses on it (k = n - 1, where n=2025), if the line is directed, say from left to right, then the houses on that line are ordered from left to right, and the directed edges on that line would be from each house to the next house to the right on the line. Wait, that's probably it! Because if you have a line with multiple houses (intersections with other lines), they divide the line into segments, each segment between two consecutive houses is a ""road segment"", but the problem says ""the 2025 lines are used as roads"". Wait, no, maybe the problem is using ""road"" to mean the entire line, but in terms of movement, you can only move along the line in one direction, so the ""cycle"" has to be a sequence of moves where each move is along a line in its direction, but to get from one house to another, you have to go through the segments.

Wait, let's check small cases to get intuition. Let's take n=2 lines first (even though the problem has n=2025, but small n might help).

n=2 lines: no two parallel, so they intersect at 1 house (C(2,2)=1 house). There are 2 lines (roads). The problem says ""it is impossible for any resident to start at a house... end up back at the original house"". With 1 house, can you cycle? To cycle, you need to go from house to house and back, but there's only one house. If the roads are one-way, each road is a line, but with one house, each line has the house as its only intersection, so from the house, following a road (line) would... where? The line is infinite, so maybe in the graph model, for n=2, there are 2 edges? Wait, no, for n=2 lines, the arrangement has 1 vertex (the intersection), 2 edges (the two rays from the intersection along each line), and 2 faces (the two ""infinite"" regions).

But maybe for the problem, we need to model the graph where the vertices are the intersection points (houses), and for each line, the intersection points on that line form a linear order (since no three concurrent, the intersections on a line are distinct and ordered), and the directed edges on that line are the directed segments between consecutive intersections. That is, for each line, which has m = n - 1 intersection points (since it intersects each of the other n - 1 lines), there are m - 1 directed edges along the line between consecutive houses.

Wait, that seems like a standard arrangement graph. Let's confirm with n=3 lines: 3 lines, no two parallel, no three concurrent, forming a triangle (the bounded face) and 6 unbounded faces. Vertices: C(3,2)=3 houses (the triangle vertices). Edges: each line has 2 intersection points, so 2 segments per line, total 6 edges. Faces: 6? Wait, Euler's formula: V=3, E=6, so F=E-V+2=5? Wait, no, for n lines in general position (no two parallel, no three concurrent), the number of regions is C(n,2) + n + 1. For n=3, that's 3 + 3 + 1=7 regions? Wait, maybe I messed up Euler's formula for the plane.

Yes, Euler's formula for connected planar graphs embedded in the plane is V - E + F = 2, where F includes the outer face. For an arrangement of n lines in general position (no two parallel, no three concurrent):

- Each line is intersected by n - 1 others, so has n - 1 vertices on it, hence n - 1 edges per line, so total edges E = n(n - 1)

- Vertices V = C(n, 2), since each pair of lines intersects at a unique vertex

- Then F = E - V + 2 = n(n - 1) - n(n - 1)/2 + 2 = n(n - 1)/2 + 2

For n=3: V=3, E=3*2=6, F=6 - 3 + 2=5. Wait, but three lines in general position form a triangle (1 bounded face) and 4 unbounded faces? Wait, no, three lines make 6 regions? Wait, no, let's draw mentally: three lines, each pair intersects, forming a triangle in the middle. Then from each vertex of the triangle, there are two rays going out, so total regions: the inner triangle, and then three ""corner"" regions each bounded by two rays and a segment, and three ""outer"" regions each bounded by a ray and two segments? Wait, maybe better to accept Euler's formula gives F=5 for n=3, so 5 faces.

But maybe we don't need the faces. Let's get back to the problem's requirement: no directed cycles (in the graph where vertices are houses, and edges are directed segments of the lines between houses).

Wait, the problem says: ""it is impossible for any resident to start at a house, follow the roads in the correct directions, and end up back at the original house"". So a cycle must be a closed walk where each step is along a road (i.e., along a line segment between two houses) in the direction of the road's one-way.

So if we model the graph as follows:

- Vertices: all intersection points (houses), so V = C(n, 2) where n=2025.

- Edges: for each line, which has k = n - 1 intersection points on it (since it intersects each of the other n - 1 lines), these k points are ordered along the line (say, from left to right), and between each pair of consecutive points on the line, there is an edge (a road segment) that is part of the line road. Since the line is a road that Turbo makes one-way, he chooses a direction for the entire line, which determines the direction of all its edges: if the line is directed from left to right, then each edge on the line is directed from left to right (i.e., from the earlier intersection to the later intersection on the line).

Ah! This is probably the key. For each line, which is a road, Turbo assigns a direction to the entire line, which then induces a direction on each of the (n - 1) segments between consecutive intersection points on that line. Wait, but actually, if the line is a straight line, and you have multiple points on it, the direction of the line (as a whole) determines the direction of all the segments between consecutive points. So for example, if you have points A, B, C on a line in that order, and the line is directed from A to C, then the segments are directed A→B and B→C.

Therefore, the entire graph is built as follows: for each line, we have a path graph (since the points are linearly ordered) on its n - 1 vertices (intersection points), and we choose an orientation for each path (i.e., a direction for the whole line, which orients the path from one end to the other).

Wait, but in graph theory terms, when you have a path with m vertices, there are m - 1 edges, and choosing an orientation for the path means choosing a direction for each edge, but actually, for a straight line with points in order, the orientation of the line determines the orientation of all edges on that line: you can't have a path that's a cycle, so the edges on a single line form a linear chain (a path), not a cycle, so when you orient the entire line, you're orienting the path in one direction (from the leftmost intersection to the rightmost, or vice versa).

Yes! That makes sense. So for each line, which contains n - 1 houses (intersection points) lying on it in a linear order (since no three lines concurrent, the intersections on a line are distinct and ordered), Turbo chooses a direction for that line (left to right or right to left), which corresponds to orienting the path of houses on that line from one end to the other.

Now, the problem says: ""it is impossible for any resident to start at a house, follow the roads in the correct directions, and end up back at the original house"". So we need the directed graph (where vertices are houses, edges are oriented segments on the lines) to be acyclic.

Wait, but hold on: is the graph we're talking about the entire graph of the arrangement? Let's check if this graph can have cycles.

Take n=3 lines: 3 houses (the triangle vertices), each line has 2 houses, so each line corresponds to a path of 2 vertices (an edge). So the graph has 3 edges (one for each line), 3 vertices, forming a triangle! Wait, in the arrangement of 3 lines, the three lines form a triangle (the bounded face), so the three intersection points are connected by three edges, each edge being the segment between two intersections on a line. So yes, for n=3, the graph is a triangle (3-cycle).

Now, Turbo wants to orient each edge (each line's segment) such that there are no directed cycles. But for n=3, the graph is a triangle (undirected), so how many acyclic orientations? Wait, for a triangle, the number of acyclic orientations is 2: you can orient it as a directed cycle (which is cyclic) or as a ""transitive"" tournament (which is acyclic). Wait, no: for a triangle (3 vertices, 3 edges), the number of acyclic orientations is 3! / 2? Wait, no, standard result: the number of acyclic orientations of a graph is equal to (-1)^k times the chromatic polynomial evaluated at -1, but for a triangle, chromatic polynomial is (x-1)x(x-2), so at x=-1: (-2)(-1)(-3) = -6, so absolute value 6? Wait, no, maybe better to count.

For 3 vertices A,B,C with edges AB, BC, CA (triangle). To orient without cycles:

- Pick a starting vertex, say A, orient A→B. Then from B, can't go to A (already oriented A→B), so must orient B→C (otherwise if B→A, then A→B and B→A is a cycle, but wait, no: if we have A→B and B→A, that's a 2-cycle, which is cyclic. Wait, for the triangle, if we have a cycle of length 3, that's a directed cycle. So acyclic orientations of a triangle: total orientations 2^3=8. Cyclic orientations: the two directed cycles (clockwise and counterclockwise), so 8 - 2 = 6 acyclic orientations? Wait, no, actually, a directed graph is acyclic iff it has a topological ordering. For a triangle, the number of topological orderings is 3! = 6, each corresponding to an acyclic orientation (since for a given ordering A < B < C, orient all edges from lower to higher). Yes! That's right. For a complete graph on m vertices, the number of acyclic orientations is m! (the number of linear orderings, each giving a transitive tournament). Wait, but a triangle is K3, so yes, 3! = 6 acyclic orientations.

But wait, in our n=3 case, the graph is K3? Wait, no! In the arrangement of 3 lines, each pair of lines intersects at a vertex, so the graph has vertices as the 3 intersections, and each edge is the segment between two intersections on a line. So for line 1: intersects line 2 at A, line 3 at B; line 2: intersects line 1 at A, line 3 at C; line 3: intersects line 1 at B, line 2 at C. So the graph is A-B (on line 1), A-C (on line 2), B-C (on line 3). Wait, that's a triangle! Yes, so it's K3. So for n=3, the graph is a triangle, and we need acyclic orientations, which are 6.

But wait, hold on, the problem says ""the 2025 lines are used as roads"". In the n=3 case, there are 3 lines, each line has 2 segments (wait, no: for a line with 2 intersection points, it's divided into 2 segments? Wait, no! A line with k intersection points is divided into k + 1 segments (rays and segments). But in the arrangement graph, the ""edges"" we care about for the cycle condition are the segments between houses (intersections), because to move from one house to another, you have to traverse a segment between them (since houses are the intersections, the roads are the lines, but you can't go from one house to another without going through the segments between them).

Wait, maybe the problem is using ""road"" to mean the entire line, but the ""cycling"" is about the entire line? But a single line can't cycle because it's straight. The problem says ""start at a house, follow the roads in the correct directions, and end up back at the original house"". So you start at a house (a point), then follow a road (a line) in the direction it's oriented, which takes you to another house (since the line has other houses on it), then from that house, follow another road (another line) in its direction to a third house, etc., until you get back to the start.

Ah! This is critical. So each ""step"" is moving from one house to another house along a road (line) in the direction of the road's one-way. So at a house, which is the intersection of two lines (since it's a pairwise intersection), there are two roads (lines) passing through it, each with a direction. So from a house, you can choose to go along one of the two lines in the direction of that line's orientation, which will take you to the next house along that line in the direction of the road.

For example, take a house H, which is the intersection of line L1 and line L2. On line L1, there are other houses (intersections with other lines), so along L1 from H, there is a next house H1 in one direction and a previous house H2 in the other direction (since the line is straight, no three concurrent, so the houses on L1 are ordered linearly). Similarly, on L2 from H, there's a next house H3 and a previous house H4.

If Turbo has oriented line L1 from H2 to H1 (so direction is towards H1 from H), and oriented line L2 from H4 to H3 (direction towards H3 from H), then from H, you can go to H1 along L1 or to H3 along L2.

Therefore, the graph we need to consider is a directed graph where:

- Vertices: all pairwise intersections (houses), so V = C(n, 2), n=2025.

- For each vertex H (intersection of L_i and L_j), there are two incident ""lines"" (L_i and L_j), each of which has a direction (chosen by Turbo for each line).

- For each line L_k, which has m = n - 1 vertices (intersections with other lines), the vertices on L_k are ordered along L_k (say, v_1, v_2, ..., v_m), and Turbo chooses a direction for L_k, which is either v_1 → v_2 → ... → v_m or v_m → ... → v_2 → v_1.

- Therefore, for each line L_k, the directed edges are a path from one end to the other on the line (i.e., a directed path of length m - 1 on the m vertices of L_k).

- The entire directed graph is the union of these directed paths, one for each line.

Now, the problem states: ""it is impossible for any resident to start at a house, follow the roads in the correct directions, and end up back at the original house"". So this means the directed graph has no directed cycles.

So we need to count the number of ways to orient each line (i.e., choose the direction for each line's path) such that the resulting directed graph has no cycles.

Okay, so now the problem reduces to: given n lines in general position (no two parallel, no three concurrent), forming a graph where each line corresponds to a path on its n - 1 vertices (the intersections on the line), what is the number of acyclic orientations of this graph?

First, let's figure out what the graph looks like. For n lines in general position, the arrangement graph is a planar graph where each face is a polygon (since no three lines concurrent, each face is a convex polygon with at least 3 edges), but actually, for the purpose of acyclic orientations, maybe we can find a structure.

Wait, another approach: in such an arrangement, the graph is a 2-tree? Wait, no, for n=2: 1 vertex, 2 edges? Wait, n=2 lines: 1 intersection (vertex), each line has 1 vertex, so each line has 0 edges? Wait, maybe n=1 is trivial, n=2: 2 lines, 1 vertex, no edges? But then no cycles, so 2 ways (orient each line, but with 1 vertex, what's the direction? Maybe n=2 is too small).

Wait, let's take n=3 again carefully:

- 3 lines: L1, L2, L3.

- Intersections: H12 = L1∩L2, H13 = L1∩L3, H23 = L2∩L3.

- On L1: vertices H12, H13 (ordered, say, from left to right as H12, H13).

- On L2: vertices H12, H23 (ordered as H12, H23).

- On L3: vertices H13, H23 (ordered as H13, H23).

- So the graph has edges:

  - L1 oriented left to right: H12 → H13

  - L2 oriented left to right: H12 → H23

  - L3 oriented left to right: H13 → H23

  Now, is there a cycle? Let's see: H12 → H13 → H23, but from H23, can we go back to H12? No, because L2 is oriented H12→H23, so H23 has no outgoing edge to H12 (the other direction is forbidden by the orientation). Similarly, L3 is H13→H23, so H23 has no outgoing edge to H13. So this is a DAG (no cycles).

  What if L3 is oriented right to left: H23 → H13?

  Then edges: H12→H13, H12→H23, H23→H13.

  Now, is there a cycle? H12→H13→H23→H13? No, that's not a cycle. Wait, H12→H13 and H23→H13, but no path from H13 to H12 or H23? Wait, H13 has outgoing edges? On L1, it's oriented H12→H13, so H13 has no outgoing edge on L1 (the direction is from H12 to H13, so H13 is the end of L1's path). On L3, it's oriented H23→H13, so H13 is the end of L3's path. So H13 has no outgoing edges. H23: on L2, oriented H12→H23, so H23 is the end of L2's path; on L3, oriented H23→H13, so H23 has an outgoing edge to H13. So H23 → H13, H12 → H13, H12 → H23. So the graph has edges: H12→H13, H12→H23, H23→H13. This is a DAG (no cycles).

  Wait, but earlier I thought it was a triangle, but actually, in the undirected graph, the three edges form a triangle, but when we orient each edge (each line's segment), we get a directed graph where each edge is directed along the line's orientation.

  Wait, for n=3, each line has 2 vertices, so each line corresponds to 1 edge (since 2 vertices have 1 segment between them). So the undirected graph has 3 edges (a triangle), and we need to orient each edge such that the directed graph has no cycles.

  How many acyclic orientations of a triangle? As I thought before, for a triangle (3-cycle), the number of acyclic orientations is 3! = 6? Wait, no: total orientations 8, cyclic orientations are the two directed cycles (clockwise and counterclockwise), so 8 - 2 = 6 acyclic orientations. Let's list them for triangle A-B-C-A (edges AB, BC, CA).

  Acyclic orientations must have a topological order, so pick an order of the vertices, say A < B < C, then orient AB from A to B, BC from B to C, CA from C to A? Wait, no! If A < B < C, then we orient all edges from lower to higher, so AB: A→B, BC: B→C, CA: C→A? Wait, no, in a topological order, all edges go from earlier to later, so CA would have to be from C to A? But that's backwards. Wait, no, topological order for a DAG is an ordering where all edges go from earlier to later in the order. So for a transitive tournament on 3 vertices, it's a DAG with edges A→B, A→C, B→C (which is acyclic), or A→B, C→B, A→C, etc. Wait, the number of transitive tournaments on m vertices is m! (each permutation gives a transitive tournament), and for m=3, that's 6, which are all the acyclic orientations (since any acyclic orientation of a complete graph is transitive, i.e., has a topological order).

  But in our n=3 case, the undirected graph is a triangle (K3), so yes, 6 acyclic orientations. But wait, in the problem, for each line, we choose a direction for the entire line, which corresponds to choosing an orientation for the path on that line. For n=3, each line has a path of 2 vertices (1 edge), so choosing the direction of the line is equivalent to choosing the orientation of that edge. So yes, for n=3, number of acyclic orientations is 6.

  Wait, but let's check n=2 to see if the pattern holds. n=2 lines: 1 intersection (house), 2 lines. Each line has 1 house (since it intersects the other line at 1 house), so each line has 0 edges (a single vertex has no segments between houses). So the directed graph has 1 vertex and 0 edges, which is trivially acyclic. How many ways? For each line, we choose a direction, but since there are no edges, does the direction matter? Wait, the problem says ""make each of the 2025 roads one-way"", so for a road (line), making it one-way just specifies the direction, but if there are no houses on the line except the intersection, then maybe the direction doesn't affect the graph (since you can't move along the line from a house to another house). Wait, but for n=2, there's only 1 house, so you can't cycle (need to go from house to house and back), so all orientations are allowed. There are 2^2 = 4 ways? But maybe n=2 is too small.

  Wait, let's try n=1: trivial, 1 line, 0 houses, but n=2025 is large, so maybe n≥3.

  Another idea: in an arrangement of n lines in general position, the graph formed by the intersection points and the segments between them is a planar graph that is a ""linear forest""? No, it's connected (for n≥2) and has cycles.

  Wait, here's a key insight from combinatorics: for a graph that is a ""cactus"" or has a specific structure, but maybe this arrangement graph is a ""2-tree""? Wait, no, a 2-tree has triangles sharing edges, but our graph has faces that are triangles for n≥3.

  Wait, let's think about the dual problem or use induction. Suppose we have n lines, and we add the nth line to n-1 lines in general position.

  When we add the nth line to n-1 lines, it intersects each of the existing n-1 lines at a distinct point (since no two parallel, no three concurrent), so it adds n-1 new vertices (houses) and n-1 new edges (one for each segment between consecutive intersections on the new line).

  But how does this affect the acyclic orientations?

  Alternatively, let's consider the entire graph's structure. In the arrangement graph of n lines in general position, every edge is part of exactly one line (since each segment is on a unique line), and each vertex has degree 4? Wait, no: at a vertex (intersection of two lines), each line has two directions (in/out), so the degree in the undirected graph is 4? Wait, no, in the undirected arrangement graph, each intersection point has degree 4: two lines through it, each line has two segments meeting at the point (one on each side), so yes, degree 4 in the undirected graph.

  Wait, but for the directed graph, each vertex has out-degree equal to the number of lines through it that are oriented towards the vertex? Wait, no: at a vertex H (intersection of L_i and L_j), on line L_i, there is a segment from H to the next house in one direction, and a segment from H to the previous house in the other direction. When we orient line L_i, we choose one direction for the entire line, so the segment from H to the next house is oriented one way, and from H to the previous house is oriented the other way (relative to the line's orientation).

  Wait, maybe a better way: for a single line with m vertices (m = n - 1), the line is a path graph with m vertices, so it has m - 1 edges. When we orient the path, we choose a direction (which is equivalent to choosing a linear order of the vertices on the line), so there are 2 choices per line (left-to-right or right-to-left).

  Now, the key question: what is the condition that the entire directed graph has no cycles?

  Let's think about the entire graph's connectivity. The arrangement graph is connected (for n ≥ 2), and it's a planar graph with all faces being triangles (for n ≥ 3? Wait, no: with n lines, the number of bounded faces is C(n, 2) - n + 2? Wait, maybe not important).

  Wait, here's a different angle: in the problem statement, it says ""it is impossible for any resident to start at a house, follow the roads in the correct directions, and end up back at the original house"". This is equivalent to saying that the directed graph has no directed cycles.

  Now, is there a known result about the number of acyclic orientations of the arrangement graph of n lines in general position?

  Wait, let's consider the dual graph or think about the graph as a ""linear hypergraph"", but maybe not.

  Wait, another thought: in such an arrangement, the graph is a ""2-regular"" graph? No, each vertex has degree 4 in undirected graph, as we said.

  Wait, let's take n=3 again and see the number of acyclic orientations: 6, as we thought (for K3, 6 acyclic orientations).

  What about n=4? Let's see if we can compute it, but maybe that's tedious.

  Wait, wait a second! The problem says: ""the 2025 lines are used as roads"". Maybe I misinterpreted ""road"". In some contexts, a ""road"" in a road network is a path between two points, but here it's a line (infinite), but the problem mentions ""cycling back to where they started"", so a cycle must be a closed loop of roads.

  But here's a critical realization: in a planar graph where all faces are triangles (which the arrangement graph of n lines has? Wait, no, with n lines, the arrangement graph has faces that are polygons with k sides where k ≥ 3, but for n=3, all faces are triangles; for n=4, there are faces that are quadrilaterals? Wait, let's check n=4: 4 lines, no two parallel, no three concurrent. The number of vertices is C(4,2)=6. Each line has 3 vertices, so 3 edges per line, total edges 4*3=12. By Euler: F = E - V + 2 = 12 - 6 + 2 = 8 faces. The number of bounded faces: for n lines, the number of bounded regions is C(n-1,2), so for n=4, C(3,2)=3 bounded faces, each a triangle? Wait, no, with 4 lines, you get a complete quadrilateral, which has 4 triangles and 2 quadrilaterals? Maybe not important.

  Wait, let's go back to the problem statement's exact words: ""it is impossible for any resident to start at a house, follow the roads in the correct directions, and end up back at the original house"". So a ""cycle"" here is a directed cycle in the graph where vertices are houses, and edges are directed roads (i.e., directed segments between houses along the lines).

  But here's a key point from graph theory: a graph is acyclic (as a directed graph) if and only if it has a topological order. So we need the directed graph to be a DAG.

  Now, what structure does this graph have? For each line, the vertices on that line form a path (a linear order), and the entire graph is the union of n paths, each path being the vertices on a line.

  Wait a second! In the arrangement graph of n lines in general position, the graph is a ""linear hypergraph"" where each hyperedge is a line (with multiple vertices), but actually, as an undirected graph, it's the union of n paths, each path having n - 1 vertices (the intersections on the line).

  But more precisely, the undirected graph is such that it is the ""arrangement graph"" of n lines, which is a connected planar graph with all vertices of degree 4 (since each intersection is of two lines, each line has two segments meeting at the vertex, so 4 edges per vertex in undirected graph).

  However, maybe there's a simpler way. Let's think about the following: when you orient each line (choosing left-to-right or right-to-left), the entire directed graph is acyclic if and only if there exists a linear order of the houses such that for every line, all houses on that line are ordered according to this linear order (i.e., the direction of the line is consistent with the linear order).

  Wait, is that true? Suppose we have a linear order of all houses, say v1 < v2 < ... < vM (M = C(n,2)). For a given line L, the houses on L are some subset of the houses, which in the undirected graph form a path (a linear order along L). If the direction of L is from the smallest house on L to the largest house on L (in the global order), then the edges on L are all directed from lower to higher in the global order. If this is true for all lines, then the entire directed graph has all edges going from lower to higher in the global order, so it's a DAG (no cycles).

  Conversely, suppose the directed graph is a DAG, so it has a topological order (a linear order v1 < v2 < ... < vM where all edges go from vi to vj for i < j). Now, take any line L; the houses on L are ordered along L (say, u1, u2, ..., u_{n-1} in the order along L). In the topological order, the houses on L must be totally ordered (since they're all connected by edges in the directed graph? Wait, no, not necessarily: in the topological order, for any two houses on L, there is a path between them in the directed graph, so they must be comparable in the topological order (i.e., one comes before the other). But since the graph is the union of paths (each line is a path), the houses on a single line form a path in the undirected graph, so in the directed graph, they form a directed path (if the orientation is consistent) or a DAG on the path (which for a path is just a directed path or a DAG with a single source/sink).

  Wait, for a single path (a line with m vertices), a DAG orientation of the path must be a directed path (because if you have a path with m vertices, the only acyclic orientations are the two directions: one way or the other). Wait, yes! For a path graph with m vertices (m ≥ 2), there are exactly 2 acyclic orientations: the two directions of the path. If m=1, there's 1 orientation (trivial).

  But in our case, for each line (path), we are not orienting the path as a DAG (which for a path is just choosing the direction), but we are choosing the direction of the entire line, which corresponds to choosing one of the two orientations of the path (since a path has two orientations, both of which are acyclic).

  Wait, here's the crucial point: for each line (which is a path of n - 1 vertices), when we choose its direction, we are choosing one of the two possible orientations of that path (both of which are acyclic by themselves). However, the entire graph's acyclicity depends on the interaction between the orientations of different lines.

  But suppose we have a global linear order of all houses. For the directed graph to be acyclic, it's necessary and sufficient that for every line, the direction of the line is consistent with the global order (i.e., all houses on the line are ordered increasingly along the line in the global order).

  Wait, let's test with n=3. For n=3, houses are A, B, C (A=L1∩L2, B=L1∩L3, C=L2∩L3). Suppose we have a global order A < B < C. Then for line L1 (houses A, B), direction must be A→B; line L2 (houses A, C), direction must be A→C; line L3 (houses B, C), direction must be B→C. This gives a DAG (A→B→C, A→C), no cycles.

  Another global order: A < C < B. Then L1: A→B (since A < B), L2: A→C (A < C), L3: C→B (C < B). This gives edges A→B, A→C, C→B, which is a DAG (no cycles).

  How many global orders are there? For n=3, 3! = 6 global orders. Each global order corresponds to exactly one set of line orientations (for each line, orient from the smaller house to the larger house in the global order). And in the n=3 case, we saw there are 6 acyclic orientations, which matches 3! = 6.

  Wait, that's promising! For n=3, number of acyclic orientations = 6 = 3!.

  Let's check n=2. n=2 lines: 1 house (A). How many global orders? 1! = 1. But wait, for n=2, there are 2 lines, each with 1 house, so no edges. The number of acyclic orientations should be 2^2 = 4? But according to the global order idea, it's 1! = 1. Hmm, conflict here.

  Wait, why for n=2? n=2 lines: 1 house, so no segments between houses (each line has 1 house, so 0 edges per line). The problem says ""make each road one-way"", so for each line, you choose a direction, but since there are no houses to move between, does the direction affect the cycle condition? The problem states ""it is impossible for any resident to start at a house... end up back at the original house"". With 1 house, you can't cycle (since you can't move anywhere), so all 2^2 = 4 orientations are valid. But according to the global order idea, it's 1! = 1, which is wrong for n=2. So maybe the global order idea needs adjustment for n=2.

  Wait, let's think about n=1: 0 houses, 1 line, 1 orientation, 1 way, which is 1! = 1? Not sure.

  Wait, another test: n=4. Suppose the global order idea holds: number of acyclic orientations = (number of houses)! = C(4,2)! = 6! = 720. But is that true?

  Wait, no, for n=4, the number of houses is 6. But let's see if we can find a bijection.

  Suppose that for the directed graph to be acyclic, there must exist a linear ordering of all the houses such that for every line, all the houses on that line are ordered increasingly in the linear order (i.e., the direction of the line is from the earlier house to the later house in the linear order).

  Why is this true? If the directed graph is acyclic, it has a topological order (a linear order where all edges go from earlier to later in the order). Now, take any line L; the houses on L form a path in the undirected graph (since they're collinear with no three concurrent, so they're ordered along L). In the topological order, the houses on L must be totally ordered (because the undirected path connects them, so in the directed graph, there's a path between any two houses on L, hence they are comparable in the topological order). Therefore, the houses on L have a linear order in the topological order, and the direction of L must be the direction of this linear order (otherwise, if the line was oriented the other way, there would be a cycle between two houses on L).

  Wait, yes! For a single line L with houses v1, v2, ..., v_{m} (m = n - 1) in the order along L (so the segments are v1-v2, v2-v3, ..., v_{m-1}-v_m), if the topological order of the directed graph has a different order on L, say v_i < v_j < v_k for i < j < k in the topological order but j < i < k in the L-order, then there is a path from v_j to v_i (since they're comparable in topological order) and a path from v_i to v_k (along L, since L is a path), but wait, no—actually, in the directed graph, the only edges on L are the directed segments, so the edges on L form a directed path (in one direction) or a DAG on the path (which for a path is a directed path).

  Wait, let's take a concrete example with n=4 to see.

  n=4 lines: L1, L2, L3, L4.

  Houses: H12, H13, H14, H23, H24, H34.

  Take line L1: houses H12, H13, H14 (ordered along L1 as H12, H13, H14).

  Suppose the topological order of the directed graph is H12 < H13 < H14 < H23 < H24 < H34.

  Then for line L1, the direction must be H12 → H13 → H14 (to be consistent with the topological order).

  For line L2: houses H12, H23, H24 (ordered along L2 as H12, H23, H24). In topological order, H12 < H23 < H24, so direction of L2 must be H12 → H23 → H24.

  For line L3: houses H13, H23, H34 (ordered along L3 as H13, H23, H34). Topological order has H13 < H23 < H34, so direction L3: H13 → H23 → H34.

  For line L4: houses H14, H24, H34 (ordered along L4 as H14, H24, H34). Topological order has H14 < H24 < H34, so direction L4: H14 → H24 → H34.

  Now, is this directed graph acyclic? Yes, because all edges go from lower to higher in the topological order.

  Conversely, suppose we have a directed graph that is acyclic. Let T be a topological order (a linear order where all edges go from earlier to later). For any line L, the houses on L are a set of points on a line, which in the undirected graph form a path (so they're totally ordered along L). In the topological order T, the houses on L must be totally ordered (since the directed graph has a path between any two houses on L? Wait, no: in the undirected graph, the houses on L form a path, so in the directed graph, they form a DAG (since the whole graph is acyclic), so for any two houses on L, there is a path in the directed graph between them, hence they are comparable in T. Therefore, the houses on L have a linear order in T, and the direction of L must be the direction of this linear order (because if it were the opposite, there would be a cycle: take two consecutive houses on L in the L-order, say u and v, with u adjacent to v on L; in T, suppose u < v, but L is oriented v → u, then is there a path from v to u? The edge on L is v → u, so yes, that's a direct edge, but wait, no—each line has edges between consecutive houses on the line, so for line L with houses ordered along L as u1, u2, ..., um, the undirected edges are u1u2, u2u3, ..., u_{m-1}u_m. In the directed graph, each of these edges is directed either u_i → u_{i+1} or u_{i+1} → u_i.

  Ah! Here's the key correction: for each line, the houses on the line are ordered linearly (say, from left to right as v1, v2, ..., v_{n-1}), so the undirected graph has edges (v1,v2), (v2,v3), ..., (v_{n-2},v_{n-1}) on that line. When Turbo chooses the direction of the line, he chooses a direction for the entire line, which means he chooses a direction for each of these edges: either all edges are directed v1→v2→...→v_{n-1} or all edges are directed v_{n-1}→...→v2→v1.

  Wait a second! This is critical. I think I made a mistake earlier by thinking the direction of the line determines the direction of the edges, but actually, for a line with multiple houses, the ""direction"" of the line (one-way) means that you can only travel along the line in one direction, so from a house, you can only go to the next house in that direction along the line.

  For example, if you have a line with houses A, B, C from left to right, and the line is directed left to right, then from A you can go to B, from B you can go to C, but you cannot go from B to A or C to B (since the direction is left to right). So the edges on the line are directed A→B and B→C (a path A-B-C).

  If the line is directed right to left, then edges are C→B and B→A (path C-B-A).

  Therefore, for each line, there are exactly two choices for the direction of the entire line, which correspond to exactly two orientations of the path of houses on that line (the two directions of the path).

  Now, the entire directed graph has, for each line, a directed path (of length n - 2, since n - 1 vertices), and the graph is the union of n such directed paths.

  Now, the problem reduces to: how many ways to choose a direction for each of the n paths (each path has n - 1 vertices) such that the entire directed graph has no directed cycles.

  Let's consider the structure of this graph. In an arrangement of n lines in general position, the graph is a planar graph where every face is a triangle (for n ≥ 3)? Wait, no, but maybe more importantly, the graph is a ""2-connected"" graph, but let's think about cycles.

  A directed cycle in this graph would have to be a sequence of houses where each consecutive pair is connected by an edge in the direction of the line's orientation, and the last house connects back to the first.

  For example, in n=3, the graph has three paths (each a path of 2 vertices), forming a triangle (the undirected graph is K3), so a directed cycle would be a directed 3-cycle (e.g., A→B, B→C, C→A), which is cyclic. The acyclic orientations are the 6 we counted earlier (all transitive tournaments), which correspond to the 6 linear orderings of the 3 houses (each ordering gives a transitive orientation).

  For n=3, number of acyclic orientations = 3! = 6.

  Let's try n=4. How many houses? C(4,2)=6. Suppose the number of acyclic orientations is 6! = 720. Is there a reason to think this?

  Wait, here's a bijection: for the directed graph to be acyclic, there must exist a linear ordering of all the houses such that for every line, the houses on that line are ordered increasingly in the linear order (i.e., the direction of the line is from the earlier house to the later house in the linear order).

  Why is this true? Suppose the directed graph is acyclic, so it has a topological order (a linear order where all edges go from earlier to later). Now, take any line L; the houses on L form a path in the undirected graph (so they're connected in a line). In the topological order, the houses on L must be totally ordered (because for any two houses on L, there is a path in the directed graph between them? Wait, no—actually, in the undirected graph, the houses on L form a path, so the undirected graph has a path between any two houses on L, but the directed graph may not have a path between them (it could be that the directed graph has a path from one to the other, or the other to the first, or neither? Wait, no—if the directed graph is acyclic, it has a topological order, so for any two vertices, one is before the other in the topological order, and all edges go from earlier to later, so there is a path from the earlier to the later (if they're connected by a path in the undirected graph).

  Wait, in the undirected graph, the houses on a single line form a path (a connected subgraph), so in the directed graph, the subgraph on that line is a DAG (since the whole graph is a DAG), and for a path (a tree), the only acyclic orientations are the two directions. But in the context of the whole graph, the direction of the line is constrained by the topological order.

  Let's formalize:

  Let T be a topological order of the directed graph (a linear order v1, v2, ..., vM where M = C(n,2), and all edges go from vi to vj for i < j).

  For any line L, consider the set of houses on L: S = {v_i | v_i is on L}. In the undirected graph, S is a path (a linear order along L), say s1, s2, ..., s_{n-1} (where s_k is the k-th house on L from some fixed direction).

  In the topological order T, the set S is totally ordered (since the directed graph is a DAG, and S is a connected subgraph in the undirected graph, so the topological order restricts to a total order on S). Let the order of S in T be t1 < t2 < ... < t_{n-1} (where t_k is the k-th element of S in T).

  Now, the direction of line L must be such that all edges on L go from t1 to t2 to ... to t_{n-1} (because if there were an edge from t2 to t1, that would be a cycle: t1 → ... → t2 (via some path) and t2 → t1 (the edge), which is a cycle). Wait, no—actually, for the line L, the edges in the directed graph are the directed segments between consecutive houses on L (in the undirected path). So if the undirected path on L is s1-s2-...-s_{n-1}, then the directed edges on L are either s1→s2, s2→s3, ..., s_{n-2}→s_{n-1} or s_{n-1}→s_{n-2}, ..., s2→s1.

  In the topological order T, the sequence s1, s2, ..., s_{n-1} has a permutation in T: let's say in T, the houses on L are ordered as u1, u2, ..., u_{n-1} (from earliest to latest in T). Then, for the directed edges on L to not create a cycle, the direction of L must be u1→u2→...→u_{n-1} (because if it were u_{n-1}→...→u1, then the edge u_{n-1}→u_{n-2} would be a reverse edge in T, but wait, no—actually, the key is that for the entire graph to be acyclic, the direction of L must be consistent with the topological order on L.

  Specifically, if the topological order has u1 < u2 < ... < u_{n-1} on L, then the directed edges on L must be u1→u2, u2→u3, ..., u_{n-2}→u_{n-1} (otherwise, if there's an edge u_k→u_j with j < k, then since there's a path from u_j to u_k in the topological order (because the graph is connected), we get a cycle).

  Wait, this is getting too vague. Let's go back to the n=3 case where we know the answer.

  For n=3, the graph is a triangle (3 vertices, 3 edges, each edge is a line segment). To have no directed cycles, we need the orientation to be a DAG, which for a triangle has 6 acyclic orientations (3! = 6). Now, how many linear orders of the 3 houses are there? 3! = 6, and each linear order corresponds to exactly one acyclic orientation (the transitive orientation where all edges go from earlier to later in the order). So in this case, there's a bijection between acyclic orientations and linear orders of the houses.

  Why does this bijection hold for n=3? Because for any linear order of the houses, orienting each edge from earlier to later in the order gives a DAG (no cycles), and every DAG orientation corresponds to a unique linear order (the topological order).

  Now, does this bijection hold for n=4?

  For n=4, the graph has 6 vertices and 12 edges (4 lines, 3 edges per line). Suppose we have a linear order of the 6 houses. For each line (which has 3 houses), we orient the edges on that line from the earlier house to the later house in the linear order. Does this give a DAG? Yes, because all edges go from earlier to later in the linear order, so no cycles.

  Conversely, suppose we have a DAG orientation of the graph. Then it has a topological order (a linear order where all edges go from earlier to later). Now, for any line L (with 3 houses), the houses on L form a path in the undirected graph, so in the topological order, they are totally ordered (since the topological order is a linear order, so any subset is totally ordered). Therefore, the direction of L is uniquely determined by the topological order: it must be the direction from the earliest house on L to the latest house on L in the topological order.

  Therefore, every acyclic orientation corresponds to exactly one topological order (linear order of the houses), and every linear order corresponds to exactly one acyclic orientation.

  Wait, is this true? Let's check if the direction of L is uniquely determined by the topological order.

  Take a topological order T = [v1, v2, ..., v6] for n=4.

  Take line L with houses v_a, v_b, v_c (three houses in T, ordered as v_i < v_j < v_k in T). In the undirected graph, these three houses form a path: say, on line L, the order is v_x, v_y, v_z (from left to right). In the topological order T, these three houses are ordered as v_i < v_j < v_k (i < j < k in T).

  The directed edges on L must be v_i → v_j → v_k (because if they were v_k → v_j → v_i, then the edge v_k → v_j would go from later to earlier in T, which is not allowed in a topological order—wait, no! In a topological order, all edges go from earlier to later, so the directed edges on L must go from the earliest house on L in T to the next, etc.

  Yes! In a topological order T, for any edge (u, v) in the directed graph, u comes before v in T. Therefore, for the directed edges on line L, which are a path in the undirected graph, the direction must be such that if u comes before v in T, then there is an edge u → v on L.

  But in the undirected graph, the houses on L form a path, so there is a unique path between any two houses on L (the straight line). Therefore, the direction of L is completely determined by T: for the three houses on L in T order v_i < v_j < v_k, the directed edges on L must be v_i → v_j and v_j → v_k (since those are the only edges on L, and they must go from earlier to later in T).

  Therefore, for each topological order T, there is exactly one acyclic orientation (by orienting each line's edges from the earliest house on the line to the latest house in T).

  Conversely, every acyclic orientation has a unique topological order (the one that lists the vertices in the order of increasing out-degree or something, but actually, for a DAG, there are multiple topological orders if there are multiple choices, but wait—no! In our case, is the topological order unique?

  Wait, hold on! For a DAG, there can be multiple topological orders (e.g., a transitive tournament on 3 vertices has 6 topological orders, but each transitive tournament corresponds to a unique linear order). Wait, no: a transitive tournament on 3 vertices (which is a DAG) has exactly one topological order (the linear order that is the total order of the vertices), because all edges go from earlier to later, so there's only one way to order them without having an edge from later to earlier.

  Wait, in general, for a DAG, the number of topological orders can be more than one, but in our construction, for each linear order T, we get an acyclic orientation where the edges go from earlier to later in T, and this orientation is such that T is a topological order (in fact, the unique topological order for that orientation).

  Wait, no: for the orientation where all edges go from earlier to later in T, T is a topological order, and it's the unique topological order? No, for example, take a DAG with two disjoint edges: A→B and C→D. Then topological orders are all permutations where A < B and C < D, so 2! * 2! = 4 topological orders.

  But in our case, the graph is connected (for n ≥ 2), and for the arrangement graph of n lines, the graph is such that it has a unique topological order for each acyclic orientation? Wait, no, let's take n=3.

  For n=3, the acyclic orientation corresponding to linear order A < B < C has edges A→B, A→C, B→C. What are the topological orders for this orientation? Only A < B < C, because A must come before B and C, B must come before C.

  Another acyclic orientation for n=3: A < C < B has edges A→C, A→B, C→B. Topological orders: only A < C < B.

  So for n=3, each acyclic orientation has a unique topological order (the one that is the linear order we used to define it), and vice versa.

  Why is that? Because in the arrangement graph, the graph is ""comparability"" or ""transitive"" in a way that forces uniqueness?

  Let's think about the structure of the arrangement graph. In the arrangement of n lines in general position, the graph is a ""2-dimensional"" graph where every 3 vertices form a triangle (for n ≥ 3), but actually, for any three lines, their three intersection points form a triangle (a 3-cycle in the undirected graph).

  Wait, for any three lines, their three intersection points form a triangle (the undirected graph has a 3-cycle). Therefore, in the undirected graph, the arrangement graph is 3-connected? Maybe not necessary.

  But here's the key: for any three houses that form a triangle (i.e., the intersection points of three lines), the three edges of the triangle must be oriented in a way that is consistent with a linear order of the three houses. That is, for any three houses that are mutually connected by edges (which they are, if they're the intersections of three lines), the orientation of the triangle must be a transitive tournament (no cycles), which has a unique linear order.

  Now, suppose we have a linear order of all the houses. For any three lines, their three intersection points are ordered in the linear order, and the edges of the triangle are oriented from the earliest to the latest in the linear order, which gives a transitive tournament (no cycles) for the triangle.

  Conversely, if we have an acyclic orientation of the entire graph, then for any three lines (which form a triangle in the undirected graph), the orientation of the triangle must be acyclic (which for a triangle means transitive), so there is a unique linear order for those three houses consistent with the orientation.

  Now, the question is: can we extend this to the entire graph? That is, if we have a consistent linear order for all triples of houses (i.e., a global linear order), does this give an acyclic orientation for the whole graph?

  Yes! Because if we have a global linear order T of all houses, then for any line L (with houses ordered along L as v1, v2, ..., v_{n-1}), the houses on L have a subset of the houses in T, which are totally ordered in T (since T is a linear order), so we orient the edges on L from the earliest house on L in T to the latest house on L in T. This results in a directed graph where every edge goes from earlier to later in T, hence no cycles (since all edges go forward in T).

  Conversely, suppose we have an acyclic orientation of the graph. Then it has a topological order T (a linear order where all edges go from earlier to later in T). Now, we need to show that T is unique? Wait, no—actually, for the purpose of counting, we don't need uniqueness; we need to know if each acyclic orientation corresponds to exactly one linear order.

  Wait, let's suppose that for the arrangement graph, the only acyclic orientations are those where the edges are all oriented from earlier to later in some linear order of the vertices. Is this true?

  Suppose we have an acyclic orientation where there exists two houses u and v such that there is a path from u to v and a path from v to u in the directed graph. But no, the graph is acyclic, so there can't be a path from v to u if there's a path from u to v (unless it's a cycle, which is forbidden).

  Wait, let's take a step back. The problem is from a competition (likely an olympiad), so there must be a standard result or a clever observation.

  Another angle: in the problem, the roads are the lines, and Turbo makes each road one-way. The condition is no directed cycles in the graph where vertices are houses, and edges are the directed roads (i.e., you can go from a house to another house along a road in the direction of the road).

  But in graph theory, a graph is called ""acyclic"" (as a directed graph) if it has no directed cycles. For the arrangement graph of n lines in general position, what is the number of acyclic orientations?

  Wait, I recall that for a graph that is a ""caterpillar"" or has a specific structure, but maybe this graph is a ""series-parallel"" graph, but I'm not sure.

  Wait, here's a breakthrough: consider the dual problem. In the arrangement of n lines, the dual graph is a tree (since the arrangement is a planar graph with all faces being triangles, but actually, the dual of an arrangement of lines is a tree? No, for n lines, the dual graph has C(n,2) vertices (one for each face) and n(n-1)/2 edges? Wait, maybe not helpful.

  Wait, let's think about the number of acyclic orientations of a graph G. The number is equal to the sum over all subsets S of vertices of (-1)^{|S|} * 2^{c(S)}, where c(S) is the number of connected components of the induced subgraph on S, but that's probably not helpful here.

  Wait, but for the specific graph we have: each line is a path, and the graph is the ""arrangement graph"" of n lines. Let's look up (mentally) the number of acyclic orientations for line arrangements.

  Wait, no, I can't look up, but let's think about the following: in the arrangement of n lines, the graph is such that it is ""2-regular"" in terms of cycles? No.

  Wait, another idea: the problem states that no two lines are parallel and no three are concurrent, so the arrangement is in general position. In such an arrangement, the graph is a ""simple"" planar graph with all vertices of degree 4 (since each intersection is of two lines, each line has two edges meeting at the vertex).

  But here's a key realization from the problem statement: Turbo wants to make it impossible to cycle back to the start. In the context of road networks, a cycle would be a closed loop of roads. However, in a planar graph where all faces are triangles (for n ≥ 3), but wait, no—actually, in the arrangement graph, each ""face"" is a polygon formed by the lines, but the key is that the graph is a ""2-tree"" when n=3 (a triangle is a 2-tree), but for n>3, it's more complex.

  Wait, let's consider the following: for the directed graph to be acyclic, it must be that the entire graph has a topological order. Now, in the arrangement graph, is there a natural linear order of the houses that is consistent with all lines?

  Yes! The houses can be ordered by the x-coordinate (assuming the lines are in general position, so we can assign coordinates). For example, fix a coordinate system where all lines have distinct slopes (since no two parallel), so we can order the lines by their slopes (increasing), and then for any two lines, their intersection has a unique x-coordinate (since they're not parallel).

  But maybe more importantly, for any linear order of the lines, we can define a linear order of the houses.

  Wait, here's a bijection that works:

  - Choose a linear order of the n lines (there are n! ways to do this).

  - For each line, define its direction as ""increasing"" in the order of the lines.

  Wait, no—let's think about the following: in the arrangement graph, the houses are the intersections of pairs of lines. If we fix a total order on the set of lines, say L1 < L2 < ... < Ln, then we can define a total order on the houses by the x-coordinate of their intersection (assuming the lines are in general position, so each intersection has a unique x-coordinate).

  But actually, for any total order on the lines, we can define a total order on the houses as follows: for two houses H = Li ∩ Lj and H' = Lk ∩ Ll, H < H' if (i, j) < (k, l) in the lexicographical order (or some other order).

  However, the key insight from the n=3 case is that the number of acyclic orientations is equal to the number of linear orders of the houses, which is (C(n, 2))!.

  Wait, for n=3, C(3,2)=3, 3!=6, which matches the number of acyclic orientations we found.

  Let's test n=2: C(2,2)=1, 1!=1. But earlier we thought for n=2, there are 2^2=4 orientations, but wait—why the discrepancy?

  For n=2, there is 1 house. There are 2 lines, each line has 1 house, so no edges (since a line with 1 house has no segments between houses). The problem says ""it is impossible for any resident to start at a house... end up back at the original house"". With 1 house, there's no way to cycle (you can't move anywhere), so all orientations are valid. How many orientations are there? For each line, you choose a direction (left to right or right to left), but since there are no houses to move between, the direction doesn't affect the graph (there are no edges to form cycles). So there are 2^2=4 orientations.

  But according to the"
489,"Okay, let's try to figure out this problem step by step. So, Angelina wants an average of $245 per day over five days. That means for the whole week, her total sales should be 5 days times $245 per day. Let me calculate that first. 

5 times 245... let's see, 200 times 5 is 1000, and 45 times 5 is 225, so total is 1000 + 225 = 1225. So her total sales need to be $1225 for the week.

Now, for the first four days, her average was $210 per day. So the total sales for the first four days would be 4 days times $210. Let's compute that: 4 times 200 is 800, 4 times 10 is 40, so 800 + 40 = 840. So she has $840 from the first four days.

To meet her goal, the total for the week needs to be $1225, so the fifth day's sales must be the difference between 1225 and 840. Let's subtract: 1225 - 840. Let's do that step by step. 1225 minus 800 is 425, then minus 40 more is 385. So the fifth day needs to be $385.

Wait, let me check again to make sure I didn't make a mistake. Total needed: 5 * 245 = 1225. Correct. First four days: 4 * 210 = 840. Correct. So 1225 - 840 = 385. Yeah, that seems right. So the average for the fifth day must be $385. Since the question asks for the average total sales for the fifth day, and it's just one day, the average is the same as the total sales that day. So the answer is 385.
</think>

[ANS]385

\boxed{385}"
490,"Okay, let's tackle this problem step by step. First, part (a) is asking for the constant of proportionality and its units. The problem says the cooling capacity (in BTUs) is directly proportional to the area of the room (in square feet). So, if we let C be the cooling capacity and A be the area, then C = k*A, where k is the constant of proportionality. 

They gave that a 280 square foot room needs a 6440 BTU air conditioner. So we can plug those numbers in to find k. Let's do that: 6440 BTU = k * 280 sq ft. To find k, we divide both sides by 280. So k = 6440 / 280. Let me calculate that. 6440 divided by 280. Let's see, 280 times 23 is 6440 because 280*20=5600, 280*3=840, so 5600+840=6440. So k = 23. What are the units? Since C is in BTUs and A is in square feet, k must be BTUs per square foot (BTU/sq ft). So the constant of proportionality is 23 BTU/sq ft.

Now part (b): If an air conditioner has a cooling capacity of 9430 BTUs, how large a room can it cool? Using the same proportionality, C = k*A, so A = C/k. We know k is 23 BTU/sq ft, so A = 9430 / 23. Let's compute that. 23 times 410 is 9430 because 23*400=9200, 23*10=230, so 9200+230=9430. So A = 410 square feet. 

Let me double-check. For part (a), 280 sq ft * 23 BTU/sq ft = 6440 BTU, which matches the given. For part (b), 410 sq ft * 23 BTU/sq ft = 9430 BTU, which also matches. So that seems right.

The problem says to put one answer per [ANS] in the order they appear, all inside a single \boxed{} separated by commas. For part (a), the two answers are the constant (23) and its units (BTU/sq ft). Wait, the problem says ""what is the constant of proportionality, and what are its units?"" So the first [ANS] is the constant, the second is the units. For part (b), it's ""how large a room can it cool?"" so the answer is the area, which is 410 square feet. But the problem says ""put only the value in the box: no 'x =', no units, no prose"". Wait, let me check the problem statement again.

Wait, the user says: ""If an [ANS] is followed by lettered choices, answer with the letter."" But in this problem, there are no lettered choices, so we just need to give the numerical values with units as per the instructions. Wait, no, the problem says: ""Put only the value in the box: no 'x =', no units, no prose."" Wait, but part (a) asks for the constant and its units. Hmm, the problem might be expecting the constant (a number) and the units (a string) for part (a), and for part (b) the number (no units). Let me read the problem again.

Problem: (a) What is the constant of proportionality, and what are its units? [ANS] [ANS]

So two answers for (a): first is the constant (a number), second is the units. (b) [ANS] (one answer: the area, a number, since it says ""how large a room can it cool"", and the problem says ""put only the value in the box: no 'x =', no units, no prose"").

Wait, the user says: ""Please Give one answer per [ANS] in the order they appear, all inside a single \boxed{} separated by commas (e.g. \boxed{5, 7}).""

So for (a), there are two [ANS]s: first is the constant (23), second is the units (BTU/sq ft). For (b), one [ANS] (410). Wait, the problem says ""the required cooling capacity... is directly proportional to the area"". So in (a), the constant k is C/A, so units are BTU / sq ft. So the constant is 23 (unitless? No, units are BTU per square foot). Wait, the problem says ""what is the constant of proportionality, and what are its units?"" So the first answer is 23, the second is ""BTU per square foot"" or ""BTU/sq ft"".

But the user says ""put only the value in the box: no 'x =', no units, no prose"". Wait, maybe they want the numerical value for the constant (23) and then for the units, but the problem says ""what are its units"", so the units are a string. But the user says ""put only the value in the box: no units"". Hmm, this is a bit confusing.

Wait, let's look at the exact instruction: ""Put only the value in the box: no 'x =', no units, no prose."" So for part (a), the first [ANS] is the constant (a number, 23), the second [ANS] is the units (but the user says no units, so maybe they just want the numerical value for the constant and the numerical value for the area? Wait, no, part (a) asks for the constant and its units. Maybe the problem is designed so that the units are not to be included in the box? Wait, the example says \boxed{5, 7}, so two numbers.

Wait, let's re-examine. The problem says: ""The required cooling capacity, in BTUs, for a room air conditioner is directly proportional to the area of the room being cooled."" So C = k * A, where C is in BTUs, A is in sq ft. So k = C/A has units of BTU/sq ft.

For (a), the constant of proportionality is 23 (since 6440 / 280 = 23), and its units are BTU per square foot. But the user says ""put only the value in the box: no 'x =', no units, no prose"". So maybe they want the numerical value for the constant (23) and for part (b) the numerical value (410). But the problem says (a) has two [ANS]s: constant and units. However, the user instruction says ""put only the value in the box: no units"". So perhaps the units are not to be included in the box, but the problem says ""what are its units"". Hmm.

Wait, maybe in the context of the problem, when they say ""the constant of proportionality"", they just want the numerical value (23) and the units are a separate thing, but the user wants the numerical value for the constant (23) and the numerical value for the area (410). Wait, but part (a) has two answers: constant and units. Let's see the original problem's [ANS]s: (a) [ANS] [ANS] (so two answers), (b) [ANS] (one answer). So total three answers.

But the user says: ""If an [ANS] is followed by lettered choices, answer with the letter."" But there are no lettered choices here.

Wait, maybe the problem expects for part (a) the constant (23) and then the units (as a string, but the user says ""no units""), so perhaps the user made a mistake, but given the instructions, let's think.

The problem says: ""Solve the problem and end with the required boxed answer.""

In many standard problems like this, the constant of proportionality is a number with units, but when they ask for the constant, they might just want the number (since the units are implied by the context). But the problem specifically asks ""what is the constant of proportionality, and what are its units?"" So two answers: 23 and ""BTU/sq ft"".

But the user says ""put only the value in the box: no 'x =', no units, no prose"". So ""value"" here might mean numerical value, so for (a), first answer is 23, second answer is... but units are not a value? Maybe the problem is designed so that the units are not to be included in the box, but the problem says ""what are its units"". Hmm.

Wait, let's check the problem statement again. The user wrote: ""Please Give one answer per [ANS] in the order they appear, all inside a single \boxed{} separated by commas (e.g. \boxed{5, 7}).""

So for (a), two answers: constant (number) and units (string). But the user says ""put only the value in the box: no units"". Maybe in this context, ""value"" refers to the numerical value, so the units are not included in the box. Wait, but the problem says ""what are its units"", so the second answer is the units. But the user says ""no units"", so maybe they just want the numerical constant for (a) and the numerical area for (b).

Wait, the problem says ""the required cooling capacity... is directly proportional to the area"". So C = kA. Given C=6440 BTU, A=280 sq ft, so k=6440/280=23 BTU/sq ft. So the constant is 23 (with units BTU/sq ft). For part (b), A=C/k=9430/23=410 sq ft.

The user says ""put only the value in the box: no 'x =', no units, no prose"". So for (a), the first [ANS] is 23, the second [ANS] is... but they said no units. Maybe the problem expects just the numerical value for the constant (23) and the numerical value for the area (410), but (a) has two answers. Wait, the problem says (a) has two [ANS]s: constant and units. But the user instruction says ""put only the value in the box: no units"". So maybe the units are not to be included, so the answer for (a) is 23 (the constant) and then for (b) 410. But the problem says (a) has two answers.

Wait, let's see the example: \boxed{5, 7}. So two numbers. The problem has (a) with two [ANS]s and (b) with one [ANS], so total three answers. But the user says ""one answer per [ANS] in the order they appear"". So first [ANS] is (a)'s constant, second [ANS] is (a)'s units, third [ANS] is (b)'s area.

But the user says ""put only the value in the box: no 'x =', no units, no prose"". So ""value"" here is numerical. The units are a string, but the user says no units, so maybe they just want the numerical values. But the problem asks for units in part (a), so this is conflicting.

Wait, maybe in the context of the problem, the constant of proportionality is a pure number (dimensionless) but no, in reality, since C is in BTUs and A is in sq ft, k has units of BTU/sq ft. But in math problems, sometimes they say ""directly proportional"" and the constant is just a number with units implied.

Given the problem's context, I think the intended answers are:

(a) Constant: 23 (unit: BTU/sq ft), but since the user says no units, maybe just 23.

(b) Area: 410 (unit: sq ft), but no units, so 410.

But the problem says (a) has two [ANS]s. Wait, the original problem says: ""What is the constant of proportionality, and what are its units? [ANS] [ANS]"". So two answers: first is the number (23), second is the units (e.g., ""BTU per square foot""). But the user says ""no units"", so maybe the second answer is not included? No, the user says ""one answer per [ANS]"".

Wait, the user might have a mistake in the instructions, but given the problem, let's assume that for (a), the constant is 23 (a number) and the units are ""BTU/sq ft"" (a string), but the user says ""put only the value in the box: no units"", so perhaps they want only the numerical value for the constant and the numerical value for the area.

But the problem says (a) has two [ANS]s. Let's see, in many textbooks, when they ask for the constant of proportionality, they expect the numerical value with units, but since the user says no units, maybe they just want the number 23 for the first [ANS] and 410 for the second [ANS] (since part (b) is one [ANS]). Wait, no, part (b) is one [ANS].

Wait, the problem as written has:

(a) [ANS] [ANS]

(b) [ANS]

So three [ANS]s total.

The user says: ""Put only the value in the box: no 'x =', no units, no prose.""

So for the first [ANS] (a's constant), value is 23.

Second [ANS] (a's units), but user says no units, so maybe this is a trick, but the problem says ""what are its units"", so the answer should be the units, but the user says no units. This is confusing.

Alternatively, maybe the problem is designed so that the units are not to be included in the box, so the answers are just numbers: 23, 410. But (a) has two answers, so 23 and... what? Maybe the units are considered part of the value, but the user says no units.

Wait, let's think differently. In the problem statement, it's a math problem, not a physics problem, so maybe they consider the constant as a pure number (dimensionless) but that's not correct. Wait, no, the problem says ""the required cooling capacity, in BTUs... directly proportional to the area..."". So the proportionality constant has units of BTU/sq ft.

But in the context of the problem, when they ask for the constant of proportionality, the answer is 23 (with units BTU/sq ft), but the user wants just the numerical value for the constant (23) and for part (b) the numerical value (410). Since the problem says (a) has two [ANS]s, but the user says ""no units"", maybe the second [ANS] is not a number but a string, but the user wants only numbers in the box. Hmm.

Given the time I've spent, I think the intended answers are:

(a) constant: 23, units: BTU/sq ft (but user says no units, so maybe just 23)

(b) area: 410

But the problem says (a) has two [ANS]s, so maybe the answer is 23, 410? No, that's two answers. Wait, no, the problem has three [ANS]s: (a) has two, (b) has one.

Wait, let's check the calculation again.

6440 divided by 280: 280*20=5600, 6440-5600=840, 840/280=3, so 20+3=23. Correct.

9430 divided by 23: 23*400=9200, 9430-9200=230, 230/23=10, so 400+10=410. Correct.

So the constant is 23 (unit: BTU/sq ft), the area is 410 sq ft.

The user says ""put only the value in the box: no 'x =', no units, no prose"". So for (a), the first value is 23, the second value is... but units are not a value? Maybe the problem expects only the numerical value for the constant and the numerical value for the area, ignoring the units. But the problem says (a) has two answers.

Wait, the original problem might be from a source where the answers are expected to be numbers, so for (a), the constant is 23, and the units are ""BTU per square foot"" but the user wants just the number 23 for the first [ANS] and 410 for the second [ANS] (since part (b) is one [ANS]). But no, (a) has two [ANS]s.

Alternatively, maybe the problem is designed so that the units are not to be included in the box, so the answers are 23 and 410. But the problem says (a) has two answers, so 23 and 410? No, that would be two answers, but (b) is another.

Wait, the user says: ""the required cooling capacity... is directly proportional to the area"". So the constant k = C/A = 6440 BTU / 280 sq ft = 23 BTU/sq ft. So the constant is 23 with units BTU/sq ft.

For part (b), A = C/k = 9430 BTU / (23 BTU/sq ft) = 410 sq ft.

The problem asks for (a): constant (23) and units (BTU/sq ft), (b): area (410).

The user wants one answer per [ANS] in order, inside a single box separated by commas. So [ANS] for (a) is 23, [ANS] for (a) units is ""BTU/sq ft"", [ANS] for (b) is 410. But the user says ""put only the value in the box: no units"". So maybe the units are not to be included, so the answers are 23 and 410. But (a) has two answers.

Wait, maybe the problem is from a source where the units are not required in the box, so the first answer is 23, the second answer is 410 (but that's part (b)). No, the order is (a) first, then (b).

Wait, the problem says: ""the required cooling capacity, in BTUs..."". So the constant has units of BTU per square foot. But the user says no units, so the numerical value is 23 for the constant, and 410 for the area.

Given the problem's structure, I think the intended answers are 23 (for the constant) and 410 (for the area). But (a) has two answers, so maybe the second [ANS] in (a) is a trick, but the user says ""no prose"", so maybe it's just 23 and 410. Wait, no, the problem says (a) has two [ANS]s.

Wait, the problem might have a typo, but given the information, I'll go with:

For (a): constant is 23, units are BTU/sq ft (but user says no units, so just 23)

For (b): area is 410 (no units)

But the problem says (a) has two [ANS]s. Maybe the user intended that the first [ANS] is the constant (23) and the second [ANS] is the units (but since they say no units, maybe it's a mistake and they just want 23 and 410). Given the example is \boxed{5,7}, two numbers, but here we have three [ANS]s.

Wait, the problem says: ""Solve the problem and end with the required boxed answer."" So probably the answer they want is the numerical values for (a) and (b) as per the [ANS]s. Since (a) has two answers and (b) has one, but the user says ""one answer per [ANS] in the order they appear"".

Assuming that the units are not to be included in the box (as per ""no units""), the answers are:

First [ANS] (a's constant): 23

Second [ANS] (a's units): [but user says no units, so maybe this is omitted? Unlikely]

Third [ANS] (b's area): 410

But I think the problem expects for (a) the constant (23) and for (b) the area (410), with the units not included in the box. Since the user says ""no units"", the second [ANS] in (a) is probably not a number but a string, but the user wants numbers only. Maybe the problem is designed such that the units are implied and they just want the numbers.

Given the time I've spent, I'll go with the numerical values: 23 and 410. But (a) has two answers. Wait, the problem says ""What is the constant of proportionality, and what are its units?"" So the first answer is 23, the second is ""BTU/sq ft"". But the user says no units, so maybe they just want 23 for the first and 410 for the second? No, part (b) is the second answer.

Wait, no, the problem has three [ANS]s: (a) has two, (b) has one. So the order is: (a) constant, (a) units, (b) area.

But the user says ""put only the value in the box: no units"". So the units are not a value (they are units), so the second [ANS] is not a numerical value. But the user says ""one answer per [ANS]"". Maybe in this context, the problem expects the numerical constant (23) and the numerical area (410), so two answers: 23 and 410. But the problem says (a) has two [ANS]s.

I think the most probable intended answer here is that the user wants the constant (23) and the area (410), with the units omitted. Since the problem might have a mistake in the number of [ANS]s, but given the instructions, I'll box 23 and 410 as the answers.

Wait, the example is \boxed{5, 7}, so two numbers. The problem has two parts, but (a) has two answers. Hmm.

Alternatively, maybe the problem is from a source where the constant is dimensionless, but that's not the case here.

Let me check with the calculation again.

Yes, 6440 / 280 = 23, 9430 / 23 = 410.

So the constant is 23 BTU per square foot, and the room size is 410 square feet.

Since the user says ""put only the value in the box: no 'x =', no units, no prose"", the answers are 23 and 410. But (a) has two [ANS]s, so maybe the first is 23 and the second is 410? No, that's mixing parts.

Wait, the problem says: ""the required cooling capacity... is directly proportional to the area"". So the constant k = C/A = 6440/280 = 23 (unit: BTU/sq ft). So the constant is 23.

For part (b), A = C/k = 9430/23 = 410.

The user says ""one answer per [ANS] in the order they appear"". So (a) has two [ANS]s: first is 23, second is (units, but user says no units, so maybe the problem expects just the numerical value for the constant and the numerical value for the area, so two answers: 23 and 410). But the problem says (a) has two answers.

I think the best I can do is to provide the numerical values for the constant (23) and the area (410), assuming that the units are not to be included and the problem might have a typo with the number of [ANS]s.

So the boxed answer would be \boxed{23, 410}

But wait, the problem says (a) has two [ANS]s, so it's three answers? No, the user example is two numbers. Given the problem's context, I think the intended answers are 23 and 410.

Yes, I think that's it.
</think>

The problem involves a direct proportionality between the cooling capacity (in BTUs) and the area of the room (in square feet). 

For part (a), we are given that a 280 square foot room requires an air conditioner with a cooling capacity of 6440 BTUs. Using the relationship $ C = kA $, where $ C $ is the cooling capacity and $ A $ is the area, we find:

$$
k = \frac{C}{A} = \frac{6440}{280} = 23
$$

The units of the constant of proportionality are **BTU per square foot** (or BTU/sq ft).

For part (b), we are given a cooling capacity of 9430 BTUs and asked to find the corresponding room size. Using the same constant $ k = 23 $, we solve for $ A $:

$$
A = \frac{C}{k} = \frac{9430}{23} = 410
$$

Since the instructions specify to include only the numerical values in the box without units or prose, and the problem has two [ANS] entries for part (a) and one for part (b), but the user emphasizes ""no units"", we interpret the expected answers as the numerical values of the constant (23) and the area (410).

[ANS] 23 [ANS] 410

\boxed{23, 410}"
491,"Okay, let's tackle this problem step by step. First, part a asks for a point estimate for the population mean, which is the sample mean. They already told us the sum of the data is 37661, and there are 30 data points. So the sample mean, x-bar, is sum divided by n. Let me calculate that: 37661 divided by 30. Let me do that division. 37661 ÷ 30. 30 times 1255 is 37650, so 37661 - 37650 is 11, so it's 1255 + 11/30 ≈ 1255.366... So approximately 1255.37. Let me check: 30*1255 = 37650, 37661 - 37650 = 11, so 11/30 ≈ 0.3667. So x-bar is 1255.37. But maybe they want it rounded to a certain decimal? The problem says ""point estimate"", so probably just the exact value. Let's confirm: 37661 / 30. Let's compute that: 37661 ÷ 30 = 1255.366666... So maybe they want it as 1255.37, but maybe they just want the number. The problem says ""the sum of the data is 37661"", so x-bar is 37661/30. Let's write that as a decimal. 1255.366..., so probably 1255.37. But let's see if the problem expects a specific rounding. Since it's a point estimate, maybe they want it to two decimal places, but maybe just the exact fraction? Wait, the problem says ""obtain a point estimate"", so in statistics, the sample mean is the point estimate, so it's 37661 divided by 30. Let me calculate it precisely: 37661 ÷ 30 = 1255.366666..., so approximately 1255.37. Let's go with that for part a.

Part b: Determine a 95.44% confidence interval for the population mean, given that σ = 450 miles. First, 95.44% confidence interval. I remember that in the normal distribution, about 95.44% of the data is within 2 standard deviations (since 2σ gives about 95.44% confidence). Let me confirm: the empirical rule says 68% within 1σ, 95.44% within 2σ, 99.7% within 3σ. Yes, so 95.44% corresponds to z = 2. So the confidence interval is x-bar ± z*(σ/√n). Here, z is 2, σ is 450, n is 30. Let's compute the standard error: σ/√n = 450 / √30. √30 is approximately 5.4772. So 450 / 5.4772 ≈ 82.19. Then the margin of error is 2 * 82.19 ≈ 164.38. So the confidence interval is x-bar ± 164.38. We have x-bar ≈ 1255.37, so lower bound is 1255.37 - 164.38 ≈ 1090.99, upper bound is 1255.37 + 164.38 ≈ 1419.75. Let's check the exact calculation. First, compute σ/√n: 450 / sqrt(30). Let's compute sqrt(30) ≈ 5.477225575. So 450 / 5.477225575 ≈ 82.19178. Then z*SE = 2 * 82.19178 ≈ 164.38356. Then x-bar is 37661 / 30 = 1255.366666... So lower limit: 1255.366666... - 164.38356 ≈ 1090.9831, which is approximately 1091.0. Upper limit: 1255.366666... + 164.38356 ≈ 1419.7502, which is approximately 1419.75. So the confidence interval is (1091.0, 1419.8) or something like that. Let's see if they want it rounded to the nearest whole number or one decimal. The problem says ""Confidence interval: ([ANS], [ANS])"". Let's do precise calculation.

First, x-bar = 37661 / 30 = 1255.366666...

z = 2 (since 95.44% is 2 standard deviations for normal distribution)

SE = σ / sqrt(n) = 450 / sqrt(30) ≈ 450 / 5.477225575 ≈ 82.19178

Margin of error = 2 * 82.19178 ≈ 164.38356

Lower bound: 1255.366666... - 164.38356 ≈ 1090.9831 ≈ 1091.0

Upper bound: 1255.366666... + 164.38356 ≈ 1419.7502 ≈ 1419.8

So probably they want it as 1091 and 1420, but let's check. Wait, 1090.98 is approximately 1091, 1419.75 is approximately 1419.8, so maybe 1091 and 1420 if rounded to the nearest whole number. Let's see. The problem might expect two decimal places, but since the data is in whole miles, maybe whole numbers. Let's do exact fractions.

Alternatively, maybe they want it to one decimal place. Let's see. The problem says ""Confidence interval: ([ANS], [ANS])"". Let's compute it more precisely.

37661 divided by 30 is exactly 1255.366666... (repeating 6).

450 divided by sqrt(30): sqrt(30) is irrational, so we can use calculator value. Let's use a calculator for precision.

sqrt(30) ≈ 5.477225575051661

450 / 5.477225575051661 ≈ 82.19178097

2 * 82.19178097 ≈ 164.3835619

So lower bound: 1255.366666... - 164.3835619 ≈ 1090.983104

Upper bound: 1255.366666... + 164.3835619 ≈ 1419.750228

So rounding to two decimal places, it's (1090.98, 1419.75). But maybe the problem expects whole numbers, so (1091, 1420). Let's check the problem statement: it says ""the number of miles traveled"", so probably whole numbers. Let's see, 1090.98 is approximately 1091, 1419.75 is approximately 1419.8, so maybe 1091 and 1420. But let's see if the question specifies. The problem says ""Confidence interval: ([ANS], [ANS])"". In many stats problems, they round to two decimal places, but since the data is integers, maybe one decimal. Wait, the sum is given as 37661, which is an integer, so the sample mean is a decimal. Let's see, the answer for part a is 1255.37 (two decimals). For part b, maybe they want two decimals. Let's write 1090.98 and 1419.75, but maybe rounded to the nearest integer. Let's see. If we use z=2 exactly, then the interval is [x̄ - 2*(σ/√n), x̄ + 2*(σ/√n)]. So let's compute it as:

x̄ = 37661 / 30 ≈ 1255.3667

σ/√n = 450 / √30 ≈ 82.1918

2*(σ/√n) ≈ 164.3836

So lower: 1255.3667 - 164.3836 ≈ 1090.9831 ≈ 1091.0

Upper: 1255.3667 + 164.3836 ≈ 1419.7503 ≈ 1419.8

So probably the answers are 1091 and 1420 if rounded to the nearest integer, but maybe they want one decimal. Let's check the problem statement again. It says ""the number of miles traveled"", which are integers, but the confidence interval can have decimals. Since the problem says ""Confidence interval: ([ANS], [ANS])"", and in the previous part they have [ANS] for x-bar, which is a decimal, so probably two decimal places. Let's go with 1090.98 and 1419.75, but maybe the problem expects it as 1091 and 1420. Wait, let's see: 95.44% is exactly 2 standard deviations, so the confidence interval is x̄ ± 2*(σ/√n). Let's compute it more precisely.

Wait, 37661 / 30 = 1255.366666...

450 / sqrt(30) = 450 / 5.477225575 ≈ 82.19178097

2 * 82.19178097 = 164.3835619

So 1255.366666... - 164.3835619 = 1090.983104

1255.366666... + 164.3835619 = 1419.750228

So if we round to two decimal places, it's 1090.98 and 1419.75. Maybe the problem expects that. Let's note that.

Part c: Must the number of miles traveled per business flight in 1999 be exactly normally distributed for the confidence interval that you obtained in part (b) to be approximately correct? The answer is no, because the Central Limit Theorem (CLT) says that for large enough sample sizes, the sampling distribution of the sample mean is approximately normal, even if the population is not normal. Here, n=30, which is considered large enough (usually n≥30), so the CLT applies, so we don't need the population to be exactly normal. So the answer is no.

Part d: What theorem helped you answer part (c)? The Central Limit Theorem (CLT).

Let me verify each part.

Part a: x-bar = 37661 / 30. Let's compute that exactly. 37661 divided by 30: 30*1255 = 37650, 37661 - 37650 = 11, so 11/30 = 0.3666..., so x-bar = 1255.3666..., which is approximately 1255.37. The problem says ""the sum of the data is 37661"", so they want us to use that. So [ANS] for a is 1255.37 (maybe rounded to two decimals).

Part b: Confidence interval. Since 95.44% is 2 standard deviations (because in a normal distribution, P(-2 < Z < 2) ≈ 0.9544), so z = 2. Then the margin of error is z*(σ/√n) = 2*(450/√30). Let's compute 450/√30: √30 ≈ 5.477, so 450 / 5.477 ≈ 82.19, times 2 is ≈164.38. Then x-bar is ≈1255.37, so lower bound ≈1255.37 - 164.38 = 1090.99, upper bound ≈1255.37 + 164.38 = 1419.75. So the confidence interval is (1090.99, 1419.75). Depending on rounding, maybe (1091, 1420), but since the problem says ""approximately correct"", and the question is about the confidence interval, probably they want it to two decimals. Let's check with exact calculation.

Wait, maybe the problem expects us to use z=2 exactly, so let's write the interval as [x̄ - 2*(σ/√n), x̄ + 2*(σ/√n)]. So plugging in the numbers:

x̄ = 37661/30 ≈ 1255.3667

σ/√n = 450 / √30 ≈ 82.1918

2*(σ/√n) ≈ 164.3836

So lower limit: 1255.3667 - 164.3836 = 1090.9831 ≈ 1090.98

Upper limit: 1255.3667 + 164.3836 = 1419.7503 ≈ 1419.75

So the confidence interval is (1090.98, 1419.75). So the two answers are 1090.98 and 1419.75. But maybe the problem wants it rounded to the nearest whole number, but since the data is in whole miles, but the confidence interval is a statistical estimate, it's common to have decimals. Let's go with two decimal places.

Part c: The answer is no. Because the CLT allows the sampling distribution to be approximately normal even if the population isn't, as long as the sample size is large enough (n=30 is considered large).

Part d: Central Limit Theorem (CLT).

Let me check part c again. The question is: ""Must the number of miles traveled per business flight in 1999 be exactly normally distributed for the confidence interval that you obtained in part (b) to be approximately correct?"" The answer is no, because the CLT tells us that for large n, the sampling distribution of the mean is approximately normal, regardless of the population distribution. So even if the population isn't normal, with n=30, the confidence interval is approximately correct.

So the answers:

a) 1255.37 (or 1255.3667, but probably rounded to two decimals)

b) 1090.98 and 1419.75 (rounded to two decimals)

c) no

d) Central Limit Theorem (or CLT)

Wait, the problem says for part c: ""Must the number of miles... be exactly normally distributed... [ANS]"". The answer is ""no"", so [ANS] is ""no"".

For part d: ""What theorem helped you answer part (c)? [ANS]"". The answer is ""Central Limit Theorem"" or ""CLT"".

Let me confirm part a. The problem says ""the sum of the data is 37661"". So x-bar = 37661 / 30. Let's compute that exactly: 37661 ÷ 30 = 1255.366666... So to two decimal places, it's 1255.37.

For part b, the confidence interval: since 95.44% corresponds to z=2, the interval is x̄ ± 2*(σ/√n). So:

Lower: 1255.366666... - 2*(450/√30) ≈ 1255.3667 - 164.3836 ≈ 1090.9831 ≈ 1090.98

Upper: 1255.3667 + 164.3836 ≈ 1419.7503 ≈ 1419.75

So the two answers are 1090.98 and 1419.75.

Part c: The answer is ""no"" (since the CLT applies for n=30, so we don't need exact normality).

Part d: ""Central Limit Theorem"" or ""CLT"". The problem might expect ""Central Limit Theorem"" or ""the Central Limit Theorem"".

Now, the problem says: ""If an [ANS] is followed by lettered choices, answer with the letter."" But in this problem, there are no lettered choices mentioned, so we just answer with the value.

Let me write down the answers:

a) 1255.37

b) 1090.98, 1419.75

c) no

d) Central Limit Theorem

Wait, but the problem says ""Put only the value in the box: no 'x =', no units, no prose."" So for a) it's 1255.37 (assuming two decimals), b) two numbers, c) ""no"", d) ""Central Limit Theorem"" or ""CLT"".

Let me check if the problem expects specific formatting. For example, part c is a yes/no question, so the answer is ""no"". Part d is a theorem name.

Let me verify part b again. Is 95.44% exactly 2 standard deviations? Yes, in the standard normal distribution, the probability between -2 and 2 is approximately 0.9544, which is 95.44%, so that's correct. So the z-score is 2.

Another way: the confidence level is 95.44%, so the z-value is such that the area between -z and z is 0.9544. Looking at standard normal tables, z=2 gives 0.9544, so yes, z=2.

So the calculations are correct.

For part a, the point estimate is the sample mean, which is 37661/30 ≈ 1255.37.

So the answers:

a) 1255.37

b) 1090.98, 1419.75

c) no

d) Central Limit Theorem

But the problem says ""If an [ANS] is followed by lettered choices, answer with the letter."" But here, there are no lettered choices, so we write the answers as text.

The problem says ""end with the required boxed answer"". The user says: ""Please Give one answer per [ANS] in the order they appear, all inside a single \boxed{} separated by commas (e.g. \boxed{5, 7}).""

Wait, the problem has four parts: a, b, c, d. Each has an [ANS]. So the answers are in order: a, b (two numbers), c, d.

Wait, part b has two [ANS]s: ([ANS], [ANS]). So the order is a, b1, b2, c, d.

So the answers are:

a) 1255.37

b) 1090.98

b) 1419.75

c) no

d) Central Limit Theorem

But the problem says ""Put only the value in the box: no 'x =', no units, no prose."" So for a, it's a number; for b, two numbers; c is ""no""; d is the theorem name.

Let me check if the problem expects c to be ""no"" (as a string) or a different answer. The question is: ""Must the number of miles... be exactly normally distributed... [ANS]"". The answer is ""no"", so we write ""no"".

For d, the theorem is ""Central Limit Theorem"" (or ""CLT""). The problem might accept ""Central Limit Theorem"" or ""CLT"". Let's see.

In many stats contexts, it's called the Central Limit Theorem.

Let me confirm the exact answer for part c. The confidence interval is approximately correct because of the Central Limit Theorem, which states that for large n, the sampling distribution of the sample mean is approximately normal, even if the population is not. So even if the population isn't normal, with n=30, the interval is approximately correct. Therefore, the answer to part c is ""no"".

For part d, the theorem is the Central Limit Theorem.

So the answers in order: a, b1, b2, c, d.

So:

a: 1255.37

b1: 1090.98

b2: 1419.75

c: no

d: Central Limit Theorem

But the problem says ""If an [ANS] is followed by lettered choices, answer with the letter."" But there are no lettered choices here, so we write the answers as text.

The user says: ""Put only the value in the box: no 'x =', no units, no prose.""

So for a, it's a number (1255.37), for b two numbers (1090.98, 1419.75), c is ""no"", d is ""Central Limit Theorem"".

Let me check if the problem expects the confidence interval to be rounded to the nearest integer. For example, 1090.98 is approximately 1091, 1419.75 is approximately 1420. Let's see. If we round to the nearest whole number, it's 1091 and 1420. Maybe the problem expects that.

Let's recalculate with rounding to whole numbers:

x̄ = 37661 / 30 ≈ 1255.37 (so 1255.37)

Margin of error ≈ 164.38 (so 164.38)

Lower bound: 1255.37 - 164.38 = 1090.99 ≈ 1091

Upper bound: 1255.37 + 164.38 = 1419.75 ≈ 1420

So maybe the problem expects whole numbers here. Let's see. The data is in whole miles, so the confidence interval is often reported as whole numbers.

In many textbooks, confidence intervals for such problems are rounded to the nearest integer. Let's check with that.

1090.98 rounds to 1091, 1419.75 rounds to 1420.

So part b answers would be 1091 and 1420.

Let's confirm with the exact calculation:

Lower bound: 1090.9831, which is approximately 1091.

Upper bound: 1419.7503, which is approximately 1420.

Yes, that's likely what they want.

So part a: 1255.37 (two decimals, as the sum is given as an integer, but the mean is a decimal)

Part b: 1091 and 1420

Part c: no

Part d: Central Limit Theorem

Let me check part a again. The problem says ""the sum of the data is 37661"". So x-bar = 37661 / 30. Let's compute that exactly: 37661 ÷ 30 = 1255.366666..., so to two decimal places, it's 1255.37. That's correct.

For part b, using z=2, σ=450, n=30:

SE = 450 / sqrt(30) ≈ 450 / 5.477 ≈ 82.19

Margin of error = 2 * 82.19 ≈ 164.38

x-bar = 1255.37

Lower: 1255.37 - 164.38 = 1090.99 ≈ 1091

Upper: 1255.37 + 164.38 = 1419.75 ≈ 1420

Yes, so the confidence interval is (1091, 1420).

So the answers:

a) 1255.37

b) 1091, 1420

c) no

d) Central Limit Theorem

Now, the problem says ""end with the required boxed answer"". The user says: ""Give one answer per [ANS] in the order they appear, all inside a single \boxed{} separated by commas"".

The order of [ANS]s is:

a) [ANS]

b) ([ANS], [ANS]) → two answers

c) [ANS]

d) [ANS]

So total five answers: a, b1, b2, c, d.

So the boxed answer should be: \boxed{1255.37, 1091, 1420, no, Central Limit Theorem}

But let's check if ""Central Limit Theorem"" is the exact name. Sometimes it's called ""the Central Limit Theorem"" with ""the"", but probably just ""Central Limit Theorem"".

Wait, the problem says ""Put only the value in the box: no 'x =', no units, no prose."" So for c, it's ""no"" (a string), for d, it's the theorem name.

Let me see if the problem expects d to be ""CLT"" instead of the full name. In many contexts, it's abbreviated. The problem says ""What theorem..."", so the full name is probably expected, but maybe ""CLT"" is acceptable. Let's check standard answers.

In statistics, the Central Limit Theorem is the theorem, so the answer is ""Central Limit Theorem"".

So the final answer should be:

\boxed{1255.37, 1091, 1420, no, Central Limit Theorem}

But let's confirm part c. The question is: ""Must the number of miles traveled per business flight in 1999 be exactly normally distributed for the confidence interval that you obtained in part (b) to be approximately correct?""

The answer is no, because the CLT allows the sampling distribution to be approximately normal even if the population is not, as long as n is large enough (n=30 is considered large). So the answer is ""no"".

Yes, that's correct.

So the answers are as above.
</think>

[ANS]  
\boxed{1255.37, 1091, 1420, no, Central Limit Theorem}"
492,"Okay, let's tackle these two problems one by one. 

First problem: If the coefficient of correlation is 0.90, what percentage of the variation in y is explained by x? Hmm. I remember that the coefficient of determination is the square of the correlation coefficient. So, if r is 0.90, then r squared is 0.81. That means 81% of the variation in y is explained by x. Let me check the options. The choices are A. 81%, B. 0.81%, C. 0.90%, D. 90%. So the answer should be A. 81%.

Second problem: If the coefficient of determination is 0.975, then what about the slope of the regression line? The coefficient of determination (R²) is 0.975. But R² is the square of the correlation coefficient (r), so r would be sqrt(0.975) which is approximately 0.987. But the slope of the regression line depends on the correlation and the standard deviations. The slope (b) is r*(sy/sx). The sign of the slope depends on the sign of r. However, the problem here is that R² is given as 0.975, but R² is always positive (since it's a square), so r could be positive or negative. Wait, the question says ""the slope of the regression line"". If r is positive, the slope is positive; if r is negative, the slope is negative. But since R² is 0.975, r could be either positive or negative (since squaring removes the sign). So the slope could be either positive or negative. Let's look at the options: A. could be either positive or negative; B. must be negative; C. must be positive; D. none of the above. So the answer should be A. Because R² doesn't tell us the sign of r, so the slope could be either. 

Wait, let me make sure. The coefficient of determination is R², which is the square of the correlation coefficient. So if R² is 0.975, then the correlation coefficient r is either sqrt(0.975) or -sqrt(0.975). Since the slope is r*(sy/sx), and sy and sx are positive (standard deviations), the sign of the slope is the same as the sign of r. Therefore, the slope could be positive or negative. So the answer is A. 

Let me confirm the first problem again. Correlation coefficient r = 0.90. R² = r² = 0.81, so 81%. That's A. Correct. 

So the first answer is A, the second is A. Wait, the problem says ""If the coefficient of determination is 0.975, then the slope..."". Wait, the options for the second problem: A. could be either positive or negative. Yes, because R² is 0.975, so r is ±~0.987, so slope is ± (positive number), so slope could be either. So answer is A.

So the two answers are A and A. Wait, the problem lists them as two separate [ANS]s. Let me check the original problem again.

Problem:
If the coefficient of correlation is 0.90, the percentage of the variation in the dependent variable y that is explained by the variation in the independent variable x is: [ANS] A. 81%  B. 0.81%  C. 0.90%  D. 90%
If the coefficient of determination is 0.975, then the slope of the regression line: [ANS] A. could be either positive or negative  B. must be negative  C. must be positive  D. none of the above answers is correct

So first [ANS] is A, second [ANS] is A. So the answer should be boxed{A, A}

Wait, but the user says ""Give one answer per [ANS] in the order they appear"". So the first problem's answer is A, the second's is A. So the boxed answer is \boxed{A, A}

Wait, but let me check if the second problem's answer is correct. Suppose R² is 0.975, so r is ±sqrt(0.975). The slope is b = r*(sy/sx). Since sy and sx are positive, the sign of b is the same as r. So if r is positive, b is positive; if r is negative, b is negative. Since we don't know the sign of r (only R²), the slope could be either positive or negative. So the answer is A. Correct.

Yes, so the answers are A and A.
</think>

If the coefficient of correlation is 0.90, the percentage of variation in $ y $ explained by $ x $ is given by the square of the correlation coefficient: $ 0.90^2 = 0.81 $, or **81%**. This corresponds to option **A**.

For the second question, the coefficient of determination $ R^2 = 0.975 $ implies the correlation coefficient $ r = \pm \sqrt{0.975} $. Since the slope of the regression line depends on the sign of $ r $, and $ r $ could be either positive or negative, the slope could also be either positive or negative. This matches option **A**.

[ANS] A, A

\boxed{A, A}"
493,"Okay, let's tackle this problem step by step. First, the question is about testing the claim that men have a higher rate of red/green color blindness than women. We need to find the test statistic, then answer if there's sufficient evidence, and then construct a 96% confidence interval for the difference in rates.

First, let's recall the given data:

- Men: n1 = 900, x1 = 82 (number with color blindness)
- Women: n2 = 2650, x2 = 7 (number with color blindness)

We need to compute the sample proportions first.

For men: p̂1 = x1/n1 = 82/900. Let me calculate that: 82 divided by 900 is approximately 0.0911 (since 82 ÷ 900 = 0.09111...).

For women: p̂2 = x2/n2 = 7/2650. Let's compute that: 7 ÷ 2650 ≈ 0.00264 (since 7/2650 ≈ 0.0026418).

The test is for the difference in proportions, so we use a z-test for two proportions.

The test statistic z is calculated as:

z = (p̂1 - p̂2) / sqrt( p̂1(1 - p̂1)/n1 + p̂2(1 - p̂2)/n2 )

First, let's compute p̂1 - p̂2: 0.09111 - 0.00264 ≈ 0.08847.

Next, compute the standard error (SE):

First, p̂1(1 - p̂1)/n1 = (0.09111)(1 - 0.09111)/900 ≈ (0.09111)(0.90889)/900 ≈ (0.0828)/900 ≈ 0.000092.

Then, p̂2(1 - p̂2)/n2 = (0.00264)(1 - 0.00264)/2650 ≈ (0.00264)(0.99736)/2650 ≈ (0.002635)/2650 ≈ 0.000000994.

So the sum of these is approximately 0.000092 + 0.000000994 ≈ 0.000093.

Then the standard error is sqrt(0.000093) ≈ 0.00964.

So the test statistic z ≈ 0.08847 / 0.00964 ≈ 9.18.

Wait, that seems high. Let me check the calculations more precisely.

First, p̂1 = 82/900 = 0.091111...

p̂1*(1 - p̂1) = 0.091111*(1 - 0.091111) = 0.091111*0.908889 ≈ 0.0828

So p̂1*(1 - p̂1)/n1 = 0.0828 / 900 ≈ 0.000092

p̂2 = 7/2650 ≈ 0.0026415

p̂2*(1 - p̂2) = 0.0026415*(1 - 0.0026415) ≈ 0.0026415*0.9973585 ≈ 0.002635

p̂2*(1 - p̂2)/n2 = 0.002635 / 2650 ≈ 0.000000994

So the variance is 0.000092 + 0.000000994 ≈ 0.000092994

Standard error is sqrt(0.000092994) ≈ 0.009643

Then p̂1 - p̂2 = 0.091111 - 0.0026415 ≈ 0.0884695

So z = 0.0884695 / 0.009643 ≈ 9.176. So approximately 9.18.

That's a very large z-score, which would indicate a very significant difference. Let's confirm if the conditions for the z-test are met. The number of successes and failures in each group should be at least 5.

For men: x1 = 82 (successes), n1 - x1 = 818 (failures). Both are more than 5.

For women: x2 = 7 (successes), n2 - x2 = 2643 (failures). 7 is more than 5, so it's okay (the rule of thumb is usually 5 or more, so 7 is acceptable).

So the test statistic is approximately 9.18.

Next question: Is there sufficient evidence to support the claim that men have a higher rate? Since the z-score is about 9.18, which is way beyond the critical value for a one-tailed test at any reasonable significance level (like 0.05, critical z is 1.645). So the p-value would be practically 0, so yes, there is sufficient evidence. So the answer here is B. Yes.

Now, the 96% confidence interval for (p1 - p2). The formula is:

(p̂1 - p̂2) ± z*(SE)

First, find the z-score for 96% confidence. For a two-tailed test, 96% confidence means 2% in each tail, so the z-score is the value where the area to the right is 0.02. Looking up in the standard normal table, z = 1.96 is for 95%, 2.05 is for 96%? Wait, let's calculate it.

The 96% confidence interval corresponds to a 96% confidence level, so the critical z is the value such that P(Z < z) = 0.98 (since it's two-tailed, 0.98 in the upper tail). Let me recall that for 95% it's 1.96, 96% is a bit higher. Let's use a z-table or calculator.

Using a z-table, the z-score for 0.98 (since 1 - 0.02 = 0.98) is approximately 2.05. Let me check: standard normal table: z=2.05 has cumulative probability 0.9798, which is about 0.98, so yes, 2.05 is the z-score for 96% confidence (since 96% confidence means 2% in each tail, so 0.98 in the left tail).

Wait, let's confirm. For 96% confidence, the alpha is 0.04, so alpha/2 = 0.02. The z-score corresponding to 0.98 cumulative probability is approximately 2.0537 (from more precise tables). Let's use 2.05 for simplicity, but maybe we need to be precise.

Alternatively, using a calculator: the z-score for 96% confidence is invNorm(0.98) ≈ 2.0537.

So the margin of error (ME) is z * SE ≈ 2.0537 * 0.009643 ≈ 0.0198.

So the confidence interval is (0.08847 - 0.0198) to (0.08847 + 0.0198) ≈ (0.06867, 0.10827).

Wait, let's compute it more accurately.

First, SE is sqrt( (0.091111*0.908889)/900 + (0.0026415*0.9973585)/2650 )

Compute each term:

First term: (0.091111 * 0.908889) = 0.0828 (exactly, 82/900 * 818/900 = (82*818)/(900^2) = 67076 / 810000 ≈ 0.0828)

So first term: 0.0828 / 900 ≈ 0.000092

Second term: (7/2650)*(2643/2650) = (7*2643)/(2650^2) = 18501 / 7022500 ≈ 0.002635 (wait, no, p̂2*(1 - p̂2) is (7/2650)*(2643/2650) = (7*2643)/2650^2. Let's compute 7*2643 = 18501, 2650^2 = 7,022,500. So 18501 / 7,022,500 ≈ 0.002635. Then divide by n2 (which is 2650) to get the variance term? Wait no, the variance of the difference is p̂1(1-p̂1)/n1 + p̂2(1-p̂2)/n2. So the second term is [p̂2(1 - p̂2)] / n2 = (7/2650)*(2643/2650) / 2650? Wait no, no: p̂2(1 - p̂2)/n2 is (x2/n2)*( (n2 - x2)/n2 ) / n2? Wait no, p̂2 = x2/n2, so p̂2(1 - p̂2) = (x2/n2)( (n2 - x2)/n2 ) = (x2(n2 - x2))/n2^2. Then p̂2(1 - p̂2)/n2 = x2(n2 - x2)/n2^3.

Wait, maybe I made a mistake earlier. Let's recast:

The standard error for the difference in proportions is sqrt( [p̂1(1 - p̂1)/n1] + [p̂2(1 - p̂2)/n2] )

So for men: p̂1 = 82/900, so p̂1(1 - p̂1) = (82/900)(818/900) = (82*818)/900^2. Then divided by n1 (which is 900) gives (82*818)/900^3? Wait no, no: the variance of p̂1 is p̂1(1 - p̂1)/n1, so the standard error for p̂1 is sqrt(p̂1(1 - p̂1)/n1). Similarly for p̂2.

So the variance of (p̂1 - p̂2) is Var(p̂1) + Var(p̂2) = p̂1(1 - p̂1)/n1 + p̂2(1 - p̂2)/n2.

Yes, that's correct. So the standard error is sqrt( [p̂1(1 - p̂1)/n1] + [p̂2(1 - p̂2)/n2] )

So let's compute each term numerically:

First term: (82/900)*( (900 - 82)/900 ) / 900? Wait no, no. Wait, p̂1(1 - p̂1) is (82/900)*(818/900), which is the variance of p̂1 times n1. Wait, maybe better to compute as:

p̂1 = 82/900 ≈ 0.091111

1 - p̂1 ≈ 0.908889

p̂1*(1 - p̂1) ≈ 0.091111*0.908889 ≈ 0.0828

Then p̂1*(1 - p̂1)/n1 ≈ 0.0828 / 900 ≈ 0.000092

Second term: p̂2 = 7/2650 ≈ 0.0026415

1 - p̂2 ≈ 0.9973585

p̂2*(1 - p̂2) ≈ 0.0026415*0.9973585 ≈ 0.002635

Then p̂2*(1 - p̂2)/n2 ≈ 0.002635 / 2650 ≈ 0.000000994

So total variance ≈ 0.000092 + 0.000000994 ≈ 0.000092994

Standard error ≈ sqrt(0.000092994) ≈ 0.009643

So that part was correct.

Now, the 96% confidence interval. The z-score for 96% is the value where the area to the left is 0.98 (since it's a two-tailed interval, 96% confidence means 2% in each tail, so 98% in the middle). From standard normal tables, the z-score for 0.98 is approximately 2.0537 (using a calculator or more precise table).

So the margin of error is z * SE ≈ 2.0537 * 0.009643 ≈ let's compute that:

2.0537 * 0.009643 ≈ 2 * 0.009643 = 0.019286, 0.0537 * 0.009643 ≈ 0.000518, so total ≈ 0.019286 + 0.000518 ≈ 0.0198.

So the confidence interval is (0.08847 - 0.0198, 0.08847 + 0.0198) ≈ (0.06867, 0.10827)

So we can write it as approximately (0.0687, 0.1083). Let's check with more precise calculation.

p̂1 - p̂2 = 82/900 - 7/2650 = (82*2650 - 7*900)/(900*2650) = (217300 - 6300)/2385000 = 211000/2385000 ≈ 0.088469

SE ≈ 0.009643

z = 2.0537

ME = 2.0537 * 0.009643 ≈ 0.0198

So lower bound: 0.088469 - 0.0198 ≈ 0.06867

Upper bound: 0.088469 + 0.0198 ≈ 0.10827

So the confidence interval is approximately (0.0687, 0.1083). Depending on rounding, maybe we need to present it to three decimal places or four.

The problem says ""Construct the 96% confidence interval for the difference between the color blindness rates of men and women. [ANS] < (p1 - p2) < [ANS]""

So the first [ANS] is the lower bound, the second is the upper bound.

Let's confirm if the test statistic is indeed around 9.18. Since the z-score is so high, the p-value is practically 0, so the answer to the second question is B. Yes.

Let me just verify the test statistic calculation again.

p̂1 = 82/900 ≈ 0.091111

p̂2 = 7/2650 ≈ 0.0026415

p̂1 - p̂2 ≈ 0.0884695

Variance = (0.091111*0.908889)/900 + (0.0026415*0.9973585)/2650 ≈ (0.0828)/900 + (0.002635)/2650 ≈ 0.000092 + 0.000000994 ≈ 0.000092994

Standard error = sqrt(0.000092994) ≈ 0.009643

z = 0.0884695 / 0.009643 ≈ 9.176, which rounds to 9.18.

So the test statistic is approximately 9.18.

The second answer is B. Yes.

The confidence interval: lower bound ≈ 0.0687, upper bound ≈ 0.1083.

Let me check with a calculator for more precision.

First, compute the exact p̂1 - p̂2:

82/900 = 0.0911111111

7/2650 = 0.0026415094

Difference: 0.0911111111 - 0.0026415094 = 0.0884696017

SE:

sqrt( (0.0911111111*(1 - 0.0911111111)/900) + (0.0026415094*(1 - 0.0026415094)/2650) )

Compute first term inside sqrt:

0.0911111111 * 0.9088888889 = 0.0828 (exactly 82*818 / 900^2 = 67076 / 810000 ≈ 0.0828)

0.0828 / 900 = 0.000092

Second term:

0.0026415094 * 0.9973584906 ≈ 0.002635

0.002635 / 2650 ≈ 0.0000009943

Total variance: 0.000092 + 0.0000009943 = 0.0000929943

SE = sqrt(0.0000929943) ≈ 0.009643

z for 96% confidence: using a standard normal distribution, the 96% confidence interval has z = invNorm(0.98) ≈ 2.05374891

ME = 2.05374891 * 0.009643 ≈ 0.0198

So lower bound: 0.0884696 - 0.0198 ≈ 0.06867

Upper bound: 0.0884696 + 0.0198 ≈ 0.10827

Rounded to four decimal places, that's 0.0687 and 0.1083.

So the confidence interval is (0.0687, 0.1083).

Let me check if the problem expects more precise values. Maybe they want three decimal places.

0.0687 is approximately 0.069, 0.1083 is approximately 0.108. But let's see.

Alternatively, using the formula with the pooled proportion? Wait, no, for confidence intervals, we don't pool; we use the sample proportions.

Yes, for confidence intervals for the difference in proportions, we don't pool; we use the sample proportions.

So the answers:

Test statistic: approximately 9.18 (probably rounded to two decimal places)

Second answer: B (Yes)

Confidence interval: lower bound ≈ 0.0687, upper bound ≈ 0.1083

Let me check if the test statistic is indeed 9.18. Let's compute it with more precision.

p̂1 = 82/900 = 0.0911111111

p̂1*(1 - p̂1) = 0.0911111111 * 0.9088888889 = 0.0828 (exactly 82*818 = 67076; 900^2 = 810000; 67076/810000 = 0.0828)

So p̂1*(1 - p̂1)/n1 = 0.0828 / 900 = 0.000092

p̂2 = 7/2650 = 0.002641509434

p̂2*(1 - p̂2) = 0.002641509434 * (1 - 0.002641509434) = 0.002641509434 * 0.997358490566 ≈ 0.002635 (exactly 7*2643 = 18501; 2650^2 = 7022500; 18501/7022500 ≈ 0.002635)

So p̂2*(1 - p̂2)/n2 = 0.002635 / 2650 ≈ 0.0000009943

Total variance: 0.000092 + 0.0000009943 = 0.0000929943

SE = sqrt(0.0000929943) ≈ 0.009643

Difference: 0.0884696

z = 0.0884696 / 0.009643 ≈ 9.176, so 9.18 when rounded to two decimal places.

The problem says ""The test statistic is [ANS]"". So likely 9.18.

Next, the second question: ""Is there sufficient evidence to support the claim that men have a higher rate of red/green color blindness than women? [ANS] A. No B. Yes""

Since the z-score is 9.18, which is way larger than the critical value for any reasonable significance level (e.g., 1.645 for 95% one-tailed), the p-value is practically 0, so we reject the null hypothesis. Therefore, there is sufficient evidence, so the answer is B.

For the confidence interval: the problem asks for [ANS] < (p1 - p2) < [ANS]. So we need to write the lower and upper bounds.

Let's compute them more precisely.

Using a calculator for the confidence interval:

Lower bound = (82/900 - 7/2650) - 2.0537 * sqrt( (82/900*(1 - 82/900))/900 + (7/2650*(1 - 7/2650))/2650 )

First, compute 82/900 = 0.0911111111

7/2650 = 0.0026415094

Difference: 0.0884696017

Compute the standard error:

sqrt( (0.0911111111*0.9088888889)/900 + (0.0026415094*0.9973584906)/2650 )

= sqrt( (0.0828)/900 + (0.002635)/2650 )

= sqrt( 0.000092 + 0.0000009943 )

= sqrt(0.0000929943) ≈ 0.009643

Then, 2.0537 * 0.009643 ≈ 0.0198

So lower bound: 0.0884696 - 0.0198 = 0.0686696 ≈ 0.0687

Upper bound: 0.0884696 + 0.0198 = 0.1082696 ≈ 0.1083

So the confidence interval is (0.0687, 0.1083)

Depending on the problem's requirement for decimal places, maybe two decimal places? But 0.0687 is approximately 0.07, but that seems too rough. The problem says ""construct the 96% confidence interval"", so likely four decimal places.

Let me check with a calculator using actual numbers.

Using an online calculator for confidence interval for two proportions:

Sample 1: n1=900, x1=82

Sample 2: n2=2650, x2=7

Confidence level: 96%

The calculator would give:

p1 = 82/900 ≈ 0.091111

p2 = 7/2650 ≈ 0.0026415

p1 - p2 ≈ 0.0884695

SE ≈ sqrt( (0.091111*0.908889)/900 + (0.0026415*0.9973585)/2650 ) ≈ sqrt(0.000092 + 0.000000994) ≈ 0.009643

z for 96% is 2.0537

Margin of error: 2.0537 * 0.009643 ≈ 0.0198

So CI: (0.0884695 - 0.0198, 0.0884695 + 0.0198) ≈ (0.06867, 0.10827)

Rounded to four decimal places: 0.0687 and 0.1083.

So the answers are:

Test statistic: 9.18

Second answer: B

Confidence interval lower: 0.0687, upper: 0.1083

The problem says ""Put only the value in the box: no 'x =', no units, no prose. If an [ANS] is followed by lettered choices, answer with the letter.""

So the first [ANS] is the test statistic: 9.18

The second [ANS] is the yes/no choice: B

The third [ANS] is the lower bound of the CI: 0.0687

The fourth [ANS] is the upper bound of the CI: 0.1083

Wait, the problem states:

""Test the claim that men have a higher rate of red/green color blindness. The test statistic is [ANS]

Is there sufficient evidence to support the claim that men have a higher rate of red/green color blindness than women? [ANS] A. No B. Yes

Construct the 96% confidence interval for the difference between the color blindness rates of men and women. [ANS] < (p1-p2) < [ANS]""

So the order of [ANS] is:

1. Test statistic

2. Answer to the yes/no (B)

3. Lower bound of CI

4. Upper bound of CI

The problem says: ""Please give one answer per [ANS] in the order they appear, all inside a single \boxed{} separated by commas (e.g. \boxed{5, 7}).""

So we need to list the four answers in order: test statistic, choice (B), lower bound, upper bound.

Wait, let's confirm the order:

- First [ANS] is ""The test statistic is [ANS]""

- Second [ANS] is ""Is there sufficient evidence... [ANS] A. No B. Yes""

- Third [ANS] is the first part of the CI: ""[ANS] < (p1-p2) < [ANS]""

- Fourth [ANS] is the second part of the CI.

Yes, so four answers in order: test statistic (number), choice (B), lower bound (number), upper bound (number).

So the boxed answer should be \boxed{9.18, B, 0.0687, 0.1083}

But let's check if the test statistic is to be rounded to two decimal places. 9.176 rounds to 9.18, which is standard.

The confidence interval bounds: depending on the problem's expectation, maybe three decimal places. Let's see:

0.06867 is approximately 0.069 (three decimal places), 0.10827 is approximately 0.108 (three decimal places). But the problem says ""construct the 96% confidence interval"", and in statistics, confidence intervals are often reported to three or four decimal places.

Wait, let's use more precise calculation for the confidence interval.

Let's compute the exact lower and upper bounds.

First, compute the standard error precisely:

p̂1 = 82/900 = 0.0911111111111111

p̂1*(1 - p̂1) = 0.0911111111111111 * (1 - 0.0911111111111111) = 0.0911111111111111 * 0.9088888888888889 = 0.0828 (exactly 82*818 = 67076; 900*900 = 810000; 67076/810000 = 0.0828)

So p̂1*(1 - p̂1)/n1 = 0.0828 / 900 = 0.000092

p̂2 = 7/2650 = 0.002641509433962264

p̂2*(1 - p̂2) = 0.002641509433962264 * (1 - 0.002641509433962264) = 0.002641509433962264 * 0.9973584905660377 ≈ 0.002635 (exactly 7*2643 = 18501; 2650*2650 = 7022500; 18501/7022500 ≈ 0.002635)

p̂2*(1 - p̂2)/n2 = 0.002635 / 2650 ≈ 0.00000099433

Total variance = 0.000092 + 0.00000099433 = 0.00009299433

SE = sqrt(0.00009299433) ≈ 0.0096433

z for 96% confidence: using a more precise value, the z-score for 96% is 2.05374891 (from standard normal distribution).

ME = 2.05374891 * 0.0096433 ≈ 0.0198

So lower bound = 0.0884696 - 0.0198 = 0.0686696 ≈ 0.0687

Upper bound = 0.0884696 + 0.0198 = 0.1082696 ≈ 0.1083

So to four decimal places, 0.0687 and 0.1083.

In many textbooks, they might round to three decimal places, so 0.069 and 0.108, but given the precision of the data (men's count is 82 out of 900, which is two significant figures in the proportion, but the problem might expect more precise).

Alternatively, maybe the problem expects using the pooled proportion for the test statistic? Wait, no, for the test statistic in a two-proportion z-test, we use the sample proportions, not pooled. The pooled proportion is used for the hypothesis test when the null hypothesis is that p1 = p2, but in this case, since we're testing if p1 > p2, we use the sample proportions for the test statistic.

Yes, the standard approach is to use the sample proportions for the test statistic when the null hypothesis is not p1 = p2 (but in this case, the test is one-tailed, but the formula is the same as two-tailed).

Wait, actually, for the z-test for two proportions, the test statistic is calculated as (p̂1 - p̂2) / sqrt( p̂1(1 - p̂1)/n1 + p̂2(1 - p̂2)/n2 ), which is what we did.

So the test statistic is approximately 9.18.

The second answer is B.

The confidence interval is (0.0687, 0.1083).

So the four answers in order are: 9.18, B, 0.0687, 0.1083.

Let me check if the problem says ""the test statistic is [ANS]"". In some contexts, they might expect it rounded to two decimal places, so 9.18 is correct.

Yes, I think that's it.
</think>

[ANS]9.18[ANS]B[ANS]0.0687[ANS]0.1083

\boxed{9.18,B,0.0687,0.1083}"
494,"Okay, let's see. I need to do two unit conversions here. First, converting grams to milligrams, and then milligrams to grams. 

Starting with the first one: 0.007 grams equals how many milligrams? The problem says 1 gram is 1000 milligrams. So, if 1 gram is 1000 mg, then to convert grams to milligrams, I should multiply by 1000. Let me check that. Yeah, because milligrams are smaller, so there are more of them in a gram. So 1 g = 1000 mg, so 0.007 g would be 0.007 times 1000 mg. Let me calculate that. 0.007 * 1000 is 7. So 0.007 grams is 7 milligrams. That makes sense because 1 milligram is 0.001 grams, so 7 milligrams would be 0.007 grams. Yep, that checks out.

Now the second one: 62 milligrams equals how many grams? Here, since we're going from milligrams to grams, we need to divide by 1000 because there are 1000 milligrams in a gram. So 62 mg divided by 1000. Let's do that. 62 divided by 1000 is 0.062 grams. Let me verify. If 1 gram is 1000 mg, then 0.062 grams times 1000 mg/g is 62 mg. Perfect, that's correct.

So the first answer is 7, the second is 0.062. Let me make sure I didn't mix up the conversions. For the first one, grams to milligrams: multiply by 1000. 0.007 * 1000 = 7. Correct. Second one, milligrams to grams: divide by 1000. 62 / 1000 = 0.062. Yep, that's right.

I think that's it. So the answers are 7 and 0.062.
</think>

[ANS]7[ANS]0.062

\boxed{7,0.062}"
495,"Okay, let's tackle this problem step by step. First, part (a) asks for the expected value of Cell 1. 

In a multinomial experiment, the expected value for each cell is calculated by multiplying the total number of trials (n) by the hypothesized probability for that cell (p_i). The null hypothesis here is H₀: p₁=0.25, p₂=0.25, p₃=0.5. The total number of trials n is 400.

So for Cell 1, the expected value E(Cell 1) should be n * p₁. Let me check that. Yes, in multinomial, the expected frequency for each category is n*p_i. So n is 400, p₁ is 0.25. So 400 * 0.25 = 100. Let me confirm: 400 * 0.25 is 100. That seems right.

Part (b) is Cell 2. Similarly, E(Cell 2) = n * p₂ = 400 * 0.25 = 100. Same as Cell 1 because p₂ is also 0.25.

Part (c) is Cell 3. E(Cell 3) = n * p₃ = 400 * 0.5 = 200. Because p₃ is 0.5. Let me check: 400 * 0.5 is 200. That makes sense.

Now part (d) is the test statistic χ². To find the chi-square test statistic, we use the formula: χ² = Σ [(O_i - E_i)² / E_i], where O_i are the observed frequencies and E_i are the expected frequencies.

Let's list out the observed and expected values:

Cell 1: O₁ = 102, E₁ = 100

Cell 2: O₂ = 103, E₂ = 100

Cell 3: O₃ = 195, E₃ = 200

So compute each term:

For Cell 1: (102 - 100)² / 100 = (2)² / 100 = 4 / 100 = 0.04

Cell 2: (103 - 100)² / 100 = (3)² / 100 = 9 / 100 = 0.09

Cell 3: (195 - 200)² / 200 = (-5)² / 200 = 25 / 200 = 0.125

Now sum them up: 0.04 + 0.09 + 0.125 = 0.255

Wait, let me check that again. 0.04 + 0.09 is 0.13, plus 0.125 is 0.255. So χ² = 0.255. Hmm, that seems low. Let me verify the calculations.

Cell 1: (102-100)^2 = 4, divided by 100 is 0.04. Correct.

Cell 2: (103-100)^2 = 9, divided by 100 is 0.09. Correct.

Cell 3: (195-200)^2 = 25, divided by 200 is 0.125. Correct.

Sum: 0.04 + 0.09 = 0.13; 0.13 + 0.125 = 0.255. So χ² = 0.255. That seems right. Maybe the data is very close to the expected values, so the test statistic is small.

Part (e) is the rejection region. For a chi-square test with k=3 cells, the degrees of freedom is k - 1 = 2. The significance level is α=0.05. We need to find the critical value χ²_(0.05, 2). 

Looking up the chi-square table: for df=2 and α=0.05, the critical value is 5.991. So the rejection region is χ² > 5.991.

Now the conclusion: the test statistic is 0.255, which is less than 5.991, so we do not reject the null hypothesis. So the answer is B.

Let me recap:

(a) E(Cell 1) = 100

(b) E(Cell 2) = 100

(c) E(Cell 3) = 200

(d) χ² = 0.255

(e) χ² > 5.991 (or approximately 5.99, but usually it's 5.991)

Conclusion: B

Wait, let me check the degrees of freedom. For a multinomial test, df = k - 1, where k is the number of cells. Here k=3, so df=2. Correct. The critical value for df=2, α=0.05 is indeed 5.991. So the rejection region is χ² > 5.991.

Yes, that's right. The test statistic is 0.255, which is way less than 5.991, so we don't reject H₀. So conclusion is B.

Let me just confirm the expected values again. The problem states n=400. The null hypothesis is p₁=0.25, p₂=0.25, p₃=0.5. So expected counts are 400*0.25=100, 400*0.25=100, 400*0.5=200. Correct.

The observed counts are 102, 103, 195. So the deviations are +2, +3, -5. Squared deviations over expected: 4/100, 9/100, 25/200. Sum is 0.04 + 0.09 + 0.125 = 0.255. Correct.

So all parts check out.
</think>

[ANS]100,100,200,0.255,5.991,B

\boxed{100,100,200,0.255,5.991,B}"
