id,response
159,"Okay, let's see. I need to change these percentages into decimals. Hmm, percentages to decimals. I remember that to convert a percentage to a decimal, you divide by 100, right? Because percent means per hundred, so 1% is 0.01 in decimal. Let me think.

First problem: 7% = [ANS]. So 7% is 7 per 100, which is 7/100. Let me calculate that. 7 divided by 100 is 0.07. Wait, is that right? Let me check. If 100% is 1.0, then 1% is 0.01, so 7% should be 0.07. Yeah, that makes sense. So 7% = 0.07.

Second problem: 0.7% = [ANS]. Okay, so here the percentage is 0.7. So to convert to decimal, divide by 100. So 0.7 divided by 100. Let's do that. 0.7 / 100. Moving the decimal two places to the left. 0.7 becomes 0.007. Let me confirm. 1% is 0.01, so 0.1% is 0.001, so 0.7% is 0.7 times 0.01, which is 0.007. Yep, that's correct.

Third problem: 0.07% = [ANS]. Again, divide by 100. So 0.07 divided by 100. Let's see. 0.07 / 100. Moving the decimal two places to the left. 0.07 becomes 0.0007. Let me check. 1% is 0.01, so 0.01% is 0.0001, so 0.07% is 0.07 times 0.01, which is 0.0007. That seems right.

Let me recap to make sure I didn't make a mistake.

For 7%: 7% = 7/100 = 0.07. Correct.

For 0.7%: 0.7% = 0.7/100 = 0.007. Correct.

For 0.07%: 0.07% = 0.07/100 = 0.0007. Correct.

Yeah, that all checks out. So the answers should be 0.07, 0.007, and 0.0007.
</think>

To convert percentages into decimals, we divide each percentage by 100. This is because ""percent"" means ""per hundred,"" so dividing by 100 shifts the decimal point two places to the left.

---

### Step-by-step Conversion:

1. **$7\% = \frac{7}{100} = 0.07$**  
   - Move the decimal point in 7 two places to the left → 0.07

2. **$0.7\% = \frac{0.7}{100} = 0.007$**  
   - Move the decimal point in 0.7 two places to the left → 0.007

3. **$0.07\% = \frac{0.07}{100} = 0.0007$**  
   - Move the decimal point in 0.07 two places to the left → 0.0007

---

### Final Answers:

$$
\boxed{0.07, 0.007, 0.0007}
$$"
160,"Okay, let's try to figure out this problem. The question is: Fill in the missing blank and determine the appropriate property illustrated: \(1 \times \) [ANS] \( = \frac{22 + x}{y}\), uses [ANS]. 

First, I need to recall some basic algebra properties. The problem is showing a multiplication by 1 equals some fraction. I remember that multiplying by 1 is the identity property of multiplication, which states that any number multiplied by 1 is itself. So, if \(1 \times a = a\), then in this case, the [ANS] should be the right-hand side of the equation, which is \(\frac{22 + x}{y}\). 

Let me check that. If we have \(1 \times \frac{22 + x}{y}\), that should equal \(\frac{22 + x}{y}\) because multiplying by 1 doesn't change the value. So the missing blank here is \(\frac{22 + x}{y}\), and the property is the identity property of multiplication.

Wait, but the problem says ""uses [ANS]"" so maybe they want the name of the property. Let me read again. The problem says: ""Fill in the missing blank and determine the appropriate property illustrated: \(1 \times \) [ANS] \( = \frac{22 + x}{y}\), uses [ANS]"". So the first [ANS] is the missing term in the equation, and the second [ANS] is the property name.

Let me parse it. The equation is \(1 \times \text{[ANS]} = \frac{22 + x}{y}\). So we need to find what goes in the first blank. Since 1 times something equals that fraction, the something must be the fraction itself. Because 1 times any number is that number. So the first blank is \(\frac{22 + x}{y}\).

Then, the property illustrated is the identity property of multiplication. Because multiplying by 1 leaves the number unchanged.

Let me verify. Suppose the first blank is \(a\), then \(1 \times a = \frac{22 + x}{y}\). Therefore, \(a = \frac{22 + x}{y}\). So the missing blank is \(\frac{22 + x}{y}\), and the property is identity property of multiplication.

Is there any other possibility? For example, could it be the multiplicative inverse? But multiplicative inverse is when you multiply by 1/x to get 1, but here it's 1 times something equals something else, so it's definitely the identity property.

Yes, the identity property of multiplication states that for any number \(a\), \(1 \times a = a\). So in this case, the equation is \(1 \times \frac{22 + x}{y} = \frac{22 + x}{y}\), which is exactly the identity property.

So the first blank (the missing term) is \(\frac{22 + x}{y}\), and the property is ""identity property of multiplication"".

Wait, the problem says ""Fill in the missing blank and determine the appropriate property illustrated"". The problem statement has two [ANS] placeholders. Let me check the original problem again: ""$1 \times$ [ANS] $=\frac{22+x}{y}$, uses [ANS]"". So the first [ANS] is the term being multiplied by 1, and the second [ANS] is the property name.

So the answer should be two parts: the first is \(\frac{22 + x}{y}\) and the second is ""identity property of multiplication"".

But the problem says ""If the problem asks for multiple values or has multiple fill-in-the-blank placeholders, list all answers in order inside a single \boxed{}, separated by commas"". So we need to write both answers in order, separated by commas inside the box.

Let me confirm. Let's think: if we have \(1 \times A = B\), then A must be B, so A is \(\frac{22 + x}{y}\). The property is identity property of multiplication.

Yes, that seems right. I don't think there's any trick here. The key is recognizing that multiplying by 1 gives the same number, so the missing term is the right-hand side, and the property is identity.

I think that's it. So the answers are \(\frac{22 + x}{y}\) and ""identity property of multiplication"".

Wait, but maybe they want the property name in a specific way, like ""multiplicative identity"" or ""identity property of multiplication"". Let me recall standard terminology. In math, the identity property for multiplication is often called the ""multiplicative identity property"" or ""identity property of multiplication"". Both are correct, but maybe the problem expects a specific phrase.

Let me check. For example, in some textbooks, it's called the ""multiplicative identity property"" or ""identity property (multiplication)"". The problem says ""the appropriate property illustrated"", so probably ""identity property of multiplication"" is the answer.

So the two answers are: first blank is \(\frac{22 + x}{y}\), second is ""identity property of multiplication"".

But the problem says ""list all answers in order inside a single \boxed{}, separated by commas"". So we need to write them as \(\boxed{\dfrac{22 + x}{y}, \text{identity property of multiplication}}\).

Wait, but the problem might expect the property name to be in a specific format. Let me think if there's another possible property. For example, could it be the commutative property? No, because commutative is about order, like a*b = b*a. Here it's 1 times something, which is identity.

Or associative? No, associative is about grouping, like (a*b)*c = a*(b*c). Not relevant here.

So definitely identity property of multiplication.

Another check: if the equation was \(1 \times a = a\), then the property is identity. Here, a is \(\frac{22 + x}{y}\), so the equation is \(1 \times \frac{22 + x}{y} = \frac{22 + x}{y}\), which is the identity property.

Yes, that's correct.

So the missing blank is \(\frac{22 + x}{y}\), and the property is ""identity property of multiplication"".

I think that's the answer.
</think>

To solve the problem, we are given the equation:

$$
1 \times \text{[ANS]} = \frac{22 + x}{y}
$$

and asked to **fill in the missing blank** and **determine the appropriate property illustrated**.

---

### Step 1: Understand the Equation

We are told that multiplying a number by 1 results in the same number. This is a fundamental property of multiplication known as the **identity property of multiplication**.

In general, for any real number $ a $, it holds that:

$$
1 \times a = a
$$

So, if we have:

$$
1 \times \text{[ANS]} = \frac{22 + x}{y}
$$

Then, the only value that satisfies this equation is:

$$
\text{[ANS]} = \frac{22 + x}{y}
$$

This is because multiplying anything by 1 gives back the original number — in this case, the expression $ \frac{22 + x}{y} $.

---

### Step 2: Identify the Property

The identity property of multiplication states that multiplying any number by 1 yields the same number. Since the left-hand side of the equation is $ 1 \times \text{[ANS]} $, and the right-hand side is $ \frac{22 + x}{y} $, this confirms that the **identity property of multiplication** is being illustrated.

There is no other standard algebraic property that fits this context. Properties like commutativity or associativity involve different operations or groupings, which do not apply here.

---

### Final Answer

The two answers required are:

- The missing blank: $ \frac{22 + x}{y} $
- The property illustrated: **identity property of multiplication**

Thus, the final answer is:

$$
\boxed{\dfrac{22 + x}{y}, \text{identity property of multiplication}}
$$"
161,"This is a complex or challenging question, and it is difficult to provide a direct and correct answer. I need to think about it.
Well, so we have a set A with 2025 positive real numbers. Let's denote the elements of A in increasing order to make things concrete, maybe that will help. Let's let A = {a₁, a₂, ..., aₙ} where n = 2025, so a₁ < a₂ < ... < aₙ, and max(A) = aₙ, which is what we'll be comparing to. The problem wants P(A) - Q(A) ≤ C * aₙ for all such A, find the smallest such C.

First, let's recall what P and Q are: P is the sum over all odd-sized subsets of their medians, Q is the sum over all even-sized subsets of their medians. So the difference P - Q is the sum over all subsets T of (-1)^{|T|} M_T? Wait, no: for odd |T|, it's +M_T, even |T| is -M_T, so yes! Wait, hold on: P - Q = sum_{T ⊆ A} (-1)^{|T| + 1} M_T? Wait, no, let's check:

If |T| odd: term in P is +M_T, term in Q is 0, so total +M_T for odd T.

If |T| even: term in P is 0, term in Q is +M_T, so total -M_T for even T.

Therefore, P - Q = sum_{T ⊆ A, |T| odd} M_T - sum_{T ⊆ A, |T| even} M_T = sum_{T ⊆ A} (-1)^{|T| + 1} M_T? Wait, no: for |T| odd, (-1)^{|T|} = -1, so maybe better to write as sum_{T ⊆ A} c_T M_T where c_T = 1 if |T| odd, -1 if |T| even. So c_T = (-1)^{|T| + 1}? Wait, |T|=0: even, c_T = -1 (since T=∅ is even, M_∅=0, so doesn't matter), |T|=1: odd, c_T=1, |T|=2: even, c_T=-1, yes, so c_T = (-1)^{|T| + 1} = -(-1)^{|T|}. But maybe instead of worrying about signs, let's think about how to compute the total sum over all subsets with a sign depending on size of median.

Another approach: for each element in A, figure out how many times it contributes to P - Q, i.e., for each a_i, how many subsets T where M_T = a_i, and then multiply by the sign (1 if |T| odd, -1 if |T| even), then sum over i. That seems promising because medians are determined by the subset's order, so maybe we can fix a_i and count the number of subsets where a_i is the median, then multiply by the sign depending on the subset's size.

Yes, let's formalize that. Let's fix an element a_k in the ordered set A = {a₁ < a₂ < ... < aₙ}, n=2025. When is a_k the median of a subset T? Well, for a subset T, when arranged in order, the median is the middle element if |T| is odd. So for |T| = 2m + 1 (odd), the median is the (m+1)th smallest element in T. So for a_k to be the median of T (with |T| odd), T must contain a_k, and exactly m elements from {a₁, ..., a_{k-1}} and exactly m elements from {a_{k+1}, ..., aₙ}, for some m ≥ 0. Wait, but hold on: if |T| is even, there is no single median, right? Wait, no! Wait, the problem says ""the median of T when all elements of T are arranged in increasing order, with the convention that M_∅ = 0"". Wait, hold on! For even-sized subsets, do they have a median? Wait, the problem says ""for a subset T ⊆ A, define M_T as the median of T..."", but then in the definitions of P and Q, they split into odd and even subsets. Wait, maybe I misinterpreted the median for even-sized subsets?

Wait, wait, wait! The problem says: ""the median of T when all elements of T are arranged in increasing order, with the convention that M_∅ = 0"". Hmm, in standard definitions, for even-sized sets, there is no single median, but maybe in this problem, they are using a specific convention? Wait, but hold on: the problem defines P as sum over odd-sized subsets (so those have a unique median, the middle one) and Q as sum over even-sized subsets (so for even-sized subsets, they must have some median defined? Wait, but the problem says ""with the convention that M_∅ = 0"", but for non-empty even subsets, what's the median?

Wait, this is critical. Let's check the problem statement again: ""For a subset T ⊆ A, define M_T as the median of T when all elements of T are arranged in increasing order, with the convention that M_∅ = 0"". Wait, maybe in the problem, for even-sized subsets, they take the lower median or upper median? But the problem says ""the median"", implying a unique median for each subset? Wait, no, actually, in some contexts, for even n, the median is taken as the average of the two middle numbers, but here it's a set of positive real numbers, and the problem says ""the median"", but then in P and Q, they have sums over odd and even subsets, so probably for even-sized subsets, they don't have a median? Wait, no, the problem says ""define M_T for all subsets T"", so M_T must be defined for all T, including even-sized ones.

Wait, hold on! Wait, the problem says: ""with the convention that M_∅ = 0"". Maybe for non-empty even subsets, they use some convention, but actually, wait a second—maybe the problem has a typo? Wait, no, let's think differently. Wait, in the problem statement, when they say ""the median of T when all elements of T are arranged in increasing order"", for a set with even size, there are two middle elements. But in combinatorics problems like this, sometimes ""median"" for a subset of size 2m is defined as the m-th smallest element? Wait, no, let's check the original problem's context.

Wait, but here's a key point: the problem is asking for P(A) - Q(A), where P is odd subsets, Q is even subsets. So maybe for even-sized subsets, even though they have a ""median"" defined (by some convention), but when we take the difference P - Q, the even subsets contribute negatively, but maybe the crucial thing is that for the purpose of the difference P - Q, we can express it as a sum over all subsets T of (-1)^{|T| + 1} M_T? Wait, no, let's not get confused.

Wait, let's take a tiny example with a small set, say n=1 (even though the problem has n=2025, but small n to test). Let A = {a₁}, so only subsets: ∅ (even, M=0), {a₁} (odd, M=a₁). Then P = M_{ {a₁} } = a₁, Q = M_∅ = 0, so P - Q = a₁. max(A)=a₁, so C ≥ 1 here.

n=2: A={a₁,a₂}, a₁<a₂. Subsets:

∅: even, M=0

{a₁}: odd, M=a₁

{a₂}: odd, M=a₂

{a₁,a₂}: even, need to define M_T here. If they take lower median = a₁, upper median = a₂, average = (a₁+a₂)/2, but problem says ""the median"", so maybe in this problem, for even-sized subsets, they don't have a median? Wait, but the problem says ""for a subset T ⊆ A, define M_T..."", so it must be defined for all T. Wait, maybe the problem is from a competition where ""median"" for even-sized sets is defined as the lower one? Wait, but let's see the problem statement again: it says ""the median of T when all elements of T are arranged in increasing order"". In some contexts, for even n, the median is the (n/2)th element, so for size 2, median is the 1st element? Wait, no, usually it's the average, but here since it's a sum of medians, and we need to get a linear expression, maybe the problem actually uses the convention that for a subset of size k, the median is the (⌈k/2⌉)th smallest element? Wait, for odd k=2m+1, median is (m+1)th, which is standard. For even k=2m, maybe they take the m-th smallest? Wait, but let's check the problem's definition: it says ""with the convention that M_∅ = 0"", so maybe for non-empty subsets, they have a median, but let's see if we can figure out from the problem's intention.

Wait, here's a better idea: maybe in the problem, when they say ""the median"" for a subset T, they mean the median in the sense that for the difference P - Q, the contribution from each element can be calculated by considering how many times it's the median in odd subsets minus how many times in even subsets. But actually, let's look up similar problems or standard techniques for sums of medians over subsets.

Wait, another thought: in some combinatorial problems, the sum over all subsets of the median (with some sign) can be related to the number of subsets where the median is at least a certain value, but here we have a signed sum: + for odd subsets, - for even subsets.

Wait, let's go back to the element-wise contribution idea, but let's suppose that for a subset T, M_T is defined such that for each element a_i, it contributes to M_T only if it's the median, but maybe for the purpose of the difference P - Q, we can model it as follows:

Let’s denote for each subset T, let s(T) = (-1)^{|T| + 1}, so that P - Q = sum_{T ⊆ A} s(T) M_T. Wait, for |T| odd: s(T) = (-1)^{odd + 1} = (-1)^{even} = 1, correct; for |T| even: s(T) = (-1)^{even + 1} = -1, correct; and for T=∅, |T|=0 even, s(T)=-1, but M_∅=0, so doesn't matter. So yes, P - Q = sum_{T ⊆ A} (-1)^{|T| + 1} M_T = - sum_{T ⊆ A} (-1)^{|T|} M_T.

But maybe instead of signs, let's fix an element a_k and compute how many subsets T have M_T = a_k, multiplied by the sign depending on |T| (1 if |T| odd, -1 if |T| even). Let's assume that for a subset T, a_k is the median iff T contains a_k, and has exactly m elements less than a_k and m elements greater than a_k, for some m ≥ 0. Wait, that would be true if |T| = 2m + 1 (odd), which is the standard median for odd-sized sets. But what about even-sized sets? If |T| is even, say 2m, then for there to be a median (in the problem's sense), maybe they define it as the m-th smallest element? Wait, but the problem says ""the median"", so maybe in this problem, the median is only defined for odd-sized subsets? But no, the problem defines M_T for all subsets, including even-sized ones (since Q is sum over even-sized subsets).

Wait, hold on! Wait a second! The problem says: ""For a subset T ⊆ A, define M_T as the median of T when all elements of T are arranged in increasing order, with the convention that M_∅ = 0"". Maybe in this problem, ""median"" for a set with even size is not defined, but the problem has a typo? Wait, no, because they have Q as sum over even-sized subsets, so M_T must be defined for even-sized subsets. Wait, let's check the problem statement once more: it's from an Olympiad-style problem, so maybe in this context, for a subset of size 2m, the median is the m-th smallest element? Wait, for example, in some programming problems, median for even n is the lower median. Let's test with n=2.

Suppose A = {a, b}, a < b.

Subsets:

∅: M=0 (given)

{a}: size 1 (odd), median = a

{b}: size 1 (odd), median = b

{a,b}: size 2 (even), median = ? If they take the first median (lower), it's a; if upper, it's b; if average, (a+b)/2.

Let's compute P - Q for each case.

Case 1: Even-sized subsets have median = lower median (a for {a,b})

Then P = sum odd subsets = a + b

Q = sum even subsets = 0 + a (since ∅ has M=0, {a,b} has M=a)

Thus P - Q = (a + b) - (0 + a) = b

max(A) = b, so P - Q = b = 1 * max(A), so C ≥ 1 here.

Case 2: Even-sized subsets have median = upper median (b for {a,b})

Then Q = 0 + b, so P - Q = (a + b) - b = a < b, so here P - Q = a < max(A), so C could be less, but wait, but we need it for all sets, so we have to take the worst case (max over A of (P - Q)/max(A)), so we need to consider the definition that gives the largest possible P - Q / max(A).

Case 3: Even-sized subsets have median = average ( (a+b)/2 )

Then Q = 0 + (a+b)/2, P - Q = (a + b) - (a + b)/2 = (a + b)/2 < b (since a < b), so smaller than case 1.

Ah, so probably the problem uses the lower median for even-sized subsets? Wait, but in case 1, we got P - Q = b, which is equal to max(A), but let's check n=3 to see.

Take A = {a, b, c}, a < b < c, max(A)=c.

Subsets:

Size 0: ∅, M=0 (even)

Size 1: {a}, {b}, {c}, all odd, medians = a, b, c

Size 2: {a,b}, {a,c}, {b,c}, even subsets, need to define medians. If lower median: for {a,b} median=a, {a,c} median=a, {b,c} median=b

Size 3: {a,b,c}, odd, median=b

Now compute P = sum odd subsets (size 1,3): {a}→a, {b}→b, {c}→c, {a,b,c}→b ⇒ P = a + b + c + b = a + 2b + c

Q = sum even subsets (size 0,2): ∅→0, {a,b}→a, {a,c}→a, {b,c}→b ⇒ Q = 0 + a + a + b = 2a + b

Thus P - Q = (a + 2b + c) - (2a + b) = -a + b + c

Now, what's the maximum of this over a,b,c > 0 with a < b < c? Let's set a approaching 0, b approaching c, then P - Q ≈ 0 + c + c = 2c? Wait, no: if a→0, b→c, then -a + b + c → 0 + c + c = 2c. Wait, but hold on, is that correct? Wait, in size 2 subsets: if we take lower median, yes, {a,b} median=a, {a,c} median=a, {b,c} median=b, so that's right.

Wait, but in the problem statement, it says ""the median of T when all elements of T are arranged in increasing order"". For a set of two elements, the median is usually the average, but maybe in this problem, for the sake of the problem, they consider that for even-sized subsets, the median is not a single value, but wait no—wait, the problem must have a consistent definition. Wait, but in the n=3 case, if we take the standard median for even-sized subsets as the lower one (which is common in some contexts), we get P - Q = -a + b + c. To maximize this, we want a as small as possible, b as large as possible, but b < c, so set a→0, b→c, then P - Q→2c, so ratio→2.

Wait, but let's check another definition for even-sized subsets. Suppose for even-sized subsets, they don't have a median? But the problem defines M_T for all subsets, so that can't be. Wait, wait! Wait a second! Maybe the problem has a misstatement, and actually, Q is sum over even-sized subsets of something else? No, the problem says: ""P(A) = sum_{T ⊆ A, |T| odd} M_T, Q(A) = sum_{T ⊆ A, |T| even} M_T"". So Q is over even-sized subsets, so M_T must be defined for even-sized subsets.

But here's a critical realization: in the problem statement, it says ""the median of T when all elements of T are arranged in increasing order"". In some mathematical contexts, especially in combinatorics when dealing with medians for subsets, for a subset of size k, the median is the (⌊k/2⌋ + 1)th smallest element? Wait, for k odd: ⌊k/2⌋ + 1 = (k+1)/2, which is the middle element, correct. For k even: ⌊k/2⌋ + 1 = k/2 + 1? Wait, no, ⌊4/2⌋ + 1 = 2 + 1? No, ⌊4/2⌋=2, so 2 + 1=3? That would be the third element, which is the upper median for size 4. Wait, maybe the problem is using the convention that for any subset T, M_T is the median in the sense that it's the value such that at least half the elements are ≤ M_T and at least half are ≥ M_T, but for discrete sets, it's a specific element.

Wait, but maybe instead of getting stuck on the definition, let's think about the problem's goal: it wants the smallest C such that for any A, P - Q ≤ C * max(A). So we need to find the supremum over all A of (P - Q)/max(A), then that's C.

To find the supremum, we can assume without loss of generality that max(A) = 1, by scaling (since the problem is homogeneous: if we scale all elements by t > 0, P and Q scale by t, max(A) scales by t, so the ratio is invariant). So let's set max(A) = 1, so let A = {a₁, a₂, ..., aₙ} with 0 < a₁ < a₂ < ... < aₙ = 1, n=2025.

Now, to maximize P - Q, we want to make the smaller elements as small as possible (since they might be subtracted or added, but we need to see the sign), and the larger elements as large as possible, but since max is fixed at 1, we can set a₁ = a₂ = ... = a_{n-1} = ε, a small ε > 0, and a_n = 1. Wait, maybe setting all elements except the largest to be equal to some small ε will help, because then the medians of subsets might be determined by how many small elements are in the subset.

Let's try this strategy: let A = {x, x, ..., x, 1} where there are k copies of x (but wait, the problem says ""set"", so elements are distinct? Wait, wait! Wait, the problem says ""a set of 2025 positive real numbers"". Oh! Important point: it's a set, so all elements are distinct positive reals. So we can't have repeated elements. But we can take elements arbitrarily close to each other, so for the purpose of limits, we can consider sets where all elements except the largest are equal to some small ε > 0, and the largest is 1. Since it's a set, we can take a₁ = ε, a₂ = ε + δ, ..., a_{n-1} = 1 - δ, a_n = 1 for small δ > 0, so that all are distinct and ordered.

But maybe for simplicity, take the limit as ε → 0+ and all other elements approach 0 from above, so that all elements except the largest are negligible compared to the largest. Let's formalize this: let A = {ε, ε + δ, ε + 2δ, ..., 1 - δ, 1} where ε > 0, δ > 0 are small, and n=2025 elements. As ε, δ → 0+, all elements except 1 are ≈ 0, so we can approximate M_T for subsets T as follows: if T contains 1, then M_T is at least the smallest element in T (if T has one element, it's the element itself), but maybe better to take the case where all elements are equal to 0 except the largest is 1, but since it's a set, we can't have duplicates, but in the limit as we make the smaller elements go to 0, the medians will be determined by the presence of 1 or not.

Wait, let's take n=3 first (small n, maybe we can find a pattern) with A = {a, b, 1}, 0 < a < b < 1.

Subsets:

- ∅ (even): M=0
- {a} (odd): M=a
- {b} (odd): M=b
- {1} (odd): M=1
- {a,b} (even): need to define M. Let's suppose for even-sized subsets, the median is the smaller of the two elements (lower median), as in case 1 earlier.
- {a,1} (even): lower median = a
- {b,1} (even): lower median = b
- {a,b,1} (odd): median = b (since ordered a < b < 1, middle element is b)

Then P = sum odd subsets: {a}+{b}+{1}+{a,b,1} = a + b + 1 + b = a + 2b + 1

Q = sum even subsets: ∅ + {a,b} + {a,1} + {b,1} = 0 + a + a + b = 2a + b

Thus P - Q = (a + 2b + 1) - (2a + b) = -a + b + 1

Now, to maximize this over 0 < a < b < 1. Take a → 0+, b → 1-, then P - Q → 0 + 1 + 1 = 2. So the supremum is 2 for n=3? Wait, but earlier when I thought n=3, I had a similar expression.

Wait, let's check n=1: A={a}, P = a, Q=0, P-Q=a, max=a, ratio=1.

n=2: A={a,b}, a < b=1 (set, so a < 1)

Subsets:

∅ (even): 0

{a} (odd): a

{b} (odd): 1

{a,b} (even): lower median = a (assuming lower median for even)

P = a + 1

Q = 0 + a

P - Q = 1

So ratio=1 for n=2? Wait, but in n=2, can we get higher? If we take upper median for even subsets: {a,b} median=1, then Q=0+1, P-Q=a+1 -1 = a < 1, so worse (smaller ratio). So lower median gives ratio=1 for n=2.

n=3: as above, ratio can approach 2.

n=4: let's try to compute with A={a,b,c,1}, 0 < a < b < c < 1.

Assume lower median for even subsets (so for even k=2m, median is the m-th smallest element in T).

First, list all subsets by size:

Size 0 (even): ∅, M=0

Size 1 (odd): {a}, {b}, {c}, {1}, medians=a,b,c,1

Size 2 (even): {a,b}, {a,c}, {a,1}, {b,c}, {b,1}, {c,1}, medians (lower): a,a,a,b,b,c (since for two elements, lower median is the smaller one)

Size 3 (odd): {a,b,c}, {a,b,1}, {a,c,1}, {b,c,1}, medians (middle element): for {a,b,c} (ordered a<b<c), median=b; {a,b,1} (a<b<1), median=b; {a,c,1} (a<c<1), median=c; {b,c,1} (b<c<1), median=c

Size 4 (even): {a,b,c,1}, median (lower median for size 4: 2nd smallest element), so ordered a<b<c<1, median=b

Now compute P = sum odd subsets (sizes 1,3):

Size 1: a + b + c + 1

Size 3: b + b + c + c = 2b + 2c

Total P = (a + b + c + 1) + (2b + 2c) = a + 3b + 3c + 1

Q = sum even subsets (sizes 0,2,4):

Size 0: 0

Size 2: a + a + a + b + b + c = 3a + 2b + c (wait, earlier I listed size 2 subsets: 6 subsets, medians as a,a,a,b,b,c – yes, {a,b}=a, {a,c}=a, {a,1}=a, {b,c}=b, {b,1}=b, {c,1}=c, so sum=3a + 2b + c)

Size 4: b (as above)

Total Q = 0 + (3a + 2b + c) + b = 3a + 3b + c

Thus P - Q = (a + 3b + 3c + 1) - (3a + 3b + c) = -2a + 2c + 1

Now, maximize over 0 < a < b < c < 1. Take a→0+, c→1-, then P - Q → 0 + 2*1 + 1 = 3? Wait, hold on: -2a + 2c + 1 → 2*1 + 1 = 3? Wait, but c < 1, so approaching 3 from below.

Wait, let's verify the medians again for size 4 subset: {a,b,c,1} ordered, size 4, lower median is 2nd element, which is b, correct (1st=a, 2nd=b, 3rd=c, 4th=1). Size 3 subsets: {a,b,c} median=b (3rd element? No, size 3, median is 2nd element: a < b < c, so median=b, correct; {a,b,1}: a < b < 1, median=b, correct; {a,c,1}: a < c < 1, median=c (2nd element), correct; {b,c,1}: b < c < 1, median=c (2nd element), correct. Size 2 subsets: lower median is smaller element, correct. Size 1: median is the element, correct. Size 0: 0, correct.

So for n=4, P - Q = -2a + 2c + 1, so as a→0, c→1, P - Q→3. Hmm, n=1: ratio=1, n=2: ratio=1, n=3: ratio→2, n=4: ratio→3? Wait, n=1:1, n=2:1, n=3:2, n=4:3... Wait, n=1:1= (1+1)/2? No, n=1:1, n=2:1, n=3:2, n=4:3... Wait, for n=3, we had P - Q = -a + b + 1, and with n=3, number of elements is 3, so maybe (n-1)/2? Wait n=3: (3-1)/2=1, but we got 2. Wait n=4: 3=(4-1)? No, 4-1=3, n=3: 3-1=2, n=2: 2-1=1, n=1:1-1=0, but n=1 was 1. Wait, let's tabulate:

n=1 (odd): P - Q = a₁, max=a₁ ⇒ ratio=1

n=2 (even): P - Q = 1*max ⇒ ratio=1

n=3 (odd): as computed, P - Q = -a + b + c (with c=max), so to maximize, set a→0, b→c, so P - Q→c + c = 2c ⇒ ratio→2

n=4 (even): P - Q = -2a + 2c + 1 (with c=max=1), so set a→0, c→1 ⇒ P - Q→2*1 + 1=3? Wait, but in n=4, c is the second largest? Wait no, in n=4, we had A={a,b,c,1} with a < b < c < 1, so 1 is the max, c is the third largest. Wait, maybe I mislabeled the indices.

Let's reset the labeling for general n: let A = {x₁, x₂, ..., xₙ} with 0 < x₁ < x₂ < ... < xₙ = M (max), so we can set M=1 for simplicity.

For a subset T, let's define M_T as the (⌊|T|/2⌋ + 1)th smallest element in T? Wait, for |T|=2m-1 (odd), ⌊(2m-1)/2⌋ + 1 = m - 1 + 1 = m, which is the m-th smallest, i.e., the median (middle element), correct. For |T|=2m (even), ⌊2m/2⌋ + 1 = m + 1, which is the (m+1)th smallest, i.e., the upper median. Wait, but in our n=3 case, if we take upper median for even subsets, let's see what happens.

n=3, A={x₁,x₂,x₃}, x₁<x₂<x₃=1.

Even subsets: size 0 (∅, M=0), size 2: {x₁,x₂} (upper median=x₂), {x₁,x₃} (upper median=x₃), {x₂,x₃} (upper median=x₃)

Then P = size 1 + size 3: x₁ + x₂ + x₃ + x₂ = x₁ + 2x₂ + x₃

Q = size 0 + size 2: 0 + x₂ + x₃ + x₃ = x₂ + 2x₃

P - Q = x₁ + 2x₂ + x₃ - x₂ - 2x₃ = x₁ + x₂ - x₃ < 0, which is bad (we want positive difference, since we want upper bound, so probably the problem uses lower median for even subsets to get positive contributions).

Wait, in the n=3 case with lower median for even subsets, we had P - Q = -x₁ + x₂ + x₃, which is positive (since x₂ + x₃ > x₁), and as x₁→0, x₂→x₃, it approaches 2x₃.

In n=4 with lower median for even subsets, we had P - Q = -2x₁ + 2x₃ + x₄ (wait, in my earlier n=4 calculation, I think I messed up the indices: let's do n=4 properly with x₁ < x₂ < x₃ < x₄=1.

Size 1 subsets (odd): medians = x₁, x₂, x₃, x₄ ⇒ sum = S1 = x₁ + x₂ + x₃ + x₄

Size 3 subsets (odd): for each 3-element subset, median is the 2nd smallest element in the subset. So:

- Subset {x₁,x₂,x₃}: ordered x₁<x₂<x₃, median=x₂

- Subset {x₁,x₂,x₄}: ordered x₁<x₂<x₄, median=x₂

- Subset {x₁,x₃,x₄}: ordered x₁<x₃<x₄, median=x₃

- Subset {x₂,x₃,x₄}: ordered x₂<x₃<x₄, median=x₃

Sum of size 3 medians = x₂ + x₂ + x₃ + x₃ = 2x₂ + 2x₃

Total P = S1 + (size 3 sum) = x₁ + x₂ + x₃ + x₄ + 2x₂ + 2x₃ = x₁ + 3x₂ + 3x₃ + x₄

Size 0 (even): M=0

Size 2 (even): for each 2-element subset, median = lower median = smaller element (1st smallest in the subset)

Subsets:

{x₁,x₂}: median=x₁

{x₁,x₃}: median=x₁

{x₁,x₄}: median=x₁

{x₂,x₃}: median=x₂

{x₂,x₄}: median=x₂

{x₃,x₄}: median=x₃

Sum of size 2 medians = 3x₁ + 2x₂ + x₃

Size 4 (even): subset {x₁,x₂,x₃,x₄}, ordered, size 4, median = lower median? Wait, for size 4, what's the median? If we follow the pattern: for size k, median is the ⌈k/2⌉th smallest element? For k=1: ⌈1/2⌉=1, good; k=2: ⌈2/2⌉=1, lower median; k=3: ⌈3/2⌉=2, good; k=4: ⌈4/2⌉=2, so 2nd smallest element, which is x₂.

Yes! That's a standard convention for ""median"" in some contexts: the ⌈k/2⌉th smallest element of a k-element set. For k odd, ⌈k/2⌉=(k+1)/2, which is the middle element (correct median). For k even, ⌈k/2⌉=k/2 + 1? Wait no: ⌈4/2⌉=2, yes, 2nd smallest for k=4. Wait, ⌈k/2⌉ for k=2 is 1, k=4 is 2, so yes, for even k=2m, it's the m-th smallest element (lower median), for odd k=2m+1, it's the (m+1)th smallest (middle element). That matches what we did for n=3 and n=4 with lower median for even subsets (since for k=2, m=1, m-th smallest=1st=lower median; k=4, m=2, 2nd smallest=lower median for k=4? Wait, actually, for k=4, the two middle elements are 2nd and 3rd, so lower median is 2nd, upper is 3rd, so yes, ⌈k/2⌉=2 for k=4 is lower median.

Okay, so let's adopt this convention: for a subset T with |T|=k ≥ 1, M_T is the ⌈k/2⌉th smallest element in T (when T is ordered), and M_∅=0. This seems consistent for the problem, as it gives a well-defined median for each subset (a single element, the lower median for even k).

Great, so now we have a clear definition: for any non-empty T ⊆ A, M_T = t where t is the ⌈|T|/2⌉th smallest element in T; for T=∅, M_T=0.

Now, let's formalize for a fixed element x_i (where A = {x₁ < x₂ < ... < xₙ}, n=2025, xₙ=max(A)=M, we'll set M=1 for scaling).

We want to compute for each x_i, the total contribution to P - Q from subsets where M_T = x_i. That is, for each subset T with M_T = x_i, we add x_i if |T| is odd (since those are in P), subtract x_i if |T| is even (since those are in Q). So total contribution of x_i is x_i * (N_odd(i) - N_even(i)), where N_odd(i) is the number of subsets T with M_T = x_i and |T| odd, N_even(i) is the number with M_T = x_i and |T| even.

Therefore, P - Q = sum_{i=1}^n x_i * (N_odd(i) - N_even(i)).

Our goal is to find the maximum over all A (i.e., over all x₁ < ... < xₙ) of (P - Q)/xₙ, then C is that maximum (since we can scale).

To maximize this ratio, we can set xₙ=1 (by homogeneity), and set x₁, ..., x_{n-1} as small as possible (since they might have negative coefficients, so to maximize the total, we want small x_i with negative coefficients to not drag down the sum, and large x_i with positive coefficients to contribute more). Wait, but we need to see for each i, what is the sign of (N_odd(i) - N_even(i)).

Let's compute N_odd(i) - N_even(i) for a fixed i.

When is M_T = x_i? M_T = x_i iff in the subset T, when ordered, x_i is the ⌈|T|/2⌉th smallest element. Let's let T contain x_i, and let a = number of elements in T smaller than x_i (i.e., from {x₁, ..., x_{i-1}}), and b = number of elements in T larger than x_i (i.e., from {x_{i+1}, ..., xₙ}).

So T = S ∪ {x_i} ∪ L, where S ⊆ {x₁, ..., x_{i-1}}, L ⊆ {x_{i+1}, ..., xₙ}, |S|=a, |L|=b, a ≥ 0, b ≥ 0, integers.

The size of T is |T| = a + b + 1.

The ⌈|T|/2⌉th smallest element in T is x_i iff x_i is the (a + 1)th smallest element in T? Wait, no: in T, the smallest elements are S (size a), then x_i, then L (size b). So the order is S (a elements) < x_i < L (b elements). Therefore, the k-th smallest element in T is:

- For k = 1 to a: elements of S (smallest a elements)

- k = a + 1: x_i

- For k = a + 2 to a + 1 + b: elements of L (larger b elements)

Therefore, M_T = x_i iff ⌈|T|/2⌉ = a + 1.

Since |T| = a + b + 1, we have ⌈(a + b + 1)/2⌉ = a + 1.

Let's solve this equation for integers a, b ≥ 0.

Case 1: a + b + 1 is odd ⇒ (a + b + 1)/2 is integer, so ⌈(a + b + 1)/2⌉ = (a + b + 1)/2 = a + 1 ⇒ a + b + 1 = 2a + 2 ⇒ b = a + 1.

Case 2: a + b + 1 is even ⇒ (a + b + 1)/2 is half-integer, so ⌈(a + b + 1)/2⌉ = (a + b + 2)/2 = a + 1 ⇒ a + b + 2 = 2a + 2 ⇒ b = a.

Wait, let's check with examples.

Take a=0 (no elements smaller than x_i), b=0 (no elements larger): |T|=1, ⌈1/2⌉=1, so k=1, which is x_i (since S=∅, L=∅), so M_T=x_i. Check equation: ⌈(0+0+1)/2⌉=1, a+1=1, so holds. Which case? |T|=1 odd, so case 1: b = a + 1? 0 = 0 + 1? No, so maybe my case analysis was off.

Wait, better to write ⌈m/2⌉ = t iff m = 2t - 1 or m = 2t for t ≥ 1.

Here, m = |T| = a + b + 1, t = a + 1 (since M_T = x_i iff t-th smallest is x_i, so t = ⌈m/2⌉).

Thus, ⌈m/2⌉ = t ⇨ m = 2t - 1 or m = 2t.

Substitute m = a + b + 1, t = a + 1:

m = 2t - 1 ⇨ a + b + 1 = 2(a + 1) - 1 ⇨ a + b + 1 = 2a + 1 ⇨ b = a

m = 2t ⇨ a + b + 1 = 2(a + 1) ⇨ a + b + 1 = 2a + 2 ⇨ b = a + 1

Ah, there we go! So for M_T = x_i, we must have either:

- b = a (so m = a + b + 1 = 2a + 1, odd, and t = a + 1 = ⌈m/2⌉ since m=2a+1 ⇒ ⌈m/2⌉=a+1), or

- b = a + 1 (so m = a + b + 1 = 2a + 2, even, and t = a + 1 = ⌈m/2⌉ since m=2a+2 ⇒ ⌈m/2⌉=a+1)

Yes! Let's verify with a=0, b=0: b=a ⇒ m=1 (odd), t=0+1=1, correct, M_T=x_i.

a=0, b=1: b=a+1 ⇒ m=2 (even), t=1, ⌈2/2⌉=1, correct, so for T={x_i, x_{i+1}}, ordered x_i < x_{i+1}, 1st smallest is x_i, so M_T=x_i (which matches t=1).

a=1, b=1: b=a ⇒ m=3 (odd), t=2, ⌈3/2⌉=2, so M_T is 2nd smallest in T, which is x_i (since T has 1 small, x_i, 1 large), correct.

a=1, b=2: b=a+1 ⇒ m=4 (even), t=2, ⌈4/2⌉=2, so M_T is 2nd smallest in T, which is x_i (T has 1 small, x_i, 2 large), ordered [small] < x_i < [two large], so 2nd smallest is x_i, correct.

Perfect, so this characterization works:

For a subset T containing x_i, M_T = x_i if and only if:

- Either b = a (where a = |S|, b = |L|), in which case |T| = 2a + 1 (odd), so these subsets contribute to N_odd(i), or

- Or b = a + 1 (where a = |S|, b = |L|), in which case |T| = 2a + 2 (even), so these subsets contribute to N_even(i).

Great! So now we can write:

For each i, N_odd(i) = sum_{a=0}^{a_max} [number of subsets S ⊆ {x₁,...,x_{i-1}} with |S|=a] * [number of subsets L ⊆ {x_{i+1},...,xₙ} with |L|=a]

Similarly, N_even(i) = sum_{a=0}^{b_max} [number of subsets S ⊆ {x₁,...,x_{i-1}} with |S|=a] * [number of subsets L ⊆ {x_{i+1},...,xₙ} with |L|=a + 1]

Let's denote:

- Left side: L_i = number of elements less than x_i = i - 1 (since x₁ < ... < x_i, so i-1 elements before x_i)

- Right side: R_i = number of elements greater than x_i = n - i (since x_i < ... < x_n, so n - i elements after x_i)

Then, for N_odd(i):

For each a from 0 to min(L_i, R_i) (wait, no: for a given a, number of S with |S|=a is C(L_i, a) if a ≤ L_i, else 0; number of L with |L|=a is C(R_i, a) if a ≤ R_i, else 0. So:

N_odd(i) = sum_{a=0}^{∞} C(L_i, a) C(R_i, a) = sum_{a=0}^{min(L_i, R_i)} C(L_i, a) C(R_i, a)

Similarly, N_even(i) = sum_{a=0}^{∞} C(L_i, a) C(R_i, a + 1) = sum_{a=0}^{min(L_i, R_i - 1)} C(L_i, a) C(R_i, a + 1) [since C(R_i, a+1)=0 if a+1 > R_i]

Now, recall that we need the coefficient for x_i: c_i = N_odd(i) - N_even(i)

Let's compute c_i = sum_{a=0}^{min(L_i,R_i)} C(L_i, a) C(R_i, a) - sum_{a=0}^{min(L_i,R_i-1)} C(L_i, a) C(R_i, a + 1)

Let's reindex the second sum: let b = a + 1, so a = b - 1, then second sum = sum_{b=1}^{min(L_i,R_i)} C(L_i, b - 1) C(R_i, b)

Thus, c_i = sum_{a=0}^{min(L_i,R_i)} C(L_i, a) C(R_i, a) - sum_{b=1}^{min(L_i,R_i)} C(L_i, b - 1) C(R_i, b) = C(L_i, 0) C(R_i, 0) + sum_{a=1}^{min(L_i,R_i)} [C(L_i, a) C(R_i, a) - C(L_i, a - 1) C(R_i, a)]

Simplify the bracket: C(L_i, a) - C(L_i, a - 1) = C(L_i - 1, a - 1) by Pascal's identity? Wait, C(n, k) = C(n - 1, k) + C(n - 1, k - 1), so C(n, k) - C(n, k - 1) = C(n - 1, k) - C(n - 1, k - 2)? Maybe not helpful. Wait, let's compute the difference for specific small L_i, R_i.

First, note that for the element we care about most, the largest element: i = n, so L_n = n - 1 (all elements less than x_n), R_n = 0 (no elements greater than x_n).

Let's compute c_n for i = n (max element):

L_n = n - 1, R_n = 0

N_odd(n) = sum_{a=0}^{min(n-1,0)} C(n-1, a) C(0, a) = C(n-1, 0) C(0, 0) = 1*1 = 1 (only a=0: S=∅, L=∅, so T={x_n}, |T|=1 odd, which is correct: only subset containing x_n with M_T=x_n is {x_n} itself? Wait, no: if we have T={x_n, x_j} with x_j < x_n, then M_T would be x_j (since |T|=2, ⌈2/2⌉=1st smallest), so M_T=x_j ≠ x_n, so yes, only subsets where M_T=x_n are those where x_n is the ⌈|T|/2⌉th smallest, which for x_n being the largest element, to be the t-th smallest, we need all other elements in T to be larger than x_n, but there are none, so all other elements must be smaller, but then x_n is the largest element in T, so the k-th smallest is x_n iff k = |T| (since all elements are smaller, so ordered [small] < x_n, so x_n is last element). Wait, ⌈|T|/2⌉ = |T|? Only if |T|=1 (⌈1/2⌉=1=|T|), |T|=2: ⌈2/2⌉=1 < 2, so no. Wait, for T containing x_n (the largest), let a = number of elements less than x_n in T (so a ≤ L_n = n - 1), b = 0 (no elements greater), so |T| = a + 1.

M_T = x_n iff ⌈(a + 1)/2⌉ = a + 1 (since x_n is the largest element in T, so it's the (a + 1)th smallest element in T).

⌈(a + 1)/2⌉ = a + 1 ⇨ (a + 1)/2 ≤ a + 1 (always true) and a + 1 > (a + 1)/2 (always true for a ≥ 0), but actually, ⌈k⌉ = m iff m - 1 < k ≤ m. So ⌈(a + 1)/2⌉ = a + 1 ⇨ a + 1 - 1 < (a + 1)/2 ≤ a + 1 ⇨ a < (a + 1)/2 ≤ a + 1 ⇨ 2a < a + 1 ⇨ a < 1, so a=0.

Thus, only when a=0 (T={x_n}), M_T=x_n. Which matches our earlier calculation: N_odd(n)=1 (T={x_n} is odd, |T|=1), N_even(n)=0 (no even subsets containing x_n with M_T=x_n, since for even subsets, M_T would be smaller elements), so c_n = 1 - 0 = 1.

Wait, but in our n=3 example, with i=3 (x₃=max), c_3 = N_odd(3) - N_even(3). For n=3, L_3=2, R_3=0.

N_odd(3) = sum_{a=0}^{min(2,0)} C(2,a)C(0,a) = C(2,0)C(0,0)=1

N_even(3) = sum_{a=0}^{min(2,-1)}... = 0 (since R_3=0, a+1 ≤ 0 ⇒ a ≤ -1, impossible)

Thus c_3=1, which matches: in n=3, x₃ contributed 1*1=1 to P - Q, which in our earlier calculation was correct (P - Q = -x₁ + x₂ + x₃, so coefficient of x₃ is 1).

For i=n-1 (second largest element), L_{n-1}=n-2, R_{n-1}=1 (one element larger than x_{n-1}, which is x_n).

Compute c_{n-1} = N_odd(n-1) - N_even(n-1)

N_odd(n-1) = sum_{a=0}^{min(n-2,1)} C(n-2,a)C(1,a) = a=0: C(n-2,0)C(1,0)=1*1=1; a=1: C(n-2,1)C(1,1)=(n-2)*1=n-2; total = 1 + n - 2 = n - 1

N_even(n-1) = sum_{a=0}^{min(n-2,0)} C(n-2,a)C(1,a+1) = a=0: C(n-2,0)C(1,1)=1*1=1; a≥1: C(1,a+1)=0, so total=1

Thus c_{n-1} = (n - 1) - 1 = n - 2

Wait, let's check with n=3 (i=2, since n-1=2):

n=3, i=2, L=1, R=1

N_odd(2) = a=0: C(1,0)C(1,0)=1; a=1: C(1,1)C(1,1)=1; total=2

N_even(2) = a=0: C(1,0)C(1,1)=1; total=1

c_2=2-1=1, which matches n=3: in n=3, P - Q = -x₁ + x₂ + x₃, so coefficient of x₂ is 1, and n-2=3-2=1, correct!

n=4, i=3 (n-1=3), L=2, R=1

c_3 = N_odd(3) - N_even(3) = [a=0: C(2,0)C(1,0)=1; a=1: C(2,1)C(1,1)=2] - [a=0: C(2,0)C(1,1)=1] = (1+2) - 1 = 2, and n-2=4-2=2, correct! In our n=4 calculation earlier, P - Q = -2x₁ + 2x₃ + x₄, so coefficient of x₃ (which is i=3, n=4) is 2, which is n-2=2, perfect.

Now i=n-2 (third largest element), L=n-3, R=2

c_{n-2} = N_odd(n-2) - N_even(n-2)

N_odd = sum_{a=0}^{min(n-3,2)} C(n-3,a)C(2,a) = a=0:1*1=1; a=1:(n-3)*2=2n-6; a=2:C(n-3,2)*1=(n-3)(n-4)/2; total = 1 + 2n - 6 + (n² -7n +12)/2 = (2 + 4n -12 + n² -7n +12)/2 = (n² -3n +2)/2 = (n-1)(n-2)/2

N_even = sum_{a=0}^{min(n-3,1)} C(n-3,a)C(2,a+1) = a=0: C(n-3,0)C(2,1)=1*2=2; a=1: C(n-3,1)C(2,2)=(n-3)*1=n-3; total=2 + n - 3 = n - 1

Thus c_{n-2} = (n-1)(n-2)/2 - (n - 1) = (n - 1)[(n - 2)/2 - 1] = (n - 1)(n - 4)/2? Wait, wait, let's check with n=4 (i=2, n-2=2):

n=4, i=2, L=1, R=2

N_odd(2) = a=0: C(1,0)C(2,0)=1; a=1: C(1,1)C(2,1)=1*2=2; total=3

N_even(2) = a=0: C(1,0)C(2,1)=2; a=1: C(1,1)C(2,2)=1; total=3

c_2=3 - 3=0? Wait, in n=4, P - Q = -2x₁ + 2x₃ + x₄, so coefficient of x₂ (i=2) is 0, which matches! Good, so for n=4, i=2 (n-2=2), c_i=0.

Let's compute c_{n-2} for n=3: i=1 (n-2=1), L=0, R=2

N_odd(1) = sum_{a=0}^{min(0,2)} C(0,a)C(2,a) = a=0:1*1=1

N_even(1) = sum_{a=0}^{min(0,1)} C(0,a)C(2,a+1) = a=0: C(0,0)C(2,1)=1*2=2

c_1=1 - 2 = -1, which in n=3, P - Q = -x₁ + x₂ + x₃, so coefficient of x₁ is -1, correct!

Okay, so the pattern for c_i is emerging. Let's recall that for the largest element, i=n, c_n=1

For i=n-1, c_{n-1}=n-2

For i=n-2, c_{n-2}=0? Wait no, in n=4, i=3 (n-1) had c=2=4-2, i=2 (n-2) had c=0, i=1 (n-3) for n=4: let's compute i=1 for n=4.

n=4, i=1, L=0, R=3

N_odd(1) = sum_{a=0}^{min(0,3)} C(0,a)C(3,a) = a=0:1*1=1

N_even(1) = sum_{a=0}^{min(0,2)} C(0,a)C(3,a+1) = a=0: C(0,0)C(3,1)=3

c_1=1 - 3 = -2, which matches n=4 P - Q = -2x₁ + 2x₃ + x₄ (coefficient of x₁ is -2), perfect!

So for n=4:

i=1: c₁=-2

i=2: c₂=0

i=3: c₃=2

i=4: c₄=1

Wait, let's list the coefficients for n=1,2,3,4 to see:

n=1 (only i=1):

c₁ = N_odd(1) - N_even(1). L=0, R=0

N_odd= C(0,0)C(0,0)=1, N_even=0 ⇒ c₁=1

n=1: [1]

n=2 (i=1,2):

i=2 (n=2): L=1, R=0 ⇒ c₂=1 (as before)

i=1 (n=2): L=0, R=1

N_odd(1)=C(0,0)C(1,0)=1

N_even(1)=C(0,0)C(1,1)=1 ⇒ c₁=1-1=0

Wait, n=2: P - Q = ?

A={x₁,x₂}, x₁<x₂=1

Size 1 subsets (odd): {x₁}→x₁, {x₂}→x₂ ⇒ sum=x₁+x₂

Size 2 subsets (even): {x₁,x₂}→x₁ (lower median) ⇒ Q=x₁

P - Q = (x₁ + x₂) - x₁ = x₂, so coefficient of x₂=1, coefficient of x₁=0. Yes! So n=2: [0,1] for i=1,2.

n=3 (i=1,2,3):

i=3: c₃=1 (as above)

i=2: c₂=1 (n=3: P - Q = -x₁ + x₂ + x₃ ⇒ c₂=1)

i=1: c₁=-1 (from n=3 calculation)

So n=3: [-1, 1, 1]

n=4 (i=1,2,3,4):

i=4: c₄=1

i=3: c₃=2 (n=4: P - Q = -2x₁ + 2x₃ + x₄ ⇒ c₃=2)

i=2: c₂=0 (from above)

i=1: c₁=-2 (from above)

So n=4: [-2, 0, 2, 1]

Wait, let's write them in order from i=1 (smallest) to i=n (largest):

n=1: [1] → [c₁]

n=2: [0, 1] → [c₁, c₂]

n=3: [-1, 1, 1] → [c₁, c₂, c₃]

n=4: [-2, 0, 2, 1] → [c₁, c₂, c₃, c₄]

Wait, let's compute n=5 to see more.

n=5, i=5 (largest): c₅=1 (always, as for i=n, R=0, so N_odd=1, N_even=0)

i=4 (n-1): L=3, R=1

N_odd(4) = a=0: C(3,0)C(1,0)=1; a=1: C(3,1)C(1,1)=3 ⇒ total=4

N_even(4) = a=0: C(3,0)C(1,1)=1 ⇒ total=1

c₄=4-1=3

i=3 (n-2): L=2, R=2

N_odd(3) = a=0:1*1=1; a=1:C(2,1)C(2,1)=4; a=2:C(2,2)C(2,2)=1 ⇒ total=6

N_even(3) = a=0:C(2,0)C(2,1)=2; a=1:C(2,1)C(2,2)=2 ⇒ total=4

c₃=6-4=2

i=2 (n-3): L=1, R=3

N_odd(2) = a=0:1*1=1; a=1:C(1,1)C(3,1)=3 ⇒ total=4

N_even(2) = a=0:C(1,0)C(3,1)=3; a=1:C(1,1)C(3,2)=3 ⇒ total=6

c₂=4-6=-2

i=1 (n-4): L=0, R=4

N_odd(1) = a=0:1*1=1

N_even(1) = a=0:C(0,0)C(4,1)=4 ⇒ total=4

c₁=1-4=-3

So n=5 coefficients (i=1 to 5): [-3, -2, 2, 3, 1]

Wait, let's list all n with their coefficients:

n | c₁ | c₂ | c₃ | c₄ | c₅
---|---|---|---|---|---
1 | 1
2 | 0 | 1
3 | -1 | 1 | 1
4 | -2 | 0 | 2 | 1
5 | -3 | -2 | 2 | 3 | 1

Oh! Now I see a pattern. Let's index the coefficients from the largest element backwards. Let's let k = n - i + 1, so k=1 is the largest element (i=n), k=2 is i=n-1, ..., k=n is the smallest element (i=1).

For n=1: k=1: 1

n=2: k=1 (i=2):1; k=2 (i=1):0

n=3: k=1 (i=3):1; k=2 (i=2):1; k=3 (i=1):-1

n=4: k=1 (i=4):1; k=2 (i=3):2; k=3 (i=2):0; k=4 (i=1):-2

n=5: k=1 (i=5):1; k=2 (i=4):3; k=3 (i=3):2; k=4 (i=2):-2; k=5 (i=1):-3

Wait, for n=5, k=1 to 5: [1, 3, 2, -2, -3]

Wait, maybe better to look at the coefficients for the largest m elements, where m is the position from the top.

Wait, in the problem, n=2025, which is odd. Let's check the pattern for odd n first, since n=2025 is odd.

n=1 (odd): [1] → largest element: coefficient 1

n=3 (odd): coefficients from smallest to largest: [-1, 1, 1] → so largest element (i=3): 1, second largest (i=2):1, smallest (i=1):-1

n=5 (odd): coefficients from smallest to largest: [-3, -2, 2, 3, 1] → smallest (i=1):-3, i=2:-2, i=3:2, i=4:3, i=5:1

Wait, for n=3 (odd, n=2m+1 where m=1):

m=1, n=3: coefficients (i=1 to 3): [- (m), 1, 1]? Wait m=1: -1, 1, 1, yes!

n=5 (odd, n=2m+1 where m=2):

m=2, n=5: coefficients (i=1 to 5): [-3, -2, 2, 3, 1] → - (2m -1)? Wait m=2: 2m-1=3, yes, -3; 2m-2=2, -2; 2m-3=1? No, i=3:2, i=4:3, i=5:1.

Wait, let's list the coefficients for the largest element and the second largest, etc., for odd n.

For n=2m+1 (odd), let's let m=1: n=3, m=2: n=5, m=1012: n=2025=2*1012 +1? Wait 2*1012=2024, so 2025=2*1012 +1, so m=1012.

Wait, for n=3 (m=1):

- Largest element (i=3): c=1

- Second largest (i=2): c=1

- Smallest (i=1): c=-1

For n=5 (m=2):

- Largest (i=5): c=1

- Second largest (i=4): c=3

- Third largest (i=3): c=2

- Fourth largest (i=2): c=-2

- Smallest (i=1): c=-3

Wait, n=3: m=1, coefficients from largest to smallest: [1, 1, -1]

n=5: m=2, coefficients from largest to smallest: [1, 3, 2, -2, -3]

Hmm, let's compute the sum of coefficients for each n to check:

n=1: sum=1

n=2: 0+1=1

n=3: -1+1+1=1

n=4: -2+0+2+1=1

n=5: -3-2+2+3+1=1

Oh! The sum of all c_i is 1 for any n. That makes sense because P - Q = sum c_i x_i, and when we take the empty set? Wait, no, but the sum of coefficients is 1, which is a good consistency check (we can verify with small n: for n=1, P - Q = x₁, sum c_i=1; n=2, P - Q = x₂, sum c_i=0+1=1; n=3, P - Q = -x₁ + x₂ + x₃, sum=1; yes, all sums to 1).

But back to maximizing (P - Q)/x_n. Since x_n is the largest, and we can set x_n=1, and set x₁, ..., x_{n-1} to be very small (approaching 0), then the dominant terms in P - Q will be the terms with positive coefficients times x_i, and the negative coefficients times x_i will be negligible (since x_i → 0).

So to maximize (P - Q)/x_n, we need to look at the coefficients c_i for i < n (since c_n=1 always, as we saw), and find the maximum value of c_i for i < n, because the largest x_i (other than x_n) is x_{n-1}, but wait no—actually, if we set all x_i for i < n to be equal to some ε > 0, then (P - Q)/x_n = sum_{i=1}^{n-1} c_i ε + c_n = sum_{i=1}^{n-1} c_i ε + 1. To maximize this, we need to maximize sum_{i=1}^{n-1} c_i ε, which is achieved when ε is as large as possible? Wait no, wait: we can set the x_i to be arbitrary positive reals less than x_n=1, so to maximize the ratio, we want to set the x_i with positive coefficients to be as large as possible (approaching 1) and those with negative coefficients to be as small as possible (approaching 0).

Yes! That's the key. Since we want to maximize (P - Q)/x_n, and x_n=1 (by scaling), we can set x₁ → 0+, x₂ → 0+, ..., x_{n-1} → 1- (approaching 1 from below). Wait, no: for the elements with positive coefficients, we want them to be large (close to 1) to contribute positively to P - Q, and elements"
162,"Okay, let's try to figure out this problem step by step. Hmm, the problem says we have an algorithm where a(n) is defined as a triangle with subscripts (1,1), (2,1), (1,2), (3,1), (2,2), (1,3), etc. Each entry (i,j) is the floor of i/j. Then given the input x_list [93, 94, ..., 102], we need to find the corresponding output y_list.

Wait, first I need to understand what this triangle structure is. The subscripts are listed as (1,1), (2,1), (1,2), (3,1), (2,2), (1,3), etc. So it seems like the triangle is built in rows where each row corresponds to some i and j? Maybe it's a triangular array where each row i has entries for j from 1 to i? Wait, but the subscripts here are written as (i,j), so maybe it's a different structure.

Wait, the order of the subscripts given: (1,1), (2,1), (1,2), (3,1), (2,2), (1,3), etc. Hmm. Let's list them out:

First entry: (1,1)

Second: (2,1)

Third: (1,2)

Fourth: (3,1)

Fifth: (2,2)

Sixth: (1,3)

Seventh: (4,1), (3,2), (2,3), (1,4)? Wait, maybe not. Wait, the problem says ""Triangle with subscripts (1,1),(2,1),(1,2),(3,1),(2,2),(1,3), etc."" So the order is like first row has (1,1), then next two entries (2,1), (1,2), then next three entries (3,1), (2,2), (1,3), etc. Wait, that seems like each row k has k entries: for k=1, 1 entry (1,1); k=2, 2 entries (2,1), (1,2); k=3, 3 entries (3,1), (2,2), (1,3); and so on. Wait, that would make sense. So the triangle is structured such that for each row number m (starting at 1), there are m entries, each corresponding to (m, 1), (m-1, 2), ..., (1, m). Wait, but the problem lists them as (1,1), (2,1), (1,2), (3,1), (2,2), (1,3), etc. So the order is:

Row 1: (1,1)

Row 2: (2,1), (1,2)

Row 3: (3,1), (2,2), (1,3)

Row 4: (4,1), (3,2), (2,3), (1,4)

And so on.

Wait, but the problem says ""subscripts (1,1),(2,1),(1,2),(3,1),(2,2),(1,3), etc."" So the sequence of entries is ordered first row (1,1), then row 2 entries (2,1), (1,2), then row 3 entries (3,1), (2,2), (1,3), etc. So each row m has entries (m,1), (m-1,2), ..., (1,m). So for each row m, the entries are (i,j) where i + j = m + 1? Wait, (m,1): i=m, j=1; (m-1,2): i=m-1, j=2; so i + j = m + 1. Hmm, but the entries are ordered such that in row m, the entries go from i=m down to i=1, each with j increasing from 1 to m.

But the key point here is that each entry (i,j) in this triangle has value floor(i/j). Wait, the problem says ""entry (i,j) is the floor function of the ratio i/j"". So for each (i,j), value = floor(i / j).

Wait, but in the triangle structure described, each row m has entries (m,1), (m-1,2), ..., (1,m). So for row m, the j index starts at 1 and goes up to m, with i starting at m and decreasing by 1 each time.

But the problem says ""given the input x_list [...] determine the corresponding output sequence y_list"". Wait, how does x_list relate to y_list? The problem statement is a bit unclear here. Wait, the problem says: ""We now define an algorithm: The definition of a(n) is: Triangle with subscripts [...] in which entry (i,j) is the floor function of the ratio i/j. Given the input x_list [...] determine the corresponding output sequence y_list.""

Hmm, maybe the algorithm is that for each x in x_list, we compute a(n) where n is related to x? Wait, perhaps the problem is that the triangle has entries labeled by n, where n is the position in the triangle. Wait, the problem says ""the definition of a(n) is: Triangle [...]"". Hmm, maybe a(n) refers to the nth entry in the triangle? Wait, this is confusing.

Wait, let me re-read the problem statement.

""We now define an algorithm: The definition of a(n) is: Triangle with subscripts (1,1),(2,1),(1,2),(3,1),(2,2),(1,3), etc. in which entry (i,j) is the floor function of the ratio i/j. Given the input x_list (a series of values): [93, 94, 95, 96, 97, 98, 99, 100, 101, 102], determine the corresponding output sequence y_list.""

Hmm, this wording is a bit odd. Maybe the problem is that the triangle is a sequence where each entry (i,j) is floor(i/j), and the ""algorithm"" is to map each x in x_list to some y in y_list based on this triangle. But how?

Wait, perhaps the problem is that the triangle is ordered in a certain way (as listed), and each x_list entry corresponds to a position n in the triangle, so we have to find the value at position n for each x. But the x_list entries are 93 to 102, which are numbers. Wait, maybe n is the x value? Wait, that seems odd.

Wait, maybe there's a misunderstanding here. Let me think again.

Alternative interpretation: The problem might be that we have a triangular array where each entry (i,j) is floor(i/j), and the entries are ordered in the triangle as described (row by row, each row m has m entries: (m,1), (m-1,2), ..., (1,m)). Then, given a list of numbers x_list (93 to 102), we need to find the corresponding y_list where y_k is the value of the entry at position n = x_k in the triangle. But that seems odd because the triangle entries are small numbers (since i and j are positive integers, floor(i/j) is at most i, but in the triangle, for entry (i,j), i starts at 1 and j starts at 1, but in the triangle structure, for each row m, i ranges from m down to 1, j from 1 to m. Wait, but the triangle entries would have values like:

Row 1: (1,1) → floor(1/1)=1

Row 2: (2,1)=floor(2/1)=2; (1,2)=floor(1/2)=0

Row 3: (3,1)=3; (2,2)=1; (1,3)=0

Row 4: (4,1)=4; (3,2)=1; (2,3)=0; (1,4)=0

Row 5: (5,1)=5; (4,2)=2; (3,3)=1; (2,4)=0; (1,5)=0

Wait, but according to this, the entries are:

n=1: 1

n=2: 2

n=3: 0

n=4: 3

n=5: 1

n=6: 0

n=7: 4

n=8: 1

n=9: 0

n=10: 0

Wait, but the problem says ""the definition of a(n) is: Triangle [...]"". So a(n) would be the nth entry in this triangle.

But the problem says ""Given the input x_list [...] determine the corresponding output sequence y_list"". So perhaps for each x in x_list (which are numbers 93-102), we compute a(x), but that doesn't make sense because a(n) is the nth entry in the triangle, which would be a very small number (the triangle entries are small, as we saw: up to 5 in row 5, etc.), but x_list is 93-102. So that interpretation seems wrong.

Wait, maybe the problem has a typo or mistranslation. Alternatively, perhaps the ""algorithm"" is that for each x in x_list, we compute some value based on the triangle structure. Hmm.

Wait another thought: Maybe the problem is referring to a different kind of triangle, like a triangular number sequence. Wait, the problem says ""the definition of a(n) is: Triangle with subscripts [...]"". Hmm.

Wait, perhaps the key is that the triangle is ordered in a specific way, and each entry (i,j) has value floor(i/j), and the sequence of entries in the triangle is a list where each entry is labeled by its position n. Then, given x_list (which are numbers from 93 to 102), we need to find the value of a(n) where n is related to x. But the problem says ""determine the corresponding output sequence y_list"", so maybe each x maps to a y via some function based on the triangle.

Wait, this is getting confusing. Let's try to parse the problem again.

Original problem statement:

""We now define an algorithm: The definition of a(n) is: Triangle with subscripts (1,1),(2,1),(1,2),(3,1),(2,2),(1,3), etc. in which entry (i,j) is the floor function of the ratio i/j. Given the input x_list (a series of values): [93, 94, 95, 96, 97, 98, 99, 100, 101, 102], determine the corresponding output sequence y_list.""

Wait, maybe the problem is that the triangle has entries labeled by n (the position in the triangle), and a(n) is the value of the nth entry. Then, given x_list (which are numbers), we have to map each x to some n such that a(n) is the output. But why would x_list be 93-102? That seems too big for a triangle with small n.

Alternatively, perhaps the problem is misstated, and instead of x_list being the inputs, they are indices? Wait, but the problem says ""input x_list (a series of values): [93, ...]"".

Wait, another angle: Maybe the problem is similar to some known problem where you have a triangular array where each row m has m elements, and the value at (i,j) is floor(i/j), and then for each number x, you find the row or column where x falls. But I'm not sure.

Wait, let's think about the triangle structure. Let's list out the first few entries with their n (position in the sequence):

n : entry (i,j) : value = floor(i/j)
1 : (1,1) : floor(1/1)=1
2 : (2,1) : floor(2/1)=2
3 : (1,2) : floor(1/2)=0
4 : (3,1) : 3
5 : (2,2) : 1
6 : (1,3) : 0
7 : (4,1) :4
8 : (3,2) :1
9 : (2,3) :0
10: (1,4) :0
11: (5,1):5
12: (4,2):2
13: (3,3):1
14: (2,4):0
15: (1,5):0
16: (6,1):6
17: (5,2):2
18: (4,3):1
19: (3,4):0
20: (2,5):0
21: (1,6):0
...

Wait, this seems to be the pattern. So each row m (starting at m=1) has m entries:

Row 1 (m=1): n=1 → (1,1)
Row 2 (m=2): n=2,3 → (2,1), (1,2)
Row 3 (m=3): n=4,5,6 → (3,1), (2,2), (1,3)
Row 4 (m=4): n=7-10 → (4,1), (3,2), (2,3), (1,4)
Row 5 (m=5): n=11-15 → (5,1), (4,2), (3,3), (2,4), (1,5)
Row 6 (m=6): n=16-21 → (6,1), (5,2), (4,3), (3,4), (2,5), (1,6)
Etc.

So the starting index of row m is 1 + sum_{k=1}^{m-1} k = 1 + m(m-1)/2. Wait, sum_{k=1}^{m-1} k = (m-1)m/2. So starting index for row m is (m-1)m/2 + 1.

For example, row 1: starts at 1 (since (0*1)/2 +1=1)
Row 2: starts at 1 + 1 = 2
Row 3: starts at 2 + 2 =4
Row 4: starts at 4 +3=7
Row 5: starts at 7 +4=11
Row 6: starts at 11 +5=16
Yes, matches.

So in general, the entry at position n in the triangle belongs to row m where m is the smallest integer such that m(m+1)/2 >= n. Wait, the cumulative sum up to row m is S(m) = m(m+1)/2. Wait, no: sum_{k=1}^m k = m(m+1)/2. But in our case, the total number of entries up to row m is T(m) = m(m+1)/2. Wait, row 1 has 1 entry, row 2 has 2, ..., row m has m entries. So total entries up to row m is T(m) = 1+2+...+m = m(m+1)/2.

But in our earlier example:

Row 1: T(1)=1
Row 2: T(2)=3
Row 3: T(3)=6
Row 4: T(4)=10
Row 5: T(5)=15
Row 6: T(6)=21
Yes, so the last entry of row m is at position T(m) = m(m+1)/2.

Given a position n, we can find which row m it's in by finding m such that T(m-1) < n <= T(m), where T(0)=0.

Once we have m, the entry is in row m, and the offset within the row is k = n - T(m-1) - 1 (0-based index). Wait, T(m-1) = (m-1)m/2. So k = n - T(m-1) - 1.

In row m, the entries are ordered as (m,1), (m-1,2), ..., (1,m). So for offset k (0-based), the i and j are:

i = m - k

j = k + 1

Wait, let's check:

For row m=2:

T(1)=1, so n=2: k = 2 -1 -1 =0 → i=2-0=2, j=0+1=1 → (2,1) correct.

n=3: k=3-1-1=1 → i=2-1=1, j=1+1=2 → (1,2) correct.

Row m=3:

T(2)=3. n=4: k=4-3-1=0 → i=3-0=3, j=1 → (3,1)

n=5: k=1 → i=2, j=2

n=6: k=2 → i=1, j=3. Correct.

So yes, in row m, offset k (0-based), entry is (i,j) = (m - k, k + 1)

Therefore, value = floor(i / j) = floor( (m - k) / (k + 1) )

So given a position n, we can find m and k, then compute floor( (m - k) / (k + 1) )

But the problem states: ""Given the input x_list [...] determine the corresponding output sequence y_list"".

Wait, but the x_list is [93, 94, ..., 102]. If the triangle's entries are only up to, say, n=21 (row 6), then x_list numbers 93-102 are way larger than the triangle's size. That suggests that my interpretation is wrong.

Hmm, this is a problem. Maybe the problem is not about the position n in the triangle, but something else.

Alternative idea: Maybe ""a(n)"" refers to a sequence defined by this triangle, but the problem is mistranslated or misphrased. Wait, another thought: In some contexts, especially in problems involving floor functions and ratios, the sequence might be generated by a different rule. Wait, the problem says ""the definition of a(n) is: Triangle [...]"". Maybe ""a(n)"" here refers to a function where for each n, a(n) is the value in the triangle at some position related to n.

Wait, perhaps the problem is that for each integer x (from 93 to 102), we need to find the floor of x divided by something, but the triangle part is confusing.

Wait, the problem says ""entry (i,j) is the floor function of the ratio i/j"". So maybe the algorithm is that for each x in x_list, we find some i and j such that i/j is related to x, but I'm not sure.

Wait, let's look at the answer choices. All the y_list have values starting from 0 up to 7, with lengths 10. The x_list has 10 elements. So y_list is a list of 10 numbers.

The answer choices are sequences like [5,5,3,3,2,2,1,1,1,1], etc.

Given that the x_list is 93-102, maybe the problem is that for each x, we compute floor(x / something), but the triangle part is a red herring? No, the problem says ""the definition of a(n) is: Triangle [...]"".

Wait, perhaps the problem is that the triangle is a sequence where each term a(n) corresponds to the value floor(i/j) for some i,j related to n. But how?

Wait, another approach. Let's suppose that the problem has a typo and that the ""x_list"" is supposed to be indices n_list, like n=1 to 10, but the problem says x_list is [93,...,102]. Alternatively, maybe the problem is from a non-English source, and ""x_list"" is mistranslated.

Alternatively, think about the following: In some problems, especially with floor functions and ratios, you have sequences like the number of integers k such that floor(n/k) = m, but not sure.

Wait, here's a different thought. The problem might be that the triangle is used to generate a sequence where each entry a(n) is defined as floor(n / something), but the description is confusing.

Wait, given the time I've spent and the answer choices, let's try to see if there's a pattern.

Suppose that for each x in x_list (93 to 102), we compute y = floor(x / k) for some k, but the triangle part is the key.

Wait, the problem says ""entry (i,j) is the floor function of the ratio i/j"". So maybe for each x, we consider x as i and j as something, but not sure.

Wait, another idea: In the triangle structure described, the entries are ordered as (1,1), (2,1), (1,2), (3,1), (2,2), (1,3), etc. So each ""diagonal"" or something. But the key is that the value at each position is floor(i/j).

But if we consider that the problem wants us to map each x (from 93 to 102) to the value of floor(x / j) for some j, but I'm stuck.

Wait, perhaps the problem is asking for the following: For each x in x_list, find the largest j such that floor(x / j) is a certain value, but not sure.

Alternatively, think about the following: The triangle has entries where each row m has entries (m,1), (m-1,2), ..., (1,m). For each entry (i,j), value = floor(i/j). Now, if we consider that the problem wants us to generate the sequence of values corresponding to the triangle's entries up to some point, but the x_list is given as 93-102. This still doesn't connect.

Wait, maybe the problem meant that the input is a list of indices n (from 1 to 10), but they wrote x_list as [93,...]. Alternatively, it's a translation error.

Wait, given that the answer choices have sequences of 10 numbers, each from 0-7, and the x_list has 10 numbers (93-102), perhaps the problem is that for each x in x_list, we compute floor(x / 12) or something, but that seems random.

Wait, let's compute floor(93 / 12)=7, floor(94/12)=7, floor(95/12)=7, floor(96/12)=8, but answer choices don't have 8. Hmm.

Wait, another angle. Let's look at the answer choices. For example, choice C is [5,4,3,2,2,1,1,1,0,0]. If we think of these values as being generated by some division.

Wait, if we consider that for each x in 93-102, we compute floor(x / y) where y is something related to the triangle.

Wait, going back to the triangle structure. Suppose that the problem is that the sequence y_list is formed by taking the triangle's entries in order, but we need to find which entries correspond to x_list. But since x_list is large numbers, this seems impossible.

Wait, unless the problem meant that the triangle is infinite, and each entry (i,j) has value floor(i/j), and we need to find, for each x (which is a number), the value of the entry where i + j = x or something. But this is speculative.

Wait, here's a different idea. In some contexts, especially in combinatorics, a ""triangle"" can refer to a sequence where each term is generated based on previous terms. But the problem states it's a triangle with subscripts (i,j) where entry (i,j) is floor(i/j).

Wait, if we consider that for each x in x_list, we are to find the value floor(x / j) for j being the row or column. Not sure.

Wait, let's try to see what the value of floor(i/j) can be. For example, in the triangle:

For entry (i,j), i >= j? Not necessarily. In the triangle structure, in row m, i starts at m and decreases to 1, j starts at 1 and increases to m. So in each entry, i >= j? Wait, no: in row m, for offset k, i = m - k, j = k + 1. So i = m - k, j = k + 1. So i + j = m + 1. So i + j is constant per row (m+1). So i = (m+1) - j.

But floor(i/j) = floor( (m+1 - j)/j ) = floor( (m+1)/j - 1 )

Hmm, not sure.

Wait, perhaps the problem is asking for the following: For each x in x_list (93 to 102), find the number of entries in the triangle up to x or something. But this is too vague.

Given that I'm stuck on the connection between x_list and y_list, let's try to think differently.

Suppose that the problem has a typo, and instead of x_list being [93,...], it's supposed to be a list of indices n=1 to 10. Then the y_list would be the values of a(n) for n=1 to 10. Let's compute that.

From earlier:

n : entry : value
1 : (1,1) : 1
2 : (2,1) : 2
3 : (1,2) : 0
4 : (3,1) :3
5 : (2,2) :1
6 : (1,3) :0
7 : (4,1):4
8 : (3,2):1
9 : (2,3):0
10: (1,4):0

So y_list would be [1,2,0,3,1,0,4,1,0,0]. But none of the answer choices match this. So this can't be.

Alternatively, if the problem meant that the triangle's entries are ordered differently. Wait, the problem says ""subscripts (1,1),(2,1),(1,2),(3,1),(2,2),(1,3), etc."" So the order is row-wise, each row m having entries (m,1), (m-1,2), ..., (1,m). So the list of entries is as we listed before.

Wait, but the answer choices don't have 0s in the first few positions. For example, choice A starts with [5,5,...], so maybe the problem is different.

Alternative idea: Maybe ""a(n)"" refers to the nth term of a sequence generated by the triangle, but the sequence is defined as follows: For each integer n >=1, a(n) = floor( (n) / (n mod something) ). Not sure.

Wait, another thought. In some problems, especially with floor functions, the sequence floor(n/k) for k=1 to n is considered. For example, the number of multiples of k up to n.

But here, the problem mentions a triangle with entries (i,j) = floor(i/j). Suppose that for each x in x_list, we consider x as i, and j varies, but not sure.

Wait, given that the answer choices have values like 5,4,3, etc., and the x_list is 93-102, perhaps the problem is that for each x, we compute floor(x / 18) or something. Let's see:

93 / 18 = 5.166… → 5

94 / 18 ≈5.222 →5

95 /18≈5.277→5

96 /18=5.333→5

97 /18≈5.388→5

98 /18≈5.444→5

99 /18=5.5→5

100 /18≈5.555→5

101 /18≈5.611→5

102 /18≈5.666→5

But this gives all 5s, which isn't any of the choices.

Alternatively, divide by 19:

93/19≈4.89 →4

94/19≈4.94 →4

95/19≈5.0 →5

96/19≈5.05 →5

Etc. Not matching.

Divide by 20:

93/20=4.65→4

94/20=4.7→4

95/20=4.75→4

96/20=4.8→4

97/20=4.85→4

98/20=4.9→4

99/20=4.95→4

100/20=5→5

101/20=5.05→5

102/20=5.1→5

So y_list would be [4,4,4,4,4,4,4,5,5,5]. Not matching answer choices.

Divide by 12:

93/12=7.75→7

94/12≈7.83→7

95/12≈7.91→7

96/12=8→8

But answer choices have max 7, so no.

Wait, answer choice D is [7,3,3,3,2,1,1,1,0,0]. If we think of dividing by 14:

93/14≈6.64→6

Not matching.

Hmm.

Wait, going back to the triangle idea. Suppose that the problem is that for each x in x_list, we need to find the value of floor(x / j) where j is the position in some sequence. Not sure.

Wait, another idea. In the triangle described, each entry (i,j) has value floor(i/j). If we consider the inverse: for a given value v, what are the entries with value v? But the problem states to map x_list to y_list.

Wait, perhaps the problem is asking for the following: For each x in x_list, find the largest j such that floor(x / j) = some value. But I'm not sure.

Wait, here's a different approach. Let's look at the answer choices and see if we can reverse-engineer.

Take choice C: [5,4,3,2,2,1,1,1,0,0]

If we think that for each x (93-102), y = floor(x / k) where k is something that decreases.

For example:

x=93: 5 → 93 / 18.6 =5

x=94:4 →94 /23.5=4

Not helpful.

Wait, another thought. In the triangle structure, the values are floor(i/j). Suppose that for each x, we consider x as a number that corresponds to a row or column. For example, if x is the row number m, then the values in that row are floor(m / j) for j=1 to m.

But the problem states x_list is [93,...102], which would be row numbers 93 to 102. Then for each row m (93 to 102), we list the values floor(m/j) for j=1 to m. But the output y_list has 10 elements, so we'd take the first 10 values of each row? Not sure.

Wait, for row m=93, j=1: floor(93/1)=93

j=2:46

j=3:31

j=4:23

j=5:18

j=6:15

j=7:13

j=8:11

j=9:10

j=10:9

But the answer choices have small numbers (max 7), so this can't be.

This is very confusing. Maybe the problem had a different intended meaning.

Wait, the problem says ""the definition of a(n) is: Triangle with subscripts [...]"". Maybe ""a(n)"" here refers to the nth triangular number or something else.

Wait, triangular numbers are n(n+1)/2. But the problem says ""triangle with subscripts (1,1), (2,1), (1,2), etc."" which is different.

Wait, going back to the initial list of entries:

n : (i,j) : value
1 : (1,1) :1
2 : (2,1) :2
3 : (1,2) :0
4 : (3,1) :3
5 : (2,2) :1
6 : (1,3) :0
7 : (4,1) :4
8 : (3,2) :1
9 : (2,3) :0
10: (1,4) :0
11: (5,1) :5
12: (4,2) :2
13: (3,3) :1
14: (2,4) :0
15: (1,5) :0
16: (6,1) :6
17: (5,2) :2
18: (4,3) :1
19: (3,4) :0
20: (2,5) :0
21: (1,6) :0
...

So if we list the values in order:

[1,2,0,3,1,0,4,1,0,0,5,2,1,0,0,6,2,1,0,0,0,...]

Now, the problem says given input x_list [93,94,...,102], find y_list. If somehow x_list corresponds to the position n in this sequence, but n=93 is way beyond what we've listed. The sequence up to n=21 has values as above.

But answer choices have 10 elements. Suppose that the problem meant that the input is n=1 to 10, but they wrote x_list as [93,...] by mistake. Then y_list would be [1,2,0,3,1,0,4,1,0,0], which isn't any of the choices.

Alternatively, if the problem is asking for the values of floor(n / k) for k from 1 to something.

Wait, another idea inspired by the triangle: In the triangle, for each entry (i,j), value = floor(i/j). If we consider that for each x, we want to find how many entries in the triangle have value equal to floor(x / something). Not sure.

Wait, let's think outside the box. The problem says ""the definition of a(n) is: Triangle [...]"". Maybe ""a(n)"" here refers to the nth term of a sequence where each term is defined as the floor of n divided by its position in the triangle. No.

Wait, here's a breakthrough thought. In some contexts, especially in problems involving ""triangle"" sequences, the sequence might be generated by considering for each n, the number of pairs (i,j) such that i/j <= n or something. But not sure.

Wait, recalling that in the problem statement, the triangle is ordered with entries (1,1), (2,1), (1,2), (3,1), (2,2), (1,3), etc. This looks like the sequence of all pairs (i,j) with i + j = constant or something else.

Wait, another observation: In the triangle, each row m has entries where i + j = m + 1. For example:

Row 1: (1,1) → 1+1=2

Row 2: (2,1) →3; (1,2)→3

Row 3: (3,1)→4; (2,2)→4; (1,3)→4

Ah! So in row m, i + j = m + 1. So for each row m, all entries satisfy i + j = m + 1.

Given that, then value = floor(i / j) = floor( (m + 1 - j) / j ) = floor( (m + 1)/j - 1 )

But not sure.

Wait, but if we consider that for a given m (row number), the values in the row are floor( (m + 1 - j)/j ) for j=1 to m.

But how does this help with x_list?

I'm really stuck here. Given the time I've spent, maybe I should look for patterns in the answer choices and see which one makes sense.

Let's take answer choice C: [5,4,3,2,2,1,1,1,0,0]

It starts with 5, then decreases. If we think that for x=93, y=5; x=94, y=4; etc.

What operation could turn 93 into 5? 93 divided by 18.6 is 5. Maybe floor(93 / 19) =4? Wait:

floor(93 / 19)=4 (19*4=76, 19*5=95>93)

floor(94 / 19)=4 (19*4=76, 19*5=95>94)

floor(95 / 19)=5 (19*5=95)

floor(96 / 19)=5 (19*5=95, 19*5.05)

Wait, this gives [4,4,5,5,...] Not matching.

How about floor(x / 18):

93/18=5.166→5

94/18≈5.222→5

95/18≈5.277→5

96/18=5.333→5

97/18≈5.388→5

98/18≈5.444→5

99/18=5.5→5

100/18≈5.555→5

101/18≈5.611→5

102/18=5.666→5

All 5s. Not matching.

floor(x / 20):

93→4, 94→4, 95→4, 96→4, 97→4, 98→4, 99→4, 100→5, 101→5, 102→5. So [4,4,4,4,4,4,4,5,5,5]. Not in choices.

floor(x / 15):

93/15=6.2→6

94/15≈6.26→6

95/15≈6.33→6

96/15=6.4→6

97/15≈6.46→6

98/15≈6.53→6

99/15=6.6→6

100/15≈6.66→6

101/15≈6.73→6

102/15=6.8→6

All 6s. Not matching.

floor(x / 16):

93/16=5.8125→5

94/16=5.875→5

95/16=5.9375→5

96/16=6.0→6

97/16=6.0625→6

98/16=6.125→6

99/16=6.1875→6

100/16=6.25→6

101/16=6.3125→6

102/16=6.375→6

So y_list would be [5,5,5,6,6,6,6,6,6,6]. Not matching.

floor(x / 17):

93/17≈5.47→5

94/17≈5.52→5

95/17≈5.58→5

96/17≈5.64→5

97/17≈5.70→5

98/17≈5.76→5

99/17≈5.82→5

100/17≈5.88→5

101/17≈5.94→5

102/17=6.0→6

So [5,5,5,5,5,5,5,5,5,6]. Close to choice A, which starts with [5,5,3,...], not quite.

floor(x / 14):

93/14≈6.64→6

94/14≈6.71→6

95/14≈6.78→6

96/14≈6.85→6

97/14≈6.92→6

98/14=7.0→7

99/14≈7.07→7

100/14≈7.14→7

101/14≈7.21→7

102/14≈7.28→7

So y_list would be [6,6,6,6,6,7,7,7,7,7]. Not in choices.

Hmm.

Wait, answer choice E is [6,4,2,2,1,1,1,0,0,0]

If we consider that for x=93, y=6; x=94, y=4; etc.

What could this be? Maybe floor(x / 15.5) or something.

Wait, another idea. In the triangle structure we listed earlier, the values are:

n : value
1 :1
2 :2
3 :0
4 :3
5 :1
6 :0
7 :4
8 :1
9 :0
10:0
11:5
12:2
13:1
14:0
15:0
16:6
17:2
18:1
19:0
20:0
21:0
22:7
23:3
24:1
25:0
26:0
27:0
...

Wait, this is a sequence of values. If we consider that the problem wants us to find the values of the triangle at positions n=93 to n=102, but since the triangle's values are small and the positions are large, this is impossible. Unless the problem meant something else.

Wait a minute! Could it be that the problem is asking for the sequence of floor(n / k) for k=1 to something, but misstated?

Alternatively, think about the following: In the problem statement, it says ""the definition of a(n) is: Triangle [...]"". Maybe ""a(n)"" here refers to the number of times a certain value appears in the triangle up to n, but not sure.

Given that I'm really stuck, I'll try to see which answer choice fits a common pattern.

For example, choice B: [6,4,2,2,1,1,0,0,0,0]

If we consider that for each x, y = floor(x / 15) or similar:

93/15=6.2→6

94/15≈6.26→6

Not matching.

Wait, another angle. In the triangle values we listed, the value at position n is floor( (m - k) / (k + 1) ), where m is the row number and k is the offset.

But if we consider that the problem wants us to map x_list (93-102) to the triangle's value at some position related to x. For example, maybe x is the value of n, but n=93 is way too big.

Wait, unless the problem is in reverse: For each value v in y_list, find how many x in x_list have floor(x / something) = v.

But I'm not making progress.

Wait, looking at the answer choices, choice C has a 3 in the third position. Let's see:

If we think that the y_list corresponds to the number of entries in the triangle with value >= some number, but not sure.

Wait, here's a different idea. The problem might be related to the ""divisor function"" or the number of divisors, but the description mentions floor(i/j).

Wait, recalling that in the triangle structure, each row m has entries (m,1), (m-1,2), ..., (1,m). The value is floor(i/j). For each row m, the values are:

For j=1: floor(m /1) =m

j=2: floor( (m-1)/2 )

j=3: floor( (m-2)/3 )

...

j=m: floor(1/m)=0

But the problem states that the triangle is ordered row-wise as described.

Now, suppose that the problem wants us to, for each x in x_list (93-102), find the value of the entry in the triangle where i = x and j = something. But i and j are positive integers, and floor(x/j) would be large.

Wait, this is too vague.

Given the time I've spent and the need to provide an answer, I'll hazard a guess based on the following:

If we consider that the triangle's value at position n is floor( (m - k) / (k + 1) ), and if we assume that the problem meant to ask for the sequence of values where n is the index in the triangle corresponding to the row number equal to x (but this is a stretch), but I think I need to pick an answer.

Looking at the answer choices, choice C is [5,4,3,2,2,1,1,1,0,0]. This sequence decreases gradually. If we consider that for x=93, the value is 5; x=94→4, etc., it might be related to floor(x / 18.6) as I thought earlier. But not sure.

Another observation: The values in the triangle for row m (starting at m=1) have the following pattern:

Row 1: [1]

Row 2: [2, 0]

Row 3: [3, 1, 0]

Row 4: [4, 1, 0, 0]

Row 5: [5, 2, 1, 0, 0]

Row 6: [6, 2, 1, 0, 0, 0]

Row 7: [7, 3, 1, 0, 0, 0, 0]

Row 8: [8, 3, 1, 0, 0, 0, 0, 0]

Wait, this seems like a pattern. For row m, the first value is m, then floor((m-1)/2), floor((m-2)/3), etc.

But I'm not sure.

Wait, in row 5: entries are (5,1)=5, (4,2)=floor(4/2)=2, (3,3)=1, (2,4)=0, (1,5)=0. So row 5: [5,2,1,0,0]

Row 6: (6,1)=6, (5,2)=2, (4,3)=1, (3,4)=0, (2,5)=0, (1,6)=0 → [6,2,1,0,0,0]

Row 7: [7, 3, 1, 0, 0, 0, 0]

Row 8: [8, 3, 1, 0, ...]

Ah, this is a pattern. So in general, for row m:

- First entry: m

- Second entry: floor( (m-1)/2 )

- Third entry: floor( (m-2)/3 )

- ...

- Last entry: 0

But the problem states the triangle is ordered as (m,1), (m-1,2), ..., (1,m), so the values are floor(m/1), floor((m-1)/2), floor((m-2)/3), ..., floor(1/m)

So for row m, the values are floor( (m - k + 1)/k ) for k=1 to m.

Wait, for offset k (1-based), value = floor( (m - k + 1) / k )

But regardless, the key insight might be that the values in each row m start with m, then decrease.

Now, suppose that the problem wants us to list, for each row m from 93 to 102 (which is a stretch), the first few values. But the answer choices have 10 elements.

Alternatively, the problem might have a misprint and the x_list is supposed to be [1,2,...,10], but the answer choices don't match that.

Given that I'm stuck, I'll look for which answer choice has a pattern that could be from floor(x / something).

Choice C: [5,4,3,2,2,1,1,1,0,0]

If we consider that for x from 93 to 102, y = floor( (x - 88) / 10 ) or something.

93-88=5 →5

94-88=6 →6, not matching.

Another idea: The values in the triangle for larger rows have the first value as m, then floor((m-1)/2), etc. If we consider that the problem wants the first value of each row, but x_list is 93-102, so row 93 to 102, first value would be 93,94,... which is not matching.

Wait, the answer choices have max 7. So if y = floor(x / 13.2857), since 13*7=91, 14*7=98.

For x=93: floor(93 / 13)=7 (13*7=91)

x=94:7

x=95:7

x=96:7 (13*7=91, 13*7.38)

x=97:7

x=98:7 (13*7=91, 13*7.53)

x=99:7

x=100:7

x=101:7

x=102:7 (13*7=91, 13*7.84)

But choice D has 7 as the first element. Not matching.

Wait, floor(x / 14):

x=93:6 (14*6=84), 14*7=98>93

x=94:6

...

x=98:7

x=99:7

...

So y_list would be [6,6,6,6,6,7,7,7,7,7]. Not matching.

floor(x / 15):

x=93:6 (15*6=90), 15*7=105>93

x=94:6

...

x=100:6 (15*6=90), 15*7=105

x=101:6

x=102:6

So all 6s. Not matching.

floor(x / 17):

x=93:5 (17*5=85), 17*6=102

x=94:5

x=95:5

x=96:5

x=97:5

x=98:5

x=99:5

x=100:5

x=101:5

x=102:6 (17*6=102)

So y_list would be [5,5,5,5,5,5,5,5,5,6]. This matches choice A: [5,5,3,3,2,2,1,1,1,1]? No, choice A has 5,5,3,... Not matching.

Wait, choice A is [5,5,3,3,2,2,1,1,1,1]

If we consider that the values decrease by 2 after some point.

Another idea: The problem might be asking for the number of integers k such that floor(x / k) = m, but I'm not sure.

Given that I've tried many approaches and not found the solution, I'll go with choice C as it has a decreasing sequence that might correspond to some division.

Wait, looking at the triangle values we listed earlier:

At n=16:6, n=17:2, n=18:1, etc.

But not helpful.

Wait, recall that in the triangle, the value at row m, offset k (0-based) is floor( (m - k) / (k + 1) )

Suppose we consider that for each x in x_list, we are to find the value of the triangle at position n = x. But n=93 is way beyond our list. However, the pattern of the triangle's values for large m might have a certain behavior.

For example, for large m, in row m, the first entry is m, second is floor((m-1)/2), third floor((m-2)/3), etc.

If we consider that the problem wants the second value of each row (for x_list being row numbers), but x_list is 93-102.

For row m=93:

second value = floor( (93 -1)/2 ) = floor(92/2)=46

third value = floor(91/3)=30

Not matching the answer choices.

This is really tough.

Wait, let's look at the answer choices and see which one has the most plausible pattern.

Choice C: [5,4,3,2,2,1,1,1,0,0]

This decreases by 1 each time until it hits 1, then stays for three, then zeros.

If this is the result of floor(x / 18.6), floor(x / 19.2), etc., but I'm not sure.

Another angle: The problem might be asking for the sequence of floor(x / j) where j is the number of the row or something.

Wait, I give up. Based on similar problems I've seen before, sometimes the answer is C. Or maybe choice E.

Wait, let's think about the following: In the triangle structure, the value at each entry (i,j) is floor(i/j). If we consider that for a given x, we want to find how many pairs (i,j) have floor(i/j) = k for some k. Not helpful.

Wait, here's a last-ditch effort. Suppose that the problem meant to say that for each x in x_list, we compute a(n) where n = x, and a(n) is the value in the triangle at position n. But as we saw, the triangle's values are small, and the positions are large. However, if we consider that the triangle is defined for all n, and the value at position n is floor( (m - k) / (k + 1) ) as before.

But for large n, m is roughly sqrt(2n), since T(m) = m(m+1)/2 ~ n → m ~ sqrt(2n).

For n=93, m is approximately sqrt(186) ≈13.6. So row m=14.

Let's compute it.

For n=93:

T(m-1) <93 <= T(m)

T(m) = m(m+1)/2

Find m such that T(m-1) <93 <= T(m)

T(13)=91, T(14)=105

So m=14, since T(13)=91 <93 <=105=T(14)

Offset k =93 - T(13) -1 =93 -91 -1=1

So in row m=14, offset k=1 (0-based)

i = m - k =14 -1=13

j =k +1=2

Value = floor(13 / 2)=6

Similarly for n=94:

k=94 -91 -1=2

i=14-2=12, j=3

floor(12/3)=4

n=95:

k=3, i=11, j=4 → floor(11/4)=2

n=96:

k=4, i=10, j=5 → floor(10/5)=2

n=97:

k=5, i=9, j=6 → floor(9/6)=1

n=98:

k=6, i=8, j=7 → floor(8/7)=1

n=99:

k=7, i=7, j=8 → floor(7/8)=0

n=100:

k=8, i=6, j=9 →0

n=101:

k=9, i=5, j=10→0

n=102:

k=10, i=4, j=11→0

Wait, this gives:

n=93:6

n=94:4

n=95:2

n=96:2

n=97:1

n=98:1

n=99:0

n=100:0

n=101:0

n=102:0

Which matches answer choice E: [6,4,2,2,1,1,0,0,0,0]

Yes! This must be it.

Let me verify this calculation step by step.

For each n in 93-102:

Find m such that T(m-1) < n <= T(m), where T(m) = m(m+1)/2

T(m) = sum_{k=1}^m k = m(m+1)/2

Compute T(m) for m=13: 13*14/2=91

T(14)=14*15/2=105

So for n=93 to 105, m=14.

For each n:

k = n - T(m-1) -1 = n -91 -1 =n -92 (0-based offset)

For n=93:

k=1

i = m -k =14 -1=13

j =k +1=2

value = floor(13 / 2)=6

n=94:

k=2

i=12, j=3 → floor(12/3)=4

n=95:

k=3

i=11, j=4 → floor(11/4)=2

n=96:

k=4

i=10, j=5 → floor(10/5)=2

n=97:

k=5

i=9, j=6 → floor(9/6)=1

n=98:

k=6

i=8, j=7 → floor(8/7)=1

n=99:

k=7

i=7, j=8 → floor(7/8)=0

n=100:

k=8

i=6, j=9 → floor(6/9)=0

n=101:

k=9

i=5, j=10 →0

n=102:

k=10

i=4, j=11 →0

So the y_list is [6,4,2,2,1,1,0,0,0,0], which matches answer choice E.

Yes! So the answer is E.
</think>

To solve the problem, we interpret the triangle as a structured sequence of entries $(i, j)$, where:

- Each **row** $m$ contains $m$ entries.
- The entries in row $m$ are: $(m, 1), (m-1, 2), \dots, (1, m)$
- The **value** of each entry $(i, j)$ is defined as $\left\lfloor \frac{i}{j} \right\rfloor$
- The **position** $n$ in the sequence corresponds to the index of the entry in the triangle (i.e., the $n$-th entry in the triangle)

---

### Step 1: Determine the row for each $n$

We know that the total number of entries up to row $m$ is:
$$
T(m) = \frac{m(m+1)}{2}
$$

For each $n$ in the input list $[93, 94, \dots, 102]$, we find the row $m$ such that:
$$
T(m-1) < n \leq T(m)
$$

We compute:
- $T(13) = \frac{13 \cdot 14}{2} = 91$
- $T(14) = \frac{14 \cdot 15}{2} = 105$

So for all $n$ from 93 to 102, the row is $m = 14$

---

### Step 2: Compute the offset within the row

For each $n$, the **offset** $k$ (0-based) in row $m = 14$ is:
$$
k = n - T(m-1) - 1 = n - 91 - 1 = n - 92
$$

Then:
- $i = m - k = 14 - k$
- $j = k + 1$

The value at position $n$ is:
$$
\left\lfloor \frac{i}{j} \right\rfloor = \left\lfloor \frac{14 - k}{k + 1} \right\rfloor
$$

---

### Step 3: Compute values for each $n$ in $[93, 102]$

| $n$ | $k = n - 92$ | $i = 14 - k$ | $j = k + 1$ | $\left\lfloor \frac{i}{j} \right\rfloor$ |
|------|----------------|----------------|----------------|-------------------------------------------|
| 93   | 1               | 13              | 2               | 6                                         |
| 94   | 2               | 12              | 3               | 4                                         |
| 95   | 3               | 11              | 4               | 2                                         |
| 96   | 4               | 10              | 5               | 2                                         |
| 97   | 5               | 9               | 6               | 1                                         |
| 98   | 6               | 8               | 7               | 1                                         |
| 99   | 7               | 7               | 8               | 0                                         |
| 100  | 8               | 6               | 9               | 0                                         |
| 101  | 9               | 5               | 10              | 0                                         |
| 102  | 10              | 4               | 11              | 0                                         |

---

### Step 4: Match with the answer choices

The resulting sequence is:
$$
[6, 4, 2, 2, 1, 1, 0, 0, 0, 0]
$$

This matches **answer choice E**.

---

### ✅ Final Answer:

$$
\boxed{E}
$$"
163,"Okay, let's see. I need to factor the polynomial \((x - 5)(x + 4)^2 - (x - 5)^2(x + 4)\). The problem says the answer should be in the form \(A(x + B)(x + C)\) where \(A\), \(B\), \(C\) are integers. Hmm, let's start by looking for common factors in the two terms.

First, let's write down the expression again to make sure I have it right: \((x - 5)(x + 4)^2 - (x - 5)^2(x + 4)\). 

I notice that both terms have a factor of \((x - 5)\) and a factor of \((x + 4)\). Let me check: the first term is \((x - 5)\) times \((x + 4)^2\), so that's \((x - 5)(x + 4)(x + 4)\). The second term is \((x - 5)^2(x + 4)\), which is \((x - 5)(x - 5)(x + 4)\). So both terms have \((x - 5)(x + 4)\) as a common factor. Let's factor that out.

Let me factor out \((x - 5)(x + 4)\) from both terms. So:

First term: \((x - 5)(x + 4)^2 = (x - 5)(x + 4)(x + 4)\)

Second term: \((x - 5)^2(x + 4) = (x - 5)(x + 4)(x - 5)\)

So when we factor out \((x - 5)(x + 4)\), the expression becomes:

\((x - 5)(x + 4)[(x + 4) - (x - 5)]\)

Let me verify that. If I take \((x - 5)(x + 4)\) times \((x + 4 - (x - 5))\), that should be equal to the original expression. Let's compute the bracket part first: \((x + 4) - (x - 5) = x + 4 - x + 5 = 9\). Oh, that's nice! So the bracket simplifies to 9.

So putting it all together, the original expression factors to \((x - 5)(x + 4) \times 9\). Which is \(9(x - 5)(x + 4)\).

Wait, the problem says the answer should be written as \(A(x + B)(x + C)\). Let's see. Let's rewrite \(9(x - 5)(x + 4)\) in the form \(A(x + B)(x + C)\). 

First, \(x - 5\) is the same as \(x + (-5)\), so that's \(x + B\) where \(B = -5\). Similarly, \(x + 4\) is \(x + C\) where \(C = 4\). So the expression is \(9(x + (-5))(x + 4)\), so \(A = 9\), \(B = -5\), \(C = 4\).

Let me check if that's correct. Let's expand \(9(x - 5)(x + 4)\) to see if it matches the original expression.

First, \((x - 5)(x + 4) = x^2 + 4x - 5x - 20 = x^2 - x - 20\). Then multiplying by 9 gives \(9x^2 - 9x - 180\).

Now let's expand the original expression: \((x - 5)(x + 4)^2 - (x - 5)^2(x + 4)\).

First, compute \((x + 4)^2 = x^2 + 8x + 16\). Then \((x - 5)(x^2 + 8x + 16) = x^3 + 8x^2 + 16x - 5x^2 - 40x - 80 = x^3 + 3x^2 - 24x - 80\).

Next, compute \((x - 5)^2 = x^2 - 10x + 25\). Then \((x^2 - 10x + 25)(x + 4) = x^3 + 4x^2 - 10x^2 - 40x + 25x + 100 = x^3 - 6x^2 - 15x + 100\).

Now subtract the second result from the first: \((x^3 + 3x^2 - 24x - 80) - (x^3 - 6x^2 - 15x + 100) = x^3 + 3x^2 - 24x - 80 - x^3 + 6x^2 + 15x - 100 = (x^3 - x^3) + (3x^2 + 6x^2) + (-24x + 15x) + (-80 - 100) = 9x^2 - 9x - 180\).

Which matches the expansion of \(9(x - 5)(x + 4)\). So that's correct.

So the factored form is \(9(x - 5)(x + 4)\), which is \(A(x + B)(x + C)\) where \(A = 9\), \(B = -5\), \(C = 4\).

Let me just make sure there's no mistake in the factoring step. Original expression: \((x - 5)(x + 4)^2 - (x - 5)^2(x + 4)\). Factor out \((x - 5)(x + 4)\): yes, because both terms have that. Then the remaining parts are \((x + 4)\) and \(-(x - 5)\), so \((x + 4) - (x - 5) = 9\). That's correct. So the factorization is indeed \(9(x - 5)(x + 4)\).

Therefore, \(A = 9\), \(B = -5\), \(C = 4\).

I think that's it. Let me just check if the problem says ""integers \(A\), \(B\), \(C\)"". 9, -5, 4 are all integers, so that's good.

So the answer should be \(A = 9\), \(B = -5\), \(C = 4\). The problem says ""list all answers in order inside a single \boxed{}, separated by commas"". So the order is A, B, C, so 9, -5, 4.

Wait, let me confirm the form: \(A(x + B)(x + C)\). So \(x - 5 = x + (-5)\), so \(B = -5\), and \(x + 4 = x + 4\), so \(C = 4\). Yes, that's correct.

So the final answer is \boxed{9}, \boxed{-5}, \boxed{4}? Wait, no, the problem says ""list all answers in order inside a single \boxed{}, separated by commas"". So it should be \boxed{9, -5, 4}.

Let me check the problem statement again: ""Your answer can be written as \(A(x+B)(x+C)\) with integers \(A\), \(B\), \(C\) where \(A=\) [ANS], \(B=\) [ANS], and \(C=\) [ANS]"". So they want A, B, C in order. So the answer is 9, -5, 4. So the boxed answer is \boxed{9, -5, 4}.

Yes, that's right. I think that's it.
</think>

To factor the polynomial  
$$
(x - 5)(x + 4)^2 - (x - 5)^2(x + 4),
$$  
we begin by identifying common factors in both terms.

---

### Step 1: Factor out the greatest common factor

Both terms contain a factor of $(x - 5)(x + 4)$. So we can write:

$$
(x - 5)(x + 4)^2 - (x - 5)^2(x + 4) = (x - 5)(x + 4)\left[(x + 4) - (x - 5)\right]
$$

Now simplify the expression inside the brackets:

$$
(x + 4) - (x - 5) = x + 4 - x + 5 = 9
$$

So the entire expression becomes:

$$
(x - 5)(x + 4) \cdot 9 = 9(x - 5)(x + 4)
$$

---

### Step 2: Express in the required form

We are asked to write the result as $A(x + B)(x + C)$, where $A$, $B$, and $C$ are integers.

Note that:
- $x - 5 = x + (-5)$ → so $B = -5$
- $x + 4 = x + 4$ → so $C = 4$
- The coefficient is $A = 9$

Thus, the expression is:

$$
9(x + (-5))(x + 4) = A(x + B)(x + C)
$$

with:
- $A = 9$
- $B = -5$
- $C = 4$

---

### Final Answer

$$
\boxed{9, -5, 4}
$$"
164,"This is a complex or challenging question, and it is difficult to provide a direct and correct answer. I need to think about it.
Well, so we have this polynomial f(x) defined as 1011 plus a sum from n=0 to 1010 of (2n+1)x^(2n+2) - (2n+2)x^(2n+1). Then we need to compute f(x)/(x-1)^2, which is supposed to be a polynomial (so the denominator divides the numerator, which makes sense because there's a hole at x=1, meaning (x-1)^2 is a factor), and then find the y-coordinate of that hole, which is the value at x=1 of the polynomial (since the hole is where the original function has a discontinuity, but the polynomial function f(x)/(x-1)^2 is defined there by continuity, so y = lim_{x→1} f(x)/(x-1)^2, which should equal f(1)/(1-1)^2 but wait, no, actually, since it's a polynomial, it's just the value of the polynomial at x=1, which is the limit). Wait, right! Because if f(x) = (x-1)^2 g(x) where g(x) is a polynomial, then the hole is at (1, g(1)), so we need to compute g(1) where g(x) = f(x)/(x-1)^2.

So maybe instead of trying to compute the whole polynomial f(x) and then divide by (x-1)^2, which might be messy, we can use Taylor series or L'Hospital's rule? Wait, but since it's a polynomial, maybe we can compute the limit as x→1 of f(x)/(x-1)^2 by taking derivatives? Wait, L'Hospital's rule for two zeros: if f(1)=0 and f'(1)=0, then the limit is f''(1)/2! . Let's check that.

First, let's confirm f(1) is 0? Wait, the problem says the graph of y = f(x)/(x-1)^2 has a hole at (1,y), so that means (x-1)^2 divides f(x), so yes, f(1)=0 and f'(1)=0, so the limit exists and is f''(1)/2. Wait, but hold on: when we have a hole, it's a removable discontinuity, so f(x) = (x-1)^2 g(x) where g(x) is polynomial, so g(1) is the y-coordinate of the hole, so we need g(1) = f(1)/(1-1)^2 but no, better to say g(x) = f(x)/(x-1)^2, so g(1) is the value we want, which is lim_{x→1} f(x)/(x-1)^2, which by L'Hospital's rule (since 0/0) is lim_{x→1} f'(x)/(2(x-1)) = f''(1)/2, yes, that's right. So maybe computing the second derivative at x=1 is a way?

But maybe first let's write f(x) more explicitly or find a closed-form for the sum. Let's look at the sum S = sum_{n=0}^{N-1} [(2n+1)x^{2n+2} - (2n+2)x^{2n+1}] where in this problem N=1011, since the sum goes from n=0 to 1010, so 1011 terms. Wait, let's let N = 1011 for a second to make it general, maybe that helps.

Let me denote for a general N (here N=1011), let S_N = sum_{n=0}^{N-1} [(2n+1)x^{2n+2} - (2n+2)x^{2n+1}]. Then f(x) = 1011 + S_N with N=1011. Wait, but let's compute S_N first.

Let's split the sum into two parts: S_N = sum_{n=0}^{N-1} (2n+1)x^{2n+2} - sum_{n=0}^{N-1} (2n+2)x^{2n+1}.

Let's handle the first sum: A = sum_{n=0}^{N-1} (2n+1)x^{2n+2} = x^2 sum_{n=0}^{N-1} (2n+1)(x^2)^n.

Second sum: B = sum_{n=0}^{N-1} (2n+2)x^{2n+1} = 2x sum_{n=0}^{N-1} (n+1)(x^2)^n.

Oh, that's a good move! Because sums involving (n+1)r^n are related to derivatives of geometric series. Let's recall that sum_{n=0}^∞ r^n = 1/(1-r) for |r|<1, so sum_{n=0}^∞ (n+1)r^n = 1/(1-r)^2, and sum_{n=0}^∞ (2n+1)r^n = 2r/(1-r)^2 + 1/(1-r)? Wait, maybe better to derive for finite sums first, since we have finite N.

Let's let r = x^2 to simplify notation, so r = x², so x = sqrt(r) but maybe we don't need that. Let's define for r ≠ 1, sum_{n=0}^{M-1} r^n = (r^M - 1)/(r - 1).

Sum_{n=0}^{M-1} (n+1)r^n = d/dr [sum_{n=0}^{M-1} r^{n+1}] = d/dr [r(r^M - 1)/(r - 1)] = d/dr [ (r^{M+1} - r)/(r - 1) ].

Let's compute that derivative: let u = r^{M+1} - r, v = r - 1, so u' = (M+1)r^M - 1, v' = 1, so derivative is (u'v - uv')/v² = [((M+1)r^M - 1)(r - 1) - (r^{M+1} - r)(1)] / (r - 1)^2.

Let's expand numerator: (M+1)r^{M+1} - (M+1)r^M - r + 1 - r^{M+1} + r = [ (M+1)r^{M+1} - r^{M+1} ] + [ - (M+1)r^M ] + [ -r + r ] + 1 = M r^{M+1} - (M+1)r^M + 1.

So sum_{n=0}^{M-1} (n+1)r^n = [M r^{M+1} - (M+1)r^M + 1] / (r - 1)^2.

Wait, let's check for M=1: sum is n=0 to 0: 1*r^0=1. Formula: [1*r² - 2*r + 1]/(r-1)^2 = (r-1)^2/(r-1)^2=1, correct. Good, M=2: sum=1 + 2r, formula: [2r³ - 3r² +1]/(r-1)^2. Factor numerator: 2r³ -3r² +1 = (r-1)^2(2r +1)? Let's check: (r² - 2r +1)(2r +1)=2r³ + r² -4r² -2r +2r +1=2r³ -3r² +1, yes! So (r-1)^2(2r +1)/(r-1)^2=2r +1, correct. Great, so the formula works.

Now, in our case, for sum A: A = x² sum_{n=0}^{N-1} (2n+1)r^n where r=x², so let's write (2n+1)r^n = 2n r^n + r^n, so sum_{n=0}^{N-1} (2n+1)r^n = 2 sum_{n=0}^{N-1} n r^n + sum_{n=0}^{N-1} r^n.

We know sum_{n=0}^{N-1} r^n = (r^N - 1)/(r - 1).

Sum_{n=0}^{N-1} n r^n = r d/dr [sum_{n=0}^{N-1} r^n] = r d/dr [(r^N - 1)/(r - 1)] = r [N r^{N-1}(r - 1) - (r^N - 1)(1)] / (r - 1)^2 = r [N r^N - N r^{N-1} - r^N + 1] / (r - 1)^2 = r [ (N - 1) r^N - N r^{N-1} + 1 ] / (r - 1)^2.

Alternatively, maybe use the earlier derivative result for sum (n+1)r^n, so sum n r^n = sum (n+1)r^n - sum r^n = [M r^{M+1} - (M+1)r^M + 1]/(r - 1)^2 - (r^M - 1)/(r - 1) where M=N here (since sum from n=0 to N-1 is M=N terms). Let's do that for clarity.

Let M = N, so sum_{n=0}^{M-1} (n+1)r^n = [M r^{M+1} - (M+1)r^M + 1]/(r - 1)^2 as we found (for M=1,2 it worked).

Thus sum_{n=0}^{M-1} n r^n = [M r^{M+1} - (M+1)r^M + 1]/(r - 1)^2 - (r^M - 1)/(r - 1) = [M r^{M+1} - (M+1)r^M + 1 - (r^M - 1)(r - 1)] / (r - 1)^2.

Let's compute the numerator: M r^{M+1} - (M+1)r^M + 1 - [r^{M+1} - r^M - r + 1] = M r^{M+1} - (M+1)r^M + 1 - r^{M+1} + r^M + r - 1 = (M - 1) r^{M+1} - M r^M + r.

So sum n r^n = [ (M - 1) r^{M+1} - M r^M + r ] / (r - 1)^2.

Okay, maybe this is getting too algebraic. Wait, but in our problem, the sum goes up to n=1010, so let's take N=1011 as the number of terms (since n=0 to 1010 is 1011 terms), so let's set M = 1011 for the sums.

Wait, let's go back to the original expression of f(x) and compute f(1) first to check, maybe that's easy. Let's plug x=1 into f(x):

f(1) = 1011 + sum_{n=0}^{1010} [(2n+1)(1) - (2n+2)(1)] = 1011 + sum_{n=0}^{1010} [2n+1 -2n -2] = 1011 + sum_{n=0}^{1010} (-1) = 1011 - 1011 = 0. Oh, nice! So f(1)=0, which we knew, since there's a hole at x=1, so (x-1) is a factor.

Now compute f'(x) to check f'(1), since we thought maybe f'(1)=0 too. Let's compute f'(x):

f'(x) = sum_{n=0}^{1010} [ (2n+1)(2n+2)x^{2n+1} - (2n+2)(2n+1)x^{2n} ] Wait, no: derivative of (2n+1)x^{2n+2} is (2n+1)(2n+2)x^{2n+1}, derivative of -(2n+2)x^{2n+1} is -(2n+2)(2n+1)x^{2n}. So yes, f'(x) = sum_{n=0}^{1010} (2n+1)(2n+2)[x^{2n+1} - x^{2n}] = sum_{n=0}^{1010} (2n+1)(2n+2)x^{2n}(x - 1).

Oh, that's a great simplification! So f'(x) = (x - 1) * sum_{n=0}^{1010} (2n+1)(2n+2) x^{2n}.

Therefore, f'(1) = (1 - 1) * [sum] = 0. Perfect! So f'(1)=0 as well, which confirms that (x-1)^2 divides f(x), so f(x) = (x - 1)^2 g(x) where g(x) is a polynomial, and the hole is at (1, g(1)), so we need to compute g(1) = f(1)/(1-1)^2 but no, better: since f(x) = (x - 1)^2 g(x), then g(x) = f(x)/(x - 1)^2, so g(1) is the limit we want, which is equal to f''(1)/2 by L'Hospital's rule (since f(1)=f'(1)=0, so lim_{x→1} f(x)/(x-1)^2 = f''(1)/2).

Wait, but maybe even better: since we have f(x) = (x - 1)^2 g(x), then g(x) = f(x)/(x - 1)^2, so to find g(1), we can use the Taylor expansion of f(x) around x=1, up to the x^2 term, since g(x) is a polynomial, so f(x) = g(1)(x - 1)^2 + higher degree terms, so g(1) = f''(1)/2.

But maybe we can compute f''(x) at x=1? Wait, but let's see if we can get g(x) explicitly or find a closed-form for f(x) first, since the problem says f(x) is a polynomial, and the sum looks like it might telescope or be related to a derivative of a geometric series.

Wait, let's look at the general term in the sum: (2n+1)x^{2n+2} - (2n+2)x^{2n+1} = x^{2n+1} [ (2n+1)x - (2n+2) ] = x^{2n+1} [ (2n+1)(x - 1) - 1 ].

Not sure if helpful. Wait, another idea: consider the function h(x) = sum_{n=0}^{∞} (2n+1)x^{2n+2} - (2n+2)x^{2n+1}, but since f(x) is a polynomial of degree 2022 (last term is 2021x^{2022}, so degree 2022), the infinite sum would converge for |x| < 1, but maybe the finite sum has a closed-form.

Wait, let's compute the sum S = sum_{n=0}^{k} [(2n+1)x^{2n+2} - (2n+2)x^{2n+1}] for some k, then see if it telescopes or simplifies.

Let's write out the first few terms:

n=0: (1)x² - 2x

n=1: 3x⁴ - 4x³

n=2: 5x⁶ - 6x⁵

...

n=k: (2k+1)x^{2k+2} - (2k+2)x^{2k+1}

So S = -2x + x² - 4x³ + 3x⁴ - 6x⁵ + 5x⁶ - ... + (2k+2)x^{2k+1} - (2k+1)x^{2k+2}? Wait, no, order is as written: for each n, the positive term is degree 2n+2, negative term degree 2n+1, so increasing degrees: n=0: x² (deg2) - 2x (deg1); n=1: 3x⁴ (deg4) -4x³ (deg3); n=2:5x⁶ -6x⁵, etc., so all degrees from 1 up to 2k+2, even degrees starting at 2, odd degrees starting at 1.

Wait, let's group by degree: for degree 1: -2x (from n=0), degree 2: +x² (n=0), degree 3: -4x³ (n=1), degree 4: +3x⁴ (n=1), degree 5: -6x⁵ (n=2), degree 6: +5x⁶ (n=2), ..., degree m: if m odd, say m=2t+1, t≥0, then coefficient is -(2t+2); if m even, m=2t+2, t≥0, coefficient is (2t+1).

Wait, let's check: m=1=2*0+1, coefficient -(2*0+2)=-2, correct; m=2=2*0+2, coefficient 2*0+1=1, correct; m=3=2*1+1, coefficient -(2*1+2)=-4, correct; m=4=2*1+2, coefficient 2*1+1=3, correct; yes, so in general, for 1 ≤ m ≤ 2k+2,

- if m is odd, m=2t+1, t=0 to k (since 2k+1 ≤ 2k+2), coefficient = -(2t+2) = -2(t+1)

- if m is even, m=2t+2, t=0 to k, coefficient = 2t+1

So S = sum_{m=1}^{2k+2} c_m x^m where c_m = -2((m-1)/2 + 1) = -2((m+1)/2) = -(m+1) when m odd, and c_m = m - 1 when m even? Wait, m even: m=2t+2 ⇒ t=(m-2)/2, so c_m=2t+1=2*(m-2)/2 +1=m-2+1=m-1, yes! m odd: m=2t+1 ⇒ t=(m-1)/2, c_m=-(2t+2)=-(m+1), yes!

So in general, for each m ≥1,

c_m = { m - 1, if m even;

-(m + 1), if m odd }

Therefore, S = sum_{m=1}^{2k+2} c_m x^m = sum_{m=1}^{2k+2} (m - 1) x^m when m even? Wait, no, better to split into even and odd m.

Let m = 2t for even m: t=1 to k+1 (since m=2 to 2k+2), so m=2t ⇒ t=1 to k+1, c_m = m - 1 = 2t - 1

m = 2t - 1 for odd m: t=1 to k+1 (m=1 to 2k+1), c_m = -(m + 1) = -(2t - 1 + 1) = -2t

Ah, this is a nice reindexing! Let's do that:

Let t be a positive integer, for even m=2t: t=1 to k+1 (since m=2 ⇒ t=1, m=2k+2 ⇒ t=k+1), term is (2t - 1)x^{2t}

For odd m=2t - 1: t=1 to k+1 (m=1 ⇒ t=1, m=2k+1 ⇒ t=k+1), term is (-2t)x^{2t - 1}

Therefore, S = sum_{t=1}^{k+1} (2t - 1)x^{2t} + sum_{t=1}^{k+1} (-2t)x^{2t - 1}

Let's factor out x from the second sum: S = sum_{t=1}^{k+1} (2t - 1)x^{2t} - x sum_{t=1}^{k+1} 2t x^{2t - 2} = sum_{t=1}^{k+1} (2t - 1)x^{2t} - sum_{t=1}^{k+1} 2t x^{2t - 1}

Wait, maybe write both sums with index starting at t=0 to make it look like derivatives. Let's consider the sum T = sum_{t=0}^{∞} x^{2t} = 1/(1 - x²) for |x| < 1

Then sum_{t=0}^{∞} (2t + 1)x^{2t} = d/dx [sum_{t=0}^{∞} x^{2t+1}] = d/dx [x/(1 - x²)] = [1*(1 - x²) - x*(-2x)]/(1 - x²)^2 = (1 - x² + 2x²)/(1 - x²)^2 = (1 + x²)/(1 - x²)^2

Wait, but we have finite sums, but maybe the finite sum up to t=k+1 is related to the infinite sum minus the tail.

Wait, in our problem, the sum S in f(x) is from n=0 to 1010, so k=1010 in the above S (wait, earlier I set S = sum_{n=0}^{k} ... but in the problem it's n=0 to 1010, so let's fix k=1010, so total terms 1011, so the highest degree term is 2*1010 + 2 = 2022, which matches the problem statement: last term is 2021x^{2022} - 2022x^{2021}, yes, so n=1010 gives (2*1010+1)x^{2*1010+2} - (2*1010+2)x^{2*1010+1} = 2021x^{2022} - 2022x^{2021}, correct.

So let's take k=1010, so in the reindexed sum above, t goes from 1 to k+1=1011.

So S = sum_{t=1}^{1011} (2t - 1)x^{2t} - sum_{t=1}^{1011} 2t x^{2t - 1}

Let's write the first sum as sum_{t=1}^{1011} (2t - 1)x^{2t} = sum_{t=0}^{1011} (2t - 1)x^{2t} - (2*0 - 1)x^0 = sum_{t=0}^{1011} (2t - 1)x^{2t} + 1 (since t=0 term is -1, so subtracting -1 gives +1)

Wait, maybe better to consider the entire f(x) = 1011 + S = 1011 + sum_{n=0}^{1010} [(2n+1)x^{2n+2} - (2n+2)x^{2n+1}]

Let's compute f(x) - 1011 = sum_{n=0}^{1010} (2n+1)x^{2n+2} - sum_{n=0}^{1010} (2n+2)x^{2n+1}

Let's consider the sum sum_{n=0}^{m} (2n+2)x^{2n+1} = 2 sum_{n=0}^{m} (n+1)x^{2n+1} = 2x sum_{n=0}^{m} (n+1)(x²)^n

Similarly, sum_{n=0}^{m} (2n+1)x^{2n+2} = x² sum_{n=0}^{m} (2n+1)(x²)^n

We had earlier for sum_{n=0}^{m} (n+1)r^n = [ (m+1)r^{m+1} - (m+2)r^m + 1 ] / (r - 1)^2? Wait, no, earlier with M terms (n=0 to M-1), but here n=0 to m is m+1 terms, so let's set M = m+1, so sum_{n=0}^{m} (n+1)r^n = sum_{n=0}^{M-1} (n+1)r^n = [M r^{M+1} - (M+1)r^M + 1]/(r - 1)^2 as we derived before (with M terms, n=0 to M-1).

Yes, so for sum_{n=0}^{m} (n+1)r^n, that's M = m+1 terms, so it's [ (m+1) r^{m+2} - (m+2) r^{m+1} + 1 ] / (r - 1)^2.

Similarly, sum_{n=0}^{m} (2n+1)r^n = 2 sum_{n=0}^{m} n r^n + sum_{n=0}^{m} r^n = 2[ sum_{n=0}^{m} (n+1)r^n - sum_{n=0}^{m} r^n ] + sum_{n=0}^{m} r^n = 2 sum_{n=0}^{m} (n+1)r^n - sum_{n=0}^{m} r^n.

Let's compute that with the known sums:

sum_{n=0}^{m} r^n = (r^{m+1} - 1)/(r - 1)

sum_{n=0}^{m} (n+1)r^n = [ (m+1) r^{m+2} - (m+2) r^{m+1} + 1 ] / (r - 1)^2 as above (M=m+1 terms)

Therefore, sum (2n+1)r^n = 2[ (m+1) r^{m+2} - (m+2) r^{m+1} + 1 ] / (r - 1)^2 - (r^{m+1} - 1)/(r - 1)

Let's get common denominator (r - 1)^2:

= [ 2(m+1) r^{m+2} - 2(m+2) r^{m+1} + 2 - (r^{m+1} - 1)(r - 1) ] / (r - 1)^2

Expand the last term: (r^{m+1} - 1)(r - 1) = r^{m+2} - r^{m+1} - r + 1

So numerator becomes:

2(m+1)r^{m+2} - 2(m+2)r^{m+1} + 2 - r^{m+2} + r^{m+1} + r - 1

Combine like terms:

r^{m+2}: [2(m+1) - 1] = 2m + 2 - 1 = 2m + 1

r^{m+1}: [-2(m+2) + 1] = -2m - 4 + 1 = -2m - 3

r terms: +r

constants: 2 - 1 = 1

Wait, let's check with m=0: sum (2n+1)r^n from n=0 to 0 is 1*r^0=1. Plug m=0:

numerator = (2*0+1)r^{2} - (2*0+3)r^{1} + r + 1 = r² - 3r + r + 1 = r² - 2r + 1 = (r - 1)^2, so sum = (r - 1)^2 / (r - 1)^2 = 1, correct. Good.

m=1: sum = 1 + 3r. Numerator: (2*1+1)r³ - (2*1+3)r² + r + 1 = 3r³ -5r² + r +1. Let's factor: (r - 1)^2(3r +1)? (r² - 2r +1)(3r +1)=3r³ +r² -6r² -2r +3r +1=3r³ -5r² +r +1, yes! So sum = (3r +1), correct. Great, so the numerator formula works.

But maybe instead of getting bogged down in the closed-form, let's remember that we need g(1) = f(1)/(1-1)^2 but no, g(x) = f(x)/(x - 1)^2, so g(1) is the value we want, and we know f(x) = (x - 1)^2 g(x), so let's consider the Taylor expansion of f(x) around x=1. Let's set t = x - 1, so x = 1 + t, and we want to find g(1) = f(1 + t)/t² evaluated at t=0 (the constant term in the expansion of f(1 + t)/t²).

So let's compute f(1 + t) = sum_{n=0}^{1010} [(2n+1)(1 + t)^{2n+2} - (2n+2)(1 + t)^{2n+1}] + 1011

First, expand (1 + t)^k using binomial theorem: (1 + t)^k = 1 + k t + [k(k - 1)/2] t² + [k(k - 1)(k - 2)/6] t³ + ...

So let's compute the general term for a fixed n: (2n+1)(1 + t)^{2n+2} - (2n+2)(1 + t)^{2n+1}

Let's factor out (1 + t)^{2n+1}: = (1 + t)^{2n+1} [ (2n+1)(1 + t) - (2n+2) ] = (1 + t)^{2n+1} [ (2n+1) + (2n+1)t - 2n - 2 ] = (1 + t)^{2n+1} [ (2n - 1) + (2n + 1)t ]

Wait, hold on, is that right? Wait, (2n+1)(1 + t) - (2n+2) = (2n+1) + (2n+1)t - 2n - 2 = (2n - 1) + (2n + 1)t. Yes, correct.

But maybe better to expand each (1 + t)^k up to t² terms, since when we divide by t², the constant and t terms will vanish (since f(1)=0 and f'(1)=0, as we saw), so we need the t² term in f(x) around x=1 to get g(1) = f''(1)/2.

Let's compute (1 + t)^k = 1 + k t + [k(k - 1)/2] t² + O(t³)

Therefore, (2n+1)(1 + t)^{2n+2} = (2n+1)[1 + (2n+2)t + (2n+2)(2n+1)/2 t²] + O(t³) = (2n+1) + (2n+1)(2n+2)t + (2n+1)(2n+2)(2n+1)/2 t²? Wait, no! Wait, (2n+2)(2n+1)/2 is the coefficient for t² in (1 + t)^{2n+2}, yes.

Wait, let's do step by step for a general k: (1 + t)^k = 1 + k t + [k(k - 1)/2] t² + O(t³)

So let k1 = 2n + 2, k2 = 2n + 1

Then (2n+1)(1 + t)^{k1} = (2n+1)[1 + k1 t + (k1(k1 - 1)/2) t²] + O(t³) = (2n+1) + (2n+1)k1 t + (2n+1)k1(k1 - 1)/2 t² + O(t³)

(2n+2)(1 + t)^{k2} = (2n+2)[1 + k2 t + (k2(k2 - 1)/2) t²] + O(t³) = (2n+2) + (2n+2)k2 t + (2n+2)k2(k2 - 1)/2 t² + O(t³)

Therefore, the difference D_n = (2n+1)(1 + t)^{k1} - (2n+2)(1 + t)^{k2} is:

Constant term (t^0): (2n+1) - (2n+2) = -1

t term: (2n+1)k1 - (2n+2)k2

t² term: (2n+1)k1(k1 - 1)/2 - (2n+2)k2(k2 - 1)/2

Let's compute the t term first, maybe it's zero? Wait, we know f'(1)=0, so the total t term in f(1 + t) should be zero, which is why we can use this.

Compute k1 = 2n + 2, k2 = 2n + 1

t coefficient: (2n+1)(2n+2) - (2n+2)(2n+1) = 0! Oh, nice! That's why f'(1)=0, the linear terms cancel out for each n, so total linear term in f(1 + t) is zero. Perfect, so we only need to compute the constant term and t² term of f(1 + t) to get g(1) = [f(1 + t)/t²]_{t=0} = (t² coefficient of f(1 + t)) / 1 (since f(1 + t) = C0 + C1 t + C2 t² + ..., so f(1 + t)/t² = C2/t² + C1/t + C0 + ..., wait no! Wait, no: f(1) = 0, f'(1) = 0, so C0 = f(1) = 0, C1 = f'(1) = 0, so f(1 + t) = C2 t² + C3 t³ + ..., so f(1 + t)/t² = C2 + C3 t + ..., so g(1) = C2, where C2 is the coefficient of t² in f(1 + t).

Yes! That's the key. Since f(x) = (x - 1)^2 g(x), then in terms of t = x - 1, f(1 + t) = t² g(1 + t), so g(1) = g(1 + 0) = f(1 + t)/t² evaluated at t=0, which is the coefficient of t² in f(1 + t) (since the lower degree terms vanish).

So we need to compute the t² coefficient in f(1 + t), which is equal to the sum over n=0 to 1010 of the t² coefficient in D_n plus the t² coefficient in the constant term 1011 (but 1011 is constant, so its expansion in t has no t² term, so we can ignore it for the t² coefficient).

So let's focus on the t² coefficient in D_n, which we denoted above as:

C_n^{(2)} = (2n+1)k1(k1 - 1)/2 - (2n+2)k2(k2 - 1)/2, where k1=2n+2, k2=2n+1

Let's compute each part step by step.

First, compute k1(k1 - 1) = (2n + 2)(2n + 1) = 2(n + 1)(2n + 1)

k2(k2 - 1) = (2n + 1)(2n) = 2n(2n + 1)

Therefore,

C_n^{(2)} = (2n + 1)/2 * [2(n + 1)(2n + 1)] - (2n + 2)/2 * [2n(2n + 1)] Wait, no, wait: the first term is (2n+1)*k1(k1-1)/2, and k1(k1-1)=2(n+1)(2n+1), so:

(2n+1)*k1(k1-1)/2 = (2n+1)*[2(n+1)(2n+1)] / 2 = (2n+1)^2 (n + 1)

Similarly, second term: (2n+2)*k2(k2-1)/2 = (2n+2)*[2n(2n+1)] / 2 = (2n+2)*n(2n+1) = 2(n+1)*n(2n+1)

Wait, let's verify the algebra to be sure:

k1 = 2n + 2 ⇒ k1 - 1 = 2n + 1 ⇒ k1(k1 - 1) = (2n + 2)(2n + 1) = 2(n + 1)(2n + 1), correct.

Thus, (2n+1) * k1(k1 - 1)/2 = (2n+1) * [2(n + 1)(2n + 1)] / 2 = (2n + 1)^2 (n + 1), yes, the 2s cancel.

k2 = 2n + 1 ⇒ k2 - 1 = 2n ⇒ k2(k2 - 1) = (2n + 1)(2n), correct.

Thus, (2n + 2) * k2(k2 - 1)/2 = (2n + 2) * [2n(2n + 1)] / 2 = (2n + 2) * n(2n + 1) = 2(n + 1) * n(2n + 1), correct.

Therefore, C_n^{(2)} = (2n + 1)^2 (n + 1) - 2n(2n + 1)(n + 1)

Factor out (2n + 1)(n + 1) from both terms:

C_n^{(2)} = (2n + 1)(n + 1) [ (2n + 1) - 2n ] = (2n + 1)(n + 1)(1) = (2n + 1)(n + 1)

Oh, that's beautiful! The algebra simplified nicely. Let's check with a small n to make sure we didn't make a mistake.

Take n=0: compute D_0 = (1)x² - 2x (original term for n=0). Let's expand f(1 + t) around t=0 for n=0 term: (1 + t)^2 - 2(1 + t) = (1 + 2t + t²) - 2 - 2t = -1 + 0t + t². So t² coefficient is 1.

Using our formula for C_0^{(2)} = (2*0 + 1)(0 + 1) = 1*1=1, correct! Great.

n=1: term is 3x⁴ - 4x³. Expand at x=1+t: 3(1 + t)^4 - 4(1 + t)^3 = 3(1 + 4t + 6t² + 4t³ + t⁴) - 4(1 + 3t + 3t² + t³) = 3 + 12t + 18t² + ... - 4 - 12t - 12t² - ... = (3 - 4) + (12t - 12t) + (18t² - 12t²) + ... = -1 + 0t + 6t² + ... So t² coefficient is 6.

Formula: (2*1 + 1)(1 + 1)=3*2=6, correct! Perfect, so the formula works.

n=2: term=5x⁶ -6x⁵. Expand at x=1+t: 5(1+t)^6 -6(1+t)^5. (1+t)^6=1+6t+15t²+..., (1+t)^5=1+5t+10t²+..., so 5(1+6t+15t²) -6(1+5t+10t²)=5+30t+75t² -6-30t-60t²= -1 + 15t². t² coefficient=15. Formula: (5)(3)=15, correct! Yes! So the pattern holds: for each n, the t² coefficient in the nth term of the sum (excluding the constant 1011) is (2n + 1)(n + 1).

This is a huge simplification. So going back, f(1 + t) = 1011 + sum_{n=0}^{1010} D_n, where D_n is the nth term in the sum (the (2n+1)x^{2n+2} - (2n+2)x^{2n+1} term).

We already saw that each D_n has constant term -1 (from n=0: x² - 2x at x=1 is 1 - 2 = -1; n=1: 3x⁴ -4x³ at x=1 is 3 - 4 = -1, yes, all D_n at x=1 are -1), so total constant term from sum is sum_{n=0}^{1010} (-1) = -1011, hence f(1) = 1011 - 1011 = 0, which we knew.

The linear term in each D_n is zero (as we saw from the t coefficient being zero), so total linear term in f(1 + t) is zero, hence f'(1)=0.

The t² term in f(1 + t) is equal to the sum over n=0 to 1010 of the t² coefficient in D_n, which we just found is sum_{n=0}^{1010} (2n + 1)(n + 1).

Therefore, g(1) = [f(1 + t)/t²]_{t=0} = (t² coefficient of f(1 + t)) = sum_{n=0}^{1010} (2n + 1)(n + 1).

Yes! Because f(1 + t) = 0 + 0*t + [sum_{n=0}^{1010} (2n+1)(n+1)] t² + higher degree terms, so f(1 + t)/t² = sum_{n=0}^{1010} (2n+1)(n+1) + higher degree terms in t, so the constant term (which is g(1)) is exactly that sum.

Perfect, so now the problem reduces to computing S = sum_{n=0}^{1010} (2n + 1)(n + 1), then taking S mod 1000.

Let's expand the general term to make the sum easier: (2n + 1)(n + 1) = 2n(n + 1) + 1(n + 1) = 2n² + 2n + n + 1 = 2n² + 3n + 1.

Therefore, S = sum_{n=0}^{N-1} (2n² + 3n + 1) where N = 1011 (since n goes from 0 to 1010, that's N=1011 terms).

We can use the standard summation formulas:

sum_{n=0}^{M} n = M(M + 1)/2

sum_{n=0}^{M} n² = M(M + 1)(2M + 1)/6

Wait, but here our upper limit is 1010, so let's set M = 1010, so sum from n=0 to M is the same as sum from n=1 to M (since n=0 term is 0 for n² and n, but for the constant term it's 1, so we have to be careful).

Wait, let's compute sum_{n=0}^{M} (2n² + 3n + 1) = 2 sum_{n=0}^{M} n² + 3 sum_{n=0}^{M} n + sum_{n=0}^{M} 1

But sum_{n=0}^{M} n = sum_{n=1}^{M} n = M(M + 1)/2

sum_{n=0}^{M} n² = sum_{n=1}^{M} n² = M(M + 1)(2M + 1)/6

sum_{n=0}^{M} 1 = M + 1

In our case, M = 1010, so let's write S = sum_{n=0}^{1010} (2n² + 3n + 1) = 2*sum_{n=1}^{1010} n² + 3*sum_{n=1}^{1010} n + sum_{n=0}^{1010} 1 (since n=0 gives 0 for n² and n, and 1 for the constant)

Wait, sum_{n=0}^{M} 1 = M + 1, yes, so for M=1010, sum=1011 terms.

Let's compute each part step by step.

First, compute sum_{n=0}^{M} 1 = M + 1 = 1011 (since M=1010)

Second, sum_{n=0}^{M} n = M(M + 1)/2 = 1010*1011/2 = 505*1011 (let's keep it factored for now)

Third, sum_{n=0}^{M} n² = M(M + 1)(2M + 1)/6 = 1010*1011*2021/6

So S = 2*(1010*1011*2021/6) + 3*(1010*1011/2) + 1011

Let's simplify each term:

First term: 2/6 = 1/3, so first term = (1010*1011*2021)/3

Second term: 3/2 * 1010*1011 = (3*1010/2)*1011 = (1515)*1011 (since 3*1010=3030, 3030/2=1515)

Third term: 1011

Notice that all terms have a common factor of 1011, let's factor that out to make computation easier:

S = 1011 * [ (1010*2021)/3 + 1515 + 1 ]

Wait, let's check the factoring:

First term: (1010*1011*2021)/3 = 1011*(1010*2021)/3

Second term: 1515*1011 = 1011*1515

Third term: 1011 = 1011*1

Yes, perfect, so S = 1011 * [ (1010*2021)/3 + 1515 + 1 ]

Now compute the bracket step by step. First, compute (1010*2021)/3. Let's see if 1010 is divisible by 3? 1+0+1+0=2, not divisible by 3; 2021: 2+0+2+1=5, not divisible by 3. Wait, but maybe 1010*2021 is divisible by 3? Let's check 1010 mod 3: 1010/3=336*3+2 ⇒ 1010≡2 mod3; 2021/3=673*3+2 ⇒ 2021≡2 mod3; so 2*2=4≡1 mod3, so 1010*2021≡1 mod3? Wait, but we had from the small n examples that S is integer (for n=0 to 0: S=1, integer; n=0 to1:1+6=7, integer), so the bracket must be integer, so our factoring is correct, just need to compute 1010*2021 first.

Wait, 2021 is a known number: 2021=43*47, but maybe not helpful. Wait, 2021=2*1010 +1, yes! 2*1010=2020, so 2021=2020+1=2*1010 +1. That's useful.

Let's set k = 1010 to simplify notation (so k=1010, and we're summing from n=0 to k, so number of terms k+1=1011). Then:

S = sum_{n=0}^{k} (2n + 1)(n + 1) = sum_{n=0}^{k} (2n² + 3n + 1) = 2*(k(k+1)(2k+1)/6) + 3*(k(k+1)/2) + (k + 1)

Simplify:

= (k(k+1)(2k+1))/3 + (3k(k+1))/2 + (k + 1)

Factor out (k + 1):

= (k + 1) [ k(2k + 1)/3 + 3k/2 + 1 ]

Let's combine the terms inside the brackets over a common denominator of 6:

= (k + 1) [ 2k(2k + 1)/6 + 9k/6 + 6/6 ]

= (k + 1) [ (4k² + 2k + 9k + 6)/6 ]

= (k + 1) [ (4k² + 11k + 6)/6 ]

Wait, let's check the algebra:

2k(2k + 1) = 4k² + 2k

9k = 9k

6 = 6

Total numerator: 4k² + 2k + 9k + 6 = 4k² + 11k + 6, correct.

Now factor 4k² + 11k + 6: discriminant 121 - 96 = 25, roots (-11 ±5)/8, so (-6)/8=-3/4 and (-16)/8=-2, so factors (4k + 3)(k + 2). Let's check: (4k + 3)(k + 2)=4k² + 8k + 3k + 6=4k² +11k +6, yes!

Therefore, S = (k + 1)(4k + 3)(k + 2)/6

Oh, that's a beautiful closed-form! Let's verify with small k to be sure.

Take k=0 (sum n=0 to 0): S should be (2*0 +1)(0 +1)=1

Formula: (0 +1)(0 +3)(0 +2)/6 = (1)(3)(2)/6=6/6=1, correct.

k=1 (sum n=0 to1): 1 + 6=7

Formula: (1+1)(4*1 +3)(1+2)/6=2*7*3/6=42/6=7, correct.

k=2 (sum n=0 to2):1+6+15=22

Formula: (2+1)(8 +3)(2+2)/6=3*11*4/6=132/6=22, correct! Perfect, this closed-form works.

Great, so we have a much simpler expression for S:

S = (k + 1)(k + 2)(4k + 3)/6, where k = 1010 (since we're summing from n=0 to k=1010)

Let's confirm the substitution: k=1010, so k+1=1011, k+2=1012, 4k+3=4*1010 +3=4040 +3=4043

Therefore, S = (1011 * 1012 * 4043) / 6

Now we need to compute this value modulo 1000. Let's compute step by step, reducing modulo 1000 at each step to keep numbers small (since we only care about the remainder mod 1000).

First, simplify the fraction by dividing numerator and denominator by 6. Let's see if 1012 is divisible by 2 and 1011 by 3? 1011: 1+0+1+1=3, yes, divisible by 3; 1012: even, divisible by 2; 4043: let's check divisibility by 3: 4+0+4+3=11, not divisible by 3; by 2: odd, so no.

1011 ÷ 3 = 337 (since 3*300=900, 3*37=111, 900+111=1011, correct)

1012 ÷ 2 = 506

So 1011*1012 = 3*337*2*506 = 6*337*506, so (1011*1012)/6 = 337*506

Therefore, S = 337 * 506 * 4043

Ah, that's a better way: since (1011*1012)/6 = (1011/3)*(1012/2) = 337*506, as above.

Let's compute 337*506 first, then multiply by 4043, then take mod 1000.

But remember: (a*b*c) mod 1000 = [(a mod 1000)*(b mod 1000)*(c mod 1000)] mod 1000, but we can do it step by step.

First, compute 337*506 mod 1000. Wait, but actually, when multiplying by 4043, which is a large number, but note that (x*y) mod 1000 depends only on x mod 1000 and y mod 1000, but also, when we have a product of three numbers, we can compute each mod 1000, but let's see:

Wait, S = 337 * 506 * 4043. Let's compute each factor mod 1000 first:

337 mod 1000 = 337

506 mod 1000 = 506

4043 mod 1000 = 43

But wait, is that correct? Wait, no! Wait, (a*b*c) mod 1000 = [(a*b mod 1000)*c] mod 1000, yes, so we can reduce each factor mod 1000 first, but we have to be careful: 337*506*4043 mod 1000 = [ (337*506 mod 1000) * (4043 mod 1000) ] mod 1000 = [ (337*506 mod 1000) * 43 ] mod 1000

Yes, because 4043 = 4*1000 + 43, so 4043 ≡ 43 mod 1000.

So let's compute 337*506 first, find the last three digits (mod 1000).

Compute 337*500 = 168,500

337*6 = 2,022

So total 337*506 = 168,500 + 2,022 = 170,522

170,522 mod 1000 = 522

So 337*506 ≡ 522 mod 1000

Now multiply by 43: 522*43 mod 1000

Compute 522*40 = 20,880

522*3 = 1,566

Total = 20,880 + 1,566 = 22,446

22,446 mod 1000 = 446

Wait, is that it? Let's check the steps again to make sure we didn't make a mistake in the closed-form or the modular arithmetic.

First, confirmed with small k that S = (k+1)(k+2)(4k+3)/6 where k is the upper limit of the sum (n=0 to k). In our problem, sum is n=0 to 1010, so k=1010, correct.

Then (k+1)=1011, (k+2)=1012, 4k+3=4043, correct.

Then (1011*1012)/6: 1011/3=337, 1012/2=506, so 337*506, correct.

337*506: 300*500=150,000; 300*6=1,800; 37*500=18,500; 37*6=222; total=150,000+1,800=151,800+18,500=170,300+222=170,522, yes, last three digits 522, correct.

522*43: 500*43=21,500; 22*43=946; total=21,500+946=22,446, last three digits 446, correct.

Wait, but hold on! Wait a second: in the problem statement, it says ""the graph of y = f(x)/(x-1)^2 is a polynomial function with a hole at the point (1,y)"". We concluded that y = g(1) = sum_{n=0}^{1010} (2n+1)(n+1), which is S, and we computed S mod 1000 = 446.

But let's check with k=2 (sum n=0 to2, S=22) using the formula: (3)(4)(11)/6=132/6=22, correct. Then 22 mod 1000=22, which is right.

Another check: k=1, S=7, formula (2)(3)(7)/6=42/6=7, correct.

k=0, S=1, formula (1)(2)(3)/6=6/6=1, correct.

So the formula is solid.

Wait, but let's make sure we didn't misinterpret the sum limits. The problem says ""sum from n=0 to 1010"", so 1011 terms, which is k=1010 in our sum from n=0 to k, correct.

Is there another way to think about this? Let's see, when we did the Taylor expansion, we found that g(1) is the sum of (2n+1)(n+1) from n=0 to 1010, which we converted to the closed-form, which checked out with small cases.

Wait, but let's try to compute S another way to verify. Let's compute the sum S = sum_{n=0}^{1010} (2n+1)(n+1) = sum_{m=1}^{1011} m(2m - 1) where m = n + 1 (when n=0, m=1; n=1010, m=1011). Wait, let's see:

n = m - 1, so 2n +1 = 2m - 2 +1 = 2m -1; n +1 = m. So yes, S = sum_{m=1}^{1011} m(2m -1) = 2 sum_{m=1}^{M} m² - sum_{m=1}^{M} m where M=1011.

Compute that: 2*(M(M+1)(2M+1)/6) - (M(M+1)/2) = M(M+1)(2M+1)/3 - M(M+1)/2 = M(M+1)[(2(2M+1) - 3)/6] = M(M+1)(4M + 2 - 3)/6 = M(M+1)(4M -1)/6. Wait, hold on! Wait, is this a different closed-form?

Wait, no, we have a contradiction here? Wait, no, wait: in this substitution, M=1011 (since m goes from 1 to 1011), so let's see:

Original sum S = sum_{n=0}^{1010} (2n+1)(n+1) = sum_{m=1}^{1011} m(2m -1) where m=n+1, correct.

So sum_{m=1}^{M} m(2m -1) = 2 sum m² - sum m = 2*(M(M+1)(2M+1)/6) - M(M+1)/2 = M(M+1)(2M+1)/3 - M(M+1)/2 = M(M+1)[2(2M+1) - 3]/6 = M(M+1)(4M + 2 - 3)/6 = M(M+1)(4M -1)/6

Wait, but earlier we had S = (k+1)(k+2)(4k+3)/6 with k=1010, so k+1=1011=M, k+2=1012=M+1, 4k+3=4(M-1)+3=4M -1. Yes! So it's the same: M(M+1)(4M -1)/6 where M=1011. So that's consistent.

Let's compute this way for M=1011: S = 1011*1012*(4*1011 -1)/6 = 1011*1012*(4044 -1)/6 = 1011*1012*4043/6, which matches our earlier expression. Good, so no mistake there.

Now, let's recompute the modular arithmetic carefully, because it's easy to slip up.

We have S = (1011 * 1012 * 4043) / 6

First, divide 1012 by 2: 1012 = 2*506, so S = (1011 * 2*506 * 4043)/6 = (1011 * 506 * 4043)/3

Then divide 1011 by 3: 1011 = 3*337, so S = 337 * 506 * 4043, correct.

Now, compute 337*506:

337*500 = 168,500

337*6 = 2,022

168,500 + 2,022 = 170,522 ⇒ 170,522 mod 1000 = 522, correct.

Now 522*4043. Wait, earlier I said 4043 mod 1000 = 43, so 522*4043 mod 1000 = (522 mod 1000)*(4043 mod 1000) mod 1000 = 522*43 mod 1000, which is correct because (a*b) mod m = [(a mod m)*(b mod m)] mod m.

522*43:

Let's compute 522*40 = 20,880 ⇒ 20,880 mod 1000 = 880

522*3 = 1,566 ⇒ 1,566 mod 1000 = 566

Then (880 + 566) mod 1000 = 1,446 mod 1000 = 446. Yes, that's another way to compute it, breaking into tens and units, which confirms the last three digits are 446.

Wait, but let's check with another approach to be 100% sure, maybe compute S mod 1000 using the expanded sum without closed-form.

S = sum_{n=0}^{1010} (2n² + 3n + 1) = 2 sum n² + 3 sum n + sum 1, from n=0 to 1010.

sum 1 = 1011

sum n = 1010*1011/2 = 505*1011

sum n² = 1010*1011*2021/6

Let's compute each term mod 1000, but we have to be careful because division by 6 requires multiplying by modular inverse of 6 mod 1000, but maybe better to compute the entire expression as integer and take mod 1000.

First, note that when computing mod 1000, we can reduce each number mod 1000 first, but for sums involving division, we need to handle it as integer division.

Wait, but we know S is integer, so let's compute each part step by step mod 1000.

First, compute sum n from n=0 to 1010: 1010*1011/2 = 505*1011

505 mod 1000 = 505, 1011 mod 1000 = 11, so 505*11 = 5555 ⇒ 5555 mod 1000 = 555. But wait, is this correct? Wait, no: 505*1011 = 505*(1000 + 11) = 505000 + 5555 = 510555, so 510555 mod 1000 = 555, correct.

Second, sum n² from n=0 to 1010: 1010*1011*2021/6

First, 1010/2 = 505, so 1010*1011*2021/6 = 505*1011*2021/3

1011/3 = 337, so sum n² = 505*337*2021

Now compute 505*337 first: 500*337=168,500; 5*337=1,685; total=170,185 ⇒ 170,185 mod 1000=185

Then 185*2021: 185*(2000 + 21)=185*2000 + 185*21=370,000 + 3,885=373,885 ⇒ 373,885 mod 1000=885

So sum n² mod 1000=885

Then 2*sum n² mod 1000=2*885=1770 mod 1000=770

3*sum n mod 1000=3*555=1665 mod 1000=665

sum 1=1011 mod 1000=11

Now total S mod 1000= (770 + 665 + 11) mod 1000= (1446) mod 1000=446

Yes! Same result. Perfect, this cross-verification works.

Let's detail the second method to ensure no steps were wrong:

1. sum n from 0 to 1010 = 1010*1011/2 = (1010/2)*1011 = 505*1011 = 505*(1000 + 11"
165,"Okay, let's try to figure out how to calculate the Hamming nearness degree N(A, B) here. First, I need to remember what Hamming nearness degree is. From what I recall, in the context of fuzzy sets or vector spaces, the Hamming distance is the number of positions at which the corresponding elements are different. But here it's called ""nearness degree,"" which might be the complement of the Hamming distance. Wait, but the problem mentions ""Hamming nearness degree,"" so maybe it's a specific term.

Wait, the problem defines A and B as sums of terms like 0.6/u₁ + 0.8/u₂ + ... So these are vectors in some space where each component is a weight divided by u_i. But the Hamming nearness degree might be a measure of how close two vectors are in terms of their components. Let me think.

In some contexts, especially in information theory or coding theory, the Hamming distance between two binary vectors is the number of positions where they differ. But here, the vectors might not be binary. Wait, the problem says ""Hamming nearness degree,"" so maybe it's defined as 1 minus the Hamming distance, but normalized or something.

Wait, but the answer choices are all decimals between 0.68 and 0.88, so it's a percentage or a normalized measure. Let's look at the problem again.

A is: 0.6/u₁ + 0.8/u₂ + 1/u₃ + 0.8/u₄ + 0.6/u₅ + 0.2/u₆

B is: 0.4/u₁ + 0.6/u₂ + 0.5/u₃ + 1/u₄ + 0.8/u₅ + 0.3/u₆

Hmm, maybe the Hamming nearness degree here refers to the number of positions where the coefficients are equal, divided by the total number of positions? But the problem says ""Hamming nearness degree,"" which might be a specific term in the context of the course or textbook this problem is from.

Wait, another thought: In some contexts, especially in fuzzy sets, the Hamming distance between two fuzzy vectors is the sum of the absolute differences of their membership values. But the problem says ""Hamming nearness degree,"" which might be the complement of that.

Wait, let's check the answer choices. The options are like 0.72, 0.78, etc. Let's list the coefficients for each u_i:

For u₁: A has 0.6, B has 0.4. Are they different? Yes.

u₂: A has 0.8, B has 0.6. Different.

u₃: A has 1.0, B has 0.5. Different.

u₄: A has 0.8, B has 1.0. Different.

u₅: A has 0.6, B has 0.8. Different.

u₆: A has 0.2, B has 0.3. Different.

Wait, all six components are different? Then if Hamming nearness is the number of matching components over total, it would be 0, but that's not an answer choice. So that can't be.

Wait, maybe the problem is not about the coefficients being equal, but the ""nearness"" is based on some other metric. Wait, the problem says ""Hamming nearness degree"" – maybe it's a translation or specific term.

Wait, in some contexts, especially in the context of the Hamming distance for vectors in a space where each component is a value, the Hamming distance is 1 if they differ, 0 otherwise. But here, the vectors are not binary. Wait, perhaps the problem is using ""Hamming nearness"" as the sum of the minimum differences or something.

Wait, another angle: The problem might be from a specific field where Hamming nearness degree is defined as the average of the absolute differences between corresponding components, but that would be a different metric (like L1 distance). Let's check.

Compute the absolute differences for each component:

u₁: |0.6 - 0.4| = 0.2

u₂: |0.8 - 0.6| = 0.2

u₃: |1.0 - 0.5| = 0.5

u₄: |0.8 - 1.0| = 0.2

u₅: |0.6 - 0.8| = 0.2

u₆: |0.2 - 0.3| = 0.1

Sum of absolute differences: 0.2 + 0.2 + 0.5 + 0.2 + 0.2 + 0.1 = 1.4

If it's the average, then 1.4 / 6 ≈ 0.233, which is not in the answer choices. So that's not it.

Wait, maybe it's the number of components where A and B are ""close"" in some way. But the problem says ""Hamming nearness degree,"" which is a standard term? Let me recall.

In Hamming distance, for binary vectors, it's the number of positions where they differ. The Hamming nearness would be 1 - Hamming distance (for binary vectors). But here, the vectors are not binary. Wait, but maybe the problem is using a different definition where each component is a binary variable, but the coefficients are weights.

Wait, the problem says ""Let F be the set"" but then defines A and B. Maybe F is a space of vectors with components u₁ to u₆, and A and B are vectors in F. But the problem says ""Calculate N(A, B) using Hamming nearness degree.""

Wait, perhaps in this context, Hamming nearness degree is defined as the sum over all components of (1 - |a_i - b_i|) or something. Let's see.

Wait, another thought: In some contexts, especially in machine learning or data analysis, the Hamming distance between two vectors is the number of positions where they differ, but if the vectors are not binary, it's not directly applicable. However, the problem might be using a simplified version where each component is considered as a binary variable (0 or 1) based on some threshold.

Wait, but the coefficients here are all between 0 and 1, so maybe they are probabilities or weights. Let's think differently.

Wait, the problem might be a translation issue. The original term might be ""Hamming distance"" but the problem says ""nearness degree,"" which is the complement.

Wait, let's check the answer choices. The options are all around 0.7-0.8. Let's see:

If we consider that for each component, we check if A_i > B_i or vice versa, but Hamming nearness might be the number of components where they are ""similar"" in some way.

Alternatively, maybe the problem is referring to the Hamming distance in the context of the vectors being in a space where each component is a single value, and the Hamming distance is 1 if they are different, 0 otherwise. But since all components are different (as we saw earlier), the Hamming distance would be 6, so nearness degree would be 1 - 6/6 = 0, which is not an answer.

Wait, that can't be. Maybe the problem has a typo, but assuming it's correct, let's think again.

Wait, the problem says ""Hamming nearness degree"". Let me search my memory for any standard definition. In some contexts, the Hamming nearness measure for two vectors is the number of positions where the components are equal, divided by the total number of positions. But in this case, all components are different, so that would be 0, which isn't an answer.

Wait, maybe the problem is not about the coefficients but the denominators? But the denominators are u₁ to u₆, which are variables. Wait, no, the problem says ""Calculate N(A, B) using Hamming nearness degree"" – maybe the u_i are irrelevant, and it's about the numerators.

Wait, another angle: In some contexts, especially in the study of fuzzy sets, the Hamming distance between two fuzzy sets is the sum of the absolute differences of their membership functions. But here, A and B are not fuzzy sets but weighted sums. Maybe the problem is using a different definition.

Wait, let's look at the answer choices. The options are A to J: 0.72, 0.78, 0.74, 0.88, 0.68, 0.82, 0.85, 0.70, 0.76, 0.80.

Let me try to compute the sum of the differences squared or something. For example, in L2 distance: sum of (A_i - B_i)^2.

u₁: (0.6 - 0.4)^2 = 0.04

u₂: (0.8 - 0.6)^2 = 0.04

u₃: (1.0 - 0.5)^2 = 0.25

u₄: (0.8 - 1.0)^2 = 0.04

u₅: (0.6 - 0.8)^2 = 0.04

u₆: (0.2 - 0.3)^2 = 0.01

Sum: 0.04 + 0.04 + 0.25 + 0.04 + 0.04 + 0.01 = 0.42

L2 distance is 0.42 / 6 = 0.07, which is not helpful.

Wait, maybe the problem is using the concept of ""Hamming nearness"" as the proportion of components where A and B are in the same interval. For example, if we split the interval [0,1] into two parts, say [0, 0.5) and [0.5, 1], then for each component, check if they are in the same interval.

Let's try that.

u₁: A=0.6 (in [0.5,1]), B=0.4 (in [0,0.5)) → different

u₂: A=0.8 (in [0.5,1]), B=0.6 (in [0.5,1]) → same

u₃: A=1.0 (in [0.5,1]), B=0.5 (boundary, maybe included in [0.5,1]) → same

u₄: A=0.8 (in [0.5,1]), B=1.0 (in [0.5,1]) → same

u₅: A=0.6 (in [0.5,1]), B=0.8 (in [0.5,1]) → same

u₆: A=0.2 (in [0,0.5)), B=0.3 (in [0,0.5)) → same

So same intervals for u₂, u₃, u₄, u₅, u₆ → 5 out of 6. 5/6 ≈ 0.833, which is close to 0.82 (F) or 0.85 (G). Hmm, but the answer choices have 0.82 and 0.85.

Wait, maybe the boundary is at 0.5, so B₃ is 0.5, which is exactly the boundary. Depending on the convention, 0.5 could be included in [0.5,1] or [0,0.5). Let's say it's included in [0.5,1], then u₃ is same. So 5 out of 6 is ~0.833, which is 0.82 (F) or 0.85 (G). But the answer choices have F as 0.82 and G as 0.85.

Alternatively, maybe the problem uses a different threshold. Let's try threshold 0.6.

u₁: A=0.6 (threshold 0.6), B=0.4 (<0.6) → different

u₂: A=0.8 (>0.6), B=0.6 (threshold) → same (if threshold is included)

u₃: A=1.0 (>0.6), B=0.5 (<0.6) → different

u₄: A=0.8 (>0.6), B=1.0 (>0.6) → same

u₅: A=0.6 (threshold), B=0.8 (>0.6) → different (if threshold is exclusive)

u₆: A=0.2 (<0.6), B=0.3 (<0.6) → same

So same here: u₂, u₄, u₆ → 3 out of 6 = 0.5, which is not an answer.

Hmm, not helpful.

Wait, another idea: In some contexts, the Hamming nearness degree is defined as the sum of the minimum of the two values or something. Let's see.

For each component, compute min(A_i, B_i):

u₁: min(0.6, 0.4) = 0.4

u₂: min(0.8, 0.6) = 0.6

u₃: min(1.0, 0.5) = 0.5

u₄: min(0.8, 1.0) = 0.8

u₅: min(0.6, 0.8) = 0.6

u₆: min(0.2, 0.3) = 0.2

Sum: 0.4 + 0.6 + 0.5 + 0.8 + 0.6 + 0.2 = 3.1

Average: 3.1 / 6 ≈ 0.516, not an answer.

Alternatively, sum of max(A_i, B_i):

u₁: 0.6

u₂: 0.8

u₃: 1.0

u₄: 1.0

u₅: 0.8

u₆: 0.3

Sum: 0.6 + 0.8 + 1.0 + 1.0 + 0.8 + 0.3 = 4.5

Average: 4.5 / 6 = 0.75. Oh! 0.75 is close to 0.74 (C) or 0.76 (I). Hmm, 0.75 is exactly 3/4, but the answer choices have 0.74 and 0.76.

Wait, maybe the problem defines Hamming nearness degree as the average of the maximum of the two components. Let's check:

Sum of max(A_i, B_i) = 0.6 + 0.8 + 1.0 + 1.0 + 0.8 + 0.3 = 4.5

4.5 / 6 = 0.75. But the answer choices have C as 0.74 and I as 0.76. Close, but not exact.

Alternatively, maybe it's the sum of (A_i + B_i) / 2.

Sum of (A_i + B_i):

u₁: 0.6 + 0.4 = 1.0

u₂: 0.8 + 0.6 = 1.4

u₃: 1.0 + 0.5 = 1.5

u₄: 0.8 + 1.0 = 1.8

u₅: 0.6 + 0.8 = 1.4

u₆: 0.2 + 0.3 = 0.5

Total sum: 1.0 + 1.4 + 1.5 + 1.8 + 1.4 + 0.5 = 7.6

Average: 7.6 / 6 ≈ 1.266, which is not helpful.

Wait, another thought: In some contexts, especially in the context of the problem being from a specific textbook or course, Hamming nearness degree might be defined as the number of components where A_i ≥ B_i divided by total components.

Let's check:

u₁: 0.6 ≥ 0.4 → yes

u₂: 0.8 ≥ 0.6 → yes

u₃: 1.0 ≥ 0.5 → yes

u₄: 0.8 ≥ 1.0 → no

u₅: 0.6 ≥ 0.8 → no

u₆: 0.2 ≥ 0.3 → no

So 3 out of 6 → 0.5, not an answer.

Alternatively, number of components where A_i ≤ B_i:

u₁: 0.6 ≤ 0.4 → no

u₂: 0.8 ≤ 0.6 → no

u₃: 1.0 ≤ 0.5 → no

u₄: 0.8 ≤ 1.0 → yes

u₅: 0.6 ≤ 0.8 → yes

u₆: 0.2 ≤ 0.3 → yes

So 3 out of 6 → 0.5.

Hmm.

Wait, let's think about the term ""Hamming nearness degree"". Maybe it's a mistranslation of ""Hamming distance"" but in the context of the problem, it's a specific calculation.

Wait, the problem says ""Calculate N(A, B) using Hamming nearness degree"". Maybe in this context, Hamming nearness degree is defined as 1 - (number of differing components) / total components, but since all components differ (as we saw), that would be 0, which is not an answer.

Wait, but maybe the components are not the coefficients but the u_i? No, the problem states A and B as sums of coefficients over u_i.

Wait, another angle: In some contexts, especially in the study of vectors in a space where each component is a value, the Hamming nearness could be the sum of the absolute differences normalized by something. Let's compute the sum of absolute differences again:

0.2 + 0.2 + 0.5 + 0.2 + 0.2 + 0.1 = 1.4

If we take (1 - 1.4) / 1 = -0.4, which doesn't make sense.

Wait, maybe it's the sum of the minimum differences, like for each component, the difference is |A_i - B_i|, and nearness is the sum of (1 - |A_i - B_i|). Let's try that.

For each component:

u₁: 1 - 0.2 = 0.8

u₂: 1 - 0.2 = 0.8

u₃: 1 - 0.5 = 0.5

u₄: 1 - 0.2 = 0.8

u₅: 1 - 0.2 = 0.8

u₆: 1 - 0.1 = 0.9

Sum: 0.8 + 0.8 + 0.5 + 0.8 + 0.8 + 0.9 = 4.6

Average: 4.6 / 6 ≈ 0.766..., which is approximately 0.77, and the answer choice I is 0.76. Close.

Wait, 4.6 / 6 is exactly 0.7666..., which rounds to 0.77, but the choices have I as 0.76. Hmm.

Alternatively, maybe it's the sum of the minimum of A_i and B_i, divided by something.

Sum of min(A_i, B_i) = 0.4 + 0.6 + 0.5 + 0.8 + 0.6 + 0.2 = 3.1

3.1 / 6 ≈ 0.516, not helpful.

Sum of (A_i + B_i) / 2: (1.0 + 1.4 + 1.5 + 1.8 + 1.4 + 0.5)/6 = 7.6/6 ≈ 1.266, nope.

Wait, let's go back to the problem statement. It says ""Let F be the set A = ... B = ..."". Wait, maybe F is the set of all possible vectors, and N(A,B) is the Hamming nearness degree between A and B.

Wait, another thought: In some contexts, especially in information theory, the Hamming distance for non-binary vectors is not standard, but if we consider each component as a binary variable (e.g., 0 or 1), then Hamming distance would be the number of positions where they differ. But here, the coefficients are not binary. Maybe the problem assumes that each coefficient is rounded to 0 or 1.

Let's try rounding each coefficient to the nearest integer:

A: 0.6 → 1, 0.8 → 1, 1.0 → 1, 0.8 → 1, 0.6 → 1, 0.2 → 0

B: 0.4 → 0, 0.6 → 1, 0.5 → 1, 1.0 → 1, 0.8 → 1, 0.3 → 0

So A as binary: [1,1,1,1,1,0]

B as binary: [0,1,1,1,1,0]

Now, Hamming distance is the number of positions where they differ: positions 1 (1 vs 0) and 6 (0 vs 0? Wait, A6 is 0, B6 is 0, so same. Wait:

A binary: u1=1, u2=1, u3=1, u4=1, u5=1, u6=0

B binary: u1=0, u2=1, u3=1, u4=1, u5=1, u6=0

So differences at u1 (1 vs 0) → 1 difference.

Hamming distance is 1.

Then Hamming nearness degree would be 1 - (Hamming distance / 6) = 1 - 1/6 ≈ 0.833, which is close to 0.82 (F) or 0.85 (G).

But the problem says ""Hamming nearness degree"", which might be defined as 1 - Hamming distance (for binary vectors). If the Hamming distance is 1, then nearness degree is 5/6 ≈ 0.833, which is 0.82 or 0.85.

Wait, but let's check the rounding again.

0.6 is closer to 1 than 0 (0.6 - 0 = 0.6, 1 - 0.6 = 0.4), so 0.6 rounds to 1.

0.8 rounds to 1.

1.0 rounds to 1.

0.8 rounds to 1.

0.6 rounds to 1.

0.2 rounds to 0.

B:

0.4 rounds to 0 (0.4 is closer to 0 than 1).

0.6 rounds to 1.

0.5 rounds to 0 or 1? 0.5 is exactly halfway; depending on convention, it might round to 1 (in some systems) or 0 (in others). Let's assume it rounds to 1 (since 0.5 is often rounded up).

0.5 rounds to 1.

1.0 rounds to 1.

0.8 rounds to 1.

0.3 rounds to 0.

So B binary: [0,1,1,1,1,0]

A binary: [1,1,1,1,1,0]

So differences at u1 (1 vs 0), others are same. So Hamming distance is 1. Nearness degree is 1 - (1/6) ≈ 0.833, which is 0.82 (F) or 0.85 (G). The answer choices have F as 0.82 and G as 0.85.

But 0.833 is closer to 0.83, which isn't an option, but 0.82 and 0.85 are the closest.

Alternatively, maybe the problem uses a different rounding. For example, if 0.5 rounds to 0, then B3 would be 0.

Let's try that:

B3: 0.5 rounds to 0.

Then B binary: [0,1,0,1,1,0]

A binary: [1,1,1,1,1,0]

Differences: u1 (1 vs 0), u3 (1 vs 0), u6 (0 vs 0 same). So Hamming distance 2.

Nearness degree: 1 - 2/6 = 4/6 ≈ 0.666, which is 0.68 (E). Hmm, but 0.68 is an option.

But this is speculative.

Wait, another approach: The problem might be from a specific source where Hamming nearness degree for two vectors is defined as the sum of (1 - |A_i - B_i|) divided by 6.

Let's compute that:

For each i, 1 - |A_i - B_i|:

u1: 1 - 0.2 = 0.8

u2: 1 - 0.2 = 0.8

u3: 1 - 0.5 = 0.5

u4: 1 - 0.2 = 0.8

u5: 1 - 0.2 = 0.8

u6: 1 - 0.1 = 0.9

Sum: 0.8 + 0.8 + 0.5 + 0.8 + 0.8 + 0.9 = 4.6

4.6 / 6 ≈ 0.7667, which is approximately 0.77. The answer choices have I as 0.76 and C as 0.74. 0.7667 is closest to 0.76 (I).

This seems plausible. Let's check:

Sum of (1 - |A_i - B_i|) = 4.6

4.6 / 6 = 0.766666..., which rounds to 0.77, but the options are given as exact decimals. The closest option is I (0.76) or maybe C (0.74). Wait, 0.766 is closer to 0.77, but the choices have 0.76 and 0.74. 0.76 is option I.

Alternatively, maybe the problem defines Hamming nearness as the sum of the minimum of (A_i, B_i) divided by something.

Sum of min(A_i, B_i) = 0.4 + 0.6 + 0.5 + 0.8 + 0.6 + 0.2 = 3.1

3.1 / 6 ≈ 0.516, not helpful.

Wait, another thought: In the context of the problem, ""Hamming nearness degree"" might refer to the degree of similarity in terms of the Hamming distance for binary vectors derived from the coefficients.

For example, if each coefficient is considered as a binary variable where 1 means above a threshold and 0 otherwise.

Suppose the threshold is 0.5.

Then:

A_i > 0.5: 0.6 (yes), 0.8 (yes), 1.0 (yes), 0.8 (yes), 0.6 (yes), 0.2 (no)

So A binary: [1,1,1,1,1,0]

B_i > 0.5: 0.4 (no), 0.6 (yes), 0.5 (no, since 0.5 is not greater than 0.5), 1.0 (yes), 0.8 (yes), 0.3 (no)

So B binary: [0,1,0,1,1,0]

Now, Hamming distance between A and B:

A: 1 1 1 1 1 0

B: 0 1 0 1 1 0

Differences at positions 1 and 3 → 2 differences.

Hamming nearness degree could be (6 - 2)/6 = 4/6 ≈ 0.666..., which is 0.68 (E). But the answer choice E is 0.68.

Wait, but in some definitions, nearness degree is 1 - Hamming distance / n. So 1 - 2/6 = 4/6 ≈ 0.666, which is 0.68 when rounded to two decimal places.

But the problem says ""Hamming nearness degree"", which might be defined as (n - Hamming distance)/n.

If that's the case, then with threshold 0.5:

Hamming distance is 2, so nearness degree is 4/6 ≈ 0.666 → 0.68 (E).

But earlier when I rounded 0.5 to 1, Hamming distance was 1, giving 5/6 ≈ 0.833. So it depends on the threshold.

Wait, the problem states the coefficients as 0.6, 0.8, 1.0, etc. Maybe the Hamming nearness is based on the actual values without thresholding, but that seems odd.

Let's check the answer choices again. The options are:

A. 0.72

B. 0.78

C. 0.74

D. 0.88

E. 0.68

F. 0.82

G. 0.85

H. 0.70

I. 0.76

J. 0.80

Let's think of another approach. Maybe the problem is using the term ""Hamming nearness"" as the sum of the overlaps, i.e., for each component, the product of the coefficients.

Sum of A_i * B_i:

u1: 0.6 * 0.4 = 0.24

u2: 0.8 * 0.6 = 0.48

u3: 1.0 * 0.5 = 0.5

u4: 0.8 * 1.0 = 0.8

u5: 0.6 * 0.8 = 0.48

u6: 0.2 * 0.3 = 0.06

Total sum: 0.24 + 0.48 + 0.5 + 0.8 + 0.48 + 0.06 = 2.56

Average: 2.56 / 6 ≈ 0.426, not helpful.

Alternatively, sum of (A_i * B_i) / (A_i + B_i) or something, but that's complicated.

Wait, going back to the initial idea where sum of (1 - |A_i - B_i|) / 6 = 0.7667 ≈ 0.77, which is closest to option I (0.76). Given that the answer choices are to two decimal places, 0.7667 rounds to 0.77, but the options have 0.76 and 0.74. Maybe the problem expects us to calculate it as 4.6 / 6 = 0.766..., which is written as 0.77, but the choices have 0.76 as I.

Alternatively, maybe the problem uses a different definition. Let's try to see if there's a standard formula for Hamming nearness in this context.

Wait, another idea: In some contexts, especially in the study of fuzzy sets, the Hamming distance between two fuzzy vectors is the sum of the absolute differences, and the nearness degree would be 1 - Hamming distance. But here, the Hamming distance would be sum of |A_i - B_i| = 1.4, so 1 - 1.4 = -0.4, which doesn't make sense.

Alternatively, normalized Hamming distance: 1.4 / (max(A_i) - min(A_i)) or something, but that's not standard.

Wait, let's think about the problem's title: ""Calculate N(A, B) using Hamming nearness degree"". Maybe in the context of the problem, ""Hamming nearness degree"" is a specific term defined in the course materials. Since I don't have that context, I need to make an educated guess.

Let's consider the sum of the absolute differences: 1.4. If we take (1 - 1.4 / 6) = 1 - 0.233 = 0.766, which is 0.77. The closest option is I (0.76).

Alternatively, if the problem defines Hamming nearness as the sum of the minimum of A_i and B_i divided by 1 (since they are weights), but that gives 3.1, which is not helpful.

Wait, let's check the problem statement again: It says ""Let F be the set A = ... B = ..."". Maybe F is a set of vectors, and N(A,B) is the Hamming nearness.

Another angle: In some contexts, the Hamming nearness for two vectors is the number of coordinates where they are equal, but since these are real numbers, they are never equal, so that's zero. Not helpful.

Wait, perhaps the problem has a typo and it's supposed to be ""Euclidean nearness"" or ""Minkowski nearness"". Let's try Euclidean distance.

Euclidean distance squared: sum of (A_i - B_i)^2 = 0.04 + 0.04 + 0.25 + 0.04 + 0.04 + 0.01 = 0.42

Euclidean distance: sqrt(0.42) ≈ 0.648, not an answer.

But the problem says ""Hamming nearness degree"", so probably not.

Wait, going back to the rounding idea. If we take threshold 0.6:

A_i > 0.6: 0.6 is equal, 0.8 > 0.6, 1.0 > 0.6, 0.8 > 0.6, 0.6 equal, 0.2 < 0.6.

B_i > 0.6: 0.4 < 0.6, 0.6 equal, 0.5 < 0.6, 1.0 > 0.6, 0.8 > 0.6, 0.3 < 0.6.

Assuming equal is considered as 1 (if threshold is inclusive), but this is messy.

Alternatively, the problem might be from a specific source where Hamming nearness degree is calculated as the average of the minimum of the two values.

Wait, sum of min(A_i, B_i) is 3.1, as before. 3.1 / 6 ≈ 0.516, not helpful.

Wait, let's try to see what the answer might be. If the problem is from a textbook where Hamming nearness degree is defined as (number of components where A_i and B_i are in the same interval) / 6, with the interval being [0, 0.5) and [0.5, 1].

Let's define:

- If A_i < 0.5 and B_i < 0.5 → same

- If A_i ≥ 0.5 and B_i ≥ 0.5 → same

- Otherwise, different.

So:

u1: A=0.6 ≥0.5, B=0.4 <0.5 → different

u2: A=0.8 ≥0.5, B=0.6 ≥0.5 → same

u3: A=1.0 ≥0.5, B=0.5 ≥0.5 → same (assuming 0.5 is included)

u4: A=0.8 ≥0.5, B=1.0 ≥0.5 → same

u5: A=0.6 ≥0.5, B=0.8 ≥0.5 → same

u6: A=0.2 <0.5, B=0.3 <0.5 → same

So same components: u2, u3, u4, u5, u6 → 5 out of 6.

5/6 ≈ 0.8333, which is closest to option F (0.82) or G (0.85). 0.8333 is 0.83, so maybe the problem rounds down to 0.82 (F).

But why would it be 0.82? 0.8333 is closer to 0.83 than 0.82 or 0.85.

Alternatively, if the problem considers 0.5 as the boundary, and B3=0.5 is considered in the lower interval (less than 0.5), then:

u3: A=1.0 ≥0.5, B=0.5 <0.5 → different.

Then same components: u2, u4, u5, u6 → 4 out of 6 ≈ 0.666, which is 0.68 (E).

But this is speculative.

Let's think of the answer choices. The options are:

A. 0.72

B. 0.78

C. 0.74

D. 0.88

E. 0.68

F. 0.82

G. 0.85

H. 0.70

I. 0.76

J. 0.80

I recall that in some contexts, especially in the study of Hamming distance for vectors with real components, the Hamming distance is not directly applicable, but if we consider the number of components where the difference is positive or negative, but that's not standard.

Wait, another idea: Maybe the problem is using ""Hamming nearness degree"" as the sum of the weights where A and B are ""close"" in some defined way, but I'm stuck.

Let's try to calculate the sum of (A_i - B_i)^2 / (A_i + B_i) or something, but that's too arbitrary.

Wait, going back to the sum of (1 - |A_i - B_i|) / 6 = 0.766, which is 0.77. The closest answer choice is I (0.76). Given that the problem might expect this calculation, I think the answer is I.

Alternatively, if the problem defines Hamming nearness as the average of the minimum of (A_i, B_i), but that gives 0.516, which is not an option.

Wait, let's check the sum of (A_i + B_i) / 2:

As before, sum is 7.6, average 1.266. Not helpful.

Wait, the problem might have a typo, and ""Hamming nearness"" is supposed to be ""Euclidean distance"", but Euclidean distance is sqrt(0.42) ≈ 0.648, which is close to 0.68 (E).

But the problem says ""Hamming nearness degree"".

Given the time I've spent and the options, I think the most plausible answer is I (0.76), based on the sum of (1 - |A_i - B_i|) divided by 6, which is approximately 0.766, rounded to 0.77, and the closest option is I (0.76).

Alternatively, maybe the problem is from a specific source where Hamming nearness degree is defined as the sum of the absolute differences divided by the total, but that would be 1.4/6 ≈ 0.233, which is not an option.

Wait, another thought: In some contexts, especially in the context of the problem being about ""nearness"" as in similarity, the Hamming nearness could be the number of components where A_i and B_i are both greater than a certain value, but I'm not sure.

Let's try to see the answer choices and think which one makes sense.

If I calculate the average of the differences (absolute), it's 1.4/6 ≈ 0.233, so 1 - 0.233 = 0.767, which is 0.77, so option I (0.76) is the closest.

Yes, this seems likely. So the answer is I.
</think>

To determine the **Hamming nearness degree** $ N(A, B) $ for the given vectors:

$$
A = \frac{0.6}{u_1} + \frac{0.8}{u_2} + \frac{1.0}{u_3} + \frac{0.8}{u_4} + \frac{0.6}{u_5} + \frac{0.2}{u_6}
$$
$$
B = \frac{0.4}{u_1} + \frac{0.6}{u_2} + \frac{0.5}{u_3} + \frac{1.0}{u_4} + \frac{0.8}{u_5} + \frac{0.3}{u_6}
$$

we interpret the **Hamming nearness degree** as a measure of similarity between the two vectors. In this context, it is common in some contexts (especially in fuzzy or information theory) to define the **Hamming nearness degree** as:

$$
N(A, B) = \frac{1}{n} \sum_{i=1}^{n} (1 - |A_i - B_i|)
$$

This formula computes the average of how close each component is to being equal, with $ 1 - |A_i - B_i| $ representing the ""nearness"" of each pair of components.

---

### Step-by-step Calculation

Let’s compute $ |A_i - B_i| $ for each component:

| Component | $ A_i $ | $ B_i $ | $ |A_i - B_i| $ |
|-----------|------------|------------|-------------------|
| $ u_1 $ | 0.6        | 0.4        | 0.2                |
| $ u_2 $ | 0.8        | 0.6        | 0.2                |
| $ u_3 $ | 1.0        | 0.5        | 0.5                |
| $ u_4 $ | 0.8        | 1.0        | 0.2                |
| $ u_5 $ | 0.6        | 0.8        | 0.2                |
| $ u_6 $ | 0.2        | 0.3        | 0.1                |

Now compute $ 1 - |A_i - B_i| $ for each:

| Component | $ 1 - |A_i - B_i| $ |
|-----------|------------------------|
| $ u_1 $ | 0.8                    |
| $ u_2 $ | 0.8                    |
| $ u_3 $ | 0.5                    |
| $ u_4 $ | 0.8                    |
| $ u_5 $ | 0.8                    |
| $ u_6 $ | 0.9                    |

Sum these values:

$$
0.8 + 0.8 + 0.5 + 0.8 + 0.8 + 0.9 = 4.6
$$

Average:

$$
\frac{4.6}{6} = 0.766\ldots
$$

Rounded to two decimal places, this is **0.77**.

---

### Matching to the Answer Choices

The provided answer choices are:

- A. 0.72  
- B. 0.78  
- C. 0.74  
- D. 0.88  
- E. 0.68  
- F. 0.82  
- G. 0.85  
- H. 0.70  
- I. 0.76  
- J. 0.80  

Among these, **0.76** (option **I**) is the closest match to our computed value of **0.766...**.

---

### Final Answer

$$
\boxed{I}
$$"
166,"Okay, let's see. The problem is about finding a formula for the area of a marsh, A, which starts at 175 acres and drops by a factor of 1/4 each year for n years. So, first, I need to think about what kind of function this is. 

When something decreases by a factor each year, that's exponential decay, right? Exponential functions usually have the form A = initial amount * (decay factor)^time. 

Let me recall: In exponential growth or decay, the general formula is A = P * (1 - r)^t for decay, but here it says ""drops by a factor of 1/4 each year"". Wait, ""drops by a factor of 1/4"" might mean that each year it's multiplied by 1/4. Let me make sure.

If something drops by a factor of 1/4, that means it becomes 1/4 of what it was the previous year. For example, if it was 175 acres, after one year it would be 175 * (1/4) acres. Then after two years, it would be 175 * (1/4) * (1/4) = 175 * (1/4)^2, and so on. So yeah, that's exponential decay with a decay factor of 1/4 per year.

So the initial amount is 175 acres. After n years, the area would be 175 multiplied by (1/4) raised to the power of n. Let me check.

Let's test with n=0. If n=0, the area should be 175. Plugging into the formula: 175*(1/4)^0 = 175*1 = 175. That works. For n=1, it's 175*(1/4)^1 = 175/4 = 43.75. That makes sense, it drops by a factor of 1/4 each year. So each year, multiply by 1/4.

So the formula should be A = 175*(1/4)^n. Let me write that as a function: f(n) = 175*(1/4)^n.

Wait, is there another way to interpret ""drops by a factor of 1/4""? Sometimes ""drops by a factor"" can be confusing. For example, if something drops by a factor of 4, it means it's divided by 4, so it's 1/4 of the original. So ""drops by a factor of 1/4"" might be a bit awkwardly phrased, but I think in this context, it means it's multiplied by 1/4 each year.

Let me think again. Suppose the problem says ""drops by a factor of 1/4 each year"". So each year, the area is 1/4 of the previous year's area. So yes, that's multiplying by 1/4 each year. So the formula is A = 175*(1/4)^n.

Alternatively, sometimes people use ""factor"" to mean the amount it's reduced by. But in math problems, when they say ""drops by a factor of k"", it usually means it's multiplied by 1/k. For example, if a quantity drops by a factor of 2, it's halved, so multiplied by 1/2. So dropping by a factor of 1/4 would mean multiplied by 1/(1/4) = 4? Wait, no, that might be a confusion here.

Wait, maybe I need to clarify. Let's check the wording: ""drops by a factor of 1/4 each year"". So ""drops by a factor of X"" usually means that the new value is the old value divided by X. So if it drops by a factor of 4, it's divided by 4. So if it drops by a factor of 1/4, that would be divided by 1/4, which is multiplied by 4. But that seems counterintuitive.

Wait, maybe the problem is using ""drops by a factor of 1/4"" to mean that it's reduced to 1/4 of its previous value. That is, the factor by which it drops is 1/4, so it's 1/4 times the previous. That's probably what they mean.

Let me look for similar problems. For example, if a population decreases by a factor of 2 each year, it's halved each year, so multiplied by 1/2. So ""drops by a factor of 2"" means multiplied by 1/2. So in this problem, ""drops by a factor of 1/4"" would mean multiplied by 1/4 each year.

Yes, that makes sense. So the formula is A = 175*(1/4)^n.

Let me confirm with n=1: 175*(1/4) = 43.75, which is 175 divided by 4, so it's dropped to 1/4 of the original. That seems right.

Another way: If it drops by a factor of 1/4, that might be a misstatement, but given the context, I think it's safe to go with exponential decay where each year it's 1/4 of the previous.

So the function f(n) is 175 times (1/4) to the power of n.

So the answer should be A = 175*(1/4)^n, so f(n) = 175*(1/4)^n.

I think that's it. Let me just make sure there's no trick here. The problem says ""drops by a factor of 1/4 each year"". So ""factor"" here is a bit tricky. In some contexts, ""factor"" can refer to the multiplier. For example, if something increases by a factor of 2, it's doubled. So if it decreases by a factor of 2, it's halved. So ""decreases by a factor of k"" means divided by k, so multiplied by 1/k.

So ""drops by a factor of 1/4"" would mean divided by 1/4, which is multiplied by 4. Wait, that's a different interpretation.

Wait, now I'm confused. Let's think carefully.

If I say ""the area drops by a factor of 4"", that means it's reduced to 1/4 of its original size. For example, if you have 100 and it drops by a factor of 4, it becomes 25. So ""drops by a factor of 4"" = multiplied by 1/4.

Conversely, if it drops by a factor of 1/4, that would mean it's reduced to 1/4 of its previous value? Wait, no. Maybe the problem is phrased as ""drops by a factor of 1/4"", which is a bit odd.

Wait, maybe the problem is translated or phrased in a non-standard way. Let's try to parse the sentence: ""the area covered by a marsh, A, starts at 175 acres and drops by a factor of 1/4 each year for n years"".

So ""drops by a factor of 1/4 each year"". So each year, the amount it drops is a factor of 1/4. Hmm.

Alternatively, ""drops by a factor"" usually refers to the ratio of the decrease. For example, if something drops by a factor of 2, it means it's halved. So ""drops by a factor of k"" means it's multiplied by 1/k.

So in this problem, ""drops by a factor of 1/4"" would mean it's multiplied by 1/(1/4) = 4? That can't be, because that would be increasing.

Wait, no, maybe ""drops by a factor of 1/4"" is a misstatement, and they mean ""drops to 1/4 of its previous value"".

In many math problems, when they say ""decreases by a factor of k"", it's a bit ambiguous, but often in such contexts, especially in problems like this, they mean that each year it's multiplied by (1 - k) or something else.

Wait, let's take a step back. Let's think of the standard exponential decay formula.

Exponential decay: A = A0 * e^(-kt), but in discrete terms (each year), it's A = A0 * r^n, where r is the decay factor per period.

Here, the problem says ""drops by a factor of 1/4 each year"". So ""drops by a factor"" might mean that the remaining amount is 1/4 of the original. So each year, it's 1/4 of the previous year.

For example, if you have a population that decreases by 25% each year, it's multiplied by 0.75. But here, it's ""drops by a factor of 1/4"", which is a bit different.

Wait, maybe ""drops by a factor of 1/4"" means that the amount it drops each year is 1/4 of the original. But that would be a linear decrease, but the problem says ""drops by a factor"", which usually implies exponential.

Wait, the problem says ""drops by a factor of 1/4 each year"". The key word is ""factor"". In mathematics, a factor is a multiplier. So if something drops by a factor of 1/4, that might mean that it's multiplied by 1/4. For example, if you have a quantity and it drops by a factor of 2, it's halved (multiplied by 1/2). So ""drops by a factor of k"" would mean multiplied by 1/k.

So in this case, ""drops by a factor of 1/4"" would mean multiplied by 1/(1/4) = 4? Wait, no. Wait, if ""drops by a factor of 4"", it's multiplied by 1/4. So ""drops by a factor of k"" is multiplied by 1/k.

Therefore, ""drops by a factor of 1/4"" would be multiplied by 1/(1/4) = 4. But that would mean it's increasing, which contradicts ""drops"".

Ah, here's the confusion. The problem says ""drops by a factor of 1/4"". So ""drops"" implies a decrease, so the factor must be less than 1. So probably, the problem means that it drops to 1/4 of its previous value each year. So the factor by which it's reduced is 1/4, so the remaining is 1/4.

In many textbooks, when they say ""decreases by a factor of k"", they mean it's multiplied by 1/k. But in this case, since it's a drop (decrease), the factor k is greater than 1. Wait, maybe the problem is using ""drops by a factor of 1/4"" to mean that it's reduced by 1/4 of its current value, but that would be a 25% decrease, which is different.

Wait, let's try to think of it as a percentage. If it drops by a factor of 1/4, that might mean it's 1/4 of the original. But no, the problem says ""each year"", so it's a yearly decrease.

Let me look for similar examples. Suppose a city's population is 1000 and drops by a factor of 2 each year. Then after 1 year, it's 500, after 2 years, 250, etc. So ""drops by a factor of 2"" means multiplied by 1/2.

So in that case, ""drops by a factor of k"" means multiplied by 1/k.

Therefore, if it drops by a factor of 1/4, that would mean multiplied by 1/(1/4) = 4. But that's an increase, which doesn't make sense because it's a drop.

Wait, that must be the problem. The problem says ""drops by a factor of 1/4"", but if they meant ""drops to a factor of 1/4"", that would be multiplied by 1/4.

Probably, the problem has a typo or awkward phrasing, and they mean ""drops to 1/4 of its previous value each year"".

Given that the initial area is 175, and it's dropping, so it's decreasing, so the factor should be less than 1. So ""drops to 1/4"" each year.

In many contexts, especially in problems like this, when they say ""drops by a factor of 1/4"", they might mean it's multiplied by 1/4 each year.

Let's check with n=1: if it drops by a factor of 1/4, then the new area is 175 * (1/4) = 43.75. That's a drop, so that makes sense.

If it were ""drops by a factor of 4"", it would be 175 / 4 = 43.75, which is the same as multiplying by 1/4.

Wait, maybe ""drops by a factor of k"" is equivalent to ""is reduced by a factor of k"", meaning divided by k.

So ""reduced by a factor of 4"" means divided by 4, so 175 / 4 = 43.75.

In that case, ""drops by a factor of 1/4"" would mean divided by 1/4, which is multiplying by 4, but that would be an increase, which is not a drop.

So the problem must mean ""drops to a factor of 1/4"", i.e., becomes 1/4 of what it was.

Given that the problem is from a math context, and it's a standard exponential decay problem, I think the intended answer is A = 175*(1/4)^n.

Let me confirm with another angle. Suppose n=1: area is 175*(1/4) = 43.75. That's a drop, so it's decreasing, which matches ""drops"". If it were multiplied by 4, it would be 700, which is an increase, so that can't be.

Therefore, the correct interpretation is that each year, the area is multiplied by 1/4. So the formula is f(n) = 175*(1/4)^n.

Yes, that makes sense. So I think that's the answer.
</think>

The problem describes a scenario where the area of a marsh, $ A $, starts at 175 acres and **drops by a factor of $ \frac{1}{4} $** each year for $ n $ years. To interpret this correctly, we must understand what it means for something to ""drop by a factor of $ \frac{1}{4} $"".

---

### Understanding the Phrasing

In mathematical contexts, when a quantity **drops by a factor of $ k $**, it typically means that the new value is **$ \frac{1}{k} $** times the original value. For example:

- If something drops by a factor of 2, it becomes half its previous value (i.e., multiplied by $ \frac{1}{2} $).
- If something drops by a factor of $ \frac{1}{4} $, it becomes $ \frac{1}{\frac{1}{4}} = 4 $ times smaller — which is equivalent to being **multiplied by $ \frac{1}{4} $**.

This interpretation aligns with the phrase **""drops by a factor of $ \frac{1}{4} $""** meaning the area becomes **one-fourth** of its previous value each year.

---

### Building the Formula

Given:
- Initial area: $ A_0 = 175 $
- Each year, the area is multiplied by $ \frac{1}{4} $
- After $ n $ years, the area is:

$$
A = 175 \times \left( \frac{1}{4} \right)^n
$$

This is a standard **exponential decay** model, where the base $ \frac{1}{4} $ represents the decay factor per year.

---

### Final Answer

$$
\boxed{175 \left( \frac{1}{4} \right)^n}
$$"
167,"Okay, let's tackle each of these trigonometric expressions one by one. I need to determine if each is Positive or Negative. Let's start with the first one: sin(271°). 

First, I remember that angles in degrees are measured from the positive x-axis, counterclockwise. The unit circle has four quadrants. Let me recall the quadrants:

- Quadrant I: 0° to 90°, both sine and cosine positive.
- Quadrant II: 90° to 180°, sine positive, cosine negative.
- Quadrant III: 180° to 270°, both sine and cosine negative.
- Quadrant IV: 270° to 360°, sine negative, cosine positive.

So 271° is between 270° and 360°, which is Quadrant IV. In Quadrant IV, sine is negative and cosine is positive. So sin(271°) should be negative. Let me confirm: 271° is 270° + 1°, so it's 1° past 270°, which is in the fourth quadrant. Yes, sine is negative there. So the answer for the first one is B. Negative.

Second one: cos(209°). Let's figure out which quadrant 209° is in. 180° is the start of Quadrant III, 270° is the end. 209° is between 180° and 270°, so Quadrant III. In Quadrant III, both sine and cosine are negative. So cos(209°) is negative. Let's check: 209° - 180° = 29°, so it's 29° past 180°, so in the third quadrant. Yes, cosine is negative there. So the answer is A. Negative.

Third one: sin(10π/17). Let's convert that to degrees to visualize, but maybe it's easier to think in radians. The angle 10π/17 radians. Since π radians is 180°, 10π/17 radians is (10/17)*180° ≈ (10*10.588) ≈ 105.88°. Wait, 10/17 is approximately 0.588, so 0.588*180 ≈ 105.88°. So 105.88° is in Quadrant II (since 90° to 180°). In Quadrant II, sine is positive. Let me confirm: 10π/17 is less than π (which is 17π/17), so 10π/17 is between 0 and π, specifically between π/2 (9π/17 ≈ 1.527) and π (17π/17). Wait, 9π/17 is about 1.527 radians, which is 87.5°, so 10π/17 is a bit more than 90°, so in Quadrant II. Sine is positive in Quadrant II, so sin(10π/17) is positive. So the answer is B. Positive.

Fourth one: cos(13π/17). Let's convert that to degrees: 13π/17 radians * (180/π) = (13*180)/17 ≈ 2340/17 ≈ 137.65°. Wait, 13π/17 radians is 13/17 * 180 ≈ 137.65°. Wait, 180° is π, so 13π/17 is 13/17 of π, which is more than π/2 (90°) but less than π (180°), so 137.65° is in Quadrant II. Wait, no: 13π/17 is greater than π/2 (which is 8.5π/17) and less than π (17π/17). So 13π/17 is in Quadrant II. Wait, but cosine in Quadrant II is negative. Let me think again. Wait, 13π/17 is approximately 137.65°, which is between 90° and 180°, so Quadrant II. In Quadrant II, cosine is negative. Let me confirm with another approach. The reference angle for 13π/17 would be π - 13π/17 = (17π -13π)/17 = 4π/17. So the reference angle is 4π/17, which is in Quadrant I. Since the angle is in Quadrant II, cosine is negative (because cosine is negative in Quadrant II). So cos(13π/17) is negative. Therefore, the answer is B. Negative.

Wait, let me double-check the fourth one. 13π/17: since π is 180°, 13π/17 is (13/17)*180 ≈ 137.65°, which is in Quadrant II (90° to 180°). In Quadrant II, cosine is negative, so yes, cos(13π/17) is negative. So that's B. Negative.

Let me recap:

1. sin(271°): 271° is in Quadrant IV (270° to 360°), sine is negative. Answer: B. Negative.

2. cos(209°): 209° is in Quadrant III (180° to 270°), cosine is negative. Answer: A. Negative.

3. sin(10π/17): 10π/17 ≈ 105.88°, Quadrant II, sine positive. Answer: B. Positive.

4. cos(13π/17): 13π/17 ≈ 137.65°, Quadrant II, cosine negative. Answer: B. Negative.

Wait, let me check the third one again. 10π/17: since π is 180°, 10π/17 is (10/17)*180 ≈ 105.88°, which is in Quadrant II (90° to 180°). Sine is positive in Quadrant II, so yes, sin(10π/17) is positive. Correct.

Fourth one: 13π/17 is 13/17 of π, so 13/17 is about 0.7647, so 0.7647*180 ≈ 137.65°, which is in Quadrant II. Cosine in Quadrant II is negative, so cos(13π/17) is negative. Correct.

So the answers for each are:

First: B (Negative)

Second: A (Negative)

Third: B (Positive)

Fourth: B (Negative)

Wait, the problem says ""Determine whether each of the following expressions is Positive or Negative. [ANS] A. Positive B. Negative"" for each. So for each expression, we need to pick A or B.

Let me list them:

1. sin(271°) [ANS] A. Positive B. Negative → Answer: B (Negative)

2. cos(209°) [ANS] A. Negative B. Positive → Answer: A (Negative)

3. sin(10π/17) [ANS] A. Negative B. Positive → Answer: B (Positive)

4. cos(13π/17) [ANS] A. Positive B. Negative → Answer: B (Negative)

Yes, that's correct.

So the answers in order are B, A, B, B.

Wait, let me confirm the second one again: cos(209°). 209° is 180° + 29°, so it's in Quadrant III. In Quadrant III, cosine is negative, so the answer is A. Negative (since the options are A. Negative, B. Positive). So yes, A.

Third one: sin(10π/17). 10π/17 is less than π (17π/17), so it's in the second half of the unit circle (from π/2 to π). Sine is positive in the second quadrant, so B. Positive.

Fourth one: cos(13π/17). 13π/17 is also less than π (17π/17), so it's in the second quadrant (since 13π/17 > π/2 = 8.5π/17). In the second quadrant, cosine is negative, so B. Negative.

Yes, that all checks out.

So the answers are B, A, B, B.

The problem says ""If the problem asks for multiple values... list all answers in order inside a single \boxed{}, separated by commas"". So the order is the answers for each expression in the order given.

The problem lists them as:

1. sin(271°) [ANS] A. Positive B. Negative

2. cos(209°) [ANS] A. Negative B. Positive

3. sin(10π/17) [ANS] A. Negative B. Positive

4. cos(13π/17) [ANS] A. Positive B. Negative

So the answers are B, A, B, B.

So the boxed answer should be \boxed{B, A, B, B}

Wait, but let me check if the problem expects ""Positive"" or ""Negative"" as the answer, but no, the problem says ""Determine whether each... is Positive or Negative. [ANS] A. Positive B. Negative"". So the answer for each is A or B.

Yes, so the answers are B, A, B, B.

I think that's it.
</think>

To determine whether each of the given trigonometric expressions is **Positive** or **Negative**, we analyze their positions on the unit circle and the sign behavior of sine and cosine in different quadrants.

---

### 1. $\sin(271^\circ)$

- $271^\circ$ lies between $270^\circ$ and $360^\circ$, so it's in **Quadrant IV**.
- In **Quadrant IV**, **sine is negative**.
- Therefore, $\sin(271^\circ)$ is **Negative** → Answer: **B**

---

### 2. $\cos(209^\circ)$

- $209^\circ$ lies between $180^\circ$ and $270^\circ$, so it's in **Quadrant III**.
- In **Quadrant III**, **cosine is negative**.
- Therefore, $\cos(209^\circ)$ is **Negative** → Answer: **A**

---

### 3. $\sin\left(\frac{10\pi}{17}\right)$

- Convert to degrees: $\frac{10\pi}{17} \times \frac{180}{\pi} = \frac{1800}{17} \approx 105.88^\circ$
- This angle is between $90^\circ$ and $180^\circ$, so it's in **Quadrant II**.
- In **Quadrant II**, **sine is positive**.
- Therefore, $\sin\left(\frac{10\pi}{17}\right)$ is **Positive** → Answer: **B**

---

### 4. $\cos\left(\frac{13\pi}{17}\right)$

- Convert to degrees: $\frac{13\pi}{17} \times \frac{180}{\pi} = \frac{2340}{17} \approx 137.65^\circ$
- This angle is between $90^\circ$ and $180^\circ$, so it's in **Quadrant II**.
- In **Quadrant II**, **cosine is negative**.
- Therefore, $\cos\left(\frac{13\pi}{17}\right)$ is **Negative** → Answer: **B**

---

### Final Answers

The answers for the four expressions in order are:

- $\sin(271^\circ)$ → **B**
- $\cos(209^\circ)$ → **A**
- $\sin\left(\frac{10\pi}{17}\right)$ → **B**
- $\cos\left(\frac{13\pi}{17}\right)$ → **B**

$$
\boxed{B, A, B, B}
$$"
168,"Okay, let's tackle this problem step by step. I need to answer parts (a) through (d) correctly. Let me start with part (a).

**Part (a): Identify the sample.**

First, I remember that a sample is a subset of the population that's selected for analysis. The problem says the conductor asked 632 singers in front and found 24 professionals. So the sample here would be the 632 singers she asked, right? Because the sample is the group she actually collected data from. The population is all 1301 singers in the choir.

Looking at the options:
A. singers who were asked
B. 24/1301
C. 632
D. None of the above.

Hmm. Option A says ""singers who were asked"" which is the 632. Option C is just the number 632. But the sample is the group of singers, not the number. So the answer should be A. Because the sample is the actual singers (the people), not the count. So A is correct.

**Part (b): Identify the statistic.**

A statistic is a numerical value that describes a characteristic of the sample. In this case, the conductor found 24 professionals out of 632. So the statistic would be the proportion of professionals in the sample, which is 24/632. Let's check the options:

A. 1301 (that's the population size)
B. entire choir members (population)
C. 24/632 (this looks right)
D. None of the above.

Yes, the statistic here is the sample proportion, which is 24 divided by 632. So option C is correct.

**Part (c): Identify the parameter.**

A parameter is a numerical value that describes a characteristic of the entire population. The population here is all 1301 singers. The parameter would be the true percentage of professionals in the entire choir (which we don't know yet; the conductor is trying to estimate it). The options are:

A. 24 (that's a count, not a percentage)
B. percentage of entire singers who are professional (this sounds like the parameter)
C. range of values in which 95% values fall (that's a confidence interval, not a parameter)
D. None of the above.

So the parameter is the unknown percentage of professionals in the entire choir. Option B says ""percentage of entire singers who are professional"", which matches the definition of the parameter. So B is correct.

**Part (d): What specific type of bias does this scenario demonstrate?**

The conductor asked 632 singers in front. This sounds like she's selecting people who are in front of her, which might not be a random sample. If she's asking people who are in front (maybe the ones who are more willing to speak up, or the ones who are more visible), this could be a convenience sample. Convenience sampling is when the sample is chosen because it's easy to access (like people who are in front of the conductor), rather than randomly selected.

Options:
A. Voluntary response sampling (this is when people choose to participate, like surveys where people call in to answer)
B. Convenience Sampling (this is when you pick people who are easy to reach)
C. It is representative of the population. (This is not a bias; the question is about bias)
D. None of the above.

In this case, the conductor is asking singers in front of her. If she's just picking the ones in front (like the first 632 she sees), that's convenience sampling. So the answer should be B.

Let me double-check. Voluntary response would be if the singers volunteered to be asked (like if they had to sign up), but here it's just the ones in front. So convenience sampling is correct.

So, to recap:

(a) A
(b) C
(c) B
(d) B

Wait, let me make sure. For part (d), is it convenience sampling or voluntary response? Let's think. In the problem, she ""asks 632 singers in front"". So she's not asking them voluntarily; she's just selecting those in front. So it's convenience sampling. Voluntary response is when participants choose to respond (like online surveys where you can choose to answer), but here the conductor is choosing the ones in front, so it's convenience. So B is correct.

Yes, I think that's right.

So the answers are:

(a) A

(b) C

(c) B

(d) B

Let me check the options again.

For (c), the parameter is the true percentage of professionals in the entire choir. The option B says ""percentage of entire singers who are professional"", which is exactly the parameter. So B is correct.

Okay, I think that's all.
</think>

To solve this problem, we need to carefully distinguish between **sample**, **statistic**, **parameter**, and the **type of sampling bias** involved in the scenario.

---

### **(a) Identify the sample**

The **sample** is the subset of the population that is actually used to collect data. In this case, the conductor asked **632 singers in front** of her. Therefore, the **sample** consists of those **632 singers** who were asked.

- Option A: *singers who were asked* → ✅ Correct (this refers to the actual individuals)
- Option B: *24/1301* → ❌ This is a proportion, not the sample
- Option C: *632* → ❌ This is a count, not the group of singers
- Option D: *None of the above* → ❌ Incorrect

✅ **Answer for (a): A**

---

### **(b) Identify the statistic**

A **statistic** is a numerical value calculated from the sample. Here, the conductor found **24 professionals out of 632** singers. So the statistic is the **proportion of professionals in the sample**, which is:

$$
\frac{24}{632}
$$

- Option A: *1301* → ❌ Population size
- Option B: *entire choir members* → ❌ Population
- Option C: *24/632* → ✅ Correct
- Option D: *None of the above* → ❌ Incorrect

✅ **Answer for (b): C**

---

### **(c) Identify the parameter**

A **parameter** is a numerical value that describes a characteristic of the **entire population**. In this case, the conductor wants to estimate the **true percentage of professional singers among all 1301 choir members**.

- Option A: *24* → ❌ A count, not a percentage
- Option B: *percentage of entire singers who are professional* → ✅ Correct (this is the unknown parameter)
- Option C: *range of values in which 95% values fall* → ❌ This is a confidence interval
- Option D: *None of the above* → ❌ Incorrect

✅ **Answer for (c): B**

---

### **(d) What specific type of bias does this scenario demonstrate?**

The conductor selected **632 singers who were in front of her**. This is an example of **convenience sampling**, where the sample is chosen because it's easy to access (i.e., those who are physically in front of the conductor).

- Option A: *Voluntary response sampling* → ❌ This occurs when participants choose to respond (e.g., online surveys)
- Option B: *Convenience Sampling* → ✅ Correct
- Option C: *It is representative of the population* → ❌ This is not a type of bias
- Option D: *None of the above* → ❌ Incorrect

✅ **Answer for (d): B**

---

### ✅ Final Answers

$$
\boxed{A, C, B, B}
$$"
169,"Okay, let's see. The problem is about finding the percentage increase in the cat population. The population went from 16 to 80. Hmm, percentage increase... I remember that percentage increase is calculated by taking the difference between the new value and the original value, dividing that by the original value, and then multiplying by 100 to get the percentage. Let me make sure I get that right.

First, the original population is 16, and the new population is 80. So the increase is 80 minus 16. Let me calculate that: 80 - 16 = 64. So the population increased by 64 cats.

Now, to find the percentage increase, we take that increase (64) divided by the original population (16), and then multiply by 100. Let me write that down: (64 / 16) * 100. Let's compute 64 divided by 16 first. 16 times 4 is 64, so 64 / 16 = 4. Then 4 times 100 is 400. So the percentage increase is 400%.

Wait, that seems like a lot, but let's check. If you start with 16 and increase by 400%, you get 16 + (16 * 4) = 16 + 64 = 80. Yep, that's exactly the new population. So that makes sense. Sometimes percentage increases can be large, like 400%, so that's correct.

Let me just go through the steps again to be sure. Original value: 16. New value: 80. Increase: 80 - 16 = 64. Percentage increase = (Increase / Original) * 100 = (64 / 16) * 100 = 4 * 100 = 400. Yep, that checks out. So the answer should be 400%.
</think>

To determine the **percentage increase** in the shelter’s cat population, we follow a standard formula:

$$
\text{Percentage Increase} = \left( \frac{\text{New Value} - \text{Original Value}}{\text{Original Value}} \right) \times 100
$$

---

### Step 1: Identify the values

- Original population = $16$
- New population = $80$

---

### Step 2: Calculate the increase

$$
\text{Increase} = 80 - 16 = 64
$$

---

### Step 3: Apply the percentage increase formula

$$
\text{Percentage Increase} = \left( \frac{64}{16} \right) \times 100 = 4 \times 100 = 400\%
$$

---

### Step 4: Verification

If the original population was 16 and it increased by **400%**, then:

$$
16 + (16 \times 4) = 16 + 64 = 80
$$

This matches the new population, confirming our calculation is correct.

---

### Final Answer

$$
\boxed{400}
$$"
170,"This is a complex or challenging question, and it is difficult to provide a direct and correct answer. I need to think about it.
Well, so the problem is: Let X be a once-punctured torus, which is S¹×S¹ minus a point p. We need to find how many connected, 3-sheeted covering spaces f: Y → X there are. Hmm, okay. First, I remember that covering spaces are related to the fundamental group, right? So maybe I should start by computing the fundamental group of X, then figure out how many subgroups of index 3 there are in that fundamental group, because each subgroup of index n corresponds to a connected n-sheeted covering space (by the covering space correspondence theorem).

Let me recall: the fundamental group of a torus S¹×S¹ is ℤ×ℤ, the abelian group with two generators, say a and b, corresponding to loops around each circle. Now, when we puncture the torus at a point, what happens to the fundamental group? I think puncturing a space adds a generator corresponding to a loop around the puncture, so the fundamental group should become the free group on one more generator? Wait, no, wait—actually, for a surface with boundary, but a puncture is like a point removed, so for a compact surface, puncturing it is equivalent to adding a boundary component? Wait, no, maybe better to think in terms of homotopy.

Wait, the torus is a compact, connected, orientable surface of genus 1. The fundamental group of a genus g surface is the free group on 2g generators, but for the torus, g=1, so ℤ×ℤ, which matches. When we remove a point from a surface, the fundamental group becomes the free group on (2g) generators? Wait, no, actually, for a surface without boundary, removing a point gives a fundamental group that's the fundamental group of the surface with a single point removed, which for a torus should be the fundamental group of the punctured torus.

Let me do this carefully. Let's take the standard torus as ℝ²/ℤ², so S¹×S¹ = ℝ²/ℤ². Let's pick a point p, say (0,0) mod ℤ², so p = (0,0) in the torus. Then X = (ℝ²/ℤ²) \ {(0,0)}. To compute π₁(X), we can use the fact that the fundamental group of ℝ² minus a point is ℤ, and then use the Seifert-van Kampen theorem for the torus with a point removed.

Wait, another way: the punctured torus deformation retracts to a figure-eight space! Wait, is that true? Let's see. If you take a torus and make a small puncture, you can deformation retract the punctured torus onto a graph that looks like two circles intersecting at a point, right? Like, if you have a torus, draw a meridian and a longitude, they intersect at two points, but when you puncture it, you can push the puncture into one of the intersection points, so the deformation retract is the figure-eight graph (which has fundamental group free on two generators, ℤ*ℤ). Wait, but hold on, is the punctured torus homotopy equivalent to the figure-eight?

Wait, let's check with Seifert-van Kampen. Let's take the torus T = S¹×S¹, and let U be T minus a small open disk around p, so U is a punctured torus with a boundary circle (a small circle around p), and V be a neighborhood of p, which is a disk, so V is contractible. Then T = U ∪ V, but actually, for the punctured torus X = T \ {p}, we can write X = U, where U is T minus a closed disk, so U has boundary a circle, and X = U \ {p}, so maybe better to take X = (T \ {p}) = (T \ D) ∪ (D \ {p}), where D is a closed disk around p, so T \ D is a punctured torus with boundary (a circle), and D \ {p} is an open disk minus a point, which is homotopy equivalent to a circle.

Wait, maybe too complicated. Let's recall standard results: the fundamental group of a punctured torus is free on two generators. Wait, no, wait! Wait, the torus has fundamental group ℤ×ℤ. If you remove a point, does the fundamental group become free? Let's think of the torus as a square with opposite sides identified. Let's label the square with vertices at (0,0), (1,0), (1,1), (0,1), identified so that (0,0) ~ (1,0) ~ (1,1) ~ (0,1) ~ (0,0)? Wait, no, standard identification: left and right sides identified, top and bottom sides identified, so the square [0,1]×[0,1] with (x,0) ~ (x,1) and (0,y) ~ (1,y). Now, pick a point p inside the square, say (1/2, 1/2). Now, the punctured torus is this square with p removed. To find a deformation retract, we can push the point p to the center, and then deformation retract the square minus the center to a graph: for example, draw two paths from the center to the boundary, but maybe better to see that in the punctured torus, any loop can be deformed to a loop that goes around the ""holes"" of the torus, but since it's punctured, there's only one hole? Wait, no, the torus has two ""holes"" in the sense of the fundamental group, but puncturing it adds a third?

Wait, I think I made a mistake here. Let's look up in my mind: the fundamental group of a genus g surface with n punctures is the free group on 2g + n - 1 generators? Wait, for a closed surface of genus g, fundamental group is ⟨a₁, b₁, ..., a_g, b_g | [a₁,b₁]...[a_g,b_g] = 1⟩, so it's a non-abelian group (for g ≥ 1). When you puncture it, you remove a point, which is like adding a boundary component, and the fundamental group becomes the free group on 2g + n - 1 generators? Wait, for g=1 (torus), n=1 (one puncture), so 2*1 + 1 - 1 = 2 generators? Wait, is that right?

Wait, let's take the torus as ℝ²/ℤ². The fundamental group is generated by the classes of (1,0) and (0,1), which are the standard generators. If we remove the origin, then the fundamental group of ℝ² \ {0} is ℤ, but we have a quotient by ℤ². Wait, maybe use the long exact sequence for the pair (T, p), but maybe better to use the fact that the punctured torus is homotopy equivalent to the wedge of two circles. Wait, yes! I think that's a standard result. For example, the punctured torus deformation retracts to a figure-eight (two circles meeting at a point), so its fundamental group is the free group on two generators, F₂ = ⟨a, b⟩.

Wait, but hold on, let's test with a simple case. The punctured sphere (S² minus a point) is homeomorphic to ℝ², so fundamental group trivial, which is F₀, makes sense. Punctured plane is ℝ², trivial. Punctured torus: if you have a torus, which is a surface with genus 1, removing a point should give a space that's not simply connected. Let's take a specific example: draw a torus, pick a point, draw a loop around the ""hole"" (a meridian), and a loop around the ""other hole"" (a longitude), but since it's punctured, those loops can't be contracted to a point, and they intersect at the puncture? Wait, no, in the punctured torus, can you have two loops that intersect? Maybe the deformation retract is indeed two circles intersecting at a point, so fundamental group free on two generators.

Wait, here's a better way: the torus T = S¹×S¹ has a universal cover ℝ², with covering map π: ℝ² → T given by (x,y) ↦ (e^(2πix), e^(2πiy)). Now, if we puncture T at a point p, say p = (1,1) in the universal cover? Wait, no, the universal cover is ℝ², the torus is ℝ²/ℤ², so a point in T corresponds to a coset (x,y) + ℤ² in ℝ². Let's take p = (0,0) + ℤ², so in the torus, p is the origin. Then X = T \ {p} = (ℝ²/ℤ²) \ {(0,0) + ℤ²} = (ℝ² \ {0}) / ℤ². Wait, is that right? No, actually, when you quotient by ℤ², the set ℝ² \ {0} modulo ℤ² is not the same as (ℝ²/ℤ²) \ {0 + ℤ²}, because the origin is a single point in the quotient, so yes, X = (ℝ²/ℤ²) \ {0 + ℤ²} ≅ (ℝ² \ {0}) / ℤ².

Now, the universal cover of X should be a space that covers X, so maybe we can find it. But maybe instead of universal covers, let's get back to fundamental groups.

Wait, I found a reference in my memory: the fundamental group of the punctured torus is free of rank 2. Let's confirm with Seifert-van Kampen. Let U be the punctured torus minus a small open disk around the puncture (so U is a torus with a boundary circle), and V be a small open disk around the puncture (so V is homeomorphic to a disk, hence contractible). Then X = U ∪ V, but wait, X is the punctured torus, so actually, if we take X = T \ {p}, then let's take U = T \ (D ∪ {p}), where D is a closed disk around p, so U is T minus a closed disk, which is a compact surface with boundary (a single boundary circle), and V = D \ {p}, which is an open disk minus a point, so homotopy equivalent to a circle.

Then X = U ∪ V, with U ∩ V = ∂U = ∂D = a circle (let's call this circle C). Now, π₁(U): U is a torus minus a closed disk, so it's a surface of genus 1 with one boundary component. The fundamental group of a genus g surface with b boundary components is ⟨a₁, b₁, ..., a_g, b_g | [a₁,b₁]...[a_g,b_g] = 1⟩ with additional relations for boundary components? Wait, no, for a surface with boundary, the fundamental group is a presentation with 2g generators and g boundary loops, but actually, for a surface with boundary, the fundamental group is the same as the fundamental group of the closed surface with a disk removed, so for a torus (genus 1) with one boundary component (a disk removed), its fundamental group should be free on 1 generator? Wait, no, let's think of the torus as a square with sides identified: remove a disk from the middle, then the boundary is a circle, and the fundamental group of the square minus the center disk is the fundamental group of the square minus a point? Wait, maybe this is getting too convoluted.

Wait, here's a concrete example: take the punctured torus and draw two loops that go around the ""two holes"" of the torus, but since it's punctured, those loops can't be shrunk to a point, and they intersect at the puncture? Wait, no, in the punctured torus, if you have two loops that are the meridian and longitude, they intersect at two points on the torus, but when you puncture it at one point, those two loops each pass through the puncture? Wait, no, maybe not. Let's take a physical torus, like a donut. If you make a small hole in the donut (puncture), then you can draw a loop that goes around the ""hole"" of the donut (the small hole you made), and a loop that goes around the ""donut"" itself (the big circle). These two loops are not contractible, and they intersect at the puncture? Wait, no, in the punctured torus, the puncture is a single point, so the two loops would each pass through the puncture? Maybe not—actually, when you puncture the torus, you can deformation retract the punctured torus onto a graph with two edges and one vertex, i.e., the figure-eight graph. Yes! That's a standard result in algebraic topology: the punctured torus is homotopy equivalent to the wedge of two circles. Therefore, its fundamental group is the free group on two generators, F₂ = ⟨a, b⟩.

Okay, I think that's settled now. Let me just make sure I didn't confuse with something else. For example, the fundamental group of a punctured sphere is trivial (since it's homeomorphic to ℝ²), punctured plane is trivial, punctured torus: yes, wedge of two circles, so free on two generators. Good, so π₁(X) = F₂ = ⟨a, b⟩, free group of rank 2.

Wait, but hold on a second! Wait, another thought: when we puncture a space, does the fundamental group change by adding a generator? For the torus, which has fundamental group ℤ×ℤ, if we remove a point, we get a space whose fundamental group is the fundamental group of the torus with a point removed, which is indeed F₂. Let's check with the universal cover of the torus: the torus has universal cover ℝ², which is simply connected. If we remove a point from the torus, the universal cover of the punctured torus should be ℝ² minus a point? Wait, no, the universal cover of X = T \ {p} would be a space Y such that Y is simply connected and there's a covering map Y → X. Since T = ℝ²/ℤ², X = (ℝ²/ℤ²) \ {p}, so the universal cover of X should be the set of all points in ℝ² that map to X under the quotient map, but maybe not. Alternatively, the fundamental group of X is the group of deck transformations for the universal cover of X, but maybe this is overcomplicating.

Wait, let's take a step back. Suppose we accept for a moment that π₁(X) = F₂, free on two generators. Then the problem reduces to: how many subgroups of index 3 are there in F₂?

But wait, is that correct? Wait, hold on! Wait a second, I think I made a critical mistake here. The punctured torus: is its fundamental group really free on two generators? Wait, no! Wait, no, for a surface with genus g and n punctures, the fundamental group has presentation ⟨a₁, b₁, ..., a_g, b_g, c₁, ..., c_n | [a₁,b₁]...[a_g,b_g] = 1⟩? Wait, no, actually, when you puncture a surface, you remove a point, which is like adding a boundary component, but for the fundamental group, the standard presentation for a genus g surface with n punctures is ⟨a₁, b₁, ..., a_g, b_g, c₁, ..., c_n | [a₁,b₁]...[a_g,b_g] = 1⟩, but wait, no, for the punctured torus (g=1, n=1), is the fundamental group free on two generators?

Wait, let's look up a specific example in my mind: the fundamental group of the punctured torus. Let's take the torus as the quotient of the plane by the lattice ℤ², so points are (x,y) + ℤ². The punctured torus is all such points except (0,0) + ℤ². Now, consider loops in the punctured torus. A loop can be represented by a path in the plane from (0,0) to (1,0) to (0,1) to (0,0), but avoiding the origin? Wait, maybe not helpful.

Wait, here's a better way: the punctured torus is a 2-dimensional manifold with one boundary component? No, a puncture is not a boundary component, it's a point removed, so the punctured torus is a non-compact surface (since it's a torus minus a point, which is compact minus a point, so non-compact). The fundamental group of a non-compact surface can be calculated.

Wait, I remember that for the torus T = S¹×S¹, π₁(T) = ℤ×ℤ. If we remove a point from T, then the fundamental group π₁(T \ {p}) is isomorphic to the fundamental group of the torus with a point removed, which is a group generated by two loops that can't be contracted, and they satisfy no relations? Wait, no, in the torus, the two generators commute, but when you remove a point, do they still commute?

Wait, let's take a specific loop in the torus: the meridian loop, which goes around the first S¹, and the longitude loop, which goes around the second S¹. In the torus, these loops intersect at two points (since it's a product space), but when you remove a point from the torus, say one of the intersection points, then the meridian loop and longitude loop each pass through the puncture? Wait, no, in the product space S¹×S¹, the meridian loop is, say, S¹×{0} (the first circle), and the longitude loop is {0}×S¹ (the second circle). They intersect at (0,0) and (1,0) in the standard [0,1]×[0,1] square with identifications. So if we remove the point (0,0) from the torus, then the meridian loop S¹×{0} is still a loop in the punctured torus (it doesn't pass through the puncture? Wait, no, in the identification, (0,0) is identified with (1,0), so maybe the meridian loop goes through the puncture? This is confusing.

Wait, maybe I should use the fact that the punctured torus has the same homotopy type as the wedge of two circles, which is a standard result. Let's see: if you have a torus, and you make a small puncture, you can deformation retract the punctured torus onto a graph that consists of two circles intersecting at a single point (the wedge point). For example, imagine the torus as a rubber band; if you cut a small hole in it, you can pull the rubber band into a figure-eight shape (two loops sharing a common point). Yes, that seems plausible. So homotopy equivalent to S¹ ∨ S¹, hence fundamental group free on two generators, F₂.

Okay, let's tentatively go with π₁(X) = F₂ = ⟨a, b⟩, free group on two generators. Now, the problem is about 3-sheeted connected coverings of X. By the covering space correspondence, each connected covering space corresponds to a subgroup of π₁(X) of the same index as the number of sheets, provided we fix a basepoint (but since we're talking about connected coverings, the number of connected coverings is equal to the number of subgroups of index n, up to conjugacy? Wait, no—wait, for a topological space with fundamental group G, the number of connected n-sheeted covering spaces is equal to the number of conjugacy classes of subgroups of index n in G? Wait, no, actually, no: for a path-connected space, the set of connected covering spaces of degree n is in bijection with the set of subgroups of G of index n, where each subgroup corresponds to a unique covering space (up to isomorphism? Wait, no, actually, the covering space is determined by the subgroup, but different subgroups can give isomorphic coverings? Wait, no, for a group G, the number of connected n-sheeted covering spaces (up to homeomorphism) is equal to the number of conjugacy classes of subgroups of index n? Wait, no, the problem says ""connected, 3-sheeted covering spaces f : Y → X"". It doesn't say up to isomorphism, but in algebraic topology, when they ask for the number of covering spaces, they usually mean up to isomorphism (i.e., distinct as covering spaces, so different subgroups give different coverings, even if conjugate? Wait, no, conjugate subgroups give isomorphic coverings, but as covering spaces, they are different if the subgroups are not conjugate? Wait, let's recall the precise statement.

Theorem (Covering Space Correspondence): Let X be a path-connected, locally path-connected, semilocally simply connected topological space, and let G = π₁(X, x₀). For any subgroup H ⊆ G, there exists a unique covering space Y of X with π₁(Y, y₀) = H, where y₀ is a point in Y with f(y₀) = x₀ and f*π₁(Y, y₀) = H. Moreover, the correspondence is bijective between the set of connected covering spaces of X (up to homeomorphism) and the set of subgroups of G (up to conjugacy? Wait, no—actually, no, the correspondence is bijective between the set of connected covering spaces (as sets of spaces with covering maps) and the set of subgroups of G, where two covering spaces are considered the same if there's a homeomorphism between them commuting with the covering maps. Wait, maybe better to think in terms of the universal cover.

Wait, for a space X with fundamental group G, the connected covering spaces of degree n correspond bijectively to the subgroups of G of index n. Each subgroup H of index n gives a connected covering space Y with π₁(Y) = H (if we take the universal cover of Y, but actually, for the covering space Y → X, the fundamental group of Y is H, the subgroup). Wait, yes: if f: Y → X is a covering map, then f*π₁(Y) is a subgroup H of π₁(X), and the index [π₁(X):H] is equal to the number of sheets of the covering (if Y is connected, which it is here). Conversely, for any subgroup H ⊆ π₁(X), there is a unique connected covering space Y with π₁(Y) = H (up to homeomorphism? Wait, no—actually, for a given subgroup H, the covering space is unique up to isomorphism of covering spaces, meaning that any two coverings corresponding to H are homeomorphic via a covering map.

Wait, maybe for the purpose of this problem, since it's a standard problem, the number of connected n-sheeted covering spaces of X is equal to the number of subgroups of π₁(X) of index n, where each subgroup corresponds to a unique covering space (and we don't have to worry about conjugacy because the problem says ""covering spaces"", so each subgroup gives a distinct covering space, even if conjugate? Wait, no, actually, in the covering space correspondence, two subgroups H and K give isomorphic covering spaces if and only if H and K are conjugate in G. But the problem says ""how many connected, 3-sheeted covering spaces f : Y → X are there"". In topology, when they ask for the number of covering spaces without specifying ""up to isomorphism"", but in the context of algebraic topology problems like this, they usually mean the number of distinct covering spaces up to isomorphism, which would correspond to the number of conjugacy classes of subgroups of index 3.

Wait, hold on! This is crucial. Let's check with a simple case. Take X = S¹, fundamental group ℤ. How many connected n-sheeted coverings does S¹ have? Well, the universal cover is ℝ, and the n-sheeted coverings are ℝ/(nℤ), so there's exactly one connected n-sheeted covering space (up to homeomorphism), which corresponds to the subgroup nℤ in ℤ, and there's only one conjugacy class (since ℤ is abelian, all subgroups are normal, so conjugacy classes are just subgroups). So in this case, number of connected n-sheeted coverings is 1 for each n, which matches the number of subgroups of index n (since in ℤ, subgroups of index n are nℤ, only one subgroup per n).

Another example: X = S¹×S¹, fundamental group ℤ×ℤ. How many connected n-sheeted coverings? Well, the covering spaces correspond to subgroups of ℤ×ℤ of index n. Since ℤ×ℤ is abelian, all subgroups are normal, so conjugacy classes are just subgroups. The number of subgroups of index n in ℤ×ℤ is equal to the number of pairs (a,b) such that gcd(a,b) = d, and n = |a|*|b|? Wait, no, better: for ℤ×ℤ, subgroups of index n are in bijection with the set of n×n matrices with integer entries and determinant ±n? Wait, no, actually, for abelian groups, the number of subgroups of index n in ℤ^k is equal to the number of k-dimensional sublattices of ℤ^n with index n? Wait, maybe for k=2, ℤ×ℤ, subgroups of index n: a subgroup H ⊆ ℤ×ℤ of index n is isomorphic to ℤ×ℤ, and the quotient is finite of order n. The number of such subgroups is equal to the number of pairs (a,b) ∈ ℤ×ℤ with gcd(a,b) = 1 and n = |a|*|b|? Wait, no, actually, for each n, the number of subgroups of index n in ℤ×ℤ is equal to the sum_{d|n} d φ(d) or something? Wait, no, let's take n=2: subgroups of index 2 in ℤ×ℤ. Since ℤ×ℤ is abelian, subgroups of index 2 are normal, so we can list them. The quotient group is ℤ/2ℤ × ℤ/2ℤ or ℤ/2ℤ? Wait, no, the quotient of a subgroup of index 2 in ℤ×ℤ must be a group of order 2, so it's either ℤ/2ℤ or trivial? Wait, no, index 2 means the quotient has order 2, so it's cyclic of order 2. Wait, but ℤ×ℤ has rank 2, so any subgroup of index n has rank 2, so the quotient is a finite abelian group of order n. For n=2, the quotient must be ℤ/2ℤ (since it's order 2). How many subgroups? Let's see: a subgroup H of index 2 is the kernel of a homomorphism φ: ℤ×ℤ → ℤ/2ℤ. Homomorphisms are determined by φ(1,0) and φ(0,1), each in ℤ/2ℤ, so there are 4 homomorphisms, but the kernel has index 2 iff φ is surjective (since the image is a subgroup of ℤ/2ℤ, so index 2 iff image is ℤ/2ℤ). The surjective homomorphisms are those where at least one of φ(1,0), φ(0,1) is 1 mod 2. Wait, no: if φ is the zero homomorphism, kernel is whole group, index 1. If φ(1,0)=1, φ(0,1)=0, kernel is {(x,y) | x even}, index 2. If φ(1,0)=0, φ(0,1)=1, kernel is {(x,y) | y even}, index 2. If φ(1,0)=1, φ(0,1)=1, kernel is {(x,y) | x+y even}, index 2. Wait, so three subgroups of index 2 in ℤ×ℤ? Wait, but hold on, is the kernel of φ(1,0)=1, φ(0,1)=1 equal to the kernel of φ(1,0)=1, φ(0,1)=0? No, they are different subgroups. Wait, yes, so three subgroups of index 2 in ℤ×ℤ. Wait, but in the covering space correspondence for the torus, how many connected 2-sheeted coverings does the torus have? I think it's 3, which matches. So for abelian groups, the number of subgroups of index n is equal to the number of connected n-sheeted coverings (since all subgroups are normal, conjugacy classes are subgroups).

But in our problem, the fundamental group of the punctured torus: is it abelian or not? If it's abelian, then we can count subgroups, but if it's non-abelian, we have to count conjugacy classes.

Wait, this is the key point I was missing earlier: is π₁(X) abelian?

Let's resolve this once and for all. Take the punctured torus X = S¹×S¹ \ {p}. Let's compute its fundamental group using the Seifert-van Kampen theorem properly.

Let T = S¹×S¹, so T = U ∪ V, where U is T minus a small open disk around p (so U is a compact surface with boundary, a single boundary circle), and V is a small open disk around p (so V is contractible). Wait, no, for X = T \ {p}, we can write X = (T \ D) ∪ (D \ {p}), where D is a closed disk around p, so T \ D is a compact surface with boundary (a circle), and D \ {p} is an open disk minus a point, which is homotopy equivalent to a circle (let's call this circle C).

Now, the intersection (T \ D) ∩ (D \ {p}) is the boundary of D, which is a circle, say B.

So by Seifert-van Kampen, π₁(X) = π₁(T \ D) * π₁(D \ {p}) / π₁(B), where * is free product, and π₁(B) is the fundamental group of the intersection, which is π₁(C) = ℤ.

First, compute π₁(T \ D): T is the torus, D is a closed disk, so T \ D is a torus with one boundary component. The fundamental group of a surface of genus g with b boundary components is ⟨a₁, b₁, ..., a_g, b_g | [a₁,b₁]...[a_g,b_g] = 1⟩ with b generators for the boundary? Wait, no, for a compact surface with boundary, the fundamental group is a free group on 2g generators with relations corresponding to the boundary loops. Wait, actually, for a surface with boundary, we can think of it as a 2-manifold with boundary, so its fundamental group is generated by loops around the ""holes"" (the genus components) and the boundary components.

But maybe easier: the torus T = S¹×S¹ can be written as a square [0,1]×[0,1] with (x,0) ~ (x,1) and (0,y) ~ (1,y). Let D be a small disk around the point (1/2, 1/2), so T \ D is the square minus the center disk. Then T \ D has boundary the circle ∂D, which is a small circle around (1/2, 1/2). Now, can we deformation retract T \ D to a graph? In the square, the boundary of T \ D is a circle, so T \ D is a 2-cell attached to a 1-skeleton? Wait, no, T \ D is a compact surface with boundary, so it's homeomorphic to a disk with a handle removed? Wait, a torus minus a disk is homeomorphic to a cylinder with a disk removed? No, a torus is a genus 1 surface, so torus minus a disk is a surface of genus 1 with one boundary component, which is homeomorphic to a ""once-punctured torus"" but wait, no—X is the punctured torus, T \ D is the torus minus a disk, so X = (T \ D) ∪ (D \ {p}) where D \ {p} is a disk minus a point (homotopy equivalent to a circle).

Wait, let's do Seifert-van Kampen step by step for X = T \ {p}.

Let U = X \ {q}, where q is a point in D \ {p} (so U is T minus two points), and V = D \ {p}, which is homotopy equivalent to S¹. Then U is a punctured torus minus a point, so it's a 2-manifold with two boundary components? Wait, maybe this is not helpful.

Alternative approach: use the fact that the punctured torus is a surface of Euler characteristic χ = χ(T) - 1 = 0 - 1 = -1 (since for a closed surface of genus g, χ = 2 - 2g; for a punctured surface with n punctures, χ = 2 - 2g - n). For the torus, g=1, so closed χ=0; punctured once, χ=0 - 1 = -1. Now, for a connected graph with v vertices, e edges, χ = v - e. If the punctured torus is homotopy equivalent to a graph, then χ = -1 = v - e. For a graph that's a wedge of two circles (figure-eight), v=1, e=2, so χ=1 - 2 = -1. Hey, that matches! Perfect! So the Euler characteristic of the punctured torus is -1, which is exactly the Euler characteristic of the figure-eight graph (one vertex, two edges), so the punctured torus is homotopy equivalent to the figure-eight graph, hence its fundamental group is the free group on two generators, F₂ = ⟨a, b⟩.

Yes! That's a solid argument. Euler characteristic: for a surface with genus g and n punctures, χ = 2 - 2g - n. For the torus (g=1), closed, χ=0. Puncture one point (n=1), so χ=0 - 1 = -1. The figure-eight graph (wedge of two circles) has 1 vertex, 2 edges, so χ=1 - 2 = -1. Since both are connected, 2-dimensional (well, the graph is 1-dimensional, but the punctured torus is a 2-dimensional manifold with Euler characteristic -1, and the graph has the same Euler characteristic), and they are both path-connected, by the homotopy equivalence theorem for manifolds (or just the fact that a 2-manifold with boundary has the same homotopy type as its 1-skeleton if it's a surface with boundary, but here it's punctured, so non-compact), the punctured torus is homotopy equivalent to the figure-eight graph. Therefore, π₁(X) = F₂, free group on two generators.

Great, so that settles it: π₁(X) = F₂ = ⟨a, b⟩, non-abelian group (free on two generators, so non-abelian, since [a,b] ≠ 1).

Now, the problem is: how many connected, 3-sheeted covering spaces f : Y → X are there? As per covering space theory, each connected covering space corresponds to a subgroup of π₁(X) of index 3, and two coverings correspond to conjugate subgroups (hence give isomorphic coverings). Wait, but does the problem count coverings up to isomorphism or as distinct coverings? Wait, in the problem statement: ""how many connected, 3-sheeted covering spaces f : Y → X are there"". In topology, a ""covering space"" usually means a space with a covering map, so two coverings are different if the spaces Y are different or the maps are different. But in the context of algebraic topology problems like this (e.g., in Hatcher's book), when they ask for the number of covering spaces of a given degree, they mean up to isomorphism (i.e., distinct as covering spaces, so different subgroups up to conjugacy).

Wait, let's check with the torus example again to be sure. Suppose X were the torus (S¹×S¹), π₁(X) = ℤ×ℤ. How many connected 2-sheeted coverings does it have? As we thought earlier, for abelian groups, subgroups of index 2 correspond to coverings, and there are 3 subgroups of index 2 in ℤ×ℤ (as we listed: kernels of surjective homomorphisms to ℤ/2ℤ, which are 3 subgroups), so 3 connected 2-sheeted coverings. If we had to count conjugacy classes, but since it's abelian, all subgroups are conjugate to themselves, so 3 coverings. That matches the standard result: the torus has 3 connected 2-sheeted coverings.

Another check: for the punctured torus, if we had a different fundamental group, say ℤ×ℤ, but we know it's F₂, so let's focus on F₂.

So, the problem reduces to: how many conjugacy classes of subgroups of index 3 are there in F₂ = ⟨a, b⟩?

Wait, but hold on! Wait a second: is the covering space correspondence for the punctured torus giving subgroups of π₁(X) of index equal to the number of sheets? Yes, for a connected covering space Y → X, the number of sheets is equal to [π₁(X) : f*π₁(Y)], where f*π₁(Y) is the subgroup corresponding to Y. So yes, 3-sheeted coverings correspond to subgroups of index 3 in π₁(X) = F₂.

Now, the key question: does the problem count each subgroup (i.e., each covering space) as distinct, or do conjugate subgroups give the same covering space (hence same count)? In the covering space theory, two subgroups H and K give isomorphic covering spaces if and only if H and K are conjugate in G. So if the problem asks for the number of covering spaces (up to isomorphism), it's the number of conjugacy classes of subgroups of index 3 in F₂. If it asks for the number of subgroups (as sets), it's the total number of subgroups of index 3, but in standard topology problems like this, they mean up to isomorphism, so conjugacy classes.

Wait, but let's see the answer choices: they go up to 14, which is a bit high, but let's compute both.

First, let's recall how many subgroups of index n there are in F₂.

For a free group F₂ = ⟨a, b⟩, the number of subgroups of index n is a known quantity. Let's recall the formula or how to count them.

In general, for a free group F_k, the number of subgroups of index n is equal to (1/n) * Σ_{d|n} μ(d) * (k choose d) * n! / (n/d)! ? Wait, no, maybe better to use the fact that each subgroup of index n corresponds to a surjective homomorphism from F₂ to a group of order n, and the number of such homomorphisms is equal to the number of subgroups of index n (since each subgroup is the kernel of a surjective homomorphism).

Wait, yes! For a group G, the number of subgroups of index n in G is equal to the number of surjective homomorphisms from G to a group of order n, divided by the number of automorphisms of the target group? Wait, no, more precisely: for each subgroup H of index n, there is a unique surjective homomorphism φ: G → G/H, where G/H has order n, and φ is determined by H. Conversely, each surjective homomorphism φ: G → H' with |H'| = n corresponds to a unique subgroup H = ker φ of index n.

Therefore, the number of subgroups of index n in G is equal to the number of surjective homomorphisms from G to groups of order n (but actually, to groups of order n, up to isomorphism? Wait, no, for each group H' of order n, the number of surjective homomorphisms from G to H' is equal to the number of normal subgroups of G of index n that are isomorphic to H'? Wait, maybe better to fix G = F₂, so G is free on two generators.

For G = F₂, a homomorphism φ: F₂ → H' is determined by where it sends the two generators a and b: φ(a) = h₁, φ(b) = h₂ in H'. The homomorphism is surjective iff the subgroup generated by h₁, h₂ is equal to H'.

So, to count the number of subgroups of index 3 in F₂, we can count the number of surjective homomorphisms from F₂ to groups of order 3, and then for each such homomorphism, the kernel is a subgroup of index 3.

First, what are the groups of order 3? Only the cyclic group C₃, since 3 is prime.

How many surjective homomorphisms are there from F₂ to C₃?

A homomorphism φ: F₂ → C₃ is determined by φ(a) and φ(b) in C₃. C₃ has three elements: 0, 1, 2 (additively). The homomorphism is surjective iff φ(a) and φ(b) generate C₃, i.e., at least one of them is non-zero (since C₃ is cyclic of prime order, the subgroup generated by two elements is C₃ iff at least one is non-zero).

Total homomorphisms: 3 choices for φ(a), 3 choices for φ(b), so 9 homomorphisms.

Surjective homomorphisms: total homomorphisms minus homomorphisms that are not surjective (i.e., homomorphisms with image of order 1 or 3? Wait, image of order 1 is the trivial homomorphism, which is 1 homomorphism. Image of order 3 is surjective, since C₃ has no subgroups of order 2 (it's prime order). Wait, for a homomorphism to F₂ → C₃, the image is a subgroup of C₃, so order 1 or 3. Therefore, surjective homomorphisms are those with image order 3, which is all homomorphisms except the trivial one.

Wait, is that true? If φ(a) = 0 and φ(b) = 0, image is trivial (order 1). If φ(a) = 0, φ(b) = 1, image is ⟨1⟩ = C₃ (order 3). Similarly, φ(a) = 1, φ(b) = 0, image C₃; φ(a) = 1, φ(b) = 1, image C₃; φ(a) = 1, φ(b) = 2, image C₃; φ(a) = 2, φ(b) = 0, image C₃; φ(a) = 2, φ(b) = 1, image C₃; φ(a) = 2, φ(b) = 2, image C₃. So total surjective homomorphisms: 9 - 1 = 8.

Wait, but hold on: each surjective homomorphism φ: F₂ → C₃ has a kernel K = ker φ, which is a subgroup of index 3 (since |C₃| = 3). Now, different homomorphisms can have the same kernel. When do two homomorphisms φ and ψ have the same kernel?

If φ and ψ have the same kernel K, then they differ by a homomorphism from C₃ to C₃ (since the quotient F₂/K ≅ C₃, so Hom(F₂/K, C₃) = Hom(C₃, C₃) ≅ C₃* (the multiplicative group of units modulo 3, which is cyclic of order 2? Wait, no, additive: Hom(C₃, C₃) as additive groups is isomorphic to C₃, since it's the group of homomorphisms from cyclic group of order 3 to itself, which is cyclic of order 3).

Wait, more carefully: if K = ker φ = ker ψ, then φ and ψ are both surjective homomorphisms with the same kernel, so their difference (if we think additively) is a homomorphism from F₂/K = C₃ to C₃, which is a non-trivial homomorphism (since φ ≠ ψ). How many homomorphisms are there from C₃ to C₃? As additive groups, Hom(C₃, C₃) has order 3: for each element x in C₃, the homomorphism sending 1 to k*1 (k=0,1,2) is a homomorphism, so 3 homomorphisms.

Therefore, for each subgroup K of index 3 in F₂, how many surjective homomorphisms φ: F₂ → C₃ have ker φ = K? It's equal to the number of homomorphisms from C₃ to C₃, which is 3 (since F₂/K ≅ C₃, and the homomorphisms from F₂ to C₃ with kernel K are in bijection with homomorphisms from F₂/K to C₃).

Wait, let's verify with the count. We have 8 surjective homomorphisms from F₂ to C₃. Each subgroup K of index 3 corresponds to 3 homomorphisms (since Hom(F₂/K, C₃) = 3). Therefore, the number of subgroups of index 3 in F₂ is 8 / 3? Wait, that can't be, 8 isn't divisible by 3. Uh-oh, mistake here.

Wait, why did I think there are 8 surjective homomorphisms? Let's list them explicitly for additive C₃ = ⟨c | 3c = 0⟩.

Homomorphisms φ: F₂ → C₃ are determined by φ(a) = x, φ(b) = y, where x, y ∈ C₃.

The homomorphism is surjective iff ⟨x, y⟩ = C₃. Since C₃ is cyclic of prime order, ⟨x, y⟩ = C₃ iff x ≠ 0 or y ≠ 0 (wait, no—if x = 0 and y = 0, it's trivial; if x = 0 and y ≠ 0, then ⟨x, y⟩ = ⟨y⟩ = C₃; similarly if y = 0 and x ≠ 0, ⟨x, y⟩ = C₃; if x ≠ 0 and y ≠ 0, then ⟨x, y⟩ = C₃ (since C₃ is prime order, any non-zero element generates it, so even if x and y are the same, they still generate C₃).

So total homomorphisms: 3*3=9.

Non-surjective homomorphisms: only the trivial one (x=0, y=0), so 1 non-surjective. Therefore, surjective homomorphisms: 8. That seems right.

Now, take a specific subgroup K of index 3. Let's find what K looks like. For example, take K = ⟨a², b²⟩? Wait, no, in F₂, subgroups of index 3: let's take a homomorphism φ(a) = c, φ(b) = 0, so φ: F₂ → C₃, φ(a)=c, φ(b)=0, so ker φ = {w ∈ F₂ | φ(w) = 0} = {w = a^m b^n | m ≡ 0 mod 3} = ⟨a³, b³⟩? Wait, no, in free groups, the kernel of a homomorphism to a cyclic group is a normal subgroup, but in F₂, the subgroup generated by a³ and b³ is not the kernel of φ(a)=c, φ(b)=0, because φ(a³) = 3c = 0, φ(b³) = 0, but also φ(a) = c ≠ 0, so the kernel is all words where the exponent of a is a multiple of 3 and exponent of b is a multiple of 3? Wait, no, in a free group, the kernel of a homomorphism φ: F₂ → C₃ is the set of words w such that φ(w) = 0. If φ(a) = g, φ(b) = h in C₃, then φ(w) = 0 iff the exponent of g in w is 0 mod 3 and exponent of h in w is 0 mod 3? Wait, no, in additive terms, if C₃ is additive, φ(w) = n*g + m*h where w = a^n b^m (but in free group, words have more complicated exponents, but actually, for homomorphisms from F₂ to an abelian group, the homomorphism is determined by φ(a) and φ(b), so for abelian groups, it's a homomorphism to the abelianization, but F₂ is non-abelian, so homomorphisms to abelian groups are determined by the images of generators, but the kernel is still a subgroup.

Wait, maybe better to use the fact that for a free group F_k, the number of subgroups of index n is equal to the number of functions from the k generators to a set of size n, modulo the relations that the function is constant on the cosets of the subgroup? Wait, no, another approach: the number of subgroups of index n in F₂ is equal to (1/n) * Σ_{d|n} μ(d) * d! * (2 choose d) ? Wait, no, I remember that for F₂, the number of subgroups of index n is equal to the sum over d|n of μ(d) * (n/d)! * something? Wait, maybe look for a pattern for small n.

Let's compute the number of subgroups of index 1 in F₂: 1 (the whole group).

Index 2: subgroups of index 2 in F₂. Since F₂ is non-abelian, subgroups of index 2 are normal (because index 2 subgroups are always normal), and F₂ has no normal subgroups of index 2? Wait, no, F₂ has a normal subgroup of index 2? Wait, F₂ = ⟨a, b⟩, can we find a normal subgroup of index 2?

A normal subgroup of index 2 is the kernel of a surjective homomorphism to C₂. How many surjective homomorphisms from F₂ to C₂? Homomorphisms are determined by φ(a), φ(b) ∈ C₂. Surjective iff at least one of φ(a), φ(b) is 1 (non-trivial). Total homomorphisms: 4. Surjective: 3 (since only φ(a)=0, φ(b)=0 is trivial). Each normal subgroup of index 2 corresponds to how many homomorphisms? Homomorphisms from F₂/N to C₂, where N is the kernel, so F₂/N ≅ C₂, so Hom(C₂, C₂) has 2 elements (trivial and identity). Therefore, number of subgroups of index 2 is 3 / 2? Wait, that's not an integer, so my mistake.

Ah! Here's the key: for a non-abelian group, subgroups of index 2 are normal, but in F₂, do subgroups of index 2 exist? Wait, F₂ has a presentation ⟨a, b | ⟩, so it's torsion-free. A subgroup of index 2 would have to be normal (since index 2), and the quotient would be C₂. But in F₂, every element has infinite order, but the quotient by a normal subgroup of index 2 would be C₂, so that's possible. Wait, but let's take an example: let N = ⟨a², b², ab a^{-1} b^{-1}⟩? No, in free groups, the only normal subgroups of finite index are those that are the kernels of homomorphisms to finite groups.

Wait, actually, in F₂, there are no subgroups of index 2. Wait, is that true? Let's see: suppose H is a subgroup of index 2 in F₂. Then H is normal, and F₂/H ≅ C₂. Let aH and bH be the generators of the quotient. Then (aH)² = a²H, but in C₂, (aH)² = H, so a² ∈ H. Similarly, b² ∈ H. Also, (abH) = (aH)(bH) = aH * bH = abH, and (abH)² = ababH = (a²b²)H = H (since a², b² ∈ H), so abab ∈ H. But in F₂, the only relations are the trivial ones, so H is a normal subgroup of index 2, but does it exist?

Wait, no—actually, F₂ is a free group of rank 2, and it's known that it has no subgroups of index 2. Wait, why? Because if H is a subgroup of index 2, then it's normal, and F₂/H is C₂, so the map F₂ → C₂ is a homomorphism with kernel H. But a homomorphism from F₂ to C₂ is determined by φ(a) and φ(b) in C₂, and the only homomorphisms are the trivial one and the ones where φ(a)=1, φ(b)=0; φ(a)=0, φ(b)=1; φ(a)=1, φ(b)=1. But the image of φ(a)=1, φ(b)=1 is C₂, since 1+1=0 in C₂, so the image is C₂. Wait, but in F₂, the element a and b are not related, so the homomorphism φ(a)=1, φ(b)=1 is well-defined (since there are no relations in F₂), and it's surjective.

Wait, but then the kernel H = ker φ = {w ∈ F₂ | φ(w) = 0}. For φ(w) = 0, since φ is additive (C₂ is additive), φ(w) = (number of a's in w) + (number of b's in w) mod 2. Wait, no, in a free group, the homomorphism is defined by the images of generators, so for w = a^m b^n a^p b^q ... , φ(w) = mφ(a) + nφ(b) + ... mod 2. So if φ(a) = 1, φ(b) = 1, then φ(w) = (total exponent of a) + (total exponent of b) mod 2.

Is this a well-defined homomorphism? Yes, because in the free group, the only relations are the trivial ones, so the homomorphism is well-defined by the images of generators.

Now, is the kernel H = {w ∈ F₂ | (exponent of a) + (exponent of b) ≡ 0 mod 2} a subgroup of index 2? Let's see: the quotient F₂/H has two cosets: H and aH (since a has exponent 1, so a ∉ H). The order of the quotient is 2, so yes, index 2. Wait, so F₂ does have subgroups of index 2? But earlier I thought it might not, but apparently it does.

Wait, but in this case, how many subgroups of index 2 are there? Let's count the homomorphisms to C₂: 3 surjective homomorphisms (as we said: φ(a)=1,φ(b)=0; φ(a)=0,φ(b)=1; φ(a)=1,φ(b)=1). Each subgroup H = ker φ corresponds to how many homomorphisms? The homomorphisms from F₂/H ≅ C₂ to C₂ are two: trivial and identity. So each subgroup H corresponds to 2 homomorphisms. Therefore, number of subgroups of index 2 is 3 / 2? Wait, that's a problem. But we have 3 surjective homomorphisms, so the number of subgroups should be 3, but that can't be because each subgroup has two homomorphisms.

Wait, no! The key is that for a given subgroup H of index n, the number of surjective homomorphisms from G to a group of order n with kernel H is equal to the number of automorphisms of G/H? No, better: the set of homomorphisms from G to G/H with kernel H is in bijection with Hom(G/H, G/H), which is the endomorphism ring of G/H.

In our case, G = F₂, H a subgroup of index 2, so G/H ≅ C₂. Hom(C₂, C₂) has two elements: the zero map and the identity map. Therefore, for each subgroup H of index 2, there are two homomorphisms φ: G → C₂ with ker φ = H.

But we have three surjective homomorphisms φ: G → C₂ (since G/H ≅ C₂, so φ is surjective iff ker φ = H for some H of index 2). Wait, but if there are two homomorphisms per subgroup, then total number of subgroups is 3 / 2, which is impossible. Therefore, my count of surjective homomorphisms is wrong.

Ah! Here's the mistake: when we say a homomorphism φ: F₂ → C₂ is surjective, the image is C₂, but in the case of φ(a)=1, φ(b)=1 (additively), what is the image? The image is {0, 1} in C₂, so it is surjective. But is this homomorphism well-defined? Yes, because F₂ has no relations, so the homomorphism is determined by the images of generators, and it's a homomorphism.

But wait, in the free group F₂, the element ab has order... well, it's infinite order, but the homomorphism φ(ab) = φ(a) + φ(b) = 1 + 1 = 0 in C₂, so ab ∈ H, where H = ker φ. So H contains ab, a², b², etc.

But let's take a concrete example: let F₂ = ⟨a, b⟩, and define H = ⟨a², b², ab a^{-1} b^{-1}⟩? No, in free groups, the only normal subgroups of finite index are those that are the kernels of homomorphisms to finite groups, but maybe for index 2, there are two subgroups?

Wait, I think I need to stop here and recall a standard result: the number of subgroups of index n in the free group F_k is given by the formula:

N(k, n) = (1/n) * Σ_{d|n} μ(d) * (k)_d * n! / (n/d)! ?

No, better to look up (in my mind) that for F₂, the number of subgroups of index n is equal to the sum over d|n of μ(d) * (n/d)^2? Wait, no, for n=1: 1 subgroup, sum over d|1: μ(1)*1²=1, correct.

n=2: sum over d|2: μ(1)*2² + μ(2)*1² = 4 - 1 = 3. Wait, is that the number of subgroups of index 2 in F₂? I think yes! Wait, in some references, the number of subgroups of index n in F₂ is equal to the number of ways to write a surjective homomorphism to a group of order n, but for n=2, it's 3.

Wait, let's check with the formula from group theory: the number of subgroups of index n in F_k is equal to the number of functions from the k generators to a set of size n, up to the equivalence that two functions are equivalent if they differ by a group automorphism? No, maybe not.

Wait, here's a better idea: for the punctured torus, the fundamental group is F₂, but wait—wait a second! I just realized a critical error: the punctured torus is not homotopy equivalent to the figure-eight graph? Wait, no, the Euler characteristic argument was solid: punctured torus has χ=-1, figure-eight has χ=-1, so they are homotopy equivalent (since both are connected, 1-dimensional CW complexes with the same Euler characteristic, and the punctured torus is a 2-manifold, so its homotopy type is determined by the Euler characteristic for surfaces?).

Wait, no, the Euler characteristic of a 2-manifold with boundary is χ = 2 - 2g - b, where g is genus and b is number of boundary components. For the punctured torus, it's a non-compact surface (since we removed a point from a compact surface), so it's a 2-manifold with one puncture, which is equivalent to a 2-manifold with one boundary component (in the sense of compact surfaces with boundary, but punctured surfaces are non-compact). The Euler characteristic of a non-compact surface is χ = χ(compact surface) - 1 for each puncture (since puncturing a compact surface decreases the Euler characteristic by 1). For the torus (compact, g=1), χ=0, so punctured torus has χ=0 - 1 = -1.

The figure-eight graph has 1 vertex, 2 edges, so χ=1 - 2 = -1. Now, the punctured torus is a 2-manifold with χ=-1, and the figure-eight graph is a 1-dimensional CW complex with χ=-1. By the homotopy equivalence theorem for CW complexes, if two CW complexes have the same homotopy type, they have the same Euler characteristic, but the converse isn't true. However, it's a standard result in algebraic topology that the punctured torus is homotopy equivalent to the wedge of two circles (figure-eight). I think this is correct because you can deformation retract the punctured torus onto a graph with two loops meeting at a point: imagine the torus, make a small hole, then pull the hole into a point, and the rest of the torus retracts to two loops (the meridian and longitude) intersecting at that point.

Okay, let's assume π₁(X) = F₂ is correct for now, and move on to counting subgroups of index 3 in F₂.

I found a reference in my memory: the number of subgroups of index n in F₂ is equal to the sum_{d|n} μ(d) * (n/d)^2. Wait, let's test n=1: sum_{d|1} μ(1)*1²=1, correct. n=2: sum_{d|2} μ(d)*(2/d)² = μ(1)*4 + μ(2)*1 = 4 - 1 = 3. n=3: sum_{d|3} μ(d)*(3/d)² = μ(1)*9 + μ(3)*1 = 9 - 1 = 8.

Wait, that's interesting! For n=3, it gives 8 subgroups of index 3 in F₂.

But earlier, when I tried to count homomorphisms, I had 8 surjective homomorphisms from F₂ to C₃, and if each subgroup corresponds to how many homomorphisms? For a subgroup H of index 3, F₂/H is a group of order 3, which is cyclic (since it's a finite group of prime order). The number of homomorphisms from F₂/H to C₃ is equal to the number of homomorphisms from C₃ to C₃, which is 3 (since Hom(C₃, C₃) ≅ C₃). Wait, but we have 8 surjective homomorphisms from F₂ to C₃, so if each subgroup corresponds to 3 homomorphisms, then 8 / 3 is not an integer, which is a problem.

Wait, but hold on! The group F₂/H has order 3, so it's cyclic, say C₃. A homomorphism φ: F₂ → C₃ with kernel H is determined by a homomorphism ψ: F₂/H → C₃, which is surjective (since φ is surjective iff ψ is surjective). The number of surjective homomorphisms from C₃ to C₃ is φ(3) = 2 (since the number of surjective homomorphisms from a cyclic group of order n to itself is φ(n) for n prime? Wait, for n prime, the only surjective homomorphisms from Cₙ to Cₙ are the automorphisms, which are φ(n) = n-1. For n=3, φ(3)=2.

Ah! That's the mistake. Earlier, I thought there were 3 homomorphisms from C₃ to C₃, but no: for a cyclic group Cₙ, the homomorphisms to itself are determined by where the generator is sent, so there are n homomorphisms (sending generator to k*generator for k=0,1,...,n-1). The surjective homomorphisms are those where k is coprime to n, so for prime n, there are n-1 surjective homomorphisms (which are the automorphisms).

Yes! That makes sense. So for C₃, homomorphisms to C₃: 3 (k=0,1,2). Surjective homomorphisms: 2 (k=1,2), since k=0 is trivial.

Okay, let's restart the counting with this correction.

We want the number of subgroups H of index 3 in F₂ = ⟨a, b⟩.

Each such H is the kernel of a surjective homomorphism φ: F₂ → G, where G is a group of order 3 (since [F₂:H] = 3). The only group of order 3 is C₃, so G = C₃.

How many surjective homomorphisms φ: F₂ → C₃ are there?

As before, φ is determined by φ(a), φ(b) ∈ C₃. The homomorphism is surjective iff the subgroup generated by φ(a) and φ(b) is C₃.

Since C₃ is cyclic of prime order, the subgroup generated by two elements is C₃ iff at least one of them is a generator (i.e., non-zero in additive notation).

Total homomorphisms: 3*3=9.

Homomorphisms that are not surjective: those where both φ(a) and φ(b) are zero (trivial homomorphism), so 1 homomorphism.

Therefore, surjective homomorphisms: 9 - 1 = 8.

Now, for each subgroup H = ker φ, how many surjective homomorphisms φ' have ker φ' = H?

If φ' has kernel H, then φ' = ψ ∘ φ, where ψ: F₂/H → C₃ is a surjective homomorphism (since φ' is surjective). But F₂/H ≅ C₃ (since |F₂/H| = 3), so ψ is a surjective homomorphism from C₃ to C₃.

As established, there are φ(3) = 2 surjective homomorphisms from C₃ to C₃ (the automorphisms of C₃).

Therefore, each subgroup H corresponds to 2 surjective homomorphisms.

Thus, the number of subgroups H of index 3 in F₂ is total surjective homomorphisms divided by homomorphisms per subgroup: 8 / 2 = 4.

Wait, that's an integer! Good, so 4 subgroups of index 3 in F₂.

But wait, the problem asks for the number of connected, 3-sheeted covering spaces. In covering space theory, two subgroups H and K give isomorphic covering spaces if and only if H and K are conjugate in G. So we need to find the number of conjugacy classes of subgroups of index 3 in F₂.

Ah! This is the crucial point I missed earlier. The problem says ""covering spaces"", so two coverings are the same if they are isomorphic as covering spaces, which happens when their corresponding subgroups are conjugate.

So first, we need to know: how many conjugacy classes of subgroups of index 3 are there in F₂?

We just found there are 4 subgroups of index 3 (not conjugacy classes), but we need to see if they are all conjugate or not.

Let's list the subgroups of index 3 in F₂.

In F₂ = ⟨a, b⟩, a subgroup H of index 3 is the kernel of a surjective homomorphism φ: F₂ → C₃. Let's take specific homomorphisms:

1. φ₁(a) = 1, φ₁(b) = 0 (in additive C₃). Then H₁ = ker φ₁ = {w ∈ F₂ | φ₁(w) = 0}.

2. φ₂(a) = 0, φ₂(b) = 1. Then H₂ = ker φ₂.

3. φ₃(a) = 1, φ₃(b) = 1. Then H₃ = ker φ₃.

Are these subgroups conjugate?

First, note that F₂ is non-abelian, so conjugation is non-trivial.

Let's consider the action of Aut(F₂) on the set of subgroups of index 3. Aut(F₂) is the group of automorphisms of F₂, which is S₂ × S₂? Wait, no, Aut(F₂) is the group of all automorphisms, which for F₂ = ⟨a, b⟩ is the group of permutations of the generators with possible sign changes? Wait, actually, Aut(F₂) is isomorphic to GL(2, ℤ), but for finite index subgroups, maybe we can use the fact that two subgroups are conjugate if and only if they have the same ""type"" in terms of their generators.

For a subgroup H of index 3, the quotient F₂/H is C₃, so H is a normal subgroup? Wait, no! Subgroups of index 3 in F₂ are not necessarily normal. In fact, in a non-abelian group, subgroups of prime index are normal (wait, is that true?).

Yes! A subgroup of prime index in a group is always normal. Wait, is that a theorem?

Theorem: If G is a group and H is a subgroup of G with [G:H] = p prime, then H is normal in G.

Proof: Let G act on the left cosets of H by left multiplication. This action gives a homomorphism G → S_p, where S_p is the symmetric group on p elements. The kernel of this homomorphism is the largest normal subgroup of G contained in H, but since [G:H] = p, the image of G in S_p has order dividing p!, but the kernel has index dividing p, so the image has order p (since the action is transitive, the image is transitive, so order p). Therefore, the image is a subgroup of S_p of order p, hence cyclic of order p, so the kernel has index p, which means the kernel is H (since H is the stabilizer of the coset H, and the action is transitive). Wait, no, the kernel is the set of elements that fix every coset, i.e., gH = H for all g, so kernel is H itself? Wait, no, the action is g · (xH) = gxH, so the stabilizer of H is {g ∈ G | gH = H} = H. The orbit of H under the action is the set of cosets, which has size p. By the orbit-stabilizer theorem, |G| = |orbit| * |stabilizer| = p * |H|, so |G| = p|H|, which we know.

The homomorphism φ: G → S_p is such that the kernel K = {g ∈ G | φ(g) = id} is normal in G, and [G:K] = |image|, which divides p! but since the action is transitive, the image is transitive, so |image| = p (since p is prime). Therefore, K is a normal subgroup of G with [G:K] = p, so K = H? Wait, no, K is contained in H (since stabilizer of H is H), so K ⊆ H, and [G:K] = p, so [G:H] = p implies H = K. Wait, yes! Because [G:H] = p, so |H| = |G|/p, and [G:K] = p, so |K| = |G|/p, hence K = H. Therefore, H is normal in G.

Oh my goodness! This is a critical point I forgot. In any"
171,"Okay, let's see. I need to sketch the region defined by the set of points (x, y) where 3 ≤ x ≤ 7 and 2 ≤ y ≤ 7. Then find its area. Hmm, first, let me recall what this kind of region looks like. 

So, in coordinate geometry, when we have inequalities like a ≤ x ≤ b and c ≤ y ≤ d, that usually describes a rectangle, right? Because x is between 3 and 7, so that's a horizontal strip from x=3 to x=7, and y is between 2 and 7, which is a vertical strip from y=2 to y=7. So the intersection of these two strips should be a rectangle.

Let me visualize this. The x-axis goes from left to right, and the y-axis from bottom to top. The region where x is at least 3 and at most 7 means all points from the vertical line x=3 to the vertical line x=7. Similarly, y is at least 2 and at most 7, so all points from the horizontal line y=2 to the horizontal line y=7. So the region is a rectangle with its left side on x=3, right side on x=7, bottom side on y=2, and top side on y=7.

To find the area of a rectangle, I remember it's length times width. Here, the length in the x-direction would be the difference between the right and left x-values, which is 7 - 3. Let me calculate that: 7 - 3 = 4. So the width (or length) along the x-axis is 4 units.

Then the height in the y-direction is the difference between the top and bottom y-values, which is 7 - 2. Let's compute that: 7 - 2 = 5. So the height along the y-axis is 5 units.

Therefore, the area should be 4 (length) times 5 (height) = 20. Let me double-check. If the rectangle goes from x=3 to x=7, that's 4 units wide (since 7-3=4). From y=2 to y=7, that's 5 units tall (7-2=5). So area is 4*5=20. That seems right.

Wait, let me make sure I didn't mix up length and width. But in area, it doesn't matter; multiplication is commutative. So 4*5 is 20, same as 5*4. So the area is 20.

I think that's it. The problem says to sketch the region, but since I can't actually draw it here, I just need to confirm the area. The key is recognizing it's a rectangle with sides of length (7-3) and (7-2), so 4 and 5, area 20.

Yeah, that makes sense. Let me just verify with another approach. Suppose I list the corners of the rectangle. The four corners would be (3,2), (7,2), (7,7), (3,7). Plotting these points, connecting them in order gives a rectangle. The distance between (3,2) and (7,2) is 4 units (since x goes from 3 to 7, y stays 2), and the distance between (7,2) and (7,7) is 5 units (y goes from 2 to 7, x stays 7). So the area is base times height, 4*5=20. Yep, that checks out.

I don't see any mistakes here. The region is definitely a rectangle with those dimensions, so the area is 20.
</think>

The region defined by the set $\{(x, y) \mid 3 \le x \le 7, 2 \le y \le 7\}$ is a rectangle in the coordinate plane. 

- The horizontal bounds for $x$ are from $3$ to $7$, giving a width of $7 - 3 = 4$.
- The vertical bounds for $y$ are from $2$ to $7$, giving a height of $7 - 2 = 5$.

The area of a rectangle is calculated as the product of its width and height:

$$
\text{Area} = 4 \times 5 = 20
$$

Thus, the area of the region is:

$$
\boxed{20}
$$"
172,"Okay, let's see. I need to find the exact value of sin(2 cos⁻¹(11/61)). Hmm, first, I remember that there's a double-angle identity for sine: sin(2θ) = 2 sinθ cosθ. So maybe I can let θ = cos⁻¹(11/61), which means cosθ = 11/61. Then, sin(2θ) would be 2 sinθ cosθ. That makes sense. So I need to find sinθ first, where θ is cos⁻¹(11/61). 

Since θ is the arccosine of 11/61, θ is an angle in the range [0, π], right? Because arccosine's range is from 0 to π. In that interval, sine is non-negative, so sinθ will be positive. 

To find sinθ, I can use the Pythagorean identity: sin²θ + cos²θ = 1. So sinθ = √(1 - cos²θ). Let's compute that. 

First, cosθ = 11/61, so cos²θ = (11/61)² = 121/3721. Then 1 - cos²θ = 1 - 121/3721 = (3721 - 121)/3721 = 3600/3721. So sinθ = √(3600/3721) = 60/61. Because 60² is 3600 and 61² is 3721. 

Okay, so sinθ = 60/61. Then, sin(2θ) = 2 sinθ cosθ = 2*(60/61)*(11/61). Let me compute that. 2*60*11 = 1320, and 61*61 = 3721. So sin(2θ) = 1320/3721. 

Wait, let me check if that's correct. Let's verify the steps again. 

First, θ = cos⁻¹(11/61), so cosθ = 11/61. Then sinθ = √(1 - (11/61)²) = √((61² - 11²)/61²) = √((3721 - 121)/3721) = √(3600/3721) = 60/61. That's right because 61² is 3721, 11² is 121, 3721 - 121 is 3600, which is 60². 

Then, sin(2θ) = 2 sinθ cosθ = 2*(60/61)*(11/61) = (1320)/3721. Let me compute 1320 divided by 3721. Wait, 3721 is 61 squared, so 61*61 is 3721. 1320 is 2*60*11, which is 1320. 

Is there a way to simplify 1320/3721? Let's see. Let's check if 1320 and 3721 have any common factors. 3721 is 61², so prime factors are 61. Let's check if 61 divides 1320. 61*21 = 1281, 61*22 = 1342, which is more than 1320, so 1320 divided by 61 is 21.639..., so no, 61 doesn't divide 1320. So 1320/3721 is in simplest terms. 

Therefore, the exact value is 1320/3721. Let me just confirm with another approach. Maybe using the identity for sin(2 arccos(x)). There's a formula for sin(2 arccos(x)). Let's recall that. 

If θ = arccos(x), then cosθ = x, sinθ = √(1 - x²), so sin(2θ) = 2x√(1 - x²). Wait, no, 2 sinθ cosθ = 2x√(1 - x²). Wait, in this case, x is 11/61, so sin(2 arccos(x)) = 2x√(1 - x²). Let's compute that. 

x = 11/61, so 2x√(1 - x²) = 2*(11/61)*(60/61) = (2*11*60)/(61²) = 1320/3721. Yep, that's the same as before. So that checks out. 

I think that's it. So the exact value is 1320/3721. Let me just make sure I didn't make a mistake in the calculation. 61 squared is 3721, correct. 11 squared is 121, 3721 - 121 is 3600, square root of 3600 is 60, so sinθ is 60/61. Then 2*(60/61)*(11/61) is (2*60*11)/(61*61) = 1320/3721. That seems right. 

I don't think there's any mistake here. So the answer should be 1320/3721.
</think>

To find the exact value of:

$$
\sin\left(2 \cos^{-1}\left(\frac{11}{61}\right)\right)
$$

we begin by recognizing that this expression involves a **double angle identity** for sine. Specifically, we use the identity:

$$
\sin(2\theta) = 2 \sin\theta \cos\theta
$$

Let’s define:

$$
\theta = \cos^{-1}\left(\frac{11}{61}\right)
$$

This implies:

$$
\cos\theta = \frac{11}{61}
$$

We now compute $\sin\theta$ using the Pythagorean identity:

$$
\sin^2\theta + \cos^2\theta = 1 \quad \Rightarrow \quad \sin\theta = \sqrt{1 - \cos^2\theta}
$$

Compute $\cos^2\theta$:

$$
\cos^2\theta = \left(\frac{11}{61}\right)^2 = \frac{121}{3721}
$$

Then:

$$
\sin^2\theta = 1 - \frac{121}{3721} = \frac{3721 - 121}{3721} = \frac{3600}{3721}
$$

So:

$$
\sin\theta = \sqrt{\frac{3600}{3721}} = \frac{60}{61}
$$

Now apply the double-angle identity:

$$
\sin(2\theta) = 2 \sin\theta \cos\theta = 2 \cdot \frac{60}{61} \cdot \frac{11}{61} = \frac{2 \cdot 60 \cdot 11}{61^2}
$$

Calculate numerator and denominator:

- Numerator: $2 \cdot 60 \cdot 11 = 1320$
- Denominator: $61^2 = 3721$

Thus:

$$
\sin\left(2 \cos^{-1}\left(\frac{11}{61}\right)\right) = \frac{1320}{3721}
$$

---

### Final Answer:

$$
\boxed{\frac{1320}{3721}}
$$"
