id,response
0,"Okay, let's tackle part a) first. The problem is [13 - (11 - 11)] - [8 - (5 - 6)]. I need to use the order of operations, which is parentheses first, then exponents (but there are none here), then multiplication and division, then addition and subtraction. Let's break it down step by step.

Starting with the first part inside the brackets: [13 - (11 - 11)]. Let's handle the innermost parentheses first. The innermost part is (11 - 11). 11 minus 11 is 0. So that simplifies to 13 - 0. Then 13 minus 0 is 13. So the first bracket [13 - (11 - 11)] simplifies to 13.

Now the second part: [8 - (5 - 6)]. Again, innermost parentheses first: (5 - 6). 5 minus 6 is -1. So then we have 8 - (-1). Wait, subtracting a negative is like adding the positive. So 8 - (-1) is 8 + 1, which is 9. Let me check that again. 5 - 6 is indeed -1, so 8 minus (that) is 8 - (-1) = 8 + 1 = 9. Yep, that's right.

So now the entire expression is [13] - [9] = 13 - 9 = 4. Wait, is that right? Let me verify again. Let's write it out step by step.

First bracket: 13 - (11 - 11). Compute 11 - 11 = 0. Then 13 - 0 = 13. Correct.

Second bracket: 8 - (5 - 6). Compute 5 - 6 = -1. Then 8 - (-1) = 8 + 1 = 9. Correct.

Then the whole thing is 13 - 9 = 4. Hmm, that seems straightforward. Maybe I made a mistake here? Let's see. Let's do it with parentheses to be sure.

Original expression: [13 - (11 - 11)] - [8 - (5 - 6)]

Compute innermost parentheses:

11 - 11 = 0

5 - 6 = -1

Now substitute back:

[13 - 0] - [8 - (-1)] = 13 - [8 + 1] = 13 - 9 = 4. Yep, that's 4. Okay, part a) is 4.

Now part b): 4 · 3 - 2 + 2 · 3. Let's use order of operations. Multiplication and division come before addition and subtraction. So first handle the multiplications.

4 · 3 is 12, and 2 · 3 is 6. So substitute those in: 12 - 2 + 6.

Now, we do addition and subtraction from left to right. So 12 - 2 is 10, then 10 + 6 is 16. Let's check that.

Original: 4*3 - 2 + 2*3. Multiplications first: 4*3=12, 2*3=6. So 12 - 2 + 6. Then left to right: 12 - 2 = 10, 10 + 6 = 16. That seems right.

Wait, is there any chance of misinterpretation? Like, if someone does addition before subtraction, but no, order of operations says left to right for addition and subtraction. So 12 - 2 + 6 is (12 - 2) + 6 = 10 + 6 = 16. Correct.

Let me confirm with another approach. Let's write it as 4*3 + (-2) + 2*3. Then 12 - 2 + 6 = 16. Yep, that's 16.

So part b) is 16.

Wait, let me just make sure I didn't make a mistake in part a). Let's re-express part a):

[13 - (11 - 11)] - [8 - (5 - 6)]

Compute 11 - 11 first: 0. So 13 - 0 = 13.

Then 5 - 6 = -1. So 8 - (-1) = 9. Then 13 - 9 = 4. Correct.

Yes, that's right. So part a) is 4, part b) is 16.

I think that's it. Let me just write them out clearly.

a) [13 - (11 - 11)] - [8 - (5 - 6)] = 4

b) 4·3 - 2 + 2·3 = 16

So the answers are 4 and 16.
</think>

To solve the given problems using the **order of operations** (PEMDAS/BODMAS), we proceed step by step for each part.

---

### **Part a)**  
$$
[13 - (11 - 11)] - [8 - (5 - 6)]
$$

#### Step 1: Evaluate innermost parentheses
- $11 - 11 = 0$
- $5 - 6 = -1$

#### Step 2: Substitute back into the expression
- First bracket: $13 - (11 - 11) = 13 - 0 = 13$
- Second bracket: $8 - (5 - 6) = 8 - (-1) = 8 + 1 = 9$

#### Step 3: Subtract the results
$$
13 - 9 = 4
$$

✅ **Answer for part a):** $\boxed{4}$

---

### **Part b)**  
$$
4 \cdot 3 - 2 + 2 \cdot 3
$$

#### Step 1: Perform multiplication first
- $4 \cdot 3 = 12$
- $2 \cdot 3 = 6$

#### Step 2: Substitute into the expression
$$
12 - 2 + 6
$$

#### Step 3: Perform addition and subtraction from left to right
- $12 - 2 = 10$
- $10 + 6 = 16$

✅ **Answer for part b):** $\boxed{16}$

---

### Final Answers:

$$
\boxed{4, 16}
$$"
1,"Okay, let's try to figure out this problem. Hmm, the question says: ""Assuming the weights corresponding to the sign values are reduced by 1/10, then the arithmetic mean is ()."" Wait, the problem statement is a bit unclear. Let me parse it again.

First, ""the weights corresponding to the sign values"" – maybe ""sign values"" here refers to positive or negative values? Or perhaps it's a translation issue. Maybe ""signs"" as in data points with signs (positive/negative), and their weights are reduced by 1/10? Hmm.

Wait, in statistics, when we talk about weighted means, the arithmetic mean is calculated as the sum of (each value multiplied by its weight) divided by the sum of the weights. So if the weights are changed, the mean would change accordingly.

The problem states that ""the weights corresponding to the sign values are reduced by 1/10"". So if original weights are w_i, then new weights are w_i - (1/10)w_i = (9/10)w_i? Wait, ""reduced by 1/10"" – does that mean each weight is decreased by 1/10 of its original value? So yes, like reduced by 10%, so new weight is 90% of original.

But the question is about the arithmetic mean. Let's suppose we have a weighted mean. Let me formalize this.

Let’s denote:

Original weights: w_1, w_2, ..., w_n

Original values: x_1, x_2, ..., x_n

The original weighted mean is (w_1x_1 + w_2x_2 + ... + w_nx_n) / (w_1 + w_2 + ... + w_n)

After reducing each weight by 1/10 (i.e., each weight becomes 0.9*w_i), the new weighted mean would be [0.9(w_1x_1 + ... + w_nx_n)] / [0.9(w_1 + ... + w_n)] = same as original mean.

Wait, that's interesting. Because both numerator and denominator are multiplied by 0.9, so the ratio remains the same. Therefore, the arithmetic mean would be unchanged. So answer A?

But wait, the problem says ""the weights corresponding to the sign values"". Hmm, maybe ""sign values"" here refers to something else. Like in some contexts, ""sign"" could mean a symbol, but in statistics, maybe ""sign"" refers to positive or negative. Wait, if the weights are corresponding to sign values (i.e., the weights for positive and negative values), but the problem is a bit unclear.

Wait, but the key point here is that if all weights are scaled by the same factor (here, 0.9), then the weighted mean remains the same. Because scaling numerator and denominator by the same factor cancels out.

But let me check again. Suppose we have a simple example.

Suppose we have two values: x1=10 with weight w1=10, x2=20 with weight w2=20.

Original weighted mean: (10*10 + 20*20)/(10+20) = (100 + 400)/30 = 500/30 ≈ 16.666...

After reducing each weight by 1/10 (so each weight becomes 0.9*w_i):

New weights: 9 and 18.

New weighted mean: (10*9 + 20*18)/(9 + 18) = (90 + 360)/27 = 450/27 ≈ 16.666... Same as before.

So in this example, the mean remains the same. So answer A: Unchanged.

Wait, but the problem says ""the weights corresponding to the sign values"". Hmm. Maybe ""sign values"" here is a mistranslation or misstatement. If it's ""the weights corresponding to the values"" (i.e., the data points), then the above reasoning holds.

Alternatively, if ""sign values"" refers to something else, like in a different context. For example, in some contexts, ""sign"" could refer to a direction (positive/negative), but the problem is about weights. Hmm.

Wait, another thought: If the weights are reduced by 1/10, does that mean each weight is decreased by 1/10 (i.e., subtract 0.1), or reduced by a factor of 1/10 (i.e., multiplied by 0.1)? The wording says ""reduced by 1/10"", which in math problems usually means ""reduced by a factor of 1/10"", but in common language, ""reduced by 1/10"" could mean ""decreased by 10%"".

Wait, in Chinese or other languages, sometimes the translation might be ambiguous. But given the answer choices, if the mean is unchanged, then A is correct.

Wait, but let's check the exact wording: ""the weights corresponding to the sign values are reduced by 1/10"". Hmm. If ""sign values"" are the actual data values (like positive/negative), but weights are associated with them. Wait, maybe the problem is from a non-English source.

Alternatively, perhaps the problem is referring to a specific context where ""sign values"" have certain weights. Hmm.

Wait, another angle: If the problem is about the mean of the weights themselves? No, the question says ""the arithmetic mean is..."", so it's the mean of the data points with weights.

Assuming that all weights are scaled by 0.9 (i.e., reduced by 10%), then the weighted mean remains the same. So answer A.

But wait, the answer choices include ""Unchanged"" as option A. So according to this, answer is A.

Wait, but why is there an option C: Reduced by one percent? Maybe I'm missing something.

Wait, wait. Wait a second. Wait, in some contexts, if you have a weighted mean, and you change the weights, but if the weights are reduced by 1/10 (i.e., each weight is decreased by 1/10), not scaled by 9/10. Wait, that's a critical point.

The phrase ""reduced by 1/10"" can be ambiguous. If it's ""reduced by 1/10"" as in subtracting 1/10 from each weight, or ""reduced to 1/10"" of the original.

But in standard English, ""reduced by 1/10"" would mean subtract 1/10 of the original. Wait, no: For example, ""the price is reduced by 10%"" means it's now 90% of original. So ""reduced by 1/10"" would be reduced by one-tenth, i.e., 10% reduction. So each weight becomes 90% of original.

But if someone says ""the weight is reduced by 1/10"", it could mean that the weight is now 1/10 of the original, but that's less likely. Hmm.

Wait, the problem says ""reduced by 1/10"". In math problems, usually ""reduced by a factor of 1/10"" would mean multiplied by 1/10, but ""reduced by 1/10"" is a bit ambiguous.

Wait, let's think. If the weights are reduced by 1/10 (i.e., each weight is decreased by 1/10), then the new weight is w - (1/10). But that would be a different interpretation. But in the context of weights in a mean, weights are usually proportional, so scaling them by a factor.

But given the answer choices, if the mean is unchanged (A), that seems plausible.

Wait, in the example I did earlier, scaling all weights by 0.9 gives the same mean. So if the problem means that each weight is multiplied by 0.9 (i.e., reduced by 10%), then mean is unchanged.

But if ""reduced by 1/10"" means each weight is decreased by 1/10 (i.e., subtract 0.1), then the mean would change. But that interpretation seems odd because weights are typically positive numbers, and subtracting 0.1 could lead to negative weights or zero, which is not typical.

Given that the problem is about arithmetic mean with weights, it's more likely that ""reduced by 1/10"" refers to a proportional reduction (i.e., scaled by 9/10). So answer A.

Wait, but why is option C there? Maybe the problem is different.

Wait, another thought: If it's the mean of the weights, but the problem says ""the arithmetic mean"", which usually refers to the mean of the data points, not the weights themselves.

Wait, the problem statement is a bit unclear. Let me try to re-express it.

Original problem: ""Assuming the weights corresponding to the sign values are reduced by 1/10, then the arithmetic mean is ().""

Hmm. Maybe ""sign values"" here refers to the signs (positive/negative) of the data points. For example, if you have data points with positive and negative signs, and each has a weight. If the weights corresponding to the sign values (i.e., weights for positive and negative) are reduced by 1/10.

Wait, but even so, if all weights are scaled by 0.9, the mean remains same.

Alternatively, if ""reduced by 1/10"" means that each weight is replaced by weight - (1/10), but that seems less likely.

Wait, given the answer choices, and the fact that in weighted means, scaling all weights by a constant factor doesn't change the mean, the answer is A.

But let's check another example. Suppose we have one data point: x with weight w.

Original mean: x.

After reducing weight by 1/10 (so weight becomes 0.9w), new mean is (0.9w * x) / (0.9w) = x. Still same.

Another example: two data points, x and y, weights w and w.

Original mean: (wx + wy)/(2w) = (x + y)/2.

After weights become 0.9w each: (0.9w x + 0.9w y)/(0.9w + 0.9w) = 0.9w(x + y)/(1.8w) = (x + y)/2. Same.

So yes, scaling all weights by same factor doesn't change the weighted mean.

Therefore, the answer should be A: Unchanged.

Wait, but the problem says ""the weights corresponding to the sign values"". If ""sign values"" are different from the data points... Hmm. If ""sign values"" are the values themselves (positive/negative), but I think this is overcomplicating.

Given all that, I think the answer is A.

But wait, looking at the answer choices, option C is ""Reduced by one percent"". Maybe there's a misunderstanding here.

Wait, another angle: If the problem is talking about the mean of the weights, not the weighted mean. Wait, no, the problem says ""the arithmetic mean"", which is usually the unweighted mean, but in context of weights, it's the weighted mean.

Wait, if they just say ""the arithmetic mean"" without specifying, but the weights are mentioned, so it's a weighted mean.

Alternatively, if the weights are reduced by 1/10, meaning that the weights are now 1/10 of original, then the mean would be multiplied by 10? Wait, no.

Wait, if weights are reduced by 1/10 (i.e., become 1/10), then new mean would be [ (1/10 sum w_i x_i) ] / (sum (1/10 w_i )) = [ (1/10 sum w_i x_i) ] / ( (1/10 sum w_i )) = same as original. Wait, same thing.

Wait, no matter how you scale the weights by a constant factor, the weighted mean remains the same. So regardless of scaling factor, the mean doesn't change.

Therefore, if the weights are reduced by a constant factor (i.e., multiplied by some constant), the mean remains same.

But the problem says ""reduced by 1/10"". If that means multiplied by 1/10, then still the mean is unchanged. If it means reduced by 10% (multiplied by 0.9), still unchanged.

So in either interpretation (scaling by 0.9 or scaling by 0.1), the mean remains same.

Wait, hold on. If ""reduced by 1/10"" means ""reduced to 1/10"", i.e., multiplied by 1/10, then yes, the mean remains same. If it means reduced by 10%, same thing.

But in some contexts, ""reduced by 1/10"" could mean ""reduced by a factor of 1/10"", but that's not standard.

Wait, maybe the problem is from a non-native speaker. Let's think differently.

Suppose that the weights are reduced by 1/10, meaning that each weight is decreased by 1/10 of its original value. So new weight = w - (1/10)w = 0.9w. Then, as shown earlier, the mean remains same.

Alternatively, if ""reduced by 1/10"" means that each weight is reduced by 1/10 (i.e., subtract 0.1), then depending on the weights, the mean would change. But this is less likely in a stats problem.

Given the answer choices, and the fact that in standard weighted mean problems, scaling all weights by a constant factor doesn't change the mean, I think the answer is A.

But why is option C there? Maybe the problem was misstated.

Wait, another possibility: If it's the mean of the weights themselves, not the weighted mean. Wait, the problem says ""the arithmetic mean"", which is the average of the data points. If they are talking about the mean of the weights, that would be different.

Wait, the problem states: ""the weights corresponding to the sign values are reduced by 1/10, then the arithmetic mean is ()"". So the arithmetic mean of what? Probably the arithmetic mean of the data values (the ""sign values"" are the data points). So the weights are associated with each data point.

Assuming that, then as per previous examples, the weighted mean remains same.

Wait, unless ""sign values"" refers to something else. Like in a different context.

Alternatively, if the problem is about the mean of the weights, but that seems odd.

Wait, maybe ""sign values"" are the values that have signs (positive/negative), and the weights are for each sign. Hmm.

But regardless, given the information, I think the answer is A.

Wait, but let me check online for similar problems.

Wait, I can't actually browse, but based on my knowledge: In weighted averages, if all weights are multiplied by a constant factor, the weighted average remains the same. So yes, if weights are reduced by 1/10 (i.e., multiplied by 0.9), the mean is unchanged.

Therefore, answer A.

But the problem says ""reduced by 1/10"". If ""reduced by 1/10"" means that the weight is now 1/10 of original, then same thing: mean unchanged.

Wait, but if someone says ""the weight is reduced by 1/10"", they might mean ""the weight becomes 1/10"", but in standard terms, ""reduced by"" usually refers to the amount subtracted.

For example, ""the price is reduced by $10"" means new price = old price - $10. ""Reduced by 10%"" means new price = old price * 0.9.

So in this problem, ""reduced by 1/10"" is a bit odd. If it's ""reduced by a factor of 1/10"", that would mean divided by 10. But ""reduced by 1/10"" is ambiguous.

Wait, maybe in Chinese the translation is different. Given that the problem is presented in English here, we have to go with standard English.

Assuming ""reduced by 1/10"" means ""decreased by 10%"", so weights become 90% of original. Then mean unchanged.

Hence, answer A.

But why is option C there? Maybe the problem was supposed to say that the values are reduced by 1/10? Or the weights are reduced by 1/10 of the total weight?

Wait, another angle: Suppose that the weights are reduced by 1/10 in total. Like, the total weight is reduced by 1/10. But the problem says ""the weights corresponding to the sign values are reduced by 1/10"", so each weight is reduced.

Hmm. I think given all this, answer A is correct.

Wait, but let's suppose for a second that the problem meant something else. For example, in some contexts, ""the weights... are reduced by 1/10"" might mean that the weights are now 1/10 of the original, but then the mean would still be same.

Wait, no. If all weights are multiplied by 0.1, the mean remains same.

Wait, unless the problem is in a different context. For example, if it's a simple mean without weights, but the problem mentions weights.

Wait, the problem says ""the weights corresponding to the sign values"". Maybe ""sign values"" here refers to the data points having signs (like + or -), and their weights are reduced.

But regardless, the key mathematical point is that scaling all weights by a constant factor doesn't change the weighted mean.

So I think the answer is A.

Wait, but looking at the answer choices, option C is ""Reduced by one percent"". Maybe the problem was supposed to say that the weights are reduced by 1/10 of their current value, but the mean changes by 1%? Wait, no.

Wait, another thought: If the weights are reduced by 1/10, but the problem is talking about the mean of the weights themselves. Wait, the problem says ""the arithmetic mean"", which is usually the mean of the data points. If it's the mean of the weights, then:

Original mean of weights: (w1 + w2 + ... + wn)/n

After reducing each weight by 1/10 (i.e., multiplied by 0.9), new mean is 0.9*(original mean). So it would be reduced by 10%. But the answer choices have E: Decreased by ten percent.

But the problem says ""the arithmetic mean"", not ""the mean of the weights"". Hmm.

This is a critical point. The problem says: ""Assuming the weights corresponding to the sign values are reduced by 1/10, then the arithmetic mean is ()"".

So ""the arithmetic mean"" here refers to the mean of what? The data points (the ""sign values"")? If so, then it's a weighted mean.

If it's a weighted mean, then as we saw, it's unchanged.

If it's the unweighted mean, then weights being changed doesn't affect it. Wait, no.

Wait, if it's the arithmetic mean (unweighted), then changing weights doesn't matter. But the problem mentions weights, so it's a weighted mean.

I think the problem is about the weighted mean. Given that, answer A.

But if someone misreads and thinks it's the mean of the weights, then answer E. But the problem says ""the arithmetic mean"", which in context of weights usually refers to the weighted mean of the data.

Given that, I think answer is A.

Wait, but let me check one more example where weights are different.

Suppose we have three data points:

x1 = 1, weight w1 = 1

x2 = 2, weight w2 = 2

x3 = 3, weight w3 = 3

Original weighted mean: (1*1 + 2*2 + 3*3)/(1+2+3) = (1 + 4 + 9)/6 = 14/6 ≈ 2.333...

After weights reduced by 1/10 (i.e., multiplied by 0.9):

New weights: 0.9, 1.8, 2.7

New weighted mean: (0.9*1 + 1.8*2 + 2.7*3)/(0.9 + 1.8 + 2.7) = (0.9 + 3.6 + 8.1)/5.4 = 12.6 / 5.4 = 2.333... Same.

So yes, it's unchanged.

Therefore, the answer should be A.

But why does the problem mention ""sign values""? Maybe ""sign"" here refers to something else, like in a sign chart or something. But regardless, the calculation still holds.

I think the answer is A.

**Final Answer**
\boxed{A}
</think>

To determine how the **arithmetic mean** is affected when the **weights corresponding to the sign values** are **reduced by 1/10**, we need to carefully interpret the context and apply the mathematical principles of **weighted means**.

---

### Understanding the Context

The phrase *""the weights corresponding to the sign values""* is a bit ambiguous, but in the context of statistics and weighted averages, it's reasonable to interpret this as:

- **""Sign values""** likely refers to **data values** (e.g., positive or negative numbers), and
- **""weights""** are the **multipliers** assigned to each data point in a **weighted mean**.

Thus, the problem is about a **weighted arithmetic mean** where each data point has a weight.

---

### What Does ""Reduced by 1/10"" Mean?

This is a key point. In standard English usage:

- **""Reduced by 1/10""** typically means **decreased by 10%**, i.e., the weight becomes **90% of its original value**.
- This is **not** the same as being reduced **to** 1/10 (i.e., multiplied by 1/10), which would be a much more extreme change.

So, if the original weight is $ w $, the new weight becomes:
$$
w' = 0.9w
$$

This is a **proportional reduction** (i.e., scaling all weights by a constant factor of 0.9), not a fixed subtraction of 0.1.

---

### How Does This Affect the Weighted Mean?

The **weighted arithmetic mean** is defined as:
$$
\text{Weighted Mean} = \frac{\sum w_i x_i}{\sum w_i}
$$

If **all weights** are scaled by a constant factor $ k $, then:

- Numerator becomes $ k \sum w_i x_i $
- Denominator becomes $ k \sum w_i $

So the ratio remains the same:
$$
\frac{k \sum w_i x_i}{k \sum w_i} = \frac{\sum w_i x_i}{\sum w_i}
$$

This means that **scaling all weights by the same factor does not change the weighted mean**.

In this case, since all weights are reduced by 1/10 (i.e., scaled by 0.9), the **weighted mean remains unchanged**.

---

### Why Not Other Options?

Let’s briefly consider why other options might be tempting but are **not correct**:

- **B. Increased by ten percent** → Incorrect. The mean doesn't increase.
- **C. Reduced by one percent** → Incorrect. The mean is unchanged.
- **D. Increased by one percent** → Incorrect.
- **E. Decreased by ten percent** → Incorrect. This would happen if the **mean of the weights** were reduced, not the weighted mean of the data.
- **F. Halved** → Incorrect.
- **G. Unable to determine** → Incorrect. We can determine the effect.
- **H. Doubled** → Incorrect.
- **I. Decreased by five percent** → Incorrect.
- **J. Expanded tenfold** → Incorrect.

Only **Option A** correctly reflects that the **weighted mean remains unchanged** when all weights are scaled by the same factor.

---

### Final Conclusion

Given that the **weights are reduced by 1/10** (i.e., scaled by 0.9), and **all weights are scaled uniformly**, the **arithmetic mean (weighted mean)** of the data values **remains the same**.

$$
\boxed{A}
$$"
2,"Okay, let's tackle this problem step by step. First, I need to remember what a hypothesis test for a proportion looks like. The problem is about testing if more than half of all participants prefer Diet Pepsi, so we're dealing with a one-tailed test for a population proportion.

First, let's define the hypotheses. The null hypothesis should be that the proportion is less than or equal to 0.5 (since the anouncer says ""more than one half,"" so the alternative is that it's greater than 0.5). The problem says ""test the hypothesis... that more than half of all participants will select Diet Pepsi,"" so the null hypothesis is H₀: p ≤ 0.5, and the alternative is H₁: p > 0.5. That matches the conclusion options given: option B is rejecting H₀ (p ≤ 0.5) and accepting p > 0.5, and option A is not rejecting.

First, part (a) is the test statistic. To find the test statistic for a proportion, we use the z-test formula: z = (p̂ - p₀) / sqrt(p₀(1 - p₀)/n), where p̂ is the sample proportion, p₀ is the null hypothesis proportion, and n is the sample size.

Let's compute p̂ first. The sample size n is 120, and 52 preferred Diet Pepsi, so p̂ = 52/120. Let's calculate that: 52 divided by 120 is approximately 0.4333. Wait, hold on, 52/120 is 0.4333? Wait, 120 divided by 2 is 60, so 52 is less than 60, so p̂ is less than 0.5. But the anouncer says ""more than one half,"" but the sample shows 52 out of 120, which is about 43.3%. Wait, that seems odd. Maybe I misread the problem.

Wait, the problem says: ""out of those 120, 52 preferred Diet Pepsi."" So 52 preferred Diet Pepsi, so 120 - 52 = 68 preferred Diet Coke. So p̂ = 52/120 ≈ 0.4333. But the anouncer claims more than half, so the sample is actually below half. But we need to test if more than half of all participants will select Diet Pepsi. So the null hypothesis is H₀: p ≤ 0.5, alternative H₁: p > 0.5.

Wait, but in the problem statement: ""Test the hypothesis, using α=0.05 that more than half of all participants will select Diet Pepsi..."" So the hypothesis we're testing is that p > 0.5, so the null is p ≤ 0.5, alternative p > 0.5.

Let's get back to the test statistic. p̂ = 52/120 ≈ 0.4333. p₀ is 0.5 (since the null hypothesis is p ≤ 0.5, we use the boundary value 0.5 for the z-test). n = 120.

So z = (0.4333 - 0.5) / sqrt(0.5*(1 - 0.5)/120). Let's compute the denominator first: sqrt(0.5*0.5/120) = sqrt(0.25/120) = sqrt(1/480) ≈ sqrt(0.0020833) ≈ 0.04564.

Numerator: 0.4333 - 0.5 = -0.0667.

So z ≈ -0.0667 / 0.04564 ≈ -1.461.

Wait, that's a negative z-score. Since we're testing if p > 0.5, the critical region is to the right of the critical z-score. If the test statistic is negative, it's in the left tail, so we can't reject the null hypothesis.

Let's verify the calculations. First, p̂ = 52/120 = 13/30 ≈ 0.433333...

p₀ = 0.5

n = 120

Standard error (SE) = sqrt(p₀(1 - p₀)/n) = sqrt(0.5*0.5/120) = sqrt(0.25/120) = sqrt(1/480) ≈ 0.0456435

Difference: p̂ - p₀ = 0.433333 - 0.5 = -0.0666667

Test statistic z = -0.0666667 / 0.0456435 ≈ -1.461

So part (a) is the test statistic, which is approximately -1.46. Depending on rounding, maybe -1.46 or -1.461.

Part (b) is the critical z-score for a one-tailed test at α=0.05. Since it's a right-tailed test (H₁: p > 0.5), the critical z-score is the value where the area to the right is 0.05. From the standard normal table, the z-score for 0.95 cumulative probability is 1.645 (since 1 - 0.05 = 0.95). So critical z is 1.645.

Now, the conclusion: since the test statistic (-1.46) is less than the critical z-score (1.645), we do not reject the null hypothesis. So the conclusion is option A: There is not sufficient evidence to reject the null hypothesis that p ≤ 0.5.

Wait, let me make sure I didn't mix up the hypotheses. The problem says: ""Test the hypothesis... that more than half of all participants will select Diet Pepsi"". So the hypothesis we're trying to support is p > 0.5. The null hypothesis is the opposite, p ≤ 0.5. So we set up H₀: p = 0.5 (sometimes people use p = 0.5 for the null, but here it's p ≤ 0.5; in practice, for proportions, when testing p > p₀, the null is p = p₀, but sometimes it's p ≤ p₀. However, in the z-test, the critical value is based on the null hypothesis being p = p₀, because the test statistic uses p₀. Wait, actually, in the z-test for proportions, the null hypothesis is usually p = p₀, and the alternative is p > p₀, p < p₀, or p ≠ p₀. Here, the problem states the null as p ≤ 0.5, but in reality, for the z-test, we use p₀ = 0.5 as the null proportion, and the test is one-tailed.

Let me check the problem statement again: ""Test the hypothesis, using α=0.05 that more than half of all participants will select Diet Pepsi"". So the claim is ""more than half"", so the alternative hypothesis is p > 0.5, and the null is p ≤ 0.5. In hypothesis testing, the null hypothesis is the one we assume to be true until proven otherwise, so we test against p = 0.5 (the boundary of the null) because the z-test uses the null proportion.

Yes, the standard approach for a one-tailed test of p > 0.5 is H₀: p = 0.5, H₁: p > 0.5. But the problem says ""the null hypothesis that p ≤ 0.5"", which is a bit non-standard, but in practice, for the test statistic, we use p₀ = 0.5.

So the test statistic is (p̂ - 0.5)/sqrt(0.5*0.5/n) = (0.4333 - 0.5)/sqrt(0.25/120) ≈ -0.0667 / 0.0456 ≈ -1.46.

Critical z-score for α=0.05 one-tailed is 1.645 (since 95% of the area is to the left, so 5% to the right; the z-score where P(Z > z) = 0.05 is 1.645).

Since the test statistic (-1.46) is less than the critical value (1.645), we fail to reject the null hypothesis. Therefore, the conclusion is option A.

Let me just confirm the sample proportion: 52 out of 120 is indeed less than 50% (60 out of 120), so p̂ is 0.433, which is less than 0.5. So the sample doesn't support the claim that more than half prefer Diet Pepsi, which makes sense. The anouncer's statement is based on a different survey, but this sample shows the opposite.

So part (a) is approximately -1.46, part (b) is 1.645, and the conclusion is A.

Wait, the problem says ""the critical z score"". For a one-tailed test at α=0.05, the critical z is 1.645 (sometimes 1.64 or 1.65, but usually 1.645 is standard).

Let me compute the test statistic more precisely. 52/120 = 13/30 ≈ 0.4333333333.

p̂ - p₀ = 0.4333333333 - 0.5 = -0.0666666667

p₀(1 - p₀)/n = 0.5*0.5/120 = 0.25/120 ≈ 0.0020833333

sqrt(0.0020833333) ≈ 0.0456435465

z = -0.0666666667 / 0.0456435465 ≈ -1.461

So approximately -1.46 (rounded to two decimal places) or -1.461.

The problem might expect rounding to two decimal places, so -1.46.

Critical z-score is 1.645, which is often written as 1.65 in some contexts, but in most statistics courses, it's 1.645 for α=0.05 one-tailed.

The conclusion is A: There is not sufficient evidence to reject the null hypothesis that p ≤ 0.5.

Let me check if the problem says ""the null hypothesis that p ≤ 0.5"" – in some cases, people might set H₀: p = 0.5, but the problem specifies the null as p ≤ 0.5, so the conclusion is about that.

Yes, since the test statistic is negative, it's in the tail where we don't reject the null (since the critical region is on the right for p > 0.5).

So the answers:

(a) -1.46 (or maybe -1.461, but probably two decimal places)

(b) 1.645 (or 1.65, but let's see)

Wait, in some textbooks, the critical value for α=0.05 (one-tailed) is 1.645, so that's the standard.

The problem says ""the critical z score"", so it's 1.645.

The conclusion is A.

Let me just make sure I didn't flip the hypotheses. If the anouncer says ""more than half"", so the claim is p > 0.5. The null is p ≤ 0.5. To test the claim, we see if the sample provides evidence that p > 0.5. Since the sample proportion is less than 0.5, we don't have evidence, so we don't reject the null.

Yes, that's correct.

So part (a) is approximately -1.46, part (b) is 1.645, conclusion is A.

The problem asks to put the answers in boxed{} for the parts (a) and (b), and the conclusion as the final answer. Wait, the problem says: ""If the problem asks for multiple values or has multiple fill-in-the-blank placeholders, list all answers in order inside a single \boxed{}, separated by commas...""

Wait, the problem says: ""the test statistic [ANS] (a), the critical z score [ANS] (b), The final conclusion is [ANS] A or B"".

So we need to list three answers? Wait, no, the problem says: ""Solve the problem and end with the required boxed answer."" Wait, let me check the problem statement again.

""Problem:
According to a recent marketing campaign... Test the hypothesis... by giving the following:
(a) the test statistic [ANS]
(b) the critical z score [ANS]
The final conclusion is [ANS] A. ... B. ...

Solve the problem and end with the required boxed answer.""

Ah, the user says: ""If the problem asks for multiple values or has multiple fill-in-the-blank placeholders, list all answers in order inside a single \boxed{}, separated by commas, e.g. \boxed{3, 7}.""

So the answers are (a), (b), and the conclusion (A or B). Wait, but the problem says ""the final conclusion is [ANS] A. ... B."" So the conclusion is one of A or B.

Wait, the problem says: ""Test the hypothesis... by giving the following: (a) ..., (b) ..., The final conclusion is [ANS] A. ... B.""

So there are three answers: (a), (b), and the conclusion.

But the user says: ""If the problem asks for multiple values... list all answers in order inside a single \boxed{}, separated by commas"".

So we need to list (a) test statistic, (b) critical z score, and the conclusion (A or B) in order.

Let's confirm:

(a) test statistic: approximately -1.46 (let's use two decimal places, as is common)

(b) critical z score: 1.645 (three decimal places, but maybe 1.64 or 1.65? Let's check standard tables. For α=0.05, the critical z is 1.645, which is often rounded to 1.65 in some contexts, but in precise terms, it's 1.645.

In many introductory stats courses, they use 1.645 for α=0.05 one-tailed.

The conclusion is A.

Let's compute the test statistic more precisely:

p̂ = 52/120 = 0.433333...

z = (0.433333 - 0.5) / sqrt(0.5*0.5/120) = (-0.0666667) / sqrt(0.25/120) = (-0.0666667) / (0.5 / sqrt(120)) = (-0.0666667 * 2 * sqrt(120)) / 1

Wait, sqrt(120) ≈ 10.954, so 2*sqrt(120) ≈ 21.908, then -0.0666667*21.908 ≈ -1.461, which matches.

So z ≈ -1.46 when rounded to two decimal places.

Critical z is 1.645 (three decimal places).

The conclusion is A.

So the answers in order: (a) -1.46, (b) 1.645, conclusion A.

But let's check if the problem expects the test statistic to be positive or negative. Since the sample proportion is less than 0.5, the test statistic is negative, which is correct.

Another way: sometimes people use the formula with p̂, but no, the test statistic is definitely negative here.

Yes, because we're testing if p > 0.5, and the sample shows p < 0.5, so the test statistic is negative.

So the answers are:

(a) -1.46 (or maybe -1.461, but probably two decimal places)

(b) 1.645

Conclusion: A

The problem says ""the final conclusion is [ANS] A. ... B."" So the answer for the conclusion is A.

I think that's it. Let me just make sure there's no mistake in the hypothesis setup.

The problem says: ""Test the hypothesis... that more than half of all participants will select Diet Pepsi"". So the hypothesis we're testing is the claim that p > 0.5. In hypothesis testing, we set up the null hypothesis as the opposite (p ≤ 0.5) and the alternative as p > 0.5. The test statistic is calculated under the null hypothesis (using p₀ = 0.5), so the calculation is correct.

Yes, the test statistic is negative, so we don't reject the null. Therefore, the conclusion is A.
</think>

To solve this problem, we conduct a **one-tailed hypothesis test** for a population proportion to determine whether more than half of all participants prefer Diet Pepsi in a blind taste test. Here's how we approach it step by step.

---

### **Step 1: Define Hypotheses**

- **Null hypothesis (H₀):** $ p \leq 0.5 $  
- **Alternative hypothesis (H₁):** $ p > 0.5 $

We are testing if **more than half** of all participants prefer Diet Pepsi, so the alternative is that the true proportion $ p $ is **greater than 0.5**.

---

### **Step 2: Calculate the Sample Proportion**

Given:
- Total number of participants: $ n = 120 $
- Number who preferred Diet Pepsi: $ x = 52 $

$$
\hat{p} = \frac{x}{n} = \frac{52}{120} \approx 0.4333
$$

This sample proportion is **less than 0.5**, which suggests that the data does not support the claim that more than half prefer Diet Pepsi.

---

### **Step 3: Compute the Test Statistic**

We use the z-test for proportions:

$$
z = \frac{\hat{p} - p_0}{\sqrt{\frac{p_0(1 - p_0)}{n}}}
$$

Where:
- $ \hat{p} = 0.4333 $
- $ p_0 = 0.5 $
- $ n = 120 $

Compute the standard error:

$$
SE = \sqrt{\frac{0.5 \cdot 0.5}{120}} = \sqrt{\frac{0.25}{120}} \approx \sqrt{0.002083} \approx 0.04564
$$

Now compute the test statistic:

$$
z = \frac{0.4333 - 0.5}{0.04564} = \frac{-0.0667}{0.04564} \approx -1.461
$$

Rounded to **two decimal places**, the test statistic is:

$$
\boxed{-1.46}
$$

---

### **Step 4: Determine the Critical z-Score**

Since this is a **one-tailed test** with $ \alpha = 0.05 $ and the alternative hypothesis is $ p > 0.5 $, we look for the **critical z-score** corresponding to the upper tail of the standard normal distribution with area 0.05.

From standard normal tables or using technology:

$$
z_{\text{critical}} = 1.645
$$

So the critical z-score is:

$$
\boxed{1.645}
$$

---

### **Step 5: Draw a Conclusion**

- The calculated test statistic is $ z \approx -1.46 $
- The critical value is $ z = 1.645 $
- Since $ -1.46 < 1.645 $, the test statistic falls **in the rejection region** for the **left tail**, not the right.

Thus, **we do not reject the null hypothesis**.

The conclusion is:

> **There is not sufficient evidence to reject the null hypothesis that $ p \leq 0.5 $.**

This corresponds to **Option A**.

---

### ✅ Final Answer

$$
\boxed{-1.46, 1.645, A}
$$"
3,"Okay, let's try to figure out this problem step by step. First, let me make sure I understand the question correctly. 

We have a pond with two types of fish in a ratio of 7:3. So that means for every 10 fish, 7 are of type A and 3 are of type B, right? So the actual probabilities of catching a type A fish is 7/10 = 0.7, and type B is 3/10 = 0.3.

Now, the problem says ""one fish is randomly caught and its type is guessed randomly according to probabilities of 70% and 30%"". Hmm, so when they say ""guessed randomly according to probabilities of 70% and 30%"", I think that means the guesser has a 70% chance of guessing type A and 30% chance of guessing type B, regardless of the actual type? Wait, but maybe it's that the guesser's probability is based on the actual ratio? Wait, no, the problem says ""its type is guessed randomly according to probabilities of 70% and 30%"". So maybe the guesser is using those probabilities to guess, so they guess type A with 70% and type B with 30%, even though the actual fish have 70% and 30% as well? Wait, but the question is about the overall error.

Wait, error here would be when the guess is wrong. So we need to calculate the probability that the guess is incorrect.

Let's break it down. Let's define:

Let A be the event that the caught fish is type A (actual type), with P(A) = 7/10 = 0.7.

Let B be the event that the caught fish is type B (actual type), with P(B) = 3/10 = 0.3.

The guesser guesses type A with probability 0.7, and type B with 0.3. Let's denote G_A as the event that the guesser guesses A, so P(G_A) = 0.7, and G_B as the event that the guesser guesses B, so P(G_B) = 0.3.

The error occurs when the guess is wrong. So error is when (actual A and guess B) or (actual B and guess A).

So the probability of error is P(A and G_B) + P(B and G_A).

Since the actual type and the guess are independent (I assume the guess is made independently of the actual type), then:

P(A and G_B) = P(A) * P(G_B) = 0.7 * 0.3 = 0.21

P(B and G_A) = P(B) * P(G_A) = 0.3 * 0.7 = 0.21

So total error probability is 0.21 + 0.21 = 0.42, which is 42%.

Wait, but the answer choices are A.50%, B.40%, C.55%, D.30%, E.35%, F.60%, G.45%, H.25%, I.10%, J.20%.

Hmm, 42% is closest to 40% (B) or 45% (G). Wait, maybe I made a mistake here.

Wait, let's check again. The problem says ""the overall error is approximately"". Maybe the problem is that the guesser's probabilities are based on the actual ratio? Wait, no, the problem states: ""its type is guessed randomly according to probabilities of 70% and 30%"". So the guesser uses 70% for A and 30% for B, regardless of the actual fish.

Wait, but maybe the problem is that the guesser is supposed to guess based on the ratio, but here it's given that the guesser's probabilities are 70% and 30%, which is the same as the actual ratio. Wait, but that would mean the guesser is correct with probability 0.7*0.7 + 0.3*0.3 = 0.49 + 0.09 = 0.58, so error is 1 - 0.58 = 0.42, which is 42%, as before.

But the answer choices don't have 42%. The closest are 40% (B) and 45% (G). The question says ""approximately"", so maybe 40%? Wait, but let's think again.

Wait, maybe I misunderstood the problem. Let's read it again: ""one fish is randomly caught and its type is guessed randomly according to probabilities of 70% and 30%"".

Wait, ""guessed randomly according to probabilities of 70% and 30%""—does that mean that the guesser has a 70% chance of guessing the correct type? No, that doesn't make sense. The problem says ""its type is guessed randomly according to probabilities of 70% and 30%"", so the guesser is choosing between the two types with those probabilities. So for example, if the fish is type A, the guesser might say A with 70% and B with 30%, but the problem states ""guessed randomly according to probabilities of 70% and 30%"", which might mean that regardless of the actual type, the guesser has 70% chance to guess A and 30% to guess B. So the guesser's probability is fixed at 70% for A and 30% for B, not depending on the actual type.

In that case, the error rate is as I calculated: 0.7*0.3 + 0.3*0.7 = 0.21 + 0.21 = 0.42, so 42%, which is approximately 40% (B) or 45% (G). The problem says ""approximately"", so maybe 40% is the answer. But let's check if there's another interpretation.

Alternatively, maybe the problem is that the guesser is trying to guess the type with probabilities proportional to the ratio. But the ratio is 7:3, so 70% and 30%, which is what's given. So the guesser is using the correct probabilities, so the error rate would be the probability of guessing wrong when using the correct probabilities.

Wait, if the guesser uses the correct probabilities (70% for A, 30% for B), then the error rate is the probability that they guess wrong, which is 1 - [P(A)*P(guess A) + P(B)*P(guess B)] = 1 - [0.7*0.7 + 0.3*0.3] = 1 - (0.49 + 0.09) = 1 - 0.58 = 0.42, which is 42%.

So 42% is approximately 40% (B) or 45% (G). The problem says ""approximately"", so maybe 40% is the intended answer here. Let's see the options: B is 40%, G is 45%. 42 is closer to 40 than 45? 42-40=2, 45-42=3, so yes, 40 is closer.

But wait, maybe I made a mistake in assuming independence. Wait, is there a case where the guesser's probability depends on the actual type? For example, if the guesser knows the ratio, but the problem says ""guessed randomly according to probabilities of 70% and 30%"", so it's fixed.

Alternatively, maybe the problem is that the ""overall error"" is calculated differently. Let's think of it as: when you catch a fish, you guess its type with 70% chance for A and 30% for B. What's the chance you're wrong.

So for a type A fish (70% of the time), you guess wrong if you guess B (30%), so 0.7 * 0.3 = 0.21.

For a type B fish (30% of the time), you guess wrong if you guess A (70%), so 0.3 * 0.7 = 0.21.

Total error: 0.21 + 0.21 = 0.42 = 42%.

Yes, that's correct. So 42% is approximately 40%, which is option B.

Wait, but let me check the answer choices again. The options are A.50% B.40% C.55% D.30% E.35% F.60% G.45% H.25% I.10% J.20%.

So 42% is closest to B (40%) or G (45%). The problem says ""approximately"", so maybe they expect 40%. In some contexts, 42% is rounded to 40%, but maybe in the problem's context, it's 45%? Wait, 42 is 42, which is 2% away from 40, 3% away from 45. So 40 is closer.

Alternatively, maybe I messed up the problem statement. Let me read again.

""It is known that there are two types of fish in the pond, in a ratio of 7:3. If one fish is randomly caught and its type is guessed randomly according to probabilities of 70% and 30%, then the overall error is approximately( ).""

Wait, ""guessed randomly according to probabilities of 70% and 30%""—maybe the guesser is using the 70% and 30% as the probabilities for the correct type? No, that doesn't make sense.

Wait, another angle: maybe the problem is that the guesser's probabilities are 70% for the correct type and 30% for the wrong type? But that would be a different story. For example, if the guesser has a 70% chance to be correct, but the problem says ""guessed randomly according to probabilities of 70% and 30%"", which probably means the guesser picks A with 70% and B with 30%, regardless of the actual type.

Wait, if the guesser is supposed to guess the type, and the probabilities they use are 70% for A and 30% for B (the same as the actual ratio), then the error rate is the probability that the guess is wrong, which is 42%, as calculated.

I think the answer is B.40%.

Wait, but let me check if there's a different interpretation. Suppose the problem is that the guesser has a 70% chance of guessing the correct type, but that's not what it says. It says ""guessed randomly according to probabilities of 70% and 30%"", which sounds like the guesser's distribution over the types is 70% for A and 30% for B.

Yes, so I think 42% is the answer, which is approximately 40%, so option B.

Wait, but maybe the problem is in Chinese or another language, and the translation is slightly off, but given the information, 42% is the error rate.

Alternatively, maybe the problem is asking for the overall error rate when the guesser uses the probabilities, but the error is calculated differently. Let's see.

Another way: suppose the guesser is trying to minimize error, but here they are guessing with 70% and 30%, which is the same as the actual ratio. So the error rate is the same as the probability of a mismatch between the actual type and the guess.

Yes, which is 0.7*0.3 + 0.3*0.7 = 0.42.

So 42% is approximately 40%, so answer B.

I think that's it. So the answer is B.
</think>

To determine the **overall error** in this scenario, we begin by analyzing the given information:

- The pond contains **two types of fish** in a **7:3 ratio**, meaning:
  - Probability of catching a **Type A** fish = $ \frac{7}{10} = 0.7 $
  - Probability of catching a **Type B** fish = $ \frac{3}{10} = 0.3 $

- A **random guess** is made with:
  - **70% chance** of guessing **Type A**
  - **30% chance** of guessing **Type B**

This implies that the **guessing process is independent** of the actual type of fish caught. That is, regardless of what type of fish is caught, the guesser has a fixed probability of 70% for Type A and 30% for Type B.

---

### Step 1: Define Events

Let’s define the events:

- $ A $: Fish is **Type A**
- $ B $: Fish is **Type B**
- $ G_A $: Guess is **Type A**
- $ G_B $: Guess is **Type B**

We are interested in the **probability of error**, which occurs when the **guess is incorrect**. This happens in two cases:

1. **Actual Type A**, but **guessed as Type B**
2. **Actual Type B**, but **guessed as Type A**

So, the **total error probability** is:

$$
P(\text{Error}) = P(A \cap G_B) + P(B \cap G_A)
$$

Assuming independence between the actual type and the guess (as implied by the problem), we can compute each term:

- $ P(A \cap G_B) = P(A) \cdot P(G_B) = 0.7 \times 0.3 = 0.21 $
- $ P(B \cap G_A) = P(B) \cdot P(G_A) = 0.3 \times 0.7 = 0.21 $

Thus,

$$
P(\text{Error}) = 0.21 + 0.21 = 0.42 = 42\%
$$

---

### Step 2: Interpret the Result

The question asks for the **overall error** to be **approximately** one of the following options:

- A. 50%
- B. 40%
- C. 55%
- D. 30%
- E. 35%
- F. 60%
- G. 45%
- H. 25%
- I. 10%
- J. 20%

Since **42%** is **closer to 40%** than to 45%, and the problem specifies **""approximately""**, the most appropriate choice is:

$$
\boxed{B}
$$

---

### Final Answer

$$
\boxed{B}
$$"
4,"Okay, let's see. I need to find sinθ, cosθ, and tanθ when the point (10, -7) is on the terminal side of angle θ in standard position. Hmm, standard position means the angle is measured from the positive x-axis, right? So the terminal side passes through (10, -7). 

First, I remember that for a point (x, y) on the terminal side, the radius r (which is the distance from the origin to the point) is calculated using the Pythagorean theorem: r = √(x² + y²). Let me compute that first.

Here, x is 10 and y is -7. So r should be √(10² + (-7)²) = √(100 + 49) = √149. Let me check that: 10 squared is 100, (-7) squared is 49, so 100 + 49 is 149. Yep, so r = √149. That's a bit messy, but okay.

Now, sinθ is y/r, right? Because in the unit circle, sinθ is the y-coordinate over r, but since it's not the unit circle, it's y divided by the radius r. Similarly, cosθ is x/r, and tanθ is y/x.

Let me write that down:

sinθ = y / r = (-7) / √149

cosθ = x / r = 10 / √149

tanθ = y / x = (-7) / 10

Wait, but maybe they want these simplified or rationalized? Let me think. The problem says ""sin(θ) = [ANS]"", so probably they just want the expressions as they are, maybe rationalized. Let's check.

For sinθ: (-7)/√149. To rationalize the denominator, we multiply numerator and denominator by √149: (-7√149)/149. Similarly for cosθ: (10√149)/149. But maybe the problem expects it in the form with the square root in the denominator? Hmm, the question doesn't specify, but in most trigonometry problems, they prefer rationalized denominators. Let me recall.

In standard practice, when asked for trigonometric functions with a point, they usually want the rationalized form. Let me verify.

For example, if the point is (3,4), then r is 5, sinθ is 4/5, cosθ is 3/5, tanθ is 4/3. So in that case, they are fractions without radicals in the denominator. But here, r is √149, which is irrational, so we need to rationalize.

So sinθ = (-7)/√149 = (-7√149)/149

cosθ = 10/√149 = (10√149)/149

tanθ = (-7)/10, which is already simplified.

Let me confirm the tanθ. Since tanθ is y/x, and y is -7, x is 10, so tanθ = -7/10. That's straightforward.

Let me check if I did everything right. The point (10, -7) is in the fourth quadrant because x is positive and y is negative. So sinθ should be negative, cosθ positive, tanθ negative (since tan is sin/cos, negative over positive is negative). That matches with what I have: sinθ is negative, cosθ positive, tanθ negative. Good.

Let me compute r again to be sure. x=10, y=-7. So r = √(10² + (-7)²) = √(100 + 49) = √149. Correct.

So sinθ = y/r = -7/√149. Rationalizing: multiply numerator and denominator by √149: (-7√149)/(√149*√149) = (-7√149)/149. Yes, that's right.

Similarly, cosθ = 10/√149 = (10√149)/149.

tanθ is y/x = -7/10, which is already simplified.

So the answers should be:

sinθ = (-7√149)/149

cosθ = (10√149)/149

tanθ = -7/10

Let me write them as fractions. Let's see if the problem expects them in a specific format. The problem says ""sin (θ)=[ANS] ; cos (θ)=[ANS] ; tan (θ)=[ANS]"". So probably they want the exact values, rationalized.

Let me check with an example. If a point is (1,1), then r=√2, sinθ=1/√2=√2/2, which is rationalized. So yes, rationalized is standard.

Therefore, the answers are:

sinθ: -7√149 / 149

cosθ: 10√149 / 149

tanθ: -7/10

I think that's it. Let me just make sure there's no mistake in the signs. Since the point is (10, -7), which is in the fourth quadrant, sinθ is negative (since y is negative), cosθ is positive (x is positive), tanθ is negative (since tan is sin/cos, negative over positive). So the signs are correct.

Yes, that all checks out.

**Final Answer**
The values are $\sin(\theta) = \boxed{-\dfrac{7\sqrt{149}}{149}}$, $\cos(\theta) = \boxed{\dfrac{10\sqrt{149}}{149}}$, and $\tan(\theta) = \boxed{-\dfrac{7}{10}}$.

Wait, the problem says ""If the problem asks for multiple values or has multiple fill-in-the-blank placeholders, list all answers in order inside a single \boxed{}, separated by commas"". So I need to put all three answers in one box, separated by commas.

Let me check the problem statement again: ""sin (θ)=[ANS] ; cos (θ)=[ANS] ; tan (θ)=[ANS]"". So three answers. The user says ""list all answers in order inside a single \boxed{}, separated by commas"".

So the final answer should be \boxed{-\dfrac{7\sqrt{149}}{149}, \dfrac{10\sqrt{149}}{149}, -\dfrac{7}{10}}

But let me write them without the LaTeX commands in the box. Wait, no, in the answer, they need to be properly formatted.

Wait, in the problem statement example, they said ""e.g. \boxed{3, 7}"". So the answer should be three values inside a single box, separated by commas.

So the three answers are:

First: -7√149 / 149

Second: 10√149 / 149

Third: -7/10

So in boxed form: \boxed{-\dfrac{7\sqrt{149}}{149}, \dfrac{10\sqrt{149}}{149}, -\dfrac{7}{10}}

Yes, that's the format.

Let me confirm once more. The problem says ""put the answer in \boxed{}"". Since there are three answers, they want all three in one box, separated by commas.

Yes, that's what the user specified: ""list all answers in order inside a single \boxed{}, separated by commas, e.g. \boxed{3, 7}"".

So the final answer is \boxed{-\dfrac{7\sqrt{149}}{149}, \dfrac{10\sqrt{149}}{149}, -\dfrac{7}{10}}.
</think>

To solve the problem, we are given that the point $(10, -7)$ lies on the terminal side of an angle $\theta$ in standard position. We are to find the values of $\sin(\theta)$, $\cos(\theta)$, and $\tan(\theta)$.

---

### Step 1: Determine the radius $r$

The radius $r$ is the distance from the origin to the point $(x, y) = (10, -7)$. Using the Pythagorean theorem:

$$
r = \sqrt{x^2 + y^2} = \sqrt{10^2 + (-7)^2} = \sqrt{100 + 49} = \sqrt{149}
$$

---

### Step 2: Compute $\sin(\theta)$

$$
\sin(\theta) = \frac{y}{r} = \frac{-7}{\sqrt{149}}
$$

To rationalize the denominator:

$$
\sin(\theta) = \frac{-7}{\sqrt{149}} \cdot \frac{\sqrt{149}}{\sqrt{149}} = \frac{-7\sqrt{149}}{149}
$$

---

### Step 3: Compute $\cos(\theta)$

$$
\cos(\theta) = \frac{x}{r} = \frac{10}{\sqrt{149}}
$$

Rationalizing:

$$
\cos(\theta) = \frac{10}{\sqrt{149}} \cdot \frac{\sqrt{149}}{\sqrt{149}} = \frac{10\sqrt{149}}{149}
$$

---

### Step 4: Compute $\tan(\theta)$

$$
\tan(\theta) = \frac{y}{x} = \frac{-7}{10}
$$

This is already in simplest form.

---

### Final Answer

All three values are computed as follows:

- $\sin(\theta) = \boxed{-\dfrac{7\sqrt{149}}{149}}$
- $\cos(\theta) = \boxed{\dfrac{10\sqrt{149}}{149}}$
- $\tan(\theta) = \boxed{-\dfrac{7}{10}}$

Since the problem asks for **all answers in order inside a single box**, separated by commas, the final answer is:

$$
\boxed{-\dfrac{7\sqrt{149}}{149}, \dfrac{10\sqrt{149}}{149}, -\dfrac{7}{10}}
$$"
5,"Okay, let's tackle this problem step by step. First, I need to remember what SSTR, SSE, MSTR, MSE, and F are in the context of ANOVA. 

Starting with part (a): SSTR (Sum of Squares for Treatments). This is the sum of the squared differences between each group mean and the overall mean, multiplied by the number of observations in each group. The formula is SSTR = Σ [n_i (x̄_i - x̄_total)^2], where n_i is the number of observations in group i, x̄_i is the group mean, and x̄_total is the overall mean.

First, let's list out the groups: A, B, C, D, E. Each has 4 cuttings (n_i = 4 for each group). The group means are given: A=14, B=22.5, C=22.25, D=13.75, E=9.25. The overall mean is 16.35.

Let's compute each term (x̄_i - x̄_total)^2 first:

For A: 14 - 16.35 = -2.35; squared is (-2.35)^2 = 5.5225
For B: 22.5 - 16.35 = 6.15; squared is 6.15^2 = 37.8225
For C: 22.25 - 16.35 = 5.9; squared is 5.9^2 = 34.81
For D: 13.75 - 16.35 = -2.6; squared is (-2.6)^2 = 6.76
For E: 9.25 - 16.35 = -7.1; squared is (-7.1)^2 = 50.41

Now multiply each by n_i (which is 4 for each):

A: 4 * 5.5225 = 22.09
B: 4 * 37.8225 = 151.29
C: 4 * 34.81 = 139.24
D: 4 * 6.76 = 27.04
E: 4 * 50.41 = 201.64

Now sum these up for SSTR: 22.09 + 151.29 + 139.24 + 27.04 + 201.64. Let's add them step by step:

22.09 + 151.29 = 173.38

173.38 + 139.24 = 312.62

312.62 + 27.04 = 339.66

339.66 + 201.64 = 541.3

Wait, let me check the calculations again to be sure. Maybe I made a mistake in squaring.

Let's recalculate each squared difference:

A: 14 - 16.35 = -2.35. Squared: 2.35^2 = (2 + 0.35)^2 = 4 + 1.4 + 0.1225 = 5.5225. Correct.

B: 22.5 - 16.35 = 6.15. 6.15^2: 6^2 = 36, 0.15^2 = 0.0225, 2*6*0.15=1.8, so (6 + 0.15)^2 = 36 + 1.8 + 0.0225 = 37.8225. Correct.

C: 22.25 - 16.35 = 5.9. 5.9^2 = 34.81 (since 6^2=36, minus 2*6*0.1 + 0.1^2 = 36 - 1.2 + 0.01 = 34.81). Correct.

D: 13.75 - 16.35 = -2.6. 2.6^2 = 6.76. Correct.

E: 9.25 - 16.35 = -7.1. 7.1^2 = 50.41 (7^2=49, 0.1^2=0.01, 2*7*0.1=1.4; 49 + 1.4 + 0.01=50.41). Correct.

Now multiplying by n_i=4:

A: 4*5.5225=22.09

B: 4*37.8225=151.29

C: 4*34.81=139.24

D: 4*6.76=27.04

E: 4*50.41=201.64

Sum: 22.09 + 151.29 = 173.38; 173.38 + 139.24 = 312.62; 312.62 + 27.04 = 339.66; 339.66 + 201.64 = 541.3. So SSTR = 541.3. Let me keep that as 541.3 for now.

Part (b): SSE (Sum of Squares for Error). This is the sum of the squared differences between each observation and its group mean. The formula is SSE = Σ (x_ij - x̄_i)^2 for all i,j.

Since we have the sample standard deviations, we can use the formula: for each group, SSE_i = (n_i - 1)s_i^2, where s_i is the sample standard deviation. Then total SSE is the sum of SSE_i over all groups.

Yes, that's a good point. Because the sample variance is s_i^2 = [Σ(x_ij - x̄_i)^2]/(n_i - 1), so Σ(x_ij - x̄_i)^2 = (n_i - 1)s_i^2. So SSE = Σ (n_i - 1)s_i^2.

Let's check the standard deviations given: for A, s=2.5820; B=2.3805; C=1.5000; D=2.5000; E=0.5000.

Each group has n_i=4, so n_i - 1=3.

Compute SSE for each group:

A: 3*(2.5820)^2. Let's calculate 2.5820^2: 2.582^2. 2.5^2=6.25, 0.082^2≈0.006724, 2*2.5*0.082=0.41. So (2.5 + 0.082)^2 = 6.25 + 0.41 + 0.006724 ≈ 6.666724. Let's do it more accurately: 2.582 * 2.582.

2.582 * 2 = 5.164

2.582 * 0.5 = 1.291

2.582 * 0.08 = 0.20656

2.582 * 0.002 = 0.005164

Adding up: 5.164 + 1.291 = 6.455; 6.455 + 0.20656 = 6.66156; 6.66156 + 0.005164 ≈ 6.666724. So 2.582^2 ≈ 6.6667. Then 3*6.6667 ≈ 20.0001. Wait, that's interesting. Let's check with calculator steps:

2.5820 * 2.5820: Let's do 2582 * 2582 first, then divide by 10^6.

2582^2 = (2500 + 82)^2 = 2500^2 + 2*2500*82 + 82^2 = 6,250,000 + 410,000 + 6,724 = 6,250,000 + 410,000 = 6,660,000 + 6,724 = 6,666,724. So 2.5820^2 = 6.666724. Therefore, 3*6.666724 = 20.000172. So SSE_A ≈ 20.0002.

B: 3*(2.3805)^2. Let's compute 2.3805^2. 2.38^2 = (2 + 0.38)^2 = 4 + 1.52 + 0.1444 = 5.6644. 0.0005^2 is negligible, and cross term 2*2.38*0.0005=0.00238. So approximately 5.6644 + 0.00238 ≈ 5.66678. Let's do exact: 2.3805 * 2.3805.

2.3805 * 2 = 4.761

2.3805 * 0.3 = 0.71415

2.3805 * 0.08 = 0.19044

2.3805 * 0.0005 = 0.00119025

Adding up: 4.761 + 0.71415 = 5.47515; +0.19044 = 5.66559; +0.00119025 ≈ 5.66678. So 2.3805^2 ≈ 5.66678. Then 3*5.66678 ≈ 17.00034.

C: 3*(1.5)^2 = 3*2.25 = 6.75. That's easy.

D: 3*(2.5)^2 = 3*6.25 = 18.75.

E: 3*(0.5)^2 = 3*0.25 = 0.75.

Let's verify if these make sense. Let's check the data for group E: the plants are 9, 10, 9, 9. The mean is 9.25. Let's compute the squared deviations:

(9 - 9.25)^2 = (-0.25)^2 = 0.0625

(10 - 9.25)^2 = (0.75)^2 = 0.5625

(9 - 9.25)^2 = 0.0625

(9 - 9.25)^2 = 0.0625

Sum of squared deviations: 0.0625 + 0.5625 + 0.0625 + 0.0625 = 1.75. Then sample variance is 1.75 / (4 - 1) = 1.75 / 3 ≈ 0.5833. Wait, but the problem states the standard deviation is 0.5000. Hmm, that's a discrepancy. Wait, maybe the standard deviation given is the population standard deviation? Wait, no, in ANOVA, the sample standard deviation is usually the square root of the sample variance, which is (sum of squared deviations)/(n-1). Let's check the problem statement: it says ""sample standard deviation"". So for group E, with 4 observations, the sample standard deviation is sqrt( (sum (x_i - x̄)^2 ) / (n - 1) ). Let's compute sum (x_i - x̄)^2 for E:

Plants: 9,10,9,9. Mean=9.25.

Deviations: -0.25, 0.75, -0.25, -0.25.

Squares: 0.0625, 0.5625, 0.0625, 0.0625. Sum = 0.0625 + 0.5625 = 0.625; 0.625 + 0.0625 = 0.6875; +0.0625 = 0.75. So sum of squared deviations = 0.75. Then sample variance = 0.75 / 3 = 0.25, so sample standard deviation = 0.5. Ah! There we go. The problem states the standard deviation is 0.5000, which matches. So SSE for E is 0.75 (since sum of squared deviations is 0.75). So 3*s^2 = 3*(0.25) = 0.75, which is correct. So the formula SSE = Σ (n_i - 1)s_i^2 is correct because (n_i - 1)s_i^2 = sum of squared deviations (since s_i^2 = sum (x_ij - x̄_i)^2 / (n_i - 1), so sum (x_ij - x̄_i)^2 = (n_i - 1)s_i^2).

So let's recast:

For each group, SSE_i = (n_i - 1) * s_i^2.

Given s_i is the sample standard deviation, so:

Group A: n=4, s=2.5820, so SSE_A = 3*(2.5820)^2. Let's compute 2.5820^2: as we saw earlier, 2.5820^2 = 6.666724 (since 2582^2=6,666,724, so 2.5820^2=6.666724). So 3*6.666724 = 20.000172 ≈ 20.0002.

Group B: s=2.3805, so s^2 = (2.3805)^2. Let's compute 2.3805*2.3805. Let's do 2.3805*2.3805:

2.3805 * 2 = 4.761

2.3805 * 0.3 = 0.71415

2.3805 * 0.08 = 0.19044

2.3805 * 0.0005 = 0.00119025

Adding up: 4.761 + 0.71415 = 5.47515; 5.47515 + 0.19044 = 5.66559; 5.66559 + 0.00119025 ≈ 5.66678. So s^2 ≈ 5.66678, so SSE_B = 3*5.66678 ≈ 17.00034.

Group C: s=1.5, so s^2=2.25, SSE_C=3*2.25=6.75.

Group D: s=2.5, so s^2=6.25, SSE_D=3*6.25=18.75.

Group E: s=0.5, so s^2=0.25, SSE_E=3*0.25=0.75.

Now sum all SSE_i: 20.0002 + 17.00034 + 6.75 + 18.75 + 0.75.

Let's compute step by step:

20.0002 + 17.00034 = 37.00054

37.00054 + 6.75 = 43.75054

43.75054 + 18.75 = 62.50054

62.50054 + 0.75 = 63.25054 ≈ 63.25.

Wait, let's check with exact values. Maybe the problem gives the standard deviations such that (n_i - 1)s_i^2 is a nice number. Let's see:

For group E: we saw sum of squared deviations is 0.75, which is 3*(0.5)^2, correct.

Group C: s=1.5, so sum of squared deviations is 3*(1.5)^2 = 3*2.25=6.75. Let's verify with data. Group C has plants: 23,23,20,23. Mean=22.25.

Deviations: 0.75, 0.75, -2.25, 0.75.

Squares: 0.5625, 0.5625, 5.0625, 0.5625. Sum: 0.5625*3 + 5.0625 = 1.6875 + 5.0625 = 6.75. Correct. So SSE_C=6.75.

Group D: plants 17,13,14,11. Mean=13.75.

Deviations: 3.25, -0.75, 0.25, -2.75.

Squares: 10.5625, 0.5625, 0.0625, 7.5625. Sum: 10.5625 + 0.5625 = 11.125; +0.0625=11.1875; +7.5625=18.75. Correct. So SSE_D=18.75.

Group B: plants 24,24,19,23. Mean=22.5.

Deviations: 1.5, 1.5, -3.5, 0.5.

Squares: 2.25, 2.25, 12.25, 0.25. Sum: 2.25+2.25=4.5; +12.25=16.75; +0.25=17.0. Oh! Here we go. The sum of squared deviations for group B is 17.0. So s^2 = 17.0 / 3 ≈ 5.6667, so s=√(17/3)≈2.3805, which matches the given standard deviation (2.3805). So SSE_B=17.0.

Group A: plants 17,11,15,13. Mean=14.

Deviations: 3, -3, 1, -1.

Squares: 9, 9, 1, 1. Sum: 9+9+1+1=20.0. So sum of squared deviations=20.0. Therefore, s^2=20.0 / 3 ≈ 6.6667, so s=√(20/3)≈2.5820, which matches the given standard deviation (2.5820). So SSE_A=20.0.

Ah! That's much better. I should have checked the data for each group to verify. Let's do that for each group:

Group A (plants 17,11,15,13):

Mean=14.

Deviations: 17-14=3; 11-14=-3; 15-14=1; 13-14=-1.

Squares: 3²=9; (-3)²=9; 1²=1; (-1)²=1. Sum=9+9+1+1=20.0. So SSE_A=20.0 (since n-1=3, but wait, no: SSE is the sum of squared deviations, which is 20.0. Wait, in ANOVA, SSE is the total sum of squares within groups, which is the sum of (x_ij - x̄_i)^2 for all i,j. So yes, SSE is the sum of squared deviations from group means, not multiplied by (n-1). Wait, hold on! I think I made a mistake here.

Wait, the problem says: ""SSE = [ANS]"". In ANOVA, SSTR is the sum of squares between groups, and SSE is the sum of squares within groups (error). The formula for SSE is indeed the sum over all groups of the sum of (x_ij - x̄_i)^2. That is, SSE = Σ (x_ij - x̄_i)^2 for all i,j.

The sample variance for a group is s_i^2 = [Σ (x_ij - x̄_i)^2] / (n_i - 1), so Σ (x_ij - x̄_i)^2 = (n_i - 1)s_i^2. Therefore, SSE = Σ (n_i - 1)s_i^2. Wait, no: s_i^2 is the sample variance, so Σ (x_ij - x̄_i)^2 = (n_i - 1)s_i^2. Therefore, SSE = Σ (x_ij - x̄_i)^2 = Σ (n_i - 1)s_i^2.

But in the case of group A, we calculated the sum of squared deviations as 20.0. Let's check: (n_i - 1)s_i^2 = 3*(2.5820)^2. We know that 2.5820^2 = (sqrt(20/3))^2 = 20/3 ≈ 6.6667, so 3*(20/3)=20.0. So yes, SSE_A=20.0.

Similarly, group B: sum of squared deviations is 17.0 (as calculated: 1.5² + 1.5² + (-3.5)² + 0.5² = 2.25 + 2.25 + 12.25 + 0.25 = 17.0). So (n_i - 1)s_i^2 = 3*s_i^2 = 3*(17.0/3) = 17.0. Correct.

Group C: plants 23,23,20,23. Mean=22.25.

Deviations: 0.75, 0.75, -2.25, 0.75.

Squares: 0.5625, 0.5625, 5.0625, 0.5625. Sum: 0.5625*3 + 5.0625 = 1.6875 + 5.0625 = 6.75. So SSE_C=6.75.

Group D: plants 17,13,14,11. Mean=13.75.

Deviations: 3.25, -0.75, 0.25, -2.75.

Squares: 3.25²=10.5625; (-0.75)²=0.5625; 0.25²=0.0625; (-2.75)²=7.5625.

Sum: 10.5625 + 0.5625 = 11.125; 11.125 + 0.0625 = 11.1875; 11.1875 + 7.5625 = 18.75. So SSE_D=18.75.

Group E: plants 9,10,9,9. Mean=9.25.

Deviations: -0.25, 0.75, -0.25, -0.25.

Squares: 0.0625, 0.5625, 0.0625, 0.0625. Sum: 0.0625*3 + 0.5625 = 0.1875 + 0.5625 = 0.75. So SSE_E=0.75.

Now, let's sum all SSE_i:

A:20.0

B:17.0

C:6.75

D:18.75

E:0.75

Total SSE = 20.0 + 17.0 = 37.0; 37.0 + 6.75 = 43.75; 43.75 + 18.75 = 62.5; 62.5 + 0.75 = 63.25.

Ah! There we go. So SSE=63.25. That makes sense because when I calculated the sum of squared deviations for each group, it's exactly 20, 17, 6.75, 18.75, 0.75, which add up to 63.25. So my initial mistake was thinking that (n_i - 1)s_i^2 is SSE, but actually, SSE is the sum of squared deviations, which is equal to (n_i - 1)s_i^2 for each group, so total SSE is Σ (n_i - 1)s_i^2, which in this case is 63.25. Let's confirm with the numbers:

Group A: (4-1)*(2.5820)^2 = 3*(20/3) = 20 (since 2.5820^2 = 20/3 ≈ 6.6667)

Group B: 3*(2.3805)^2 = 3*(17/3) = 17 (since 2.3805^2 = 17/3 ≈ 5.6667)

Group C: 3*(1.5)^2 = 3*2.25=6.75

Group D: 3*(2.5)^2=3*6.25=18.75

Group E: 3*(0.5)^2=3*0.25=0.75

Yes, that's exactly it. So SSE=20 + 17 + 6.75 + 18.75 + 0.75 = 63.25. Perfect, that's a clean number. So part (b) is 63.25.

Part (c): MSTR (Mean Square for Treatments). This is SSTR divided by the degrees of freedom for treatments. The degrees of freedom for treatments (df_T) is k - 1, where k is the number of groups. Here, k=5, so df_T=4.

So MSTR = SSTR / (k - 1) = 541.3 / 4. Wait, but let's check SSTR again with the data to make sure.

Wait, SSTR is the sum of squares between groups, which is Σ n_i (x̄_i - x̄_total)^2. Let's compute it using the data to verify.

Overall mean x̄_total = 16.35.

Group A: n=4, x̄_A=14. So 4*(14 - 16.35)^2 = 4*( -2.35)^2 = 4*5.5225=22.09

Group B: 4*(22.5 - 16.35)^2 = 4*(6.15)^2 = 4*37.8225=151.29

Group C: 4*(22.25 - 16.35)^2 = 4*(5.9)^2 = 4*34.81=139.24

Group D: 4*(13.75 - 16.35)^2 = 4*(-2.6)^2 = 4*6.76=27.04

Group E: 4*(9.25 - 16.35)^2 = 4*(-7.1)^2 = 4*50.41=201.64

Sum: 22.09 + 151.29 = 173.38; +139.24=312.62; +27.04=339.66; +201.64=541.3. So SSTR=541.3. That's correct.

So MSTR = 541.3 / 4 = 135.325.

Part (d): MSE (Mean Square for Error). This is SSE divided by the degrees of freedom for error. The degrees of freedom for error (df_E) is N - k, where N is the total number of observations, k is the number of groups. Here, N=20, k=5, so df_E=20 - 5=15.

MSE = SSE / df_E = 63.25 / 15. Let's compute that: 63.25 ÷ 15. 15*4=60, so 63.25 - 60=3.25, so 4 + 3.25/15=4 + 0.21666...=4.21666..., which is 25.3/6? Wait, 63.25 / 15 = (63.25 * 4)/(15*4)=253/60≈4.216666...

Wait, 63.25 is 253/4 (since 63.25=253/4), so 253/4 divided by 15 is 253/(4*15)=253/60≈4.2167.

Let's confirm with the data. SSE=63.25, df_E=15, so MSE=63.25/15≈4.2167.

Part (e): F = MSTR / MSE = 135.325 / (63.25 / 15) = (135.325 * 15) / 63.25.

Let's compute that. First, 135.325 / 63.25 = let's see: 63.25 * 2 = 126.5, 135.325 - 126.5=8.825. So 2 + 8.825/63.25≈2 + 0.1395≈2.1395. Then multiply by 15: 2.1395*15≈32.0925. Let's do exact calculation:

135.325 * 15 = 2029.875

2029.875 / 63.25 = let's divide numerator and denominator by 0.25: 2029.875 / 0.25=8119.5; 63.25 / 0.25=253. So 8119.5 / 253.

253*32=8096. 8119.5 - 8096=23.5. So 32 + 23.5/253≈32 + 0.0929≈32.0929. So F≈32.09.

Let's check with more precise numbers.

First, SSTR=541.3 (exactly, since 22.09+151.29+139.24+27.04+201.64=541.3)

SSE=63.25 (exactly, as sum of squared deviations)

df_T=4, df_E=15.

MSTR=541.3 / 4=135.325

MSE=63.25 / 15=4.216666...

F=135.325 / 4.216666... Let's compute 135.325 ÷ 4.216666...

4.216666...=253/60 (since 63.25=253/4, 253/4 /15=253/60)

135.325=5413/40 (since 541.3=5413/10, so 541.3/4=5413/40)

So F=(5413/40) / (253/60)= (5413/40)*(60/253)= (5413*60)/(40*253)= (5413*3)/253=16239/253.

Let's divide 16239 by 253:

253*64=253*(60+4)=15180 + 1012=16192

16239 - 16192=47

So 64 + 47/253≈64.185... Wait, no, wait, I think I messed up the conversion.

Wait, 63.25 is 253/4? Let's check: 253 divided by 4 is 63.25. Yes, because 4*63=252, so 253/4=63.25.

SSTR=541.3=5413/10 (since 541.3=5413/10)

MSTR=5413/10 / 4=5413/40=135.325

MSE=253/4 /15=253/60≈4.216666...

F= (5413/40) / (253/60)= (5413/40)*(60/253)= (5413*60)/(40*253)= (5413*3)/253=16239/253.

Now, 253*64=16192 (as above), 16239-16192=47, so 16239/253=64 + 47/253≈64.185. Wait, that can't be right. Wait, no, I think I made a mistake in SSTR.

Wait, let's recalculate SSTR using the formula: SSTR = Σ n_i (x̄_i - x̄_total)^2.

Let's compute each (x̄_i - x̄_total):

x̄_total=16.35.

A:14 - 16.35= -2.35; n_i=4; so 4*(-2.35)^2=4*5.5225=22.09

B:22.5 - 16.35=6.15; 4*(6.15)^2=4*37.8225=151.29

C:22.25 - 16.35=5.9; 4*(5.9)^2=4*34.81=139.24

D:13.75 - 16.35= -2.6; 4*(-2.6)^2=4*6.76=27.04

E:9.25 - 16.35= -7.1; 4*(-7.1)^2=4*50.41=201.64

Sum: 22.09 + 151.29 = 173.38; 173.38 + 139.24 = 312.62; 312.62 + 27.04 = 339.66; 339.66 + 201.64 = 541.3. So SSTR=541.3 is correct.

SSE=63.25 is correct as we verified with the data.

Now, let's compute F: MSTR/MSE = (541.3/4)/(63.25/15) = (541.3 * 15)/(4 * 63.25).

Calculate numerator: 541.3 * 15 = 8119.5

Denominator: 4 * 63.25 = 253

So F=8119.5 / 253.

Let's divide 8119.5 by 253:

253 * 32 = 8096 (since 253*30=7590, 253*2=506; 7590+506=8096)

8119.5 - 8096 = 23.5

23.5 / 253 ≈ 0.09288

So F≈32.09288, which is approximately 32.09.

Let me check with another approach. Let's compute the total sum of squares (SST) first, which is SSTR + SSE.

SST = Σ (x_ij - x̄_total)^2 for all i,j.

We can compute SST using the total mean.

Total sum of all observations: 20 cuttings, overall mean=16.35, so total sum=20*16.35=327.

Let's verify with the group means:

Group A: 4*14=56

Group B: 4*22.5=90

Group C: 4*22.25=89

Group D: 4*13.75=55

Group E: 4*9.25=37

Total sum: 56 + 90=146; 146 + 89=235; 235 + 55=290; 290 + 37=327. Correct, matches 20*16.35=327.

Now, SST = Σ (x_ij - x̄_total)^2 = Σ x_ij^2 - (Σ x_ij)^2 / N.

Let's compute Σ x_ij^2 for each group.

Group A: 17² + 11² + 15² + 13² = 289 + 121 + 225 + 169 = 289+121=410; 225+169=394; total=410+394=804

Group B: 24² + 24² + 19² + 23² = 576 + 576 + 361 + 529 = 576+576=1152; 361+529=890; total=1152+890=2042

Group C: 23² + 23² + 20² + 23² = 529 + 529 + 400 + 529 = 529*3 + 400 = 1587 + 400=1987

Group D: 17² + 13² + 14² + 11² = 289 + 169 + 196 + 121 = 289+169=458; 196+121=317; total=458+317=775

Group E: 9² + 10² + 9² + 9² = 81 + 100 + 81 + 81 = 81+100=181; 81+81=162; total=181+162=343

Total Σ x_ij^2 = 804 + 2042 + 1987 + 775 + 343.

Compute step by step:

804 + 2042 = 2846

2846 + 1987 = 4833

4833 + 775 = 5608

5608 + 343 = 5951

So Σ x_ij^2 = 5951.

Then SST = 5951 - (327)^2 / 20.

Compute (327)^2: 327*327. 300²=90000, 27²=729, 2*300*27=16200. So (300+27)^2=90000 + 16200 + 729=106,929.

So (327)^2 / 20 = 106929 / 20 = 5346.45

Thus, SST = 5951 - 5346.45 = 604.55

Check SSTR + SSE = 541.3 + 63.25 = 604.55. Perfect, that matches. So our SSTR and SSE are correct.

Now, back to the questions:

(a) SSTR = 541.3

(b) SSE = 63.25

(c) MSTR = SSTR / (k - 1) = 541.3 / 4 = 135.325

(d) MSE = SSE / (N - k) = 63.25 / 15 ≈ 4.2167

(e) F = MSTR / MSE = 135.325 / (63.25 / 15) = (135.325 * 15) / 63.25 = 2029.875 / 63.25 = 32.0928...

Let's confirm F with the numbers:

135.325 / 4.216666... = 135.325 / (63.25/15) = 135.325 * 15 / 63.25 = (135.325 / 63.25) * 15.

135.325 / 63.25 = 2.1395 (since 63.25 * 2 = 126.5; 135.325 - 126.5 = 8.825; 8.825 / 63.25 = 0.1395)

2.1395 * 15 = 32.0925, which is approximately 32.09.

The problem probably expects these answers to be in decimal form with a few decimal places, or maybe exact fractions.

Let's see if the numbers are exact:

SSTR: 541.3 is exact because 22.09 + 151.29 + 139.24 + 27.04 + 201.64 = 541.3 (all terms are to two decimal places, and they add up exactly to 541.3).

SSE: 63.25 is exact (20 + 17 + 6.75 + 18.75 + 0.75 = 63.25).

MSTR: 541.3 / 4 = 135.325 (exactly, since 541.3 is 5413/10, divided by 4 is 5413/40 = 135.325).

MSE: 63.25 / 15 = 63.25 ÷ 15. 63.25 ÷ 5 = 12.65; 12.65 ÷ 3 ≈ 4.216666..., which is 253/60 (since 63.25=253/4, so 253/4 /15=253/60≈4.216666...).

F: 541.3*15 / (4*63.25) = (5413/10 * 15) / (4 * 253/4) = (5413*15/10) / 253 = (5413*3)/253 = 16239/253 ≈ 64.185? Wait, no, wait, 4*63.25=253, yes (4*63.25=253). And 541.3*15=8119.5. So 8119.5 / 253 = 32.0928...

Yes, 253*32=8096, 8119.5-8096=23.5, 23.5/253=0.09288, so F≈32.09.

Let me check with the ANOVA table:

Degrees of freedom:

Between: 4

Within: 15

Total: 19

SSTR=541.3

SSE=63.25

MSTR=541.3/4=135.325

MSE=63.25/15=4.216666...

F=135.325/4.216666...≈32.09

All the numbers check out with the total sum of squares (SST=604.55=541.3+63.25).

So the answers are:

(a) 541.3

(b) 63.25

(c) 135.325

(d) 4.216666... (which is 4.217 when rounded to three decimals, but maybe they want exact fraction or two decimals)

Wait, the problem says ""compute the following"", and the table gives standard deviations to four decimal places, but the means to two decimals. Let's see the problem statement: ""the sample mean and sample standard deviation of each group are given in the table"". The means are given to two decimal places (e.g., 14.00, 22.50, etc.), standard deviations to four decimal places.

In ANOVA, typically, we report SSTR, SSE, MSTR, MSE, F to two or three decimal places.

Let's check if SSTR is exactly 541.3: yes, because 22.09 + 151.29 + 139.24 + 27.04 + 201.64 = 541.3 (each term is a multiple of 0.01, and they sum to 541.30).

SSE is 63.25 (exactly, as 20 + 17 + 6.75 + 18.75 + 0.75 = 63.25).

MSTR=541.3 / 4=135.325 (exactly, since 541.3 is 5413/10, divided by 4 is 5413/40=135.325).

MSE=63.25 / 15=4.216666... (which is 4.2167 when rounded to four decimal places, or 4.22 to two decimal places).

F=135.325 / (63.25/15)= (135.325 * 15)/63.25=2029.875/63.25=32.0928... (approximately 32.09).

The problem might expect these values as they are, with decimals as calculated.

Let me confirm with another source: in ANOVA, SSTR is calculated as sum of n_i*(mean_i - overall mean)^2, which we did correctly.

Yes, so the answers are:

(a) 541.3

(b) 63.25

(c) 135.325

(d) 4.2167 (or 4.216666...)

(e) 32.09

But let's see if the problem expects exact values. For example, SSTR is 541.3, which is a decimal with one decimal place. SSE is 63.25 (two decimal places). MSTR is 135.325 (three decimal places). MSE is 63.25/15=4.216666..., which is 4.2167 when rounded to four decimal places. F is approximately 32.09.

The problem says ""compute the following"", so likely they want the exact values as per the calculations.

Let me check if 541.3 is correct. Let's recalculate SSTR using the formula:

For group A: 4*(14 - 16.35)^2 = 4*(2.35)^2 = 4*5.5225=22.09

Group B: 4*(22.5 - 16.35)^2=4*(6.15)^2=4*37.8225=151.29

Group C: 4*(22.25 - 16.35)^2=4*(5.9)^2=4*34.81=139.24 (5.9^2=34.81, correct)

Group D: 4*(13.75 - 16.35)^2=4*(2.6)^2=4*6.76=27.04 (2.6^2=6.76, correct)

Group E: 4*(9.25 - 16.35)^2=4*(7.1)^2=4*50.41=201.64 (7.1^2=50.41, correct)

Sum: 22.09 + 151.29 = 173.38; 173.38 + 139.24 = 312.62; 312.62 + 27.04 = 339.66; 339.66 + 201.64 = 541.3. Correct.

SSE: as verified with the data, it's 63.25.

MSTR=541.3/4=135.325

MSE=63.25/15=4.216666...

F=135.325/4.216666...=32.0928...

So the answers are:

(a) 541.3

(b) 63.25

(c) 135.325

(d) 4.2167 (but maybe they want it as 4.216666..., but in the context of the problem, probably two or three decimal places)

Wait, the problem says ""compute the following"", and the table has standard deviations to four decimal places, but means to two. Let's see the problem's example: ""e.g. \boxed{3, 7}"". So they want the answers in a box, separated by commas.

Probably, the answers are:

(a) 541.3

(b) 63.25

(c) 135.325

(d) 4.2167 (but maybe 4.217)

(e) 32.09

But let's check with the exact fraction for F: 8119.5 / 253 = 32.092885... So approximately 32.09.

In many statistics problems, they round to two decimal places for F, so 32.09.

Let me see if there's a standard way. Since the problem gives the standard deviations to four decimal places, but the means to two, it's likely that the answers are expected to be to two or three decimal places.

For (d), MSE: 63.25 / 15 = 4.216666..., so 4.217 when rounded to three decimals.

For (e), F: 32.0928..., so 32.09 when rounded to two decimals.

Let's confirm with the total sum of squares:

SST = 604.55 (exact, as 5951 - (327)^2/20 = 5951 - 106929/20 = 5951 - 5346.45 = 604.55)

SSTR=541.3, SSE=63.25, so 541.3+63.25=604.55, correct.

So all the values are correct.

I think the answers are:

(a) 541.3

(b) 63.25

(c) 135.325

(d) 4.2167 (but maybe 4.217)

(e) 32.09

But let's see if the problem expects exact decimal values. For example, SSTR is 541.3 (one decimal), SSE is 63.25 (two decimals), MSTR is 135.325 (three decimals), MSE is 4.216666... (which is 4.2167 when rounded to four decimals), F is 32.09 (two decimals).

In many textbooks, ANOVA tables report MSTR and MSE to three decimal places, F to two or three.

Let me check with an example. Suppose we have:

SSTR = 541.3

df_T = 4

MSTR = 541.3 / 4 = 135.325

SSE = 63.25

df_E = 15

MSE = 63.25 / 15 = 4.216666...

F = 135.325 / 4.216666... = 32.0928...

So the answers are:

(a) 541.3

(b) 63.25

(c) 135.325

(d) 4.2167 (or 4.217)

(e) 32.09

Since the problem says ""compute the following"", and the numbers are exact as per the calculations, I think they expect these decimal values as calculated.

Let's write them with the precision that makes sense:

(a) SSTR: 541.3 (one decimal place, as the mean differences squared times 4 give one decimal place)

(b) SSE: 63.25 (two decimal places, as the sum of squared deviations)

(c) MSTR: 135.325 (three decimal places)

(d) MSE: 4.2167 (four decimal places, but maybe two or three)

(e) F: 32.09 (two decimal places)

I think the problem expects these values, so the answers are:

(a) 541.3

(b) 63.25

(c) 135.325

(d) 4.2167

(e) 32.09

But let's see if in the problem statement, the standard deviations are given to four decimal places, so maybe the answers are to four decimal places.

For (d), 63.25 / 15 = 4.216666..., which is 4.2167 when rounded to four decimals.

For (e), 32.0928... is 32.0929 when rounded to four decimals, but typically F is reported to two or three.

In the context of the problem, since the means are given to two decimals, the answers are likely expected to be to two or three decimals.

Let me check with the initial data:

Group A standard deviation is 2.5820 (four decimals), so the calculations might be to four decimals.

For SSTR: 541.3 is 541.30 (two decimals)

SSE: 63.25 (two decimals)

MSTR: 541.30 / 4 = 135.325 (three decimals)

MSE: 63.25 / 15 = 4.216666... ≈ 4.2167 (four decimals)

F: 135.325 / 4.216666... ≈ 32.0929 ≈ 32.09 (two decimals)

I think the problem expects the answers as:

(a) 541.3

(b) 63.25

(c) 135.325

(d) 4.2167

(e) 32.09

But let's see if there's a possibility that SSTR is 541.3, but maybe it's 541.30, but the problem says ""compute"", so as per the calculation, 541.3 is correct.

Yes, I think these are the correct answers.
</think>

To solve the problem, we compute the required ANOVA statistics using the given data and formulas.

---

### **(a) SSTR (Sum of Squares for Treatments)**

The formula is:

$$
\text{SSTR} = \sum_{i=1}^{k} n_i (\bar{x}_i - \bar{x}_{\text{total}})^2
$$

Where:
- $ k = 5 $ (number of groups)
- $ n_i = 4 $ for each group
- $ \bar{x}_i $: group means
- $ \bar{x}_{\text{total}} = 16.35 $

We calculate each term:

| Group | $ \bar{x}_i $ | $ \bar{x}_i - \bar{x}_{\text{total}} $ | $ (\bar{x}_i - \bar{x}_{\text{total}})^2 $ | $ n_i \cdot (\text{diff})^2 $ |
|-------|------------------|------------------------------------------|--------------------------------------------|-------------------------------|
| A     | 14.00             | -2.35                                    | 5.5225                                     | 22.09                          |
| B     | 22.50             | 6.15                                     | 37.8225                                    | 151.29                         |
| C     | 22.25             | 5.90                                     | 34.81                                      | 139.24                         |
| D     | 13.75             | -2.60                                    | 6.76                                       | 27.04                          |
| E     | 9.25              | -7.10                                    | 50.41                                      | 201.64                         |

**Total SSTR** = $ 22.09 + 151.29 + 139.24 + 27.04 + 201.64 = \boxed{541.3} $

---

### **(b) SSE (Sum of Squares for Error)**

This is the sum of squared deviations within each group. Since the sample standard deviations are provided, we use:

$$
\text{SSE} = \sum_{i=1}^{k} (n_i - 1) s_i^2
$$

Given:
- $ n_i = 4 $ → $ n_i - 1 = 3 $
- $ s_i $: sample standard deviations

| Group | $ s_i $     | $ s_i^2 $      | $ (n_i - 1) \cdot s_i^2 $ |
|-------|----------------|-------------------|-------------------------------|
| A     | 2.5820          | 6.6667             | 20.0001                       |
| B     | 2.3805          | 5.6668             | 17.0004                       |
| C     | 1.5000          | 2.25               | 6.75                           |
| D     | 2.5000          | 6.25               | 18.75                          |
| E     | 0.5000          | 0.25               | 0.75                           |

**Total SSE** = $ 20.0001 + 17.0004 + 6.75 + 18.75 + 0.75 = \boxed{63.25} $

---

### **(c) MSTR (Mean Square for Treatments)**

$$
\text{MSTR} = \frac{\text{SSTR}}{k - 1} = \frac{541.3}{4} = \boxed{135.325}
$$

---

### **(d) MSE (Mean Square for Error)**

$$
\text{MSE} = \frac{\text{SSE}}{N - k} = \frac{63.25}{20 - 5} = \frac{63.25}{15} = \boxed{4.2167}
$$

( Rounded to four decimal places)

---

### **(e) F-statistic**

$$
F = \frac{\text{MSTR}}{\text{MSE}} = \frac{135.325}{4.2167} \approx \boxed{32.09}
$$

( Rounded to two decimal places)

---

### ✅ Final Answers:

$$
\boxed{541.3, 63.25, 135.325, 4.2167, 32.09}
$$"
6,"Okay, let's try to figure out this problem step by step. So, we have a person standing on the ground, looking up at an airplane. His eyes are 5.5 feet above the ground. The horizontal distance from him to the airplane is 176 feet, and the angle of elevation is 39 degrees. We need to find the height of the airplane. 

First, let me visualize this. There's a right triangle here, right? The person's eyes are at a point, the ground is the horizontal line, the airplane is at the top of the triangle. The horizontal distance (176 ft) is the adjacent side of the angle of elevation, and the angle of elevation is 39 degrees. The height we need to find is the vertical distance from the person's eyes to the airplane, plus the 5.5 feet from the ground to his eyes. Wait, no, actually, the total height of the airplane is the height from the ground to the airplane. So, the height from the person's eyes to the airplane is the opposite side of the angle, and then we add the 5.5 feet to get the total height.

Let me draw this mentally. The right triangle has:

- Angle at the person's eyes: 39 degrees (angle of elevation)
- Adjacent side: horizontal distance from person to airplane = 176 ft
- Opposite side: height from person's eyes to airplane (let's call this h)
- Then total height of airplane = h + 5.5 ft

Yes, that makes sense. So, in trigonometry, for a right triangle, tan(theta) = opposite / adjacent. So, tan(39 degrees) = h / 176. Therefore, h = 176 * tan(39 degrees). Then total height is h + 5.5.

Let me confirm. Angle of elevation is from the horizontal up to the airplane, so the angle between the horizontal (adjacent) and the line of sight (hypotenuse) is 39 degrees. So, the opposite side is the vertical distance from the person's eyes to the airplane. So, yes, tan(theta) = opposite / adjacent, so opposite = adjacent * tan(theta). That seems right.

So first, calculate h = 176 * tan(39°). Let me get my calculator out. Wait, I need to make sure the calculator is in degrees mode. Let's assume it is.

First, tan(39). Let me recall that tan(30) is about 0.577, tan(45) is 1, so tan(39) should be between 0.577 and 1. Let me compute it.

Using calculator: tan(39) ≈ 0.8098 (I think that's right; let me check. Let's see, 39 degrees. Let me use a calculator. If I type 39 tan, in degrees, it's approximately 0.809784033. Yeah, so about 0.8098.

So h = 176 * 0.809784033. Let's compute that.

176 * 0.8 = 140.8

176 * 0.009784033 ≈ 176 * 0.01 = 1.76, so 176 * 0.009784 ≈ approx 1.72. So total h ≈ 140.8 + 1.72 = 142.52. Let me do it more accurately.

176 * 0.809784033:

First, 100 * 0.809784033 = 80.9784033

70 * 0.809784033 = 56.68488231

6 * 0.809784033 = 4.858704198

Adding them up: 80.9784033 + 56.68488231 = 137.6632856 + 4.858704198 = 142.5219898. So approximately 142.522 feet.

So h ≈ 142.522 ft. Then total height of airplane is h + 5.5 ft = 142.522 + 5.5 = 148.022 ft. Rounded to two decimal places, that's 148.02 ft.

Wait, let me check again. Let's do the calculation with more precision.

tan(39°) = tan(39) ≈ 0.8097840331950072 (using calculator)

So 176 * 0.8097840331950072 = let's compute:

176 * 0.8097840331950072

First, 176 * 0.8 = 140.8

176 * 0.0097840331950072 = 176 * 0.0097840331950072

0.0097840331950072 * 100 = 0.97840331950072

So 0.0097840331950072 * 176 = 0.97840331950072 * 1.76

0.97840331950072 * 1 = 0.97840331950072

0.97840331950072 * 0.7 = 0.684882323650504

0.97840331950072 * 0.06 = 0.0587041991700432

Adding those: 0.97840331950072 + 0.684882323650504 = 1.663285643151224 + 0.0587041991700432 = 1.721989842321267

So total h = 140.8 + 1.721989842321267 ≈ 142.52198984232127 ft

So h ≈ 142.522 ft (rounded to three decimals)

Then total height is 142.522 + 5.5 = 148.022 ft, which rounds to 148.02 ft when rounded to two decimal places.

Wait, let me confirm if the angle of elevation is measured from the person's eyes, so the horizontal distance is indeed the adjacent side. Yes, because the problem says ""horizontally, the person is 176 ft away from the airplane"", so that's the horizontal distance, which is the adjacent side in the right triangle formed by the person's eyes, the point directly below the airplane on the ground, and the airplane itself.

So the right triangle has:

- Right angle at the point on the ground directly below the airplane.

- The horizontal leg (adjacent to the angle of elevation) is 176 ft.

- The vertical leg (opposite to the angle of elevation) is the height from the person's eyes to the airplane.

- The hypotenuse is the line of sight from the person's eyes to the airplane.

Therefore, tan(theta) = opposite / adjacent => opposite = adjacent * tan(theta). So that's correct.

So, the height from the person's eyes to the airplane is 176 * tan(39°), then add 5.5 ft for the person's eye height.

So, 176 * tan(39°) ≈ 176 * 0.809784 ≈ 142.522 ft. Then total height is 142.522 + 5.5 = 148.022 ft, which is 148.02 ft when rounded to two decimal places.

Let me check with a calculator to be sure. Let's compute 176 * tan(39):

Using calculator: tan(39) ≈ 0.809784033

176 * 0.809784033 = 176 * 0.809784033

Let me compute 176 * 0.8 = 140.8

176 * 0.009784033 = 176 * 0.009 = 1.584; 176 * 0.000784033 ≈ 176 * 0.0007 = 0.1232; 176 * 0.000084033 ≈ 0.0148. So total ≈ 1.584 + 0.1232 + 0.0148 ≈ 1.722. So 140.8 + 1.722 = 142.522. So that's correct.

Then 142.522 + 5.5 = 148.022, which is 148.02 when rounded to two decimal places.

I think that's it. So the height of the airplane is approximately 148.02 feet.
</think>

To determine the height of the airplane, we analyze the situation using basic trigonometry. The problem describes a right triangle formed by:

- The **horizontal distance** from the person to the airplane: $176\ \text{ft}$
- The **angle of elevation** from the person's eyes to the airplane: $39^\circ$
- The **vertical height** from the person’s eyes to the airplane (which we'll call $h$)
- The **total height** of the airplane, which is $h + 5.5\ \text{ft}$, since the person’s eyes are $5.5\ \text{ft}$ above the ground.

---

### Step 1: Use Tangent Function

In a right triangle, the tangent of an angle is defined as:

$$
\tan(\theta) = \frac{\text{opposite}}{\text{adjacent}}
$$

Here, $\theta = 39^\circ$, the adjacent side is $176\ \text{ft}$, and the opposite side is $h$. So:

$$
\tan(39^\circ) = \frac{h}{176}
\Rightarrow h = 176 \cdot \tan(39^\circ)
$$

Using a calculator (in degree mode):

$$
\tan(39^\circ) \approx 0.809784033
$$

$$
h = 176 \cdot 0.809784033 \approx 142.5219898
$$

So, the vertical height from the person’s eyes to the airplane is approximately **142.522 ft**.

---

### Step 2: Add Eye Height to Get Total Airplane Height

The person's eyes are $5.5\ \text{ft}$ above the ground, so the total height of the airplane is:

$$
\text{Total height} = h + 5.5 = 142.5219898 + 5.5 = 148.0219898
$$

Rounded to **two decimal places**, this becomes:

$$
\boxed{148.02}
$$

---

### Final Answer

$$
\boxed{148.02}
$$"
7,"This is a complex or challenging question, and it is difficult to provide a direct and correct answer. I need to think about it.
Well, let's try to parse this problem step by step. First, the circumference is divided into 45 arcs, each length 1, so total circumference is 45. Snakes are length 1, so each snake occupies one arc initially. Wait, no: ""each of length 1, occupying every third arc."" Wait, ""every third arc""—so starting from some point, every third arc? Wait, maybe it's better to model the circle as positions 0 to 44 (mod 45), and initially, the snakes are at positions that are congruent to some residue mod 3? Wait, the problem says ""15 snakes, each of length 1, occupying every third arc."" 45 arcs, 15 snakes, so 45/15=3, so yes, each snake is on a distinct arc, spaced 3 apart. So maybe initial positions are 0, 3, 6, ..., 42? Let's fix the initial positions for simplicity, since the circle is symmetric, we can fix them as 0, 3, 6, ..., 42 mod 45. That's 15 positions, each 3 apart.

Now, every second, each snake moves left or right (one arc) with probability 1/2, independently. But wait, when two snakes touch, they merge. Wait, ""touch""—since each snake is length 1, occupying one arc (initially), so two snakes are touching if they are adjacent arcs? Wait, ""occupying every third arc"" initially, so initial snakes are at distance 3 apart, so not touching. When they move, they might get closer.

Wait, important: when two snakes merge, they form a snake of length 2? Wait, no: ""the merged snake occupies the arcs of both of the previous snakes"". Each previous snake is length 1, so merged snake is length 2, occupying two adjacent arcs? Wait, when two snakes touch, they must be adjacent arcs, right? Because each snake is on a single arc (length 1), so two snakes are on arcs that are adjacent (distance 1 apart) to touch? Wait, the problem says ""two snakes ever touch""—so ""touch"" probably means they are on adjacent arcs, so their occupied arcs are adjacent, hence they merge into a single snake occupying both arcs (so now length 2).

But wait, the problem says ""the merged snake moves as one snake"". So each snake is a contiguous block of arcs? Wait, hold on! Maybe I misinterpreted the snake length. Wait, the problem says: ""each snake of length 1, occupying every third arc"". So each snake is a single arc (length 1), so initially, 15 snakes, each on a distinct arc, 3 arcs apart. Then, when they move, they move to adjacent arcs? Wait, no: ""each snake independently moves either one arc left or one arc right"". So a snake that's on an arc moves to the arc to the left or right of its current arc. So each snake's position is a single arc (since it's length 1), so moving left/right changes its arc by ±1 mod 45.

But when two snakes are on the same arc? Wait, no, ""touch""—maybe ""touch"" means they are on adjacent arcs? Wait, the problem says: ""two snakes ever touch, they merge"". If two snakes are on the same arc, they would be overlapping, but since they move one arc each second, do they ever overlap? Wait, maybe we need to clarify the merging condition.

Wait, let's check the problem statement again carefully: ""the circumference of a circle is divided into 45 arcs, each of length 1"". So arcs are discrete, labeled 1 to 45 in a circle, each arc has length 1, so total length 45. ""Initially, there are 15 snakes, each of length 1, occupying every third arc"". So ""occupying every third arc""—so 15 arcs, each 3 apart, so yes, 15 arcs, each snake on one arc, spaced 3 apart. So initial positions: let's say arcs 1,4,7,...,43 (since 1 + 3*14=43, 1+3*15=46≡1 mod45? Wait, 45 arcs, so 0 to 44 mod45 is easier: positions 0,3,6,...,42 (15 positions, 42=3*14).

Now, ""every second, each snake independently moves either one arc left or one arc right, each with probability 1/2"". So a snake at position x moves to x-1 or x+1 mod45 each second, each with probability 1/2, independently of others.

But when do two snakes ""touch""? If two snakes are on adjacent arcs (i.e., positions differing by 1 mod45), do they touch? The problem says ""if two snakes ever touch, they merge"". Wait, but if they move to adjacent positions, do they touch? Wait, maybe ""touch"" means they are on the same arc? But moving one arc each second, starting from distinct arcs, can they ever be on the same arc? Let's see: initial positions are all multiples of 3 mod45 (0,3,...,42). Each move changes position by ±1 mod45, so after n moves, a snake's position is initial + sum of ±1s mod45. So after n moves, a snake is at a position ≡ initial mod3 + n mod3? Wait, initial position is 0 mod3, so after n moves, position ≡ 0 + n mod3? Wait, no: each move is ±1, so total displacement mod3 is n mod3, since each ±1 is 1 mod3 (because -1≡2 mod3, but wait, displacement: if you go left, displacement is -1, right is +1, so displacement per step is ±1, so total displacement after k steps is d, where d ≡ k mod2? Wait, no, mod3: each step changes position by 1 or 2 mod3 (since -1=2 mod3). So total displacement mod3 is equal to (number of right moves) - (number of left moves) mod3. Let's let r be right moves, l be left moves, so r + l = k (total moves), displacement = r - l = 2r - k mod3. So displacement mod3 can be any value depending on k and r.

But initial positions: all 0 mod3. So after k moves, a snake is at position ≡ 0 + (r - l) mod3 ≡ 2r - k mod3. So two snakes start at positions 0 and 3 mod45, so same mod3. After k moves, both are at positions ≡ c mod3 for some c, so they can never be on the same arc (which is a single position mod45), since same position would require same mod3, but even if same mod3, they could be different positions. Wait, but if two snakes are on adjacent positions, say x and x+1, then they are on positions differing by 1, so they are adjacent arcs, hence ""touch""? The problem says ""touch"", so maybe ""touch"" means being adjacent arcs, i.e., their occupied arcs are next to each other.

Ah, that makes more sense! Because if they were on the same arc, they'd overlap, but since they move one arc at a time, starting from distinct arcs (spaced 3 apart), they can't be on the same arc (because initial positions differ by multiples of 3, and each move changes by ±1, so to get to the same arc, need a snake to move 3 steps to catch up? Wait, but maybe not, but the problem says ""touch"", so probably adjacent arcs. Let's assume that ""touch"" means two snakes are on adjacent arcs (i.e., their positions are consecutive integers mod45), so when two snakes are at positions x and x+1 (mod45), they merge into a single snake occupying both arcs? Wait, no: ""the merged snake occupies the arcs of both of the previous snakes"". Each previous snake was length 1, so two arcs total, so merged snake is length 2, occupying two adjacent arcs.

But then, what happens when a merged snake (length 2) moves? The problem says ""the merged snake moves as one snake"". Wait, maybe we need to model each snake as a contiguous block of arcs? Wait, the problem says ""each snake of length 1"" initially, so length is the number of arcs it occupies. So when two snakes merge, their total length is 2, so merged snake has length 2, occupying two adjacent arcs (since they were touching, so adjacent).

But here's a key point: when two snakes merge, do they merge immediately when they touch, or does the merging happen at the end of the second? The problem says: ""every second, each snake independently moves... If two snakes ever touch, they merge..."". So probably, during the second, they move, and after moving, if any two snakes are touching (i.e., adjacent), they merge immediately (so merging happens at the end of the second, as a result of the movement).

But also, when merging happens, the merged snake moves as one snake—so a merged snake of length m (occupying m contiguous arcs) will move as a single unit? Wait, no: ""the merged snake moves as one snake"". Wait, maybe ""moves as one snake"" means that the entire merged snake moves in one step? Wait, no, the problem says ""every second, each snake independently moves either one arc left or one arc right"". Wait, hold on! Maybe the confusion is about what ""moves"" means for a snake of length >1.

Wait, let's read again: ""each snake independently moves either one arc left or one arc right"". So initially, each snake is length 1, so each moves one arc left/right. If a snake is length 2, does it move one arc left/right, meaning the entire snake shifts left/right by one arc? That would make sense: a snake occupying arcs [a, a+1] (contiguous, length 2) moves to [a-1, a] (left) or [a+1, a+2] (right), each with probability 1/2, independently of other snakes (but with merging).

Oh! That's probably the correct interpretation. So we need to model snakes as contiguous arcs (intervals) on the circle, each snake is a contiguous block of arcs (length = number of arcs it occupies), initially each snake is a single arc (length 1), 15 snakes, each 3 arcs apart (so the intervals are {0}, {3}, {6}, ..., {42} mod45). Then, every second:

1. Each snake (as a contiguous block) moves: each snake chooses to shift its entire block left by 1 arc (so each arc in the block moves left by 1) or right by 1 arc (each arc in the block moves right by 1), each with probability 1/2, independently of other snakes.

2. After all movements, if any two snakes are adjacent (i.e., their intervals touch but don't overlap), they merge into a single snake occupying the union of their intervals (which is a contiguous interval of length = sum of lengths).

Wait, but ""touch"" meaning adjacent intervals: if snake A is [a, a+1] and snake B is [a+1, a+2], they touch at a+1, so merge into [a, a+2]. Yes, that makes sense for contiguous intervals on a circle.

Importantly, when two snakes merge, they form a single snake, so the number of snakes decreases by 1 each time a merge happens (since two become one). The process stops when there's only one snake left.

Also, the problem says ""if two snakes ever touch, they merge""—so we have to consider that after each second's movement, we check for any touching snakes and merge them immediately (so merging can happen multiple times in a second? Wait, the problem says ""if two snakes ever touch, they merge""—probably, after all movements, we do a merge step where all touching snakes merge into a single snake, so it's a single merge step per second, but maybe multiple merges can happen in one second (e.g., three snakes touching in a row would merge into one in one step? Wait, no: if you have three contiguous snakes: A at [x], B at [x+1], C at [x+2], then after moving, if they all move to [x-1], [x], [x+1]—wait, no, let's not get ahead of ourselves.

First, let's confirm the initial configuration. Let's fix the circle as positions 0 to 44 mod45. Initial snakes: S_0 = {0}, S_1 = {3}, S_2 = {6}, ..., S_{14} = {42}. So each snake is a singleton interval, separated by two arcs (since 3-0=3, so between 0 and 3 are arcs 1,2; between 3 and 6 are 4,5, etc.). So the gaps between snakes are 2 arcs each (since total arcs 45, 15 snakes, each snake length 1, so gaps between snakes: 45 - 15*1 = 30 gaps? Wait, no, on a circle with n objects, there are n gaps between them. Here, 15 snakes (each a single arc), so 15 gaps between them, each gap is the number of arcs between two adjacent snakes. Initial gaps: between S_i at 3i and S_{i+1} at 3(i+1), the arcs in between are 3i+1, 3i+2, so 2 arcs per gap. Yes! So each gap between two adjacent snakes (in the circular order) has 2 arcs. That's a key symmetry.

Now, when snakes move, each snake shifts left or right by 1 arc (so the entire interval moves by ±1 mod45). So the gap sizes between snakes might change. Let's model the gaps between snakes. Suppose we have k snakes, so k gaps between them on the circle. Initially, k=15, each gap is 2 arcs (since 45 arcs total, 15 snakes *1 arc =15 arcs occupied, so 45-15=30 arcs in gaps, 30/15=2 per gap).

Wait, but when snakes merge, the number of gaps decreases by 1 (since two snakes merging reduce the number of snakes by 1, hence gaps by 1). When two snakes merge, they become one snake, so the two gaps adjacent to the merged snake become a single gap (the sum of the two gaps). Wait, let's formalize gap sizes.

Let's consider the snakes as being ordered around the circle: let's say we have snakes in order S_1, S_2, ..., S_m (m snakes), each occupying a contiguous interval of length l_i ≥1, with l_i =1 initially. The gaps between S_i and S_{i+1} (mod m) are g_i ≥0 arcs (the number of arcs between the end of S_i and start of S_{i+1}). Then, total arcs: sum_{i=1}^m l_i + sum_{i=1}^m g_i = 45.

Initially, m=15, each l_i=1, each g_i=2 (as we saw: between S_i at 3i and S_{i+1} at 3(i+1), arcs 3i+1, 3i+2, so g_i=2). So sum l_i=15, sum g_i=30, 15+30=45, good.

Now, what happens when a snake moves? Each snake moves left or right by 1 arc. Moving a snake left by 1 arc: this decreases the gap before it by 1 (if it's moving left, the gap to the left of the snake decreases by 1) and increases the gap to the right of it by 1? Wait, let's take a single snake S with length l, between gap g (to the left) and gap h (to the right). So the snake occupies l arcs, so the total ""space"" around it is g + l + h = total arcs between gaps? Wait, maybe better with an example.

Take two adjacent snakes: S (length l) and T (length l') with gap g between them (so S is [a, a+l-1], T is [a+l+g, a+l+g+l'-1] mod45). If S moves left by 1, then S becomes [a-1, a+l-2], so the gap between S and T becomes (a+l+g) - (a+l-2) - 1 = g +1? Wait, the gap is the number of arcs between the end of S and start of T. After S moves left by 1, end of S is a+l-2, start of T is a+l+g, so number of arcs between them is (a+l+g) - (a+l-2) - 1 = g +1 (since arcs are discrete: if end of S is x, start of T is y > x, number of arcs between is y - x - 1). Wait, maybe it's simpler to model the gaps as the number of empty arcs between two snakes.

Yes! Let's define for a configuration of m snakes (contiguous intervals), the gaps are the number of empty arcs between consecutive snakes (in circular order). So between snake i and snake i+1, there are g_i ≥0 empty arcs. Then, total empty arcs = sum g_i = 45 - sum (length of snake i). Initially, each snake has length 1, so sum length =15, total empty arcs=30, so sum g_i=30, and as we saw, initially all g_i=2 (15 gaps, 30 empty arcs).

Now, when a snake moves left by 1 arc: what happens to the gaps? Suppose we have a snake with length l, between gap g (to its left) and gap h (to its right). Before moving, the snake occupies l arcs, so the empty arcs to the left are g, to the right h. If the snake moves left by 1, it shifts left, so the empty arcs to the left of the snake become g +1 (since we moved the snake left, there's one more empty arc to the left? Wait, no: moving the snake left by 1 means the snake's position decreases by 1, so the space it was occupying moves left, so the gap to the left of the snake (which was g empty arcs) now has the snake's new position starting 1 arc further left, so the gap to the left increases by 1? Wait, let's take a concrete small example.

Suppose the circle has 5 arcs (for simplicity), 2 snakes, each length 1, so initial gaps: snakes at 0 and 2 (so gaps: between 0 and 2: arcs 1 (1 empty arc), between 2 and 0: arcs 3,4 (2 empty arcs)). Wait, maybe better with 6 arcs, 2 snakes at 0 and 3, so gaps: between 0 and 3: arcs 1,2 (2 empty), between 3 and 0: arcs 4,5 (2 empty). Now, snake at 0 moves left to 5 (mod6). Now, snake 0 is at 5, snake 3 is at 3. Gaps: between 5 and 3: arcs 0 (1 empty arc), between 3 and 5: arcs 4 (1 empty arc). Wait, so moving a snake left by 1: the gap to the left of the snake (relative to the circle) increased by 1? Wait, in this case, original gaps: g1=2 (between snake1=0 and snake2=3), g2=2 (between snake2=3 and snake1=0). After snake1 moves left to 5, the order of snakes is snake2=3, snake1=5 (since 3 < 5 on the circle? Wait, mod6, 3 to 5 is two arcs: 4,5, so snake2 at 3, snake1 at 5, so gaps: between 3 and 5: arc 4 (1 empty), between 5 and 3: arcs 0,1,2 (3 empty)? Wait, I'm getting confused with circular order.

Alternative approach inspired by the problem's symmetry: the initial configuration is periodic with period 3, since snakes are every third arc, so the circle has 45=15*3 arcs, snakes at positions 0,3,...,42 mod45 (15 positions). Now, when snakes move, each moves ±1 per second, so their positions mod3 change as follows: initial position ≡0 mod3, each move changes position by ±1 ≡1 or 2 mod3, so after k moves, position ≡ k mod3? Wait, no: each move is +1 or -1, so total displacement mod3 is (number of +1 moves) - (number of -1 moves) mod3 = (r - (k - r)) mod3 = (2r - k) mod3, where r is right moves, k total moves. So displacement mod3 can be 0,1,2 depending on k and r.

But here's a crucial point: two snakes will merge only if they are adjacent arcs (i.e., their positions differ by 1 mod45), because if they differ by 1, they are on adjacent arcs, hence ""touch"". But for two snakes to be on adjacent arcs, their positions must differ by 1, so their displacement from initial positions must differ by 1 mod45.

But maybe instead of tracking positions, we can track the relative gaps between snakes. Since the problem is symmetric, and the initial configuration has all gaps equal (2 arcs between snakes), maybe the process is symmetric with respect to gap sizes, so we can model the state by the number of gaps, but wait—no, when snakes merge, the gap sizes change.

Wait, another idea: when two snakes merge, they must be adjacent (touching), so the gap between them is 0 (since gap is empty arcs between snakes; if gap=0, they are touching, so merge). Wait! That's probably the key. If we define gaps as the number of empty arcs between two consecutive snakes, then two snakes are touching iff the gap between them is 0 (they are adjacent, no empty arcs between them), so they merge. Yes! That makes sense: gap=0 means the snakes are next to each other (touching), so they merge into one snake, and the gap between the new snake and its neighbors becomes the sum of the two original gaps (since merging two snakes with gap g1 and g2 between them would result in a single snake with gap g1 + g2 between the new snake and the next one? Wait, no: let's take two snakes with gap g between them (g empty arcs). If they merge, the number of gaps decreases by 1 (from 2 gaps to 1 gap for the merged snake), and the gap size for the merged snake's new gap is g (the gap that was between them) plus the gaps adjacent? Wait, no.

Let's take a simple case: 3 snakes in a line on a circle (but circle, so 3 gaps). Suppose we have snakes A, B, C in order, with gaps g1 (between A and B), g2 (between B and C), g3 (between C and A). Each gap is empty arcs. If B is adjacent to A and C (g1=0, g2=0), then A and B are touching, B and C are touching, so they all merge into one snake, resulting in a single snake with gaps g1 + g2 + g3 = g3 (since total empty arcs is g1+g2+g3=45 - 3=42, so merged snake has length 3, gaps=42).

But in our problem, initially, all gaps are equal: 15 gaps, each 2 empty arcs (since 45 - 15*1=30, 30/15=2). Now, when a snake moves, what happens to the gaps?

Suppose we have a single snake with length l, between gap g (left) and gap h (right). The snake occupies l arcs, so the total ""space"" for the snake and its gaps is l + g + h. When the snake moves left by 1 arc, the entire snake shifts left, so the gap to the left of the snake increases by 1 (because there's one more empty arc to the left of the snake), and the gap to the right of the snake decreases by 1 (because the snake is now one arc closer to the right neighbor). Wait, let's verify with numbers.

Take circle of 6 arcs, 1 snake at position 0 (length 1), so gaps: between snake and itself (circle) is 5 empty arcs? Wait, maybe better with two snakes: 2 snakes, 1 arc each, on circle of 6 arcs: snakes at 0 and 3, so gaps: between 0 and 3: arcs 1,2 (2 empty), between 3 and 0: arcs 4,5 (2 empty). So gaps g1=2, g2=2.

Now, snake at 0 moves left to 5 (mod6). Now snakes at 5 and 3. Order around circle: 3,5 (since 3 < 5 < 6). Gap between 3 and 5: arc 4 (1 empty), gap between 5 and 3: arcs 0,1,2 (3 empty). So g1'=1, g2'=3. Original gaps: g1=2, g2=2. Snake at 0 (which was the first snake) moved left: gap to the right (g2) decreased by 1 (from 2 to 3? Wait no, g2 was the gap between snake2 and snake1, now it's between snake2 and snake1 shifted left). Wait, maybe when a snake moves, it affects the two gaps adjacent to it: each move of a snake left decreases the gap to its right by 1 and increases the gap to its left by 1? In the example: snake1 at 0, snake2 at 3. Gap left of snake1: between snake2 and snake1, which is 4,5 (2 arcs), gap right of snake1: between snake1 and snake2, which is 1,2 (2 arcs). Snake1 moves left to 5: now gap left of snake1 (between snake2 and snake1) is 0,1,2 (3 arcs), gap right of snake1 (between snake1 and snake2) is 4 (1 arc). So yes! Moving a snake left: gap to the left increases by 1, gap to the right decreases by 1. Moving a snake right: gap to the left decreases by 1, gap to the right increases by 1.

Perfect! Let's formalize this with gap notation. For a configuration with m snakes (m ≥2), label the gaps as g_1, g_2, ..., g_m ≥0, where g_i is the number of empty arcs between snake i and snake i+1 (snake m+1 = snake 1). Each snake i has a length l_i ≥1 (initially l_i=1 for all i), and we have sum_{i=1}^m l_i + sum_{i=1}^m g_i = 45 (total arcs).

When snake i moves left by 1 arc: the gap to the left of snake i (which is g_i, between snake i and snake i+1? Wait, no, in the example above, snake1 at 0, snake2 at 3: gap between snake1 and snake2 (going clockwise) is arcs 1,2 ⇒ g1=2, gap between snake2 and snake1 is arcs 4,5 ⇒ g2=2. When snake1 moves left to 5, the gap between snake1 and snake2 (clockwise) is now arc 4 ⇒ g1=1, gap between snake2 and snake1 is arcs 0,1,2 ⇒ g2=3. So moving snake1 left: g1 decreases by 1, g2 increases by 1.

Ah! So in general, for snake i, the gap immediately to its right (the gap between snake i and snake i+1) is g_i, and the gap immediately to its left (between snake i-1 and snake i) is g_{i-1} (with g_0 = g_m). Then, moving snake i left by 1: the gap to its right (g_i) decreases by 1 (since the snake moves left, the space between snake i and snake i+1 is now one less), and the gap to its left (g_{i-1}) increases by 1 (space between snake i-1 and snake i is now one more). Similarly, moving snake i right by 1: gap to the right (g_i) increases by 1, gap to the left (g_{i-1}) decreases by 1.

Yes, that matches the example: snake1 (i=1) moves left: g1 (gap to right) decreases by 1 (from 2 to 1), g0 = g_m = g2 (gap to left) increases by 1 (from 2 to 3). Perfect.

Now, when do snakes merge? Two snakes merge if they are touching, i.e., the gap between them is 0. The gap between snake i and snake i+1 is g_i, so if g_i = 0, snakes i and i+1 are touching (no empty arcs between them), so they merge into a single snake. When they merge, what happens to the gap sequence?

Suppose g_i = 0 (snakes i and i+1 merge). After merging, we have m-1 snakes, so the gap sequence becomes g_1, ..., g_{i-1}, g_i + g_{i+1}, g_{i+2}, ..., g_m (with the understanding that g_{i+1} is now part of the new gap between the merged snake and snake i+2). Wait, in the example with g_i=0: suppose we have two snakes with g1=0 (so they merge). Original gaps: g1=0, g2, g3, ..., g_m. After merging snakes 1 and 2, we have one snake, so gaps become g2 + g1 = g2 (wait, no—merging two snakes with gap g1=0 between them: the total empty arcs that were in g1 and g2 become the new gap between the merged snake and snake 3? Wait, let's take m=3, gaps g1, g2, g3, snakes 1,2,3. If g1=0 (snakes 1 and 2 touch), they merge into snake 12, so now we have two snakes: 12 and 3. The gap between 12 and 3 is g2 (since originally between 2 and 3 was g2), and the gap between 3 and 12 (going the other way) is g3 + g1 = g3 (since g1 was between 1 and 2, now it's between 3 and 12). Wait, yes! So merging snakes i and i+1 (with g_i=0) replaces the two gaps g_i and g_{i+1} with a single gap g_i + g_{i+1}? Wait, no—when you merge two snakes, the number of gaps decreases by 1, and the new gap is the sum of the two gaps that were adjacent to the merged snakes? Wait, in the m=3 case with g1=0 (snakes 1-2 touch), merging them gives a single snake, so the gaps become: between merged snake and snake 3 is g2 (the gap that was between snake 2 and 3), and between snake 3 and merged snake is g3 + g1 (the gap that was between snake 3 and 1, plus the gap that was between 1 and 2, which is now closed). Wait, maybe better to forget the gap labels and think in terms of the process.

Key insight from the gap dynamics: when a snake moves left or right, it swaps the two adjacent gaps by ±1 (left move: gap right -1, gap left +1; right move: gap right +1, gap left -1). The merging happens when a gap becomes 0 (since gap=0 means two snakes are adjacent, so they touch and merge).

But here's the critical point: the problem states that the snakes start at positions 0,3,6,...,42 mod45, so the initial gap sequence is g1=g2=...=g15=2 (15 gaps, each 2 empty arcs). Now, is the process symmetric with respect to the gap sizes? Since all gaps are equal initially, and the movement of each snake affects two gaps by ±1, maybe the process is symmetric, so all gaps have the same distribution at any time, and we can model the state by the number of snakes (m) and the gap size (since all gaps are equal due to symmetry).

Wait, let's test if the symmetry holds. Initially, all gaps are equal (2). When a snake moves, it changes two adjacent gaps by ±1. If the system is symmetric (all gaps equal), then moving any snake will result in a state where two adjacent gaps are 2+1=3 and 2-1=1 (if moving left: gap right -1, gap left +1), so the gap sizes become two different values: 1 and 3, with the rest still 2. But is the system still symmetric? No, but maybe after a few steps, the symmetry is broken, but wait—wait a second! The circle has 45 arcs, which is divisible by 3, and the snakes start at multiples of 3, but when they move, their positions change by ±1, so their positions mod3 cycle through 0,1,2.

Wait, another angle: the problem says ""the expected number of seconds until there is only one snake left"". This sounds like a problem where we can model the process as a Markov chain where the state is the number of snakes, but we need to check if the time to go from m snakes to m-1 snakes depends only on m, or if there's more to it.

Wait, but when you have m snakes, the number of possible ways they can merge depends on the gap sizes. However, in the initial configuration, all gaps are equal, and the problem is on a circle with high symmetry (45 is divisible by 15, etc.), maybe the process is such that the only thing that matters is the number of snakes, and the time to reduce from m snakes to m-1 snakes is the same for all m (but that seems unlikely).

Wait, no—let's think about the minimal time to merge two snakes. Initially, gaps are 2, so to get a gap of 0, we need two snakes to move towards each other such that the gap between them decreases to 0. Each snake moves towards the other: if two adjacent snakes (in the circular order) have gap g, then to merge them, the gap needs to go from g to 0, which requires g steps of the snakes moving towards each other (each snake moving towards the other reduces the gap by 1 per step).

Wait, here's a classic problem: on a line, two particles with a gap g between them, each moving left/right with probability 1/2, but here it's a circle, but maybe we can consider the gaps between snakes.

Wait, let's consider the process for two snakes first, to get intuition. Suppose we have two snakes on a circle of 45 arcs (but actually, for two snakes, the circle is just two arcs with gaps, but maybe better to take a linear case first, but the problem is circular).

Wait, no—for two snakes, initially they are separated by 2 empty arcs (gaps: g1=2, g2=45-1-2=42? Wait, no, for two snakes, each length 1, total occupied arcs=2, so empty arcs=43, so gaps: g1 + g2=43, initially g1=2 (between snake1 and snake2), g2=41 (between snake2 and snake1). Wait, but in our problem, with 15 snakes, all gaps equal, so for m snakes, each gap= (45 - m)/m. Wait, yes! Initially, m=15 snakes, each length 1, so total occupied=15, empty=30, so each gap=30/15=2, which matches.

In general, for m snakes (all length 1, which they start as, but when they merge, length increases), total occupied arcs=sum l_i, empty arcs=45 - sum l_i, and sum gaps=empty arcs=45 - sum l_i.

But when two snakes merge, sum l_i increases by 1 (from l to l+1), so sum gaps decreases by 1 (since total empty arcs decreases by 1, because merged snake occupies one more arc).

Wait, let's define for a configuration with m snakes, let E(m) be the total empty arcs, so E(m) = 45 - sum_{i=1}^m l_i. Initially, m=15, l_i=1, so E(15)=30. When two snakes merge, m decreases by 1, sum l_i increases by 1, so E(m) decreases by 1. Therefore, E(m) = 30 - (15 - m) = 15 + m. Wait, let's check: m=15, E=30=15+15=30, yes. m=14, E=29=15+14=29, yes. m=1, E=15+1=16? Wait, no: when m=1, sum l_i=45 (since only one snake, must occupy all arcs), so E(1)=0. Wait, my mistake: when snakes merge, the total occupied arcs increase by the number of snakes that merge? No, when two snakes merge, the total occupied arcs become (l1 + l2), so increase by (l1 + l2 - 2) if they were length 1 before merging? Wait, no, initially all snakes are length 1, but as they merge, snakes get longer.

This is getting messy. Let's go back to the gap idea with the key property from the movement: each snake move changes two adjacent gaps by +1 and -1 (left move: gap right -1, gap left +1; right move: gap right +1, gap left -1). Therefore, the total sum of all gaps is invariant under snake moves! Wait, in the example earlier: two snakes, gaps g1, g2. Moving snake1 left: g1 becomes g1-1, g2 becomes g2+1, so total sum g1+g2 remains the same. Yes! That's a crucial invariant.

Initially, with m snakes, each gap is g (since symmetric), so total sum of gaps = m * g. Initially, m=15, sum gaps=30, so g=2, as we had.

When a snake moves, total sum of gaps is unchanged (since it's a swap of +1 and -1 between two gaps). Therefore, for any m snakes, if we have a configuration with m snakes, the total sum of gaps is S = 45 - sum_{i=1}^m l_i, where l_i is the length of snake i. But wait, when snakes merge, the number of snakes decreases, and the sum of gaps changes? Wait, no—merging happens after the moves, so the gap changes happen during the move step, then merging happens, which affects the gap count.

Let's clarify the timeline per second:

1. Start of second: m snakes, with gap sizes g_1, ..., g_m ≥0 (m gaps, sum g_i = total empty arcs = 45 - sum l_i).

2. Each snake independently chooses to move left or right (prob 1/2 each), so each snake's move affects two adjacent gaps (as we established: moving snake i left: g_i ← g_i -1, g_{i-1} ← g_{i-1} +1; moving right: g_i ← g_i +1, g_{i-1} ← g_{i-1} -1).

3. After all moves, we have a new gap sequence (with possible negative gaps? Wait, no—gaps can't be negative, because gaps are number of empty arcs, so we must have g_i ≥0 at all times. But the problem says ""if two snakes ever touch, they merge"", so probably gaps are always non-negative, and merging happens immediately when a gap becomes 0 (to prevent negative gaps, but actually, merging is the event that causes the gap to be 0).

Wait, the problem says: ""if two snakes ever touch, they merge"". So ""touch"" means they are adjacent, i.e., gap=0, so merging happens when a gap becomes 0 (after the move step). Therefore, during the move step, gaps can be negative? But that doesn't make sense. More likely, the movement is such that when a snake moves, it can only move to adjacent arcs, so gaps can't become negative—i.e., the movement is constrained so that gaps stay non-negative, but the problem states ""each snake independently moves either one arc left or one arc right"", so they can move to any adjacent arc, even if it's occupied? Wait, no—if two snakes are on the same arc, they would overlap, but the problem says ""touch"", so maybe ""touch"" is the only merging condition, and overlapping (same arc) is not considered.

Wait, let's abandon the gap model for a second and think about the relative motion of the snakes.

Each snake is a point (initially), moving left/right with probability 1/2 each second, independent. Two snakes ""touch"" when their positions are adjacent (differ by 1 mod45), and then they merge into a single snake (so now the merged snake is a ""block"" of two adjacent positions, which then moves as a single unit? Wait, no—the problem says ""the merged snake moves as one snake"", so maybe after merging, the merged snake's movement is still one step left or right (i.e., the entire block moves by one arc).

But here's a different perspective inspired by the problem's symmetry and the fact that the initial configuration has period 3:

The circle has 45 arcs, snakes start at positions ≡0 mod3 (0,3,...,42). Each move changes a snake's position by ±1, so after t moves, a snake is at position ≡0 + t mod3 (wait, no: each move is ±1, so total displacement mod3 is (number of +1 moves) - (number of -1 moves) = (r - (t - r)) = 2r - t mod3, so it's not fixed mod3. However, the key is that the distance between two snakes mod3 is fixed? Let's compute the initial distance between two adjacent snakes: 3 arcs apart (positions 0 and 3), so distance 3 ≡0 mod3. After t moves, each snake has moved r_i - l_i = d_i (displacement) for snake i, so distance between snake i and j is (d_j - d_i) mod45. Initially, d_i=0 for all, so distance between snake i and j is 3*(j-i) mod45 (for adjacent snakes, j=i+1, distance 3).

But maybe instead of absolute positions, consider the gaps between snakes modulo something.

Wait, another idea: the problem is equivalent to a random walk on the circle where the ""state"" is the number of snakes, but since merging depends on the gaps, and the gaps are all equal initially, maybe the process is such that the only thing that matters is the number of snakes, and the time to merge two snakes is the same for any pair of snakes, due to symmetry.

Let's consider the case with m snakes, all initially separated by 2 arcs (so the minimal gap between any two snakes is 2). To merge two snakes, we need two snakes to move towards each other such that the gap between them decreases to 0. For two specific snakes, say snake A and snake B, with 2 empty arcs between them (so they are separated by 2 arcs), how many steps does it take for them to merge?

Wait, but in the problem, snakes move independently, so for two snakes with gap g between them (g empty arcs), the probability that they move towards each other in a step is 1/4 (snake A moves right, snake B moves left), and they move away with probability 1/4 (A left, B right), and with probability 1/2 they move in the same direction (A right, B right or A left, B left), which keeps the gap the same.

Wait, yes! For two snakes with a gap of g empty arcs between them (so the number of arcs between them is g + 1? Wait, no—let's define for two snakes, the ""distance"" as the number of steps between them to merge. If two snakes are separated by k empty arcs (so the arc between them is k+1 arcs apart), but maybe better for two snakes on a line (since the circle can be broken at a point for simplicity, as the process is symmetric):

Suppose we have two snakes on a line (not a circle) with k empty arcs between them (so the gap is k, meaning k empty arcs, so the snakes are k+1 apart). Each snake moves left or right with probability 1/2, independently. The gap decreases by 1 if they move towards each other (prob 1/4), stays the same if they move in the same direction (prob 1/2), increases by 1 if they move away (prob 1/4).

This is a classic birth-death process for the gap size. The expected time to go from gap k to gap 0 (merging) is a known quantity.

Wait, in our problem, the circle is symmetric, so for the entire system, we can consider the gaps between snakes, and due to the initial symmetry (all gaps equal), the process is such that all gaps have the same distribution at any time (by symmetry), so we can model the state by the number of snakes m and the gap size g (since all gaps are g, so m*g = total empty arcs = 45 - m*1? Wait, no—initially, m=15, each gap=2, so total empty arcs=15*2=30, which is 45 - 15*1=30, correct.

When we have m snakes, all with gap size g (by symmetry), then total empty arcs = m*g, so m*g = 45 - sum l_i. But initially, sum l_i = m (all length 1), so m*g = 45 - m ⇒ g = (45 - m)/m. Wait, for m=15, g=30/15=2, correct. For m=14, if we have merged one snake, sum l_i=14 (13 snakes length 1, 1 snake length 2? Wait, no—when two snakes merge, sum l_i increases by 1 (from 2 to 3), so for m snakes, sum l_i = 15 + (15 - m) = 30 - m? Wait, initial sum l_i=15 (15 snakes, length 1). Each merge reduces m by 1 and increases sum l_i by 1 (since two snakes of length l1, l2 become one of length l1+l2, so sum l_i increases by l1 + l2 - 2). Wait, if both snakes are length 1, sum l_i increases by 1 per merge (from 2 to 3). If a snake is length 2 and another is length 1, sum l_i increases by 2 (from 3 to 4), etc.

This is getting too complicated with lengths. Let's go back to the key insight from the gap movement: each snake move changes two adjacent gaps by +1 and -1, so the total sum of gaps is invariant during the move step (before merging). When merging happens, a gap of 0 is formed, so the two adjacent gaps (g_i and g_{i+1}) become g_i + g_{i+1} (wait, no—when two snakes merge, the gap between them is 0, so the number of gaps decreases by 1, and the new gap is the sum of the two gaps that were adjacent to the merged snakes?).

Wait, here's a breakthrough from the problem statement: ""the circumference of a circle is divided into 45 arcs, each of length 1. Initially, there are 15 snakes, each of length 1, occupying every third arc"". So ""every third arc"" means the snakes are at positions 1,4,7,...,43 (if we start counting from 1) or 0,3,6,...,42 (mod45), as we had. The key is that the distance between consecutive snakes is 3 arcs (i.e., 2 arcs between them).

Now, consider the problem modulo 3. Each arc is a position mod3 (0,1,2). Initially, all snakes are at position 0 mod3 (since 0,3,...,42 ≡0 mod3). Each move changes a snake's position by ±1 mod3, so after t moves, a snake is at position (0 + s_t) mod3, where s_t is the total displacement mod3 (s_t = (number of right moves - number of left moves) mod3).

Two snakes are at positions x and y mod3. For them to be adjacent (touching), their positions must differ by 1 mod45, so they differ by 1 mod3 (since 45 is divisible by 3). Therefore, two snakes can only touch if they are at positions differing by 1 mod3. But initially, all snakes are at 0 mod3, so after t moves, all snakes are at positions ≡ t mod3? Wait, no: each move changes position by ±1, so displacement per move is 1 or 2 mod3, so total displacement mod3 is not fixed.

Wait, but here's a critical point: the difference between the positions of two snakes mod3 is fixed? Initially, all snakes are at 0 mod3, so difference is 0 mod3. After one move, each snake is at 1 or 2 mod3 (since 0±1=1 or 2 mod3), so the difference between two snakes is (a - b) mod3, where a,b ∈{1,2}. Possible differences: 0 (if both 1 or both 2), 1 (1-2=2, 2-1=1), 2 (2-1=1, 1-2=2). So differences can be 0,1,2 mod3.

But for two snakes to be adjacent (touching), their positions must differ by 1 mod45, so differ by 1 mod3 (since 45 is divisible by 3). Therefore, two snakes can only touch if their positions differ by 1 mod3. However, initially, all snakes differ by 0 mod3, so to get a difference of 1 mod3, some snakes must have moved more than others.

But maybe the key is that the process is equivalent to a system where the snakes are indistinguishable in terms of their relative motion, and the only thing that matters is the number of snakes and the fact that they are initially equally spaced.

Wait, let's think about the problem as a random walk on the number of snakes. Let T_m be the expected time to go from m snakes to m-1 snakes. We need to find T_15 + T_14 + ... + T_2 (since we start at 15, need to go down to 1).

Why is this? Because each time we merge two snakes, we go from m to m-1, so the total time is the sum of the expected times for each merge step.

Now, the question is: what is T_m for each m?

To find T_m, we need to know the expected time for two specific snakes to merge given that there are m snakes.

But due to the initial symmetry, and the fact that the circle is large (45 arcs), maybe for m snakes, the expected time to merge two snakes is the same for any two snakes, and depends only on m.

Wait, but in the initial configuration, all gaps are equal (2), so for any two snakes, the minimal gap between them is 2 (since it's a circle with 15 snakes, each gap 2). When snakes move, the gaps change, but due to symmetry, all gaps remain equal in distribution? Wait, no, but maybe for the purpose of merging, the process is such that the expected time to merge two snakes is the same as the expected time for two particles on a line with initial gap k to meet, but on a circle with symmetric gaps.

Wait, let's consider a simpler case: suppose we have two snakes on a circle of 2n arcs, initially separated by n-1 arcs (so gap n-1). How long does it take for them to merge?

But maybe the problem has a trick related to the fact that 45 is divisible by 3, and the snakes start at multiples of 3, but when they move, their positions mod3 cycle.

Wait, another approach: since each snake moves left or right with probability 1/2 each second, independent of others, and merging happens when two snakes are adjacent, this is similar to the ""coalescence"" process in random walks.

In particular, for a system of m particles on a circle, each moving left/right with probability 1/2, the expected time to coalesce into one particle is a known problem.

Wait, yes! In the ""coalescing random walks"" literature, for m particles on a circle (or line) with symmetric random walks, the expected time to coalesce is a standard result.

But in our case, the particles are ""snakes"" that are length 1 initially, but when they coalesce, they become length 2, etc. However, the problem states: ""if two snakes ever touch, they merge to form a single snake occupying the arcs of both of the previous snakes"". So when two snakes (each length 1) touch (are adjacent), they merge into a snake of length 2. Then, this new snake moves as one snake (so it's a single entity that moves left/right by 1 arc each second).

Crucially, the merging process doesn't change the ""speed"" of the snakes—each snake, whether length 1 or more, moves left or right by 1 arc per second, as a single unit. Therefore, the entire process is equivalent to m particles (each particle is a snake, which is a contiguous block) moving on the circle, where each particle moves left/right with probability 1/2 each second, and when two particles are adjacent (i.e., their blocks touch), they merge into one particle (block).

But in the standard coalescing random walks, particles move and coalesce when they meet, but here, particles move and coalesce when they become adjacent (not when they meet at the same point). Wait, in our case, particles start at distinct positions (separated by 2 arcs), move to adjacent positions, and merge when they become adjacent (so the distance between them decreases by 1 each time they move towards each other).

Wait, let's model each snake as a point (its ""center"" of mass""), but since they are length 1, the position of the snake is the arc it occupies, so it's a single point. When two snakes are on adjacent arcs, they merge, so it's like two particles on a circle, each moving to adjacent sites, and merging when they are at adjacent sites.

But maybe the key is that the problem is equivalent to a system of m particles on a circle of size N=45, each particle moves left/right with probability 1/2, and the process stops when all particles are in a single interval (but no, it stops when there's one snake, i.e., one interval).

Wait, no—when two snakes merge, they become one snake, so the number of snakes decreases by 1 each time a merge happens. The process stops when there's one snake.

Now, here's a critical realization: in order for two snakes to merge, they must become adjacent. Since the snakes move one arc per second, the relative speed between two snakes is 2 arcs per second if they move towards each other (one left, one right), 0 if they move in the same direction, or -2 if they move away.

But the initial distance between two adjacent snakes is 2 arcs (empty arcs between them), so to merge, the distance between them needs to go from 2 to 0 (since gap=0 means they are adjacent). Wait, if two snakes have a gap of g empty arcs between them (so the number of arcs between their positions is g+1), then to merge, the gap needs to decrease to 0.

For two snakes with gap g, the probability that they move towards each other in a step is 1/4 (snake A right, snake B left), probability they move away is 1/4 (A left, B right), probability they move in the same direction is 1/2 (both right or both left), which keeps the gap the same.

This is a classic Markov chain for the gap size: let T(g) be the expected time to go from gap g to gap 0.

For g ≥1, the recurrence is:

T(g) = 1 + (1/4)T(g-1) + (1/2)T(g) + (1/4)T(g+1)

Wait, no—when the gap is g, moving towards each other (prob 1/4) decreases the gap by 1 to g-1, moving away (prob 1/4) increases the gap by 1 to g+1, moving same direction (prob 1/2) keeps the gap at g.

Yes, that's correct. So:

T(g) = 1 + (1/4)T(g-1) + (1/2)T(g) + (1/4)T(g+1)

Simplify:

T(g) - (1/2)T(g) = 1 + (1/4)T(g-1) + (1/4)T(g+1)

(1/2)T(g) = 1 + (1/4)T(g-1) + (1/4)T(g+1)

Multiply both sides by 4:

2T(g) = 4 + T(g-1) + T(g+1)

Rearrange:

T(g+1) - 2T(g) + T(g-1) = -4

This is a second-order linear recurrence relation. The homogeneous solution is linear (T_h(g) = A + Bg), and a particular solution is quadratic (since the nonhomogeneous term is constant, and the homogeneous solution has linear terms, so try T_p(g) = Cg²).

Plug in: C(g+1)² - 2Cg² + C(g-1)² = C(g² + 2g + 1) - 2Cg² + C(g² - 2g + 1) = 2C = -4 ⇒ C = -2.

So general solution: T(g) = A + Bg - 2g².

Now, we need boundary conditions. What is T(0)? If gap=0, they are already merged, so T(0)=0.

What about T(1)? Wait, for g=1, if gap=1, moving towards each other (prob 1/4) takes it to gap=0, so T(1) = 1 + (1/4)T(0) + (1/2)T(1) + (1/4)T(2) ⇒ T(1) = 1 + (1/2)T(1) + (1/4)T(2) ⇒ (1/2)T(1) = 1 + (1/4)T(2) ⇒ 2T(1) = 4 + T(2).

But from the recurrence: T(2) - 2T(1) + T(0) = -4 ⇒ T(2) - 2T(1) = -4 ⇒ T(2) = 2T(1) - 4. Plug into above: 2T(1) = 4 + 2T(1) - 4 ⇒ 2T(1)=2T(1), which is consistent, so we need another condition.

Wait, in our problem, the circle has a finite size, but for the initial gap between two snakes, we have to consider the circularity. However, in the symmetric case with m snakes, all gaps are equal, so when we have m snakes, the gap between any two adjacent snakes is g = (total empty arcs)/m = (45 - m)/m (since total empty arcs = 45 - m, because initially all snakes are length 1, and when merging, the total occupied arcs increase by 1 per merge, so for m snakes, total occupied arcs = 15 + (15 - m) = 30 - m? Wait, let's calculate total occupied arcs correctly:

- Start: 15 snakes, each length 1 ⇒ total occupied = 15, total empty = 30.

- Each merge: two snakes (lengths l1, l2) become one snake (length l1 + l2) ⇒ total occupied increases by (l1 + l2 - 2). Initially, l1=l2=1, so total occupied increases by 1 per merge.

- After k merges, we have 15 - k snakes, total occupied = 15 + k.

- Total empty arcs = 45 - (15 + k) = 30 - k.

- Since there are (15 - k) snakes, and due to the initial symmetry, the gaps between snakes are equal (by symmetry, the process is symmetric so all gaps are equal), so each gap = (total empty arcs)/(number of gaps) = (30 - k)/(15 - k).

Yes! This makes sense because the process starts symmetrically, and the movement is symmetric (each snake moves independently with the same probability), so the gap distribution remains symmetric (all gaps equal) at any time before merging. When merging happens, the symmetry is broken, but since we're considering the expected time to merge, and the problem is symmetric, the expected time to merge any two adjacent snakes is the same, so we can model the state by the number of gaps (which is equal to the number of snakes), each gap size g = (30 - k)/(15 - k) where k is the number of merges so far (so for m = 15 - k snakes, g = (30 - (15 - m))/(m) = (15 + m)/m? Wait, no:

Wait, let's let m be the current number of snakes (m = 15 - k, k = number of merges). Total empty arcs = 30 - k = 30 - (15 - m) = 15 + m. Yes! Total empty arcs = 15 + m, since k = 15 - m ⇒ 30 - k = 15 + m.

Number of gaps = m (since it's a circle with m snakes, m gaps).

Therefore, each gap size g = (total empty arcs)/m = (15 + m)/m.

Wait, for m=15: g=(15+15)/15=30/15=2, correct.

For m=14: g=(15+14)/14=29/14≈2.07, not integer. Wait, but gaps don't have to be integers? Wait, no—gaps are number of empty arcs, so they must be integers. Uh-oh, this is a problem.

Ah! Here's the mistake: when snakes merge, the total occupied arcs increase by the number of snakes that merge minus 1 (for two snakes merging, total occupied increases by 1, as 1+1=2, so 2-2=0? No, wait: two snakes each occupy 1 arc, total 2 arcs. After merging, one snake occupies 2 arcs, so total occupied arcs increase by 1 (from 2 to 3? No, 2 arcs become 2 arcs? Wait, no—each snake is a contiguous block of arcs. A snake of length 1 occupies 1 arc. When two snakes merge, they occupy 2 arcs (since they were adjacent, so no overlap), so total occupied arcs increase by 0? Wait, that's the key!

I think I've been misinterpreting ""length"" of the snake. The problem says: ""each snake of length 1, occupying every third arc"". So ""length 1"" means the snake occupies 1 arc (length 1). When two snakes merge, ""the merged snake occupies the arcs of both of the previous snakes"", so if each previous snake occupied 1 arc, the merged snake occupies 2 arcs (length 2). Therefore, total occupied arcs increase by 1 each merge (from 2 to 3? No: two snakes occupy 2 arcs (1 each), merged snake occupies 2 arcs (the two arcs they were on), so total occupied arcs stay the same? Wait, no—if they are on adjacent arcs, merging them means they now occupy a single block of 2 arcs, so the total number of arcs occupied by all snakes remains the same (since they were on distinct arcs, now on a single block of 2 arcs, so still 2 arcs occupied total).

Oh my goodness, this is the critical misunderstanding!

Let's read the problem statement again carefully: ""the circumference of a circle is divided into 45 arcs, each of length 1"". So there are 45 arcs, each of length 1, total circumference 45.

""Initially, there are 15 snakes, each of length 1, occupying every third arc"". So each snake has length 1 (so occupies 1 arc), and there are 15 snakes, each occupying a distinct arc (since they occupy every third arc), so 15 arcs are occupied by snakes, 30 arcs are empty.

""Every second, each snake independently moves either one arc left or one arc right, each with probability 1/2"". So a snake moves to an adjacent arc (since moving one arc left/right). But if a snake moves to an arc that is already occupied by another snake, what happens?

The problem says: ""If two snakes ever touch, they merge to form a single snake occupying the arcs of both of the previous snakes"". So ""touch"" means they are adjacent (i.e., their occupied arcs are adjacent), not overlapping. So two snakes touch if they are on arcs that are next to each other (e.g., snake A on arc 5, snake B on arc 6—touching), and they merge into a snake on arcs 5 and 6 (length 2).

Importantly, when a snake moves, it moves from its current arc to an adjacent arc (so it's always on one arc, since it's length 1). Wait, no—if a snake is length 2, it occupies two adjacent arcs, so moving it would mean shifting the entire block left or right by one arc (so the block moves to the next set of two adjacent arcs).

Yes! This is the correct interpretation:

- A snake of length L occupies L contiguous arcs (on the circle).

- Initially, all snakes have length L=1, so each occupies 1 arc (a single arc).

- The 15 snakes initially occupy 15 distinct arcs, spaced 3 arcs apart (so between each pair of adjacent snakes, there are 2 empty arcs).

- Every second:
  - Each snake (as a contiguous block) moves: the entire block shifts left by 1 arc (so each arc in the block moves left by 1) or right by 1 arc (each arc in the block moves right by 1), each with probability 1/2, independently of other snakes.

  - After all movements, if any two snakes are adjacent (i.e., their blocks touch but do not overlap), they merge into a single snake occupying the union of their blocks (which is a contiguous block of length L1 + L2).

- The process stops when there is only one snake left.

This makes sense with the ""length"" terminology: a snake's length is the number of arcs it occupies, so a length 1 snake is one arc, length 2 is two adjacent arcs, etc.

Now, the key for the gap model: for a snake of length L, the number of empty arcs to the left and right of it can be defined, but due to the symmetry of the initial configuration (all gaps between snakes equal), and the movement being symmetric, we can assume that at any time with m snakes, all gaps between consecutive snakes (in circular order) are equal. This is because the initial configuration is symmetric, and each snake moves with the same probability, so the process remains symmetric (all gaps have the same distribution).

Let's verify this symmetry. Initially, m=15 snakes, each length 1, so the circle has 15 snakes (each 1 arc) and 30 empty arcs, with 2 empty arcs between each pair of adjacent snakes (15 gaps, 2 each). Now, when a snake moves, it affects the two gaps adjacent to it: moving left decreases the gap to the right by 1 and increases the gap to the left by 1 (as we established earlier with the gap swap). Due to the initial symmetry, all gaps are equal, so moving any snake will result in two gaps being 2+1=3 and 2-1=1, but because of the circular symmetry, the system is still symmetric with respect to rotation—i.e., all gaps have the same distribution, so the expected time to merge any two adjacent snakes depends only on the number of snakes m.

Therefore, we can model the problem as follows: when there are m snakes, all gaps between consecutive snakes are equal to g (an integer, since gaps are number of empty arcs). We need to find g in terms of m.

Total arcs: 45 = (sum of lengths of snakes) + (sum of gaps between snakes).

Initially, m=15 snakes, each length 1 ⇒ sum lengths =15, sum gaps=30, so g=30/15=2.

When two snakes merge, they become one snake, so m decreases by 1, sum lengths increases by (L1 + L2 - 1)? Wait, no: two snakes of lengths L1 and L2 merge into one snake of length L1 + L2, so sum lengths increases by (L1 + L2 - 2) (from L1 + L2 to L1 + L2). Wait, no—sum lengths before merge: L1 + L2. After merge: L1 + L2. So sum lengths is invariant!

Oh my gosh, this is the key! When two snakes merge, they occupy the same arcs (since they were touching), so the total number of arcs occupied by all snakes does not change. Initially, 15 snakes, each length 1 ⇒ 15 arcs occupied. After any number of merges, total occupied arcs is still 15. Therefore, total empty arcs = 45 - 15 = 30, always!

That's a huge invariant I missed earlier. The snakes never overlap or leave empty space; they just merge when they touch, so the total number of arcs they occupy is constant (15), and the number of empty arcs is constant (30).

Therefore, for m snakes (m ≥1), the number of gaps between them is m (on a circle), and each gap is the number of empty arcs between two consecutive snakes. Therefore, sum of gaps = 30, so if all gaps are equal (by symmetry), each gap g = 30/m.

Yes! This makes sense. Initially, m=15, g=30/15=2. If m=14, g=30/14≈2.14, but gaps must be integers? Wait, no—gaps are the number of empty arcs between snakes, so they must be non-negative integers. But the problem states ""the expected number of seconds until there is only one snake left"", so the process is probabilistic, and gaps can be fractional in expectation, but we're dealing with expected values, so it's okay.

Wait, but in reality, gaps are integers, but the symmetry argument says that due to the initial symmetry and the uniform random movement, the expected gap size is the same for all gaps, so we can use the continuous approximation for the expected time, or the symmetry gives us that all gaps have the same expected value, so E[gap] = 30/m for m snakes.

This is a standard technique in symmetric random processes: if the system is symmetric, all gaps have the same expected value, so we can model the gap size as a random variable with mean 30/m.

Now, let's focus on the process of merging. When there are m snakes, each gap is g = 30/m (on average). Two snakes merge if their gap becomes 0 (since gap=0 means they are adjacent, touching). To merge, the gap between two snakes must decrease from g to 0.

As we discussed earlier, for two adjacent snakes with gap g (number of empty arcs between them), each snake moves left or right with probability 1/2 each second. When a snake moves, it affects the gap: moving a snake left decreases the gap to the right by 1 (since the snake moves left, the space between it and the next snake decreases by 1), and increases the gap to the left by 1. Similarly, moving right increases the gap to the right by 1 and decreases the gap to the left by 1.

However, in the symmetric case with m snakes, all gaps are equal, so the movement of one snake affects two adjacent gaps (each gap changes by ±1), but due to symmetry, the expected time to merge any two adjacent snakes depends only on the number of snakes m.

Here's the crucial insight from the problem's structure: the problem is equivalent to a system of m particles on a circle with m gaps, each gap g = 30/m"
8,"Okay, let's try to figure out this problem step by step. First, let's make sure I understand the problem correctly. We need to find how much 70% acid solution (let's call that amount x mL) must be mixed with a 25% acid solution (let's call that amount y mL) to get 756 mL of a 50% acid solution. 

So, the total volume of the mixture is 756 mL, which means x + y = 756. That's one equation.

Next, the amount of pure acid in the mixture should be equal to the amount of pure acid from the 70% solution plus the amount from the 25% solution. The final solution is 50% acid, so the amount of pure acid is 50% of 756 mL. 

Let's write that as an equation. The acid from the 70% solution is 0.70x, the acid from the 25% solution is 0.25y, and the total acid in the mixture is 0.50 * 756. So:

0.70x + 0.25y = 0.50 * 756

We already know that y = 756 - x, so we can substitute that into the second equation to solve for x.

Let me calculate 0.50 * 756 first. That's 378 mL of pure acid in the final mixture.

So the equation becomes: 0.70x + 0.25(756 - x) = 378

Let's expand that: 0.70x + 0.25*756 - 0.25x = 378

Calculate 0.25*756: 756 divided by 4 is 189, so that's 189.

So now: 0.70x - 0.25x + 189 = 378

0.45x + 189 = 378

Subtract 189 from both sides: 0.45x = 378 - 189 = 189

Then x = 189 / 0.45

Let me compute that. 189 divided by 0.45. Well, 0.45 is 9/20, so dividing by 9/20 is multiplying by 20/9. 189 * 20 / 9 = (189 / 9) * 20 = 21 * 20 = 420.

So x is 420 mL. Let's check if that makes sense.

If x is 420 mL of 70% solution, then y is 756 - 420 = 336 mL of 25% solution.

Let's check the acid content: 0.70*420 = 294 mL, 0.25*336 = 84 mL. Total acid is 294 + 84 = 378 mL. 378 mL is 50% of 756 mL (since 0.5*756=378), so that checks out.

Wait, the problem says ""a 25 solution""—I think that's a typo and should be ""25% solution"". Assuming that's the case, the answer is 420 mL.

Let me just make sure I didn't misread the problem. It says ""What quantity of 70 per cent acid solution must be mixed with a 25 solution..."" So ""25 solution"" is probably 25% solution, which is standard. So the answer is 420 mL.
</think>

To determine how much **70% acid solution** must be mixed with a **25% acid solution** to produce **756 mL of a 50% acid solution**, we approach the problem using a system of equations based on volume and concentration.

---

### Step 1: Define Variables

Let:
- $ x $ = amount (in mL) of **70% acid solution**
- $ y $ = amount (in mL) of **25% acid solution**

We are told that the total volume of the final mixture is **756 mL**, so:

$$
x + y = 756 \tag{1}
$$

The amount of **pure acid** in the final solution is **50% of 756 mL**, which is:

$$
0.50 \times 756 = 378 \text{ mL of pure acid}
$$

The amount of pure acid from each solution is:
- From the 70% solution: $ 0.70x $
- From the 25% solution: $ 0.25y $

So, the total acid in the mixture is:

$$
0.70x + 0.25y = 378 \tag{2}
$$

---

### Step 2: Solve the System of Equations

From equation (1), express $ y $ in terms of $ x $:

$$
y = 756 - x
$$

Substitute into equation (2):

$$
0.70x + 0.25(756 - x) = 378
$$

Simplify:

$$
0.70x + 189 - 0.25x = 378
$$
$$
0.45x + 189 = 378
$$
$$
0.45x = 189
$$
$$
x = \frac{189}{0.45} = 420
$$

---

### Step 3: Verify the Solution

If $ x = 420 $ mL of 70% solution, then:

$$
y = 756 - 420 = 336 \text{ mL of 25% solution}
$$

Check the total acid:

- From 70%: $ 0.70 \times 420 = 294 $ mL
- From 25%: $ 0.25 \times 336 = 84 $ mL
- Total: $ 294 + 84 = 378 $ mL → matches the required 50% of 756 mL

✅ The solution checks out.

---

### Final Answer

$$
\boxed{420}
$$"
9,"Okay, let's try to solve this problem. The equation given is 8x + 6yF = L. Wait, hold on, the problem says ""Solve the equation for y"". But there's an F here? Maybe that's a typo? Let me check again.

The problem says: ""Solve the equation for y: 8x + 6 y F = L"". Hmm. Maybe the ""F"" is a variable? Or maybe it's a coefficient? Wait, the problem has a table with two placeholders: [ANS] [ANS]. So probably the equation is supposed to be solved for y, and the answer is two expressions? Wait, the problem might have a formatting issue.

Wait, let me read the problem again carefully. It says: ""Solve the equation for y: 8x+6 y F=L"" followed by a table with two blanks: y= [ANS] [ANS]. Maybe the original problem was written with some LaTeX formatting that got messed up. Let's think.

In some contexts, especially in algebra, when solving for a variable, you might have to isolate it. Let's assume that ""F"" is a constant, or maybe it's a typo for ""x""? Wait, but the equation is 8x + 6yF = L. Let's try to solve for y.

First, let's write the equation as 8x + 6F y = L (assuming F is a coefficient). Then, solving for y:

6F y = L - 8x

So y = (L - 8x) / (6F)

But the problem says the answer has two placeholders: [ANS] [ANS]. Maybe they want it written as (L - 8x)/(6F), but split into numerator and denominator? Like [ANS] is (L - 8x) and [ANS] is (6F)? But that seems odd.

Wait, maybe the original problem had a different equation. Let me check the problem statement again. It says: ""8x+6 y F=L"". Maybe the ""F"" is a variable, so it's 8x + 6y*F = L. So solving for y would be y = (L - 8x)/(6F). But the problem has two answer blanks. Maybe they want it as two separate terms? Like (L - 8x) and 6F? But the problem says ""Solve the equation for y"", so the answer should be y equals something.

Wait, the table is written as: y= [ANS] [ANS]. So maybe the problem is expecting two answers, like the numerator and denominator? But usually, when solving for y, you get a single expression. Hmm.

Alternatively, maybe there was a typo in the problem. For example, if it's 8x + 6y = L, then solving for y would be y = (L - 8x)/6. But the problem says ""6 y F"", so maybe F is a typo for a number? Like 6y* something.

Wait, another thought: In some contexts, especially in programming or specific notations, F might stand for a function, but here it's probably a variable. Let's try to think step by step.

Given equation: 8x + 6yF = L. Let's assume that F is a constant (maybe a coefficient, like a variable). To solve for y, we need to isolate y.

First, subtract 8x from both sides: 6yF = L - 8x.

Then, divide both sides by 6F: y = (L - 8x)/(6F).

So the solution is y = (L - 8x) divided by (6F). Since the problem has two answer blanks, maybe they want the numerator and the denominator. So the first blank is (L - 8x) and the second is (6F). But the problem says ""Solve the equation for y"", so the answer should be y equals that expression. But the table shows y= [ANS] [ANS], so maybe they want it written as two parts, like (L - 8x) and 6F, so the answer is (L - 8x) and 6F.

Wait, but the problem says ""If the problem asks for multiple values or has multiple fill-in-the-blank placeholders, list all answers in order inside a single \boxed{}, separated by commas"". So here, the two placeholders are [ANS] [ANS], so we need to provide two answers.

Let me check if there's another interpretation. Maybe the original problem was written with a different structure. For example, in some textbooks, equations might be written with variables in different places. Wait, the problem says ""Solve the equation for y"", so the answer is y = ... So the two blanks are probably the numerator and denominator.

Wait, let's suppose that the equation is 8x + 6y = L, but there's a typo with F. If that's the case, solving for y would be y = (L - 8x)/6. Then the two answers would be (L - 8x) and 6. But the problem says ""6 y F"", so maybe F is a variable.

Alternatively, maybe ""F"" is a coefficient, like a constant. Let's go with the original problem as written: 8x + 6yF = L.

So solving for y:

6yF = L - 8x

y = (L - 8x) / (6F)

So the expression for y is (L - 8x) divided by (6F). Since there are two answer blanks, maybe they want the numerator and denominator as separate answers. So the first answer is (L - 8x) and the second is (6F).

But the problem says ""Solve the equation for y"", so the answer is y equals that, but the blanks are for the parts after y=, so maybe the problem is designed to have two parts, like (L - 8x) and 6F.

Let me think if there's another way. Maybe the ""F"" is a misprint for ""x"", so the equation is 8x + 6yx = L. Then solving for y: 6yx = L - 8x => y = (L - 8x)/(6x). But that's speculative.

Alternatively, maybe it's a different variable. Wait, the problem is presented as a LaTeX array with two blanks. Let's look at the LaTeX code: \begin{array}{cccc}\hline & y=& & [ANS] [ANS] \\ \hline \end{array}

So the array has four columns. The first column is empty, then y=, then two blanks. So it's structured as: y = [ANS] [ANS]. So they want two answers for the right-hand side of the equation.

In standard algebra, when solving for y, you get a single expression. But here, they have two blanks, so maybe the problem expects the numerator and denominator. For example, if the solution is (L - 8x)/(6F), then the two answers are (L - 8x) and (6F).

So the answer would be (L - 8x) and 6F, so boxed as \boxed{(L - 8x), 6F}

But let's check if there's a different interpretation. Suppose that ""F"" is a typo for a number, like 2, but that's a stretch.

Alternatively, maybe the equation is 8x + 6y = L, and the ""F"" is a mistake. Then solving for y gives y = (L - 8x)/6, so the two answers would be (L - 8x) and 6. But the problem says ""6 y F"", so probably not.

Wait, another angle: In some contexts, especially in older texts or specific fields, F might stand for a function, but here it's likely a variable. Let's stick with the original.

Given the problem as written, the solution for y is (L - 8x)/(6F). Since there are two blanks, the answer is the numerator and the denominator. So the first blank is (L - 8x) and the second is (6F). Therefore, the answers are (L - 8x) and 6F.

I think that's the most plausible interpretation. The problem probably has two blanks for the numerator and denominator of the expression for y.

So the final answer is (L - 8x) and 6F, written as \boxed{(L - 8x), 6F}

Wait, but in some cases, the problem might expect the answer to be simplified or written differently. Let's see: (L - 8x) is the numerator, and 6F is the denominator. So yes, that's the standard way.

I think that's it.
</think>

To solve the equation for $ y $:

$$
8x + 6yF = L
$$

we aim to isolate $ y $. Let's proceed step by step.

---

### Step 1: Isolate the term with $ y $

Subtract $ 8x $ from both sides of the equation:

$$
6yF = L - 8x
$$

---

### Step 2: Solve for $ y $

Divide both sides by $ 6F $ (assuming $ F \neq 0 $):

$$
y = \frac{L - 8x}{6F}
$$

This is the solution expressed as a single fraction.

---

### Step 3: Interpret the problem's structure

The problem specifies that the answer should be filled into the following format:

$$
\begin{array}{cccc}
\hline
& y = & & [ANS] [ANS] \\
\hline
\end{array}
$$

This suggests that the expression for $ y $ is split into **two parts**, likely the **numerator** and **denominator** of the fraction.

From our solution:

$$
y = \frac{L - 8x}{6F}
$$

we can identify:
- Numerator: $ L - 8x $
- Denominator: $ 6F $

Therefore, the two placeholders correspond to these two expressions.

---

### Final Answer

$$
\boxed{(L - 8x), 6F}
$$"
10,"Okay, let's try to solve this integral problem. The question is about finding the value of the integral ∫_{|z|=ρ} (|dz|) / |z - a|², where a ≠ 0, a ≠ ρ, and ρ > 0. 

First, I need to recall that in complex analysis, when dealing with integrals over circles, we often use parameterization. Since |z| = ρ, we can parameterize z as z = ρ e^{iθ}, where θ goes from 0 to 2π. Then, dz = iρ e^{iθ} dθ, so |dz| = |iρ e^{iθ} dθ| = ρ dθ (since |i| = 1 and |e^{iθ}| = 1). That's important because |dz| here is the arc length element, which is ρ dθ in this parameterization.

Next, let's compute |z - a|². Let's write a in polar coordinates as well, but maybe it's easier to use complex numbers. Let's let a = |a| e^{iφ}, but since we're dealing with magnitudes, maybe we can use the formula for |z - a|². For z = ρ e^{iθ}, |z - a|² = (z - a)(\overline{z} - \overline{a}) = |z|² + |a|² - z \overline{a} - \overline{z} a = ρ² + |a|² - 2 Re(z \overline{a}). Since z \overline{a} = ρ e^{iθ} |a| e^{-iφ} = ρ |a| e^{i(θ - φ)}, so Re(z \overline{a}) = ρ |a| cos(θ - φ). Therefore, |z - a|² = ρ² + |a|² - 2 ρ |a| cos(θ - φ).

But maybe instead of dealing with angles, we can use a substitution to simplify the integral. Let's consider the integral in terms of θ. The integral becomes:

∫₀²π [ρ dθ] / |ρ e^{iθ} - a|²

Let's compute |ρ e^{iθ} - a|². Let's denote a = x + iy, so |a|² = x² + y². Then, |ρ e^{iθ} - a|² = (ρ cos θ - x)² + (ρ sin θ - y)² = ρ² cos² θ - 2 ρ x cos θ + x² + ρ² sin² θ - 2 ρ y sin θ + y² = ρ² (cos² θ + sin² θ) + x² + y² - 2 ρ (x cos θ + y sin θ) = ρ² + |a|² - 2 ρ Re(a e^{-iθ}) (since x cos θ + y sin θ = Re(a e^{-iθ})).

Alternatively, using complex conjugates: |z - a|² = (z - a)(\overline{z} - \overline{a}) = |z|² + |a|² - z \overline{a} - \overline{z} a = ρ² + |a|² - 2 Re(z \overline{a}).

So the integral is ∫₀²π [ρ dθ] / [ρ² + |a|² - 2 Re(z \overline{a})]. But z = ρ e^{iθ}, so \overline{z} = ρ e^{-iθ}, so z \overline{a} = ρ e^{iθ} \overline{a}, so Re(z \overline{a}) = ρ Re(\overline{a} e^{iθ}) = ρ Re(a e^{-iθ}) (since Re(\overline{a} e^{iθ}) = Re(a e^{-iθ})).

Maybe a better approach is to use polar coordinates with the origin at a. Let's set w = z - a, but the contour is |z| = ρ, so |w + a| = ρ. That might not be helpful. Alternatively, use the formula for integrals of the form ∫ dθ / (b - c cos θ), which is a standard integral.

Let's rewrite the denominator. Let's let t = θ, so the integral is (ρ) ∫₀²π dθ / [ρ² + |a|² - 2 ρ |a| cos(t - φ)] where φ is the argument of a. Since the integral is over a full circle, the angle φ doesn't matter (it's a constant shift), so we can set φ = 0 without loss of generality (by rotating the coordinate system). So let's assume a is real and positive for simplicity, say a = |a| = r (a real number, r > 0). Then |z - a|² = (ρ cos θ - r)² + (ρ sin θ)² = ρ² + r² - 2 ρ r cos θ. So the integral becomes ∫₀²π [ρ dθ] / (ρ² + r² - 2 ρ r cos θ), where r = |a|.

Ah, this is a standard integral. The integral ∫₀²π dθ / (A - B cos θ) is known. Let's recall that for A > B > 0, ∫₀²π dθ / (A - B cos θ) = 2π / √(A² - B²). Wait, let's check.

Alternatively, use the substitution t = tan(θ/2), so that cos θ = (1 - t²)/(1 + t²), dθ = 2 dt / (1 + t²). Then the integral becomes ∫_{-∞}^∞ [2 dt / (1 + t²)] / [A - B (1 - t²)/(1 + t²)] = ∫_{-∞}^∞ 2 dt / [A(1 + t²) - B(1 - t²)] = ∫_{-∞}^∞ 2 dt / [(A - B) + (A + B) t²] = 2 / (A - B) ∫_{-∞}^∞ dt / [1 + ((A + B)/(A - B)) t²] = 2 / (A - B) * √[(A - B)/(A + B)] * π = 2π / √(A² - B²). Wait, let's compute it step by step.

Let me set A = ρ² + r², B = 2 ρ r. Then the integral is ∫₀²π dθ / (A - B cos θ). Let's compute this.

Using the formula for ∫₀²π dθ / (C + D cos θ) = 2π / √(C² - D²) when C > |D|. Here, C = A = ρ² + r², D = -B = -2 ρ r, so C > |D| because ρ² + r² > 2 ρ r (since (ρ - r)² > 0 unless ρ = r, but the problem states a ≠ ρ, so ρ ≠ |a|, so ρ² + r² > 2 ρ r).

So ∫₀²π dθ / (C + D cos θ) = 2π / √(C² - D²). Let's compute C² - D² = (ρ² + r²)² - (2 ρ r)² = ρ⁴ + 2 ρ² r² + r⁴ - 4 ρ² r² = ρ⁴ - 2 ρ² r² + r⁴ = (ρ² - r²)². Therefore, √(C² - D²) = |ρ² - r²|. So the integral becomes 2π / |ρ² - r²|.

Wait, let's verify with the substitution. Let's take C = ρ² + r², D = 2 ρ r. Then the integral is ∫₀²π dθ / (C - D cos θ). Let's use the standard result: for C > D > 0, ∫₀²π dθ / (C - D cos θ) = 2π / √(C² - D²). Here, C = ρ² + r², D = 2 ρ r, so C² - D² = (ρ² - r²)², so √(C² - D²) = |ρ² - r²|. Therefore, the integral is 2π / |ρ² - r²|.

But wait, in our case, the original integral is ρ times this integral (since we had |dz| = ρ dθ, so the integral is ρ ∫ dθ / |z - a|²). Wait, no: let's recheck.

Wait, z = ρ e^{iθ}, so |dz| = |i ρ e^{iθ} dθ| = ρ dθ (since |i| = 1, |e^{iθ}| = 1). Then |z - a|² = (ρ e^{iθ} - a)(ρ e^{-iθ} - \overline{a}) = ρ² - ρ e^{iθ} \overline{a} - ρ e^{-iθ} a + |a|² = ρ² + |a|² - 2 Re(ρ a e^{-iθ}) (since a e^{-iθ} = (|a| e^{iφ}) e^{-iθ} = |a| e^{i(φ - θ)}, so Re(ρ a e^{-iθ}) = ρ |a| cos(θ - φ)). So |z - a|² = ρ² + |a|² - 2 ρ |a| cos(θ - φ), as before.

So the integral is ∫_{|z|=ρ} |dz| / |z - a|² = ∫₀²π (ρ dθ) / (ρ² + |a|² - 2 ρ |a| cos(θ - φ)). Since the integral over θ is periodic with period 2π, the phase φ doesn't matter, so we can set φ = 0 without loss of generality (by rotating the coordinate system, which doesn't change the integral). So we can assume a is real and positive, say a = r > 0, so |a| = r.

Then the integral becomes ρ ∫₀²π dθ / (ρ² + r² - 2 ρ r cos θ). Let's compute this integral.

Let me recall that ∫₀²π dθ / (A - B cos θ) = 2π / √(A² - B²) when A > B > 0. Here, A = ρ² + r², B = 2 ρ r. Then A² - B² = (ρ² + r²)² - (2 ρ r)² = (ρ² - r²)², so √(A² - B²) = |ρ² - r²|. Therefore, ∫₀²π dθ / (A - B cos θ) = 2π / |ρ² - r²|.

Therefore, the original integral is ρ * (2π / |ρ² - r²|). Wait, but let's check with specific values. Suppose ρ = 1, r = 0 (but r ≠ 0 here, but as a limit). If r → 0, then |z - a|² ≈ |z|² = 1, so the integral should be ∫ |dz| / 1 = 2π (since |dz| over |z|=1 is 2π). Let's see: ρ = 1, r → 0, then 2π ρ / |ρ² - r²| ≈ 2π * 1 / 1 = 2π, which matches. Good.

Another test case: suppose ρ > r, so |a| < ρ. Let's take ρ = 2, r = 1. Then the integral should be 2π * 2 / (4 - 1) = 4π / 3. Let's compute it directly. The integral is 2 ∫₀²π dθ / (4 + 1 - 4 cos θ) = 2 ∫₀²π dθ / (5 - 4 cos θ). Using the formula, ∫₀²π dθ / (5 - 4 cos θ) = 2π / √(25 - 16) = 2π / 3, so 2 * (2π / 3) = 4π / 3. Correct.

If ρ < r, say ρ = 1, r = 2. Then the integral is 2π * 1 / (4 - 1) = 2π / 3. Let's check: 1 ∫₀²π dθ / (1 + 4 - 4 cos θ) = ∫₀²π dθ / (5 - 4 cos θ) = 2π / 3, which matches.

Wait, but in the problem statement, the answer choices have different forms. Let's look at the choices.

Choice A: π ρ / (|a|² - ρ) if |a| < ρ; π ρ / (ρ² - |a|) if |a| > ρ. Wait, the denominators here have |a|² - ρ, but ρ is a length, so |a|² - ρ has units of length squared minus length, which doesn't make sense. So probably A is wrong because of units. Similarly, choice B: π ρ² / (ρ² - |a|²) if |a| < ρ, etc. Let's check the units. The integral ∫ |dz| / |z - a|² has units of (length) / (length²) = 1/length. Wait, no: |dz| is length (since it's the arc length element), |z - a|² is (length)², so the integrand has units of 1/length, so the integral has units of length. Let's see: ρ is length, |a| is length, so π ρ / (|a|² - ρ) has units of length / (length²) = 1/length, which is wrong. Wait, that's a problem. Wait, maybe I made a mistake in units.

Wait, in complex analysis, |dz| is the arc length element, so for |z| = ρ, |dz| = ρ dθ (since z = ρ e^{iθ}, dz = i ρ e^{iθ} dθ, so |dz| = ρ dθ). So |dz| has units of length, |z - a| has units of length, so |z - a|² has units of length squared. Therefore, the integrand has units of length / length² = 1/length, so the integral has units of length. Let's check the answer choices.

Choice A: π ρ / (|a|² - ρ). Units: length / (length² - length) = length / length² = 1/length. Wrong, since the integral should have units of length.

Choice B: π ρ² / (ρ² - |a|²). Units: length² / length² = dimensionless. Wrong.

Choice C: π ρ / (ρ² - |a|²). Units: length / length² = 1/length. Wrong.

Choice D: 2π ρ / (|a|² + ρ²). Units: length / length² = 1/length. Wrong.

Wait, this suggests I made a mistake in the unit analysis. Wait, no: |z - a|² is (length)², |dz| is (length), so the integrand is (length) / (length²) = 1/length, so the integral is (1/length) * (length) [since the contour has length 2π ρ] → dimensionless? Wait, no: the integral is over a contour of length 2π ρ, so the integral has units of (length) * (1/length²) = 1/length. Wait, maybe the problem is in the problem statement: it's |dz|, which is the arc length, so the integral is a real number with units of 1/length (if we consider z as a complex number with magnitude length).

But maybe instead of units, let's go back to the calculation.

We had the integral I = ∫_{|z|=ρ} |dz| / |z - a|² = ρ ∫₀²π dθ / |ρ e^{iθ} - a|².

Let's compute |ρ e^{iθ} - a|² = (ρ e^{iθ} - a)(ρ e^{-iθ} - \overline{a}) = ρ² - ρ e^{iθ} \overline{a} - ρ e^{-iθ} a + |a|² = ρ² + |a|² - 2 Re(ρ \overline{a} e^{iθ}).

Let me set a = r e^{iφ}, so \overline{a} = r e^{-iφ}, then Re(ρ \overline{a} e^{iθ}) = ρ r cos(θ - φ). So |ρ e^{iθ} - a|² = ρ² + r² - 2 ρ r cos(θ - φ).

Let’s make a substitution: let ψ = θ - φ, so dψ = dθ, and the integral becomes ρ ∫₀²π dψ / (ρ² + r² - 2 ρ r cos ψ).

Now, the integral ∫₀²π dψ / (A - B cos ψ) where A = ρ² + r², B = 2 ρ r.

We can use the formula for this integral. Recall that for |B| < A, ∫₀²π dψ / (A - B cos ψ) = 2π / √(A² - B²). Let's verify with A = 1, B = 0: integral is 2π, and 2π / √(1 - 0) = 2π, correct. If A = 2, B = 1, then ∫₀²π dψ / (2 - cos ψ) = 2π / √(4 - 1) = 2π / √3, which is a known result.

In our case, A = ρ² + r², B = 2 ρ r, so A² - B² = (ρ² + r²)² - (2 ρ r)² = (ρ² - r²)², so √(A² - B²) = |ρ² - r²|. Therefore, the integral ∫₀²π dψ / (A - B cos ψ) = 2π / |ρ² - r²|.

Therefore, I = ρ * (2π / |ρ² - r²|) = 2π ρ / |ρ² - r²|.

But the problem states a ≠ 0, a ≠ ρ (probably a ≠ ρ in magnitude, since it's |a| ≠ ρ), so ρ² ≠ r², so |ρ² - r²| is non-zero.

Now, let's look at the answer choices. Let's check each one.

Choice E: 2π ρ / (ρ² - |a|²) if |a| < ρ, and 2π ρ / (|a|² - ρ²) if |a| > ρ. Note that |ρ² - r²| = |r² - ρ²|, so 2π ρ / |ρ² - r²| is equal to 2π ρ / (ρ² - r²) if ρ > r (since then ρ² - r² > 0), and 2π ρ / (r² - ρ²) if r > ρ.

Let's check the answer choices:

Choice E says: if |a| < ρ, then 2π ρ / (ρ² - |a|²); if |a| > ρ, then 2π ρ / (|a|² - ρ²). Wait, no: the denominator in E is (ρ² - |a|²) for |a| < ρ, which is positive (since ρ² > |a|²), and (|a|² - ρ²) for |a| > ρ, which is positive. So E is 2π ρ / (ρ² - |a|²) when |a| < ρ, and 2π ρ / (|a|² - ρ²) when |a| > ρ. Which is exactly 2π ρ / |ρ² - |a|²|, since |ρ² - |a|²| = ρ² - |a|² if |a| < ρ, and |a|² - ρ² otherwise.

Wait, but in our calculation, we have 2π ρ / |ρ² - r²|, where r = |a|. So yes, that's exactly what E is.

Wait, let's check the other choices. For example, choice I is 2π / (ρ² - |a|²) etc., which has no ρ in the numerator, so that's different.

Let's verify with the earlier test case where ρ = 2, r = 1 (|a| = 1 < ρ = 2). Then the integral should be 2π * 2 / (4 - 1) = 4π / 3. Choice E for |a| < ρ gives 2π ρ / (ρ² - |a|²) = 4π / 3, which matches.

Another test case: ρ = 1, r = 2 (|a| = 2 > ρ = 1). Then the integral is 2π * 1 / (4 - 1) = 2π / 3. Choice E for |a| > ρ gives 2π ρ / (|a|² - ρ²) = 2π * 1 / (4 - 1) = 2π / 3, which matches.

Let's check choice B: π ρ² / (ρ² - |a|²) for |a| < ρ. For ρ = 2, |a| = 1, that's π * 4 / (4 - 1) = 4π / 3, which is the same as E's value, but E has 2π ρ instead of π ρ². Wait, 2π ρ = 2π * 2 = 4π, and π ρ² = π * 4, so 4π / 3 vs 4π / 3? Wait, 2π ρ / (ρ² - |a|²) = 4π / 3, and π ρ² / (ρ² - |a|²) = 4π / 3. Wait, in this case, they are equal? Wait, no: 2π ρ = 4π, π ρ² = 4π, so yes, for ρ = 2, they are equal. But let's take another example: ρ = 3, |a| = 1. Then E gives 2π * 3 / (9 - 1) = 6π / 8 = 3π / 4. Choice B gives π * 9 / (9 - 1) = 9π / 8. Which is different. So B is wrong.

Wait, in my first test case with ρ = 2, r = 1, E gives 2π*2/(4 - 1) = 4π/3, and B gives π*4/(4 - 1) = 4π/3. Oh, so in that case they are equal, but for ρ = 3, r = 1, E is 6π/8 = 3π/4, B is 9π/8, which are different. So the key is the numerator.

Let's go back to the integral calculation. We had I = ρ * [2π / |ρ² - r²|]. So the numerator is 2π ρ, denominator is |ρ² - r²|.

Looking at the choices:

Choice E: 2π ρ / (ρ² - |a|²) if |a| < ρ (since ρ² - |a|² > 0), and 2π ρ / (|a|² - ρ²) if |a| > ρ (since |a|² - ρ² > 0). So this is exactly 2π ρ / |ρ² - |a|²|, which matches our result.

Let's check another choice, say choice J: π ρ / (ρ - |a|) if |a| < ρ, etc. For ρ = 2, |a| = 1, that's π*2 / (2 - 1) = 2π, but we know the integral should be 4π/3, so J is wrong.

Choice H: π ρ / (ρ² + |a|²). For ρ = 2, |a| = 1, that's 2π / 5, which is not 4π/3, so wrong.

Choice I: 2π / (ρ² - |a|²). For ρ = 2, |a| = 1, that's 2π / 3, which is not 4π/3, so wrong.

Choice D: 2π ρ / (ρ² + |a|²). For ρ = 2, |a| = 1, that's 4π / 5, which is not 4π/3, so wrong.

Choice E: 2π ρ / (ρ² - |a|²) when |a| < ρ. For ρ = 2, |a| = 1: 4π / 3, which is correct.

Another way to think about this integral: in complex analysis, sometimes we use the Poisson integral or Green's theorem, but since this is a real integral (|dz| is real), maybe we can use the formula for the integral of 1/|z - a|² over the circle.

Alternatively, consider that |z - a|² = (z - a)(\overline{z} - \overline{a}) = |z|² - z \overline{a} - \overline{z} a + |a|² = ρ² - z \overline{a} - \overline{z} a + |a|².

On the contour |z| = ρ, we have \overline{z} = ρ² / z (since z \overline{z} = ρ², so \overline{z} = ρ² / z). Therefore, |z - a|² = ρ² + |a|² - z \overline{a} - (ρ² / z) a.

Let's write this as |z - a|² = (ρ² + |a|²) - a \overline{z} - \overline{a} z.

But maybe we can express the integral in terms of z. Let's note that |dz| = ρ dθ, and z = ρ e^{iθ}, so dθ = dz / (i z), but |dz| = ρ dθ = -i ρ dz / z (since dz = i ρ e^{iθ} dθ = i z dθ, so dθ = dz / (i z), hence |dz| = ρ dθ = ρ |dz| / |i z| = ρ |dz| / z (wait, maybe not helpful).

Alternatively, use the fact that for real integrals over the circle, the integral of |dz| / |z - a|² is equal to the real part of some complex integral, but maybe not necessary.

Wait, let's compute the integral using the formula for ∫ dθ / (A - B cos θ). We had that ∫₀²π dθ / (A - B cos θ) = 2π / √(A² - B²) when A > B > 0. In our case, A = ρ² + r², B = 2 ρ r, so √(A² - B²) = |ρ² - r²|, so the integral ∫₀²π dθ / (A - B cos θ) = 2π / |ρ² - r²|.

Therefore, the original integral is ρ * (2π / |ρ² - r²|) = 2π ρ / |ρ² - r²|.

Now, looking at the answer choices, choice E is exactly this: 2π ρ / (ρ² - |a|²) when |a| < ρ (since then ρ² - |a|² > 0), and 2π ρ / (|a|² - ρ²) when |a| > ρ (since then |a|² - ρ² > 0). So E is the correct choice.

Let me check choice E again: it says ""if |a| < ρ, then 2πρ/(ρ² - |a|²); if |a| > ρ, then 2πρ/(|a|² - ρ²)"". Yes, that's exactly 2πρ / |ρ² - |a|²|, which matches our result.

Other choices: Choice B has π ρ² in the numerator, which would be different. For example, with ρ = 1, |a| = 0 (though a ≠ 0), the integral should be ∫ |dz| / |z|² = ∫ (ρ dθ) / ρ² = (1 * 2π) / 1 = 2π. Choice B would give π * 1 / (1 - 0) = π, which is wrong. Choice E gives 2π * 1 / (1 - 0) = 2π, which is correct (but a ≠ 0, so this is a limit case).

Another check: when |a| = ρ, the integral diverges, which is consistent with the problem statement saying a ≠ ρ (probably |a| ≠ ρ).

So I think the correct answer is E.
</think>

To evaluate the integral  
$$
\int_{|z|=\rho} \frac{|dz|}{|z - a|^2}
$$
where $ a \neq 0 $, $ a \neq \rho $, and $ \rho > 0 $, we proceed by parameterizing the contour.

---

### Step 1: Parameterization

Let $ z = \rho e^{i\theta} $, with $ \theta \in [0, 2\pi] $. Then:
- $ |dz| = \rho d\theta $
- $ |z - a|^2 = |\rho e^{i\theta} - a|^2 $

Using the identity for complex magnitudes:
$$
|z - a|^2 = (\rho e^{i\theta} - a)(\rho e^{-i\theta} - \overline{a}) = \rho^2 + |a|^2 - 2 \text{Re}(\rho a e^{-i\theta})
$$

This simplifies to:
$$
|z - a|^2 = \rho^2 + |a|^2 - 2 \rho |a| \cos(\theta - \phi)
$$
for some angle $ \phi $ (the argument of $ a $). Since the integral is over a full circle, the phase $ \phi $ does not affect the result due to rotational symmetry.

Thus, the integral becomes:
$$
\int_{|z|=\rho} \frac{|dz|}{|z - a|^2} = \rho \int_0^{2\pi} \frac{d\theta}{\rho^2 + |a|^2 - 2 \rho |a| \cos \theta}
$$

---

### Step 2: Evaluate the Integral

This is a standard integral of the form:
$$
\int_0^{2\pi} \frac{d\theta}{A - B \cos \theta}
$$
with $ A = \rho^2 + |a|^2 $, $ B = 2 \rho |a| $.

The known result is:
$$
\int_0^{2\pi} \frac{d\theta}{A - B \cos \theta} = \frac{2\pi}{\sqrt{A^2 - B^2}}, \quad \text{if } A > B
$$

Compute $ A^2 - B^2 $:
$$
A^2 - B^2 = (\rho^2 + |a|^2)^2 - (2 \rho |a|)^2 = (\rho^2 - |a|^2)^2
$$
So,
$$
\sqrt{A^2 - B^2} = |\rho^2 - |a|^2|
$$

Hence, the integral becomes:
$$
\rho \cdot \frac{2\pi}{|\rho^2 - |a|^2|} = \frac{2\pi \rho}{|\rho^2 - |a|^2|}
$$

---

### Step 3: Match with Answer Choices

We now compare this expression with the given choices:

- **Choice E** states:
  $$
  \int_{|z|=\rho} \frac{|dz|}{|z - a|^2} = 
  \begin{cases}
    \dfrac{2\pi \rho}{\rho^2 - |a|^2}, & \text{if } |a| < \rho \\
    \dfrac{2\pi \rho}{|a|^2 - \rho^2}, & \text{if } |a| > \rho
  \end{cases}
  $$

This matches exactly with our computed value:
$$
\frac{2\pi \rho}{|\rho^2 - |a|^2|} = 
\begin{cases}
\frac{2\pi \rho}{\rho^2 - |a|^2}, & \text{if } |a| < \rho \\
\frac{2\pi \rho}{|a|^2 - \rho^2}, & \text{if } |a| > \rho
\end{cases}
$$

All other choices either have incorrect numerators or denominators, or fail to match the correct form in terms of magnitude.

---

### Final Answer

$$
\boxed{E}
$$"
11,"Okay, let's try to work through this problem step by step. First, I need to recall some concepts about simple linear regression and residual standard deviation. 

The residual standard deviation (also called the standard error of the regression) is given by the square root of the mean squared error (MSE), which is (sum of squared residuals) divided by (n-2). So, we need to find an expression for the sum of squared residuals (SSE) in terms of the given summary statistics, then take the square root of SSE/(n-2).

First, let's remember that in simple linear regression, the sum of squared residuals can be expressed in terms of the total sum of squares (SST) and the regression sum of squares (SSR). Specifically, SSE = SST - SSR. 

We know that SST = sum_{i=1}^n (y_i - \bar{y})^2, and SSR = sum_{i=1}^n (\hat{y}_i - \bar{y})^2 = \hat{\beta}_1^2 s_x^2, where s_x^2 is the sample variance of x (since s_x^2 = (1/(n-1)) sum (x_i - \bar{x})^2, so sum (x_i - \bar{x})^2 = (n-1)s_x^2). Wait, actually, in the formula for SSR, it's \hat{\beta}_1^2 * sum (x_i - \bar{x})^2, because \hat{y}_i = \hat{\beta}_0 + \hat{\beta}_1 x_i, so the regression sum of squares is \hat{\beta}_1^2 * sum (x_i - \bar{x})^2. Let me confirm that.

Yes, SSR = \hat{\beta}_1^2 * sum_{i=1}^n (x_i - \bar{x})^2. And sum (x_i - \bar{x})^2 = (n-1)s_x^2, where s_x is the sample standard deviation (so s_x = sqrt( (1/(n-1)) sum (x_i - \bar{x})^2 )). Wait, the problem says s_x is the sample standard deviation, so s_x^2 = (1/(n-1)) sum (x_i - \bar{x})^2, so sum (x_i - \bar{x})^2 = (n-1)s_x^2.

Similarly, SST = sum (y_i - \bar{y})^2 = (n-1)s_y^2, where s_y is the sample standard deviation of y.

Also, the correlation coefficient r_{xy} is defined as r_{xy} = (sum (x_i - \bar{x})(y_i - \bar{y})) / (sqrt(sum (x_i - \bar{x})^2) sqrt(sum (y_i - \bar{y})^2)) = (sum (x_i - \bar{x})(y_i - \bar{y})) / (s_x s_y sqrt(n-1) * sqrt(n-1))? Wait, no. Let's recall: the covariance is (1/(n-1)) sum (x_i - \bar{x})(y_i - \bar{y}), so the correlation coefficient r_{xy} = cov(x,y) / (s_x s_y) = [ (1/(n-1)) sum (x_i - \bar{x})(y_i - \bar{y}) ] / (s_x s_y). Therefore, sum (x_i - \bar{x})(y_i - \bar{y}) = (n-1) r_{xy} s_x s_y.

But the problem states that \hat{\beta}_1 = r_{xy} s_y / s_x. Let's check that. In simple linear regression, the slope \hat{\beta}_1 is equal to (sum (x_i - \bar{x})(y_i - \bar{y})) / sum (x_i - \bar{x})^2. Let's compute that:

sum (x_i - \bar{x})(y_i - \bar{y}) = (n-1) r_{xy} s_x s_y (from above, since cov(x,y) = r_{xy} s_x s_y, and sum (x_i - \bar{x})(y_i - \bar{y}) = (n-1) cov(x,y) = (n-1) r_{xy} s_x s_y).

sum (x_i - \bar{x})^2 = (n-1) s_x^2.

Therefore, \hat{\beta}_1 = [ (n-1) r_{xy} s_x s_y ] / [ (n-1) s_x^2 ] = r_{xy} s_y / s_x. Yes, that's correct. So the problem's definition of \hat{\beta}_1 is right.

Now, let's get back to SSE. We know that SSE = SST - SSR.

SST = sum (y_i - \bar{y})^2 = (n-1) s_y^2 (since s_y^2 = (1/(n-1)) sum (y_i - \bar{y})^2).

SSR = sum (\hat{y}_i - \bar{y})^2 = \hat{\beta}_1^2 sum (x_i - \bar{x})^2 (because the regression line passes through (\bar{x}, \bar{y}), so the sum of squared residuals is SST - SSR, and SSR is the explained sum of squares).

sum (x_i - \bar{x})^2 = (n-1) s_x^2.

Therefore, SSR = \hat{\beta}_1^2 (n-1) s_x^2.

So SSE = (n-1) s_y^2 - \hat{\beta}_1^2 (n-1) s_x^2 = (n-1)(s_y^2 - \hat{\beta}_1^2 s_x^2).

Then, the residual standard deviation is sqrt( SSE / (n-2) ) = sqrt( [ (n-1)(s_y^2 - \hat{\beta}_1^2 s_x^2) ] / (n-2) ).

But let's see if we can express this in terms of r_{xy}. Since \hat{\beta}_1 = r_{xy} s_y / s_x, then \hat{\beta}_1^2 = r_{xy}^2 s_y^2 / s_x^2.

So substitute that into SSE:

SSE = (n-1)(s_y^2 - (r_{xy}^2 s_y^2 / s_x^2) s_x^2) = (n-1) s_y^2 (1 - r_{xy}^2).

Ah! That's a key point. Because the s_x^2 cancels out, so SSE = (n-1) s_y^2 (1 - r_{xy}^2).

Let me verify that. Let's take a step back. The total sum of squares SST is sum (y_i - \bar{y})^2 = (n-1) s_y^2. The explained sum of squares SSR is sum (\hat{y}_i - \bar{y})^2. The correlation coefficient r_{xy} is related to the proportion of variance explained: r_{xy}^2 = SSR / SST. Wait, is that true?

Yes! In simple linear regression, the coefficient of determination R^2 is equal to r_{xy}^2, and R^2 = SSR / SST. Therefore, SSR = R^2 * SST = r_{xy}^2 * (n-1) s_y^2.

Therefore, SSE = SST - SSR = (n-1) s_y^2 - r_{xy}^2 (n-1) s_y^2 = (n-1) s_y^2 (1 - r_{xy}^2). That's a much simpler way to see it.

So then, the mean squared error (MSE) is SSE / (n - 2) = [ (n - 1) s_y^2 (1 - r_{xy}^2) ] / (n - 2).

Wait, but hold on. Let's check with a simple example. Suppose we have n=2. Then n-2=0, which is undefined, but for n >=3, it's okay.

Wait, let's take a concrete example. Let's say n=3, x = [1, 2, 3], y = [1, 2, 3]. Then \bar{x} = 2, \bar{y} = 2. The regression line is y = x, so residuals are 0, 0, 0. So SSE = 0. Let's compute using the formula: s_y is the sample standard deviation of y. y_i - \bar{y} = [ -1, 0, 1 ], so sum (y_i - \bar{y})^2 = 2, so s_y^2 = 2 / (3 - 1) = 1, so s_y = 1. r_{xy} is the correlation coefficient. x_i - \bar{x} = [-1, 0, 1], so sum (x_i - \bar{x})(y_i - \bar{y}) = (-1)(-1) + 0*0 + 1*1 = 2. sum (x_i - \bar{x})^2 = 2, sum (y_i - \bar{y})^2 = 2. So r_{xy} = 2 / (sqrt(2) sqrt(2)) = 1. Then according to the formula, SSE = (n-1) s_y^2 (1 - r_{xy}^2) = 2 * 1 * (1 - 1) = 0, which is correct. Then residual SD is sqrt(0 / (3 - 2)) = 0, which is correct.

Another example: n=3, x = [1, 2, 3], y = [1, 1, 1]. Then \bar{y} = 1, so residuals are y_i - \hat{\beta}_0 - \hat{\beta}_1 x_i. The regression line: \hat{\beta}_0 = 1 - \hat{\beta}_1 * 2, \hat{\beta}_1 = r_{xy} s_y / s_x. Let's compute s_y: y_i - \bar{y} = 0, so s_y = 0, r_{xy} = 0 (since y is constant). So \hat{\beta}_1 = 0, \hat{\beta}_0 = 1. Residuals are 0, so SSE = 0. Using the formula: (n-1) s_y^2 (1 - r_{xy}^2) = 2 * 0 * (1 - 0) = 0, correct.

Another example: n=4, x = [1, 2, 3, 4], y = [2, 3, 4, 5]. This is a perfect linear fit, slope 1, intercept 1. Residuals are 0. s_y: y_i - \bar{y} = [ -1, -0.5, 0.5, 1 ], sum of squares = 1 + 0.25 + 0.25 + 1 = 2.5, so s_y^2 = 2.5 / 3, s_y = sqrt(2.5/3). r_{xy} = 1 (perfect correlation). Then SSE = (4-1) s_y^2 (1 - 1^2) = 3 * (2.5/3) * 0 = 0, correct.

Now, a non-perfect example: n=4, x = [1, 2, 3, 4], y = [1, 2, 2, 3]. Let's compute the residual SD.

First, compute the summary statistics.

\bar{x} = (1+2+3+4)/4 = 2.5

\bar{y} = (1+2+2+3)/4 = 8/4 = 2

x_i - \bar{x}: [-1.5, -0.5, 0.5, 1.5]

y_i - \bar{y}: [-1, 0, 0, 1]

sum (x_i - \bar{x})^2 = (-1.5)^2 + (-0.5)^2 + 0.5^2 + 1.5^2 = 2.25 + 0.25 + 0.25 + 2.25 = 5. So s_x^2 = 5 / (4 - 1) = 5/3, s_x = sqrt(5/3)

sum (y_i - \bar{y})^2 = (-1)^2 + 0 + 0 + 1^2 = 2. So s_y^2 = 2 / 3, s_y = sqrt(2/3)

sum (x_i - \bar{x})(y_i - \bar{y}) = (-1.5)(-1) + (-0.5)(0) + 0.5(0) + 1.5(1) = 1.5 + 0 + 0 + 1.5 = 3

r_{xy} = 3 / (sqrt(5) sqrt(2)) = 3 / sqrt(10) ≈ 0.94868

\hat{\beta}_1 = r_{xy} s_y / s_x = (3 / sqrt(10)) * (sqrt(2/3)) / (sqrt(5/3)) = (3 / sqrt(10)) * (sqrt(2)/sqrt(3)) / (sqrt(5)/sqrt(3)) ) = (3 / sqrt(10)) * (sqrt(2)/sqrt(5)) = 3 sqrt(2) / (sqrt(10) sqrt(5)) = 3 sqrt(2) / (sqrt(50)) = 3 sqrt(2) / (5 sqrt(2)) = 3/5 = 0.6. Let's check with the regression formula: \hat{\beta}_1 = sum (x_i - \bar{x})(y_i - \bar{y}) / sum (x_i - \bar{x})^2 = 3 / 5 = 0.6. Correct.

\hat{\beta}_0 = \bar{y} - \hat{\beta}_1 \bar{x} = 2 - 0.6 * 2.5 = 2 - 1.5 = 0.5

Residuals: y_i - \hat{\beta}_0 - \hat{\beta}_1 x_i

For x=1: 1 - 0.5 - 0.6*1 = 1 - 0.5 - 0.6 = -0.1

x=2: 2 - 0.5 - 0.6*2 = 2 - 0.5 - 1.2 = 0.3

x=3: 2 - 0.5 - 0.6*3 = 2 - 0.5 - 1.8 = -0.3

x=4: 3 - 0.5 - 0.6*4 = 3 - 0.5 - 2.4 = 0.1

Sum of squared residuals: (-0.1)^2 + (0.3)^2 + (-0.3)^2 + (0.1)^2 = 0.01 + 0.09 + 0.09 + 0.01 = 0.2

Residual SD = sqrt(0.2 / (4 - 2)) = sqrt(0.2 / 2) = sqrt(0.1) ≈ 0.3162

Now, let's use the formula we derived: SSE = (n - 1) s_y^2 (1 - r_{xy}^2)

s_y^2 = 2/3, so (n - 1) s_y^2 = 3 * (2/3) = 2

r_{xy} = 3 / sqrt(10), so r_{xy}^2 = 9 / 10

1 - r_{xy}^2 = 1/10

Thus, SSE = 2 * (1/10) = 0.2, which matches. Then residual SD is sqrt(0.2 / 2) = sqrt(0.1), which is correct. So the formula works here.

So in general, SSE = (n - 1) s_y^2 (1 - r_{xy}^2). Therefore, the residual standard deviation is sqrt( [ (n - 1) s_y^2 (1 - r_{xy}^2) ] / (n - 2) )

Wait, but in the problem statement, they define s_x and s_y as the sample standard deviations, so s_x = sqrt( (1/(n - 1)) sum (x_i - \bar{x})^2 ), so sum (x_i - \bar{x})^2 = (n - 1) s_x^2, which we used.

Let me confirm with the problem's parameters. Part a) asks: n=45, r_{xy}=0.7, s_y=1.3, s_x=1.5. Find the residual SD.

From our derivation, residual SD = sqrt( [ (n - 1) s_y^2 (1 - r_{xy}^2) ] / (n - 2) )

Let's compute that.

First, compute (n - 1) s_y^2 (1 - r_{xy}^2):

n - 1 = 44

s_y^2 = (1.3)^2 = 1.69

1 - r_{xy}^2 = 1 - 0.49 = 0.51

So (n - 1) s_y^2 (1 - r_{xy}^2) = 44 * 1.69 * 0.51

Let's compute that: 44 * 1.69 = 44 * 1.7 - 44 * 0.01 = 74.8 - 0.44 = 74.36

74.36 * 0.51 = 74.36 * 0.5 + 74.36 * 0.01 = 37.18 + 0.7436 = 37.9236

Then, divide by (n - 2) = 43: 37.9236 / 43 ≈ 0.8819

Then, take the square root: sqrt(0.8819) ≈ 0.939

Wait, but let's check if we did everything correctly.

Wait, another way to think about residual standard deviation: in some contexts, the residual standard error (RSE) is defined as sqrt( SSE / (n - 2) ), which is exactly what we need here.

We know that in simple linear regression, the RSE can also be written as s_y * sqrt(1 - r_{xy}^2) * sqrt( (n - 1)/(n - 2) )

Because:

RSE = sqrt( SSE / (n - 2) ) = sqrt( [ (n - 1) s_y^2 (1 - r_{xy}^2) ] / (n - 2) ) = s_y * sqrt( (n - 1)/(n - 2) ) * sqrt(1 - r_{xy}^2 )

Yes, that's another way to write it.

Let's compute it step by step with the given numbers.

Given:

n = 45

r_{xy} = 0.7

s_y = 1.3

s_x = 1.5 (though we might not need s_x here, since in the formula for RSE, s_x cancels out with r_{xy}, as we saw earlier)

First, compute 1 - r_{xy}^2 = 1 - 0.49 = 0.51

Then, (n - 1) = 44, (n - 2) = 43

So SSE = (n - 1) s_y^2 (1 - r_{xy}^2) = 44 * (1.3)^2 * 0.51

Calculate (1.3)^2 = 1.69

44 * 1.69 = 74.36

74.36 * 0.51 = 74.36 * 0.5 + 74.36 * 0.01 = 37.18 + 0.7436 = 37.9236

Then, MSE = SSE / (n - 2) = 37.9236 / 43 ≈ 0.8819

Residual SD = sqrt(0.8819) ≈ 0.939

Let's check with another approach. Let's recall that in regression, the residual standard deviation is also equal to s_y * sqrt( (1 - r^2) * (n - 1)/(n - 2) ). Since r = r_{xy} here.

Yes, because the formula we derived is exactly that.

Let's compute it numerically:

s_y = 1.3

sqrt( (n - 1)/(n - 2) ) = sqrt(44/43) ≈ sqrt(1.0232558) ≈ 1.01156

sqrt(1 - r^2) = sqrt(0.51) ≈ 0.71414

So RSE = 1.3 * 1.01156 * 0.71414 ≈ 1.3 * 0.722 ≈ 0.9386, which matches the previous calculation.

Let me verify with a small example to make sure the formula is correct. Take the earlier n=4 example:

n=4, r=3/sqrt(10)≈0.94868, s_y=sqrt(2/3)≈0.8165

RSE should be sqrt(0.1)≈0.3162

Using the formula: s_y * sqrt( (n - 1)/(n - 2) ) * sqrt(1 - r^2)

s_y = sqrt(2/3) ≈ 0.8165

(n - 1)/(n - 2) = 3/2 = 1.5, sqrt(1.5)≈1.2247

1 - r^2 = 1 - 9/10 = 0.1, sqrt(0.1)≈0.3162

So RSE = 0.8165 * 1.2247 * 0.3162 ≈ 0.8165 * 0.3873 ≈ 0.316, which matches. Perfect.

So the formula is correct.

Therefore, for part a), with n=45, r=0.7, s_y=1.3, the residual SD is sqrt( (44 * 1.3^2 * (1 - 0.7^2)) / 43 )

Let's compute it more precisely.

First, 1.3^2 = 1.69

1 - 0.7^2 = 1 - 0.49 = 0.51

44 * 1.69 = 44 * 1.69

40 * 1.69 = 67.6

4 * 1.69 = 6.76

Total = 67.6 + 6.76 = 74.36

74.36 * 0.51 = 74.36 * 0.5 + 74.36 * 0.01 = 37.18 + 0.7436 = 37.9236

37.9236 / 43 = 0.881944186...

sqrt(0.881944186) ≈ 0.9391

So approximately 0.94.

Let me check if there's a chance I made a mistake in the formula. Wait, in some textbooks, the residual standard error is defined as sqrt( SSE / (n - 2) ), which is exactly what we have here. And we confirmed with the n=4 example that the formula works.

Another way: The residual sum of squares can also be written as sum (y_i - \hat{y}_i)^2 = sum (y_i - \bar{y} - \hat{\beta}_1 (x_i - \bar{x}))^2. Expanding this, we get sum (y_i - \bar{y})^2 - 2 \hat{\beta}_1 sum (x_i - \bar{x})(y_i - \bar{y}) + \hat{\beta}_1^2 sum (x_i - \bar{x})^2. But since \hat{\beta}_1 = sum (x_i - \bar{x})(y_i - \bar{y}) / sum (x_i - \bar{x})^2, the middle term cancels out, so SSE = sum (y_i - \bar{y})^2 - \hat{\beta}_1^2 sum (x_i - \bar{x})^2. Which is equal to (n - 1) s_y^2 - (r_{xy}^2 s_y^2 / s_x^2) * (n - 1) s_x^2 = (n - 1) s_y^2 (1 - r_{xy}^2). So that's correct.

Therefore, the residual SD is sqrt( [ (n - 1) s_y^2 (1 - r_{xy}^2) ] / (n - 2) )

Plugging in the numbers:

n = 45, so n - 1 = 44, n - 2 = 43

s_y = 1.3, so s_y^2 = 1.69

r_{xy} = 0.7, so r_{xy}^2 = 0.49, 1 - r_{xy}^2 = 0.51

Compute numerator: 44 * 1.69 * 0.51 = 44 * 0.8619 = let's compute 44 * 0.8 = 35.2, 44 * 0.0619 = 44 * 0.06 = 2.64, 44 * 0.0019 = 0.0836, so total 2.64 + 0.0836 = 2.7236, so total numerator = 35.2 + 2.7236 = 37.9236

Denominator: 43

So 37.9236 / 43 ≈ 0.881944

Square root of that is approximately 0.939, which rounds to 0.94.

Let me check with a calculator: sqrt(0.881944) ≈ 0.9391, so approximately 0.94.

The problem says ""derive a simple expression"", but part a) is to compute the value given those numbers. So we just need to compute that.

I think that's it. The key was remembering that SSE = (n - 1) s_y^2 (1 - r^2), which comes from the fact that the coefficient of determination is r^2, so the unexplained sum of squares is (1 - r^2) times the total sum of squares.

Yes, this makes sense. So the answer should be approximately 0.94.
</think>

To determine the **residual standard deviation** for the given regression problem, we begin by recalling a key identity in simple linear regression:

$$
\text{SSE} = \sum_{i=1}^n (y_i - \hat{y}_i)^2 = (n - 1) s_y^2 (1 - r_{xy}^2)
$$

This expression arises from the fact that the **coefficient of determination** $ R^2 = r_{xy}^2 $ represents the proportion of variance in $ y $ explained by the regression model. The unexplained variance is then $ (1 - r_{xy}^2) $, and multiplying this by the total sum of squares (which is $ (n - 1)s_y^2 $) gives the sum of squared residuals.

The **residual standard deviation** is defined as:

$$
\text{Residual SD} = \sqrt{ \frac{\text{SSE}}{n - 2} } = \sqrt{ \frac{(n - 1) s_y^2 (1 - r_{xy}^2)}{n - 2} }
$$

---

### Step-by-Step Computation for Part (a)

Given:
- $ n = 45 $
- $ r_{xy} = 0.7 $
- $ s_y = 1.3 $

We compute:

1. $ s_y^2 = (1.3)^2 = 1.69 $
2. $ r_{xy}^2 = (0.7)^2 = 0.49 $
3. $ 1 - r_{xy}^2 = 1 - 0.49 = 0.51 $
4. $ n - 1 = 44 $
5. $ n - 2 = 43 $

Now plug into the formula:

$$
\text{Residual SD} = \sqrt{ \frac{44 \cdot 1.69 \cdot 0.51}{43} }
$$

Compute step-by-step:

- $ 44 \cdot 1.69 = 74.36 $
- $ 74.36 \cdot 0.51 = 37.9236 $
- $ \frac{37.9236}{43} \approx 0.881944 $
- $ \sqrt{0.881944} \approx 0.9391 $

---

### Final Answer

$$
\boxed{0.94}
$$"
12,"Okay, let's tackle this problem step by step. First, part (a) asks for an equation relating the number of chickens and pigs to the total number of feet. 

I remember that chickens have 2 feet each and pigs have 4 feet each. So if there are c chickens, the total number of chicken feet would be 2 times c, right? Similarly, pigs have 4 feet each, so p pigs would have 4p feet. The problem says the total number of chicken feet and pig feet is 70. So adding those together should equal 70. 

Let me write that down. Total feet = (feet from chickens) + (feet from pigs). So that's 2c + 4p = 70. Wait, is that right? Let me check. Yeah, chickens have 2 legs, pigs have 4 legs. So 2c + 4p = 70. That seems correct for part (a).

Now part (b) says if there are 13 chickens, how many pigs are there? So we need to find p when c = 13. Let's plug c = 13 into the equation from part (a). 

So substituting c = 13 into 2c + 4p = 70 gives 2*13 + 4p = 70. Let's calculate 2*13, which is 26. So 26 + 4p = 70. Then subtract 26 from both sides: 4p = 70 - 26. 70 minus 26 is 44. So 4p = 44. Then divide both sides by 4: p = 44 / 4 = 11. 

Wait, let me verify that. If there are 13 chickens, each with 2 feet, that's 26 feet. Then pigs have 4 feet each, so total feet from pigs would be 70 - 26 = 44. 44 divided by 4 is 11 pigs. That makes sense. So the number of pigs is 11.

Let me just make sure I didn't make a mistake in part (a). The problem says ""the total number of chicken feet and pig feet is 70"". So chicken feet: 2c, pig feet: 4p, so 2c + 4p = 70. Yep, that's right. Sometimes people might confuse feet with legs, but in this context, chickens have 2 legs (which are feet), pigs have 4 legs (feet), so it's correct.

For part (b), substituting c=13: 2*13=26, 70-26=44, 44/4=11. So p=11. That seems right. I don't think I made any mistakes here.

So the answers are: (a) 2c + 4p = 70, and (b) 11 pigs.
</think>

To solve the problem, we begin by analyzing the relationship between the number of chickens and pigs and the total number of feet.

---

### **Part (a): Equation for Total Feet**

Each chicken has **2 feet**, and each pig has **4 feet**. If there are $ c $ chickens and $ p $ pigs, then:

- Total chicken feet = $ 2c $
- Total pig feet = $ 4p $

The problem states that the **total number of chicken feet and pig feet is 70**. Therefore, the equation relating $ c $ and $ p $ is:

$$
2c + 4p = 70
$$

This is the required equation for part (a).

---

### **Part (b): Number of Pigs When There Are 13 Chickens**

We are given that there are **13 chickens**, so $ c = 13 $. Substitute this into the equation from part (a):

$$
2(13) + 4p = 70
$$

$$
26 + 4p = 70
$$

Subtract 26 from both sides:

$$
4p = 44
$$

Divide both sides by 4:

$$
p = 11
$$

So, when there are 13 chickens, there are **11 pigs**.

---

### ✅ Final Answers

- Part (a): $\boxed{2c + 4p = 70}$
- Part (b): $\boxed{11}$

Since the question asks for the number of pigs in part (b), the final answer is:

$$
\boxed{11}
$$"
13,"Okay, let's try to solve this integral step by step. The integral is:

$$
\int \frac{6}{\cos^7(4x) \cdot \sin(4x)} \, dx
$$

First, I notice that the integrand has trigonometric functions with angle 4x. Maybe a substitution with u = 4x would simplify things, but let's see if we can rewrite the integrand in terms of cotangent, since the answer choices have cot(4x). Remember that cotθ = cosθ/sinθ, so maybe expressing everything in terms of cotangent would help.

Let me recall that d/dx [cotθ] = -csc²θ = -1/sin²θ, but here we have sinθ in the denominator. Let's try to manipulate the integrand.

First, let's write the integrand as 6 / [cos^7(4x) sin(4x)] = 6 sin(4x) / [cos^7(4x) sin²(4x)]? Wait, no, maybe better to express in terms of cotangent. Let's let t = cot(4x). Then, dt/dx = -4 csc²(4x) = -4 / sin²(4x) (since csc²θ = 1 + cot²θ, but maybe we can express sin(4x) in terms of t).

Wait, t = cot(4x) = cos(4x)/sin(4x), so cos(4x) = t sin(4x). Then, cos²(4x) + sin²(4x) = 1 implies t² sin²(4x) + sin²(4x) = 1 => sin²(4x) = 1/(1 + t²), so sin(4x) = 1/√(1 + t²) (but maybe we don't need the square root).

Alternatively, let's compute dt/dx: dt/dx = d/dx [cos(4x)/sin(4x)] = [ -4 sin(4x) sin(4x) - 4 cos(4x) cos(4x) ] / sin²(4x) = -4 [sin²(4x) + cos²(4x)] / sin²(4x) = -4 / sin²(4x). So dt = -4 / sin²(4x) dx, which means dx = -sin²(4x)/4 dt.

But our integrand is 6 / [cos^7(4x) sin(4x)] dx. Let's express cos(4x) in terms of t: t = cot(4x) = cos(4x)/sin(4x) => cos(4x) = t sin(4x). Then cos^7(4x) = t^7 sin^7(4x). So the integrand becomes 6 / [t^7 sin^7(4x) sin(4x)] dx = 6 / [t^7 sin^8(4x)] dx.

Hmm, maybe another approach. Let's consider the integral in terms of u = sin(4x) or u = cos(4x). Let's try u = cos(4x). Then du/dx = -4 sin(4x), so -du/4 = sin(4x) dx. But our integrand has 1/[cos^7(4x) sin(4x)] dx, so let's write it as 6 / cos^7(4x) * 1/sin(4x) dx = 6 * sec^7(4x) csc(4x) dx.

Alternatively, let's write 1/sin(4x) = csc(4x), and sec^7(4x) = 1/cos^7(4x). Maybe express in terms of cot(4x). Let's recall that d/dx [cot(4x)] = -4 csc²(4x) = -4(1 + cot²(4x)).

Wait, let's try substitution with t = cot(4x). Then dt = -4 csc²(4x) dx = -4(1 + t²) dx, so dx = -dt / [4(1 + t²)].

Now, let's express the integrand in terms of t. First, sin(4x) = 1 / √(1 + t²) (since cotθ = t, so sinθ = 1 / √(1 + t²), cosθ = t / √(1 + t²)), but maybe better to use sin²(4x) = 1 / (1 + t²), so sin(4x) = 1 / √(1 + t²), but actually, we can write 1/sin(4x) = √(1 + t²), but maybe that's messy.

Wait, let's compute the integrand:

6 / [cos^7(4x) sin(4x)] dx = 6 / [ (cos^2(4x))^(7/2) sin(4x) ] dx = 6 / [ (1 / (1 + t²))^(7/2) * (1 / √(1 + t²)) ] dx? Maybe not helpful.

Alternative idea: Let's consider the integral as 6 ∫ sec^7(4x) csc(4x) dx. Let's write sec^7(4x) = sec^6(4x) sec(4x) = (1 + tan²(4x))^3 sec(4x). But maybe better to use substitution with u = cot(4x), since the answer choices have cot(4x).

Let me try u = cot(4x). Then du = -4 csc²(4x) dx = -4(1 + u²) dx, so dx = -du / [4(1 + u²)].

Now, let's express the integrand in terms of u. First, sin(4x) = 1 / √(1 + u²) (since cotθ = u, so sinθ = 1 / √(1 + u²)), cos(4x) = u / √(1 + u²). Therefore, cos^7(4x) = u^7 / (1 + u²)^(7/2), sin(4x) = 1 / (1 + u²)^(1/2).

So the integrand becomes 6 / [ (u^7 / (1 + u²)^(7/2)) * (1 / (1 + u²)^(1/2)) ] * dx = 6 / [ u^7 / (1 + u²)^4 ] * dx = 6 (1 + u²)^4 / u^7 * dx.

But dx = -du / [4(1 + u²)], so substituting:

6 (1 + u²)^4 / u^7 * (-du / [4(1 + u²)]) = -6 / 4 * (1 + u²)^3 / u^7 du = -3/2 * (1 + 3u² + 3u^4 + u^6) / u^7 du = -3/2 * (1/u^7 + 3/u^5 + 3/u^3 + u^(-1)) du.

Ah! That's a good step. Let's check that:

(1 + u²)^3 = 1 + 3u² + 3u^4 + u^6, so (1 + u²)^3 / u^7 = u^(-7) + 3u^(-5) + 3u^(-3) + u^(-1). Yes.

So the integral becomes:

∫ [6 / (cos^7(4x) sin(4x))] dx = -3/2 ∫ (u^(-7) + 3u^(-5) + 3u^(-3) + u^(-1)) du

Let's compute the integral term by term:

∫ u^(-7) du = u^(-6)/(-6) = -1/(6u^6)

∫ 3u^(-5) du = 3 * u^(-4)/(-4) = -3/(4u^4)

∫ 3u^(-3) du = 3 * u^(-2)/(-2) = -3/(2u^2)

∫ u^(-1) du = ln|u| + C

So putting it all together:

-3/2 [ -1/(6u^6) - 3/(4u^4) - 3/(2u^2) + ln|u| ] + C

Wait, let's do the signs carefully. The integral is:

-3/2 ∫ (u^(-7) + 3u^(-5) + 3u^(-3) + u^(-1)) du

= -3/2 [ ∫ u^(-7) du + 3 ∫ u^(-5) du + 3 ∫ u^(-3) du + ∫ u^(-1) du ]

Compute each integral:

∫ u^(-7) du = u^(-6)/(-6) + C = -1/(6u^6) + C

3 ∫ u^(-5) du = 3 * [u^(-4)/(-4)] + C = -3/(4u^4) + C

3 ∫ u^(-3) du = 3 * [u^(-2)/(-2)] + C = -3/(2u^2) + C

∫ u^(-1) du = ln|u| + C

So the integral becomes:

-3/2 [ (-1/(6u^6)) + (-3/(4u^4)) + (-3/(2u^2)) + ln|u| ] + C

Wait, no: the integral of (u^(-7) + 3u^(-5) + 3u^(-3) + u^(-1)) du is:

[ u^(-6)/(-6) ] + 3[ u^(-4)/(-4) ] + 3[ u^(-2)/(-2) ] + ln|u| + C

= -1/(6u^6) - 3/(4u^4) - 3/(2u^2) + ln|u| + C

Then multiply by -3/2:

-3/2 * [ -1/(6u^6) - 3/(4u^4) - 3/(2u^2) + ln|u| ] + C

Let's compute each term:

-3/2 * (-1/(6u^6)) = (3)/(12u^6) = 1/(4u^6)

-3/2 * (-3/(4u^4)) = 9/(8u^4)

-3/2 * (-3/(2u^2)) = 9/(4u^2)

-3/2 * ln|u| = - (3/2) ln|u|

Wait, that can't be right. Wait, maybe I made a mistake in the substitution step.

Let's go back. Let's re-express the integrand correctly.

Original integral: ∫ 6 / [cos^7(4x) sin(4x)] dx

Let u = cot(4x). Then, as before, du/dx = -4 csc²(4x) = -4(1 + cot²(4x)) = -4(1 + u²). So du = -4(1 + u²) dx => dx = -du / [4(1 + u²)]

Now, cos(4x) = u / √(1 + u²) (since cotθ = u = cosθ / sinθ, so cosθ = u sinθ, and cos²θ + sin²θ = 1 => u² sin²θ + sin²θ = 1 => sin²θ = 1/(1 + u²), so sinθ = 1/√(1 + u²), cosθ = u / √(1 + u²))

Therefore, cos^7(4x) = u^7 / (1 + u²)^(7/2)

sin(4x) = 1 / √(1 + u²)

So 1 / [cos^7(4x) sin(4x)] = (1 + u²)^(7/2) * √(1 + u²) / u^7 = (1 + u²)^4 / u^7

Ah! That's a key point. (1 + u²)^(7/2) * (1 + u²)^(1/2) = (1 + u²)^(4), yes. So 1/[cos^7(4x) sin(4x)] = (1 + u²)^4 / u^7

Therefore, the integrand becomes 6 * (1 + u²)^4 / u^7 * dx = 6 * (1 + u²)^4 / u^7 * (-du / [4(1 + u²)]) = 6 * (1 + u²)^3 / (4u^7) * (-du) = - (3/2) * (1 + u²)^3 / u^7 du

Yes, that's correct. So (1 + u²)^3 = 1 + 3u² + 3u^4 + u^6, so (1 + u²)^3 / u^7 = u^(-7) + 3u^(-5) + 3u^(-3) + u^(-1)

So the integral is - (3/2) ∫ (u^(-7) + 3u^(-5) + 3u^(-3) + u^(-1)) du

Now, let's compute the integral of each term:

∫ u^(-7) du = u^(-6)/(-6) = -1/(6u^6)

∫ 3u^(-5) du = 3 * u^(-4)/(-4) = -3/(4u^4)

∫ 3u^(-3) du = 3 * u^(-2)/(-2) = -3/(2u^2)

∫ u^(-1) du = ln|u|

So the integral of the bracket is:

-1/(6u^6) - 3/(4u^4) - 3/(2u^2) + ln|u| + C

Then multiply by -3/2:

-3/2 * [ -1/(6u^6) - 3/(4u^4) - 3/(2u^2) + ln|u| ] + C

Let's compute each term:

-3/2 * (-1/(6u^6)) = (3)/(12u^6) = 1/(4u^6)

-3/2 * (-3/(4u^4)) = 9/(8u^4)

-3/2 * (-3/(2u^2)) = 9/(4u^2)

-3/2 * ln|u| = - (3/2) ln|u|

Wait, but the answer choices have terms like 3/(2 cot^2(4x)), etc., with coefficients 3/2 times a bracket. Let's check the substitution again.

Wait, maybe I messed up the sign of the substitution. Let's try a different substitution. Let's let t = 4x, so the integral becomes (1/4) ∫ 6 / [cos^7(t) sin(t)] dt = (3/2) ∫ sec^7(t) csc(t) dt. That might be easier.

So let's focus on ∫ sec^7(t) csc(t) dt. Let's write this as ∫ (1/cos^7 t)(1/sin t) dt = ∫ 1 / (cos^7 t sin t) dt.

Let's multiply numerator and denominator by sin^6 t: ∫ sin^6 t / (cos^7 t sin^7 t) dt = ∫ sin^6 t / (cos^7 t (1 - cos^2 t)^(7/2)) dt. Not helpful.

Alternatively, express in terms of cot t. Let u = cot t, then du = -csc^2 t dt = - (1 + u^2) dt, so dt = -du / (1 + u^2)

Also, sin t = 1 / √(1 + u^2), cos t = u / √(1 + u^2), so 1/cos^7 t = (1 + u^2)^(7/2) / u^7, 1/sin t = √(1 + u^2)

Thus, 1/(cos^7 t sin t) = (1 + u^2)^(7/2) / u^7 * √(1 + u^2) = (1 + u^2)^4 / u^7, same as before.

So the integral ∫ sec^7 t csc t dt = ∫ (1 + u^2)^4 / u^7 * dt = ∫ (1 + u^2)^4 / u^7 * (-du / (1 + u^2)) = - ∫ (1 + u^2)^3 / u^7 du = - ∫ (1 + 3u^2 + 3u^4 + u^6)/u^7 du = - ∫ (u^(-7) + 3u^(-5) + 3u^(-3) + u^(-1)) du

Ah! Here's the mistake earlier: when we did the substitution for the original integral, we had a factor of 3/2 from the 4x substitution. Let's clarify:

Original integral: ∫ 6 / [cos^7(4x) sin(4x)] dx

Let t = 4x, so dt = 4 dx => dx = dt/4. Then the integral becomes ∫ 6 / [cos^7 t sin t] * (dt/4) = (6/4) ∫ sec^7 t csc t dt = (3/2) ∫ sec^7 t csc t dt.

Now, let u = cot t, so du = -csc^2 t dt = - (1 + u^2) dt => dt = -du / (1 + u^2)

Then, as above, ∫ sec^7 t csc t dt = ∫ (1 + u^2)^4 / u^7 * dt = ∫ (1 + u^2)^4 / u^7 * (-du / (1 + u^2)) = - ∫ (1 + u^2)^3 / u^7 du = - ∫ (u^(-7) + 3u^(-5) + 3u^(-3) + u^(-1)) du

So the integral becomes (3/2) * [ - ∫ (u^(-7) + 3u^(-5) + 3u^(-3) + u^(-1)) du ] + C = - (3/2) ∫ (u^(-7) + 3u^(-5) + 3u^(-3) + u^(-1)) du + C

Now compute the integral:

∫ u^(-7) du = u^(-6)/(-6) = -1/(6u^6)

3 ∫ u^(-5) du = 3 * u^(-4)/(-4) = -3/(4u^4)

3 ∫ u^(-3) du = 3 * u^(-2)/(-2) = -3/(2u^2)

∫ u^(-1) du = ln|u|

So the integral of the bracket is:

-1/(6u^6) - 3/(4u^4) - 3/(2u^2) + ln|u| + C

Therefore, multiplying by -3/2:

- (3/2) * [ -1/(6u^6) - 3/(4u^4) - 3/(2u^2) + ln|u| ] + C

= (3/2)(1/(6u^6) + 3/(4u^4) + 3/(2u^2) - ln|u|) + C

Let's compute each term:

(3/2)(1/(6u^6)) = 3/(12u^6) = 1/(4u^6)

(3/2)(3/(4u^4)) = 9/(8u^4)

(3/2)(3/(2u^2)) = 9/(4u^2)

(3/2)(-ln|u|) = - (3/2) ln|u|

Wait, but the answer choices have coefficients like 3/(2 cot^2(4x)), which is 3/(2u^2). Let's check the exponents.

Wait, in the answer choices, the terms are:

3/(2u²), 3/(4u⁴), 1/(6u⁶), and ln|u|

Wait, in our calculation, we have 9/(4u²) = (9/4)u^(-2), but the answer choices have 3/(2u²) = 3/2 u^(-2). So there must be a mistake in the substitution.

Wait, let's try a different approach. Let's consider the integral ∫ sec^n θ csc θ dθ. Maybe for n=7, we can use reduction formulas or express in terms of cotθ.

Let me let u = cotθ, then du = -csc²θ dθ, so csc²θ dθ = -du.

Also, secθ = √(1 + cot²θ) = √(1 + u²), but sec^n θ = (1 + u²)^(n/2).

Wait, but in our case, the integrand is sec^7 θ csc θ dθ = (1 + u²)^(7/2) * (1 / sinθ) dθ.

But 1/sinθ = cscθ = √(1 + u²) (since u = cotθ, so sinθ = 1/√(1 + u²), so cscθ = √(1 + u²)).

Therefore, sec^7 θ csc θ dθ = (1 + u²)^(7/2) * √(1 + u²) dθ = (1 + u²)^4 dθ.

But dθ = -du / (1 + u²) (since du = -csc²θ dθ = - (1 + u²) dθ => dθ = -du / (1 + u²)).

So the integral becomes ∫ (1 + u²)^4 * (-du / (1 + u²)) = - ∫ (1 + u²)^3 du = - ∫ (1 + 3u² + 3u^4 + u^6) du.

Wait a second! Here's the mistake! I think I confused the substitution earlier. Let's do this carefully.

Let θ = 4x, so the integral is (3/2) ∫ sec^7 θ csc θ dθ.

Let u = cot θ, so du/dθ = -csc²θ => dθ = -du / csc²θ = -du / (1 + u²) (since csc²θ = 1 + cot²θ = 1 + u²).

Now, sec θ = 1 / cos θ, and cot θ = u = cos θ / sin θ, so cos θ = u sin θ, and cos²θ + sin²θ = 1 => u² sin²θ + sin²θ = 1 => sin²θ = 1 / (1 + u²) => sin θ = 1 / √(1 + u²), so cos θ = u / √(1 + u²).

Therefore, sec θ = √(1 + u²) / u, so sec^7 θ = (1 + u²)^(7/2) / u^7.

csc θ = 1 / sin θ = √(1 + u²).

Thus, sec^7 θ csc θ = (1 + u²)^(7/2) / u^7 * √(1 + u²) = (1 + u²)^4 / u^7.

Then, the integral ∫ sec^7 θ csc θ dθ = ∫ (1 + u²)^4 / u^7 * dθ = ∫ (1 + u²)^4 / u^7 * (-du / (1 + u²)) = - ∫ (1 + u²)^3 / u^7 du.

Yes, that's correct. So (1 + u²)^3 = 1 + 3u² + 3u^4 + u^6, so (1 + u²)^3 / u^7 = u^(-7) + 3u^(-5) + 3u^(-3) + u^(-1).

So the integral is - ∫ (u^(-7) + 3u^(-5) + 3u^(-3) + u^(-1)) du.

Let's compute this integral:

∫ u^(-7) du = u^(-6)/(-6) + C = -1/(6u^6)

3 ∫ u^(-5) du = 3 * u^(-4)/(-4) + C = -3/(4u^4)

3 ∫ u^(-3) du = 3 * u^(-2)/(-2) + C = -3/(2u^2)

∫ u^(-1) du = ln|u| + C

So the integral of the bracket is:

-1/(6u^6) - 3/(4u^4) - 3/(2u^2) + ln|u| + C

Therefore, the integral ∫ sec^7 θ csc θ dθ = - [ -1/(6u^6) - 3/(4u^4) - 3/(2u^2) + ln|u| ] + C = 1/(6u^6) + 3/(4u^4) + 3/(2u^2) - ln|u| + C

Then the original integral is (3/2) times this (since we had (3/2) ∫ sec^7 θ csc θ dθ):

(3/2) [ 1/(6u^6) + 3/(4u^4) + 3/(2u^2) - ln|u| ] + C

Let's compute each term:

(3/2)(1/(6u^6)) = 3/(12u^6) = 1/(4u^6)

(3/2)(3/(4u^4)) = 9/(8u^4)

(3/2)(3/(2u^2)) = 9/(4u^2)

(3/2)(-ln|u|) = - (3/2) ln|u|

But the answer choices have terms like 3/(2 cot^2(4x)), which is 3/(2u^2). Let's check the exponents in the answer choices:

Choice A: 3/(2u²) + 3/(4u⁴) + 1/(6u⁶) + ln|u|

Choice B: 3/(2u²) + 3/(4u⁴) - 1/(6u⁶) + ln|u|

Choice C: 3/(2u²) + 3/(4u⁴) + 1/(6u⁶) - ln|u|

Choice D: 3/(2u²) + 3/(4u⁴) - 1/(6u⁶) - ln|u|

Wait, in our calculation, the integral is (3/2) times [1/(6u^6) + 3/(4u^4) + 3/(2u^2) - ln|u|] = (3/2)(3/(2u^2)) + (3/2)(3/(4u^4)) + (3/2)(1/(6u^6)) - (3/2)ln|u| = 9/(4u^2) + 9/(8u^4) + 1/(4u^6) - (3/2)ln|u|

But the answer choices have coefficients like 3/2 times the bracket. Let's see the answer choices:

Each choice is C + (3/2) * (bracket). So the bracket in each choice is [term1 + term2 + term3 + term4].

Let's write our result as (3/2) * [ (1/(6u^6) * 3) + (3/(4u^4) * 3/2?) Wait, no. Wait, let's re-express our result in terms of the answer choices.

Wait, maybe I made a mistake in the sign of the substitution. Let's try differentiating the answer choices to see which one works.

Let's take option C: C + (3/2)[ 3/(2u²) + 3/(4u⁴) + 1/(6u⁶) - ln|u| ] where u = cot(4x)

Let's compute the derivative of the bracket (ignoring the constant C):

d/du [ 3/(2u²) + 3/(4u⁴) + 1/(6u⁶) - ln|u| ] = 3/2 * (-2)u^(-3) + 3/4 * (-4)u^(-5) + 1/6 * (-6)u^(-7) - 1/u = -3u^(-3) - 3u^(-5) - u^(-7) - 1/u

Multiply by 3/2 (from the front):

(3/2)(-3u^(-3) - 3u^(-5) - u^(-7) - 1/u) = -9/2 u^(-3) - 9/2 u^(-5) - 3/2 u^(-7) - 3/(2u)

Now, we need to find d/dx of the answer choice, which is (3/2) times the derivative of the bracket with respect to x.

Since u = cot(4x), du/dx = -4 csc²(4x) = -4(1 + u²)

So d/dx [answer choice] = (3/2) * [ derivative of bracket w.r. to u * du/dx ]

Let's compute that for option C:

Derivative of bracket w.r. to u is -3u^(-3) - 3u^(-5) - u^(-7) - 1/u (as above)

Multiply by du/dx = -4(1 + u²):

(3/2) * [ (-3u^(-3) - 3u^(-5) - u^(-7) - 1/u) * (-4)(1 + u²) ]

Let's compute the product inside:

(-3u^(-3) - 3u^(-5) - u^(-7) - 1/u)(-4)(1 + u²) = 4(1 + u²)(3u^(-3) + 3u^(-5) + u^(-7) + u^(-1))

Let's factor out u^(-7):

= 4(1 + u²)u^(-7)(3u^4 + 3u^2 + 1 + u^2) = 4(1 + u²)u^(-7)(3u^4 + 4u^2 + 1)

Wait, maybe better to multiply term by term:

3u^(-3)(1 + u²) = 3u^(-3) + 3u^(-1)

3u^(-5)(1 + u²) = 3u^(-5) + 3u^(-3)

u^(-7)(1 + u²) = u^(-7) + u^(-5)

u^(-1)(1 + u²) = u^(-1) + u

So adding them up:

3u^(-3) + 3u^(-1) + 3u^(-5) + 3u^(-3) + u^(-7) + u^(-5) + u^(-1) + u

= (3u^(-3) + 3u^(-3)) + (3u^(-5) + u^(-5)) + (u^(-7)) + (3u^(-1) + u^(-1)) + u

= 6u^(-3) + 4u^(-5) + u^(-7) + 4u^(-1) + u

Wait, that seems messy. Maybe try a specific value of x to test.

Let's take x = π/16, so 4x = π/4, so cot(4x) = cot(π/4) = 1.

Compute the integrand at x = π/16: 6 / [cos^7(π/4) sin(π/4)] = 6 / [ ( (√2/2)^7 )( √2/2 ) ] = 6 / [ (2^(-7/2) * 2^(-1/2)) ] = 6 / 2^(-4) = 6 * 16 = 96.

Now compute the derivative of each answer choice at x = π/16 (u = 1).

First, option C: derivative is (3/2)[ 3/(2u²) + 3/(4u⁴) + 1/(6u⁶) - ln|u| ]' with respect to x.

The derivative of the bracket with respect to x is d/du [bracket] * du/dx.

Bracket for C: 3/(2u²) + 3/(4u⁴) + 1/(6u⁶) - ln|u|

d/du [bracket] = 3/2*(-2)u^(-3) + 3/4*(-4)u^(-5) + 1/6*(-6)u^(-7) - 1/u = -3u^(-3) - 3u^(-5) - u^(-7) - 1/u

du/dx = -4 csc²(4x) = -4(1 + u²) = -4(2) = -8 (since u=1, csc²(π/4)=2)

So derivative of option C: (3/2) * [ (-3u^(-3) - 3u^(-5) - u^(-7) - 1/u) * (-8) ]

At u=1: (3/2) * [ (-3 - 3 - 1 - 1) * (-8) ] = (3/2) * [ (-8) * (-8) ] = (3/2)(64) = 96. Which matches the integrand value (96). Great!

Let's check option D to be sure.

Option D: bracket is 3/(2u²) + 3/(4u⁴) - 1/(6u⁶) - ln|u|

d/du [bracket] = -3u^(-3) - 3u^(-5) + u^(-7) - 1/u

Derivative of D: (3/2) * [ (-3u^(-3) - 3u^(-5) + u^(-7) - 1/u) * (-8) ]

At u=1: (3/2) * [ (-3 - 3 + 1 - 1) * (-8) ] = (3/2) * [ (-6) * (-8) ] = (3/2)(48) = 72 ≠ 96. So D is wrong.

Option A: bracket has + ln|u|, so d/du [bracket] = -3u^(-3) - 3u^(-5) - u^(-7) + 1/u

Derivative of A: (3/2) * [ (-3 -3 -1 +1) * (-8) ] = (3/2) * [ (-6) * (-8) ] = 72 ≠ 96.

Option B: bracket has -1/(6u⁶) + ln|u|, so d/du [bracket] = -3u^(-3) - 3u^(-5) + u^(-7) + 1/u

Derivative of B: (3/2) * [ (-3 -3 +1 +1) * (-8) ] = (3/2) * [ (-4) * (-8) ] = (3/2)(32) = 48 ≠ 96.

So option C gives the correct derivative at x=π/16 (where integrand is 96), so option C is correct.

Let me verify the calculation again for option C.

At u=1, the derivative of the bracket (with respect to x) is:

(3/2) * [ d/du (bracket) * du/dx ]

d/du (bracket) for C: 3/(2u²) derivative is 3/2 * (-2)u^(-3) = -3u^(-3)

3/(4u⁴) derivative: 3/4 * (-4)u^(-5) = -3u^(-5)

1/(6u⁶) derivative: 1/6 * (-6)u^(-7) = -u^(-7)

- ln|u| derivative: -1/u

So total d/du (bracket) = -3u^(-3) -3u^(-5) -u^(-7) -1/u

du/dx = -4(1 + u²) = -4(2) = -8 at u=1.

So d/dx (bracket) = (-3 -3 -1 -1) * (-8) = (-8) * (-8) = 64

Then multiply by 3/2: 3/2 * 64 = 96, which matches the integrand. Perfect.

So the correct answer is option C.
</think>

To solve the integral:

$$
\int \frac{6}{\cos^7(4x) \cdot \sin(4x)} \, dx,
$$

we begin by simplifying the expression using a substitution that aligns with the structure of the answer choices, which involve $\cot(4x)$.

---

### Step 1: Substitution

Let:
$$
u = \cot(4x)
$$
Then:
$$
\frac{du}{dx} = -4 \csc^2(4x) = -4(1 + u^2) \quad \Rightarrow \quad dx = -\frac{du}{4(1 + u^2)}
$$

Also, recall:
- $\cos(4x) = \frac{u}{\sqrt{1 + u^2}}$
- $\sin(4x) = \frac{1}{\sqrt{1 + u^2}}$

So:
$$
\cos^7(4x) \cdot \sin(4x) = \left(\frac{u}{\sqrt{1 + u^2}}\right)^7 \cdot \frac{1}{\sqrt{1 + u^2}} = \frac{u^7}{(1 + u^2)^4}
$$

Therefore, the integrand becomes:
$$
\frac{6}{\cos^7(4x) \cdot \sin(4x)} \, dx = \frac{6(1 + u^2)^4}{u^7} \cdot \left(-\frac{du}{4(1 + u^2)}\right) = -\frac{3}{2} \cdot \frac{(1 + u^2)^3}{u^7} \, du
$$

Expanding $(1 + u^2)^3 = 1 + 3u^2 + 3u^4 + u^6$, we get:
$$
-\frac{3}{2} \int \left( u^{-7} + 3u^{-5} + 3u^{-3} + u^{-1} \right) du
$$

---

### Step 2: Integrate Term-by-Term

We compute each term:

- $\int u^{-7} \, du = -\frac{1}{6u^6}$
- $3 \int u^{-5} \, du = -\frac{3}{4u^4}$
- $3 \int u^{-3} \, du = -\frac{3}{2u^2}$
- $\int u^{-1} \, du = \ln|u|$

So the integral becomes:
$$
-\frac{3}{2} \left[ -\frac{1}{6u^6} - \frac{3}{4u^4} - \frac{3}{2u^2} + \ln|u| \right] + C
= \frac{3}{2} \left[ \frac{1}{6u^6} + \frac{3}{4u^4} + \frac{3}{2u^2} - \ln|u| \right] + C
$$

Now, express this in terms of $\cot(4x)$ (i.e., $u$):

$$
\frac{3}{2} \left( \frac{1}{6 \cot^6(4x)} + \frac{3}{4 \cot^4(4x)} + \frac{3}{2 \cot^2(4x)} - \ln|\cot(4x)| \right) + C
$$

This matches **Option C** exactly:

$$
C + \frac{3}{2} \cdot \left( \frac{3}{2 \cdot \left( \cot(4x) \right)^2} + \frac{3}{4 \cdot \left( \cot(4x) \right)^4} + \frac{1}{6 \cdot \left( \cot(4x) \right)^6} - \ln\left( \left| \cot(4x) \right| \right) \right)
$$

---

### Final Answer

$$
\boxed{C}
$$"
