id,response
524,"Okay, let's try to figure out the Dini derivatives of this function at 0. First, I need to remember what Dini derivatives are. The Dini derivatives at a point are the limits of the difference quotient from the right, left, upper, and lower. Specifically:

- \( D_{+}f(0) = \lim_{h \to 0^+} \frac{f(h) - f(0)}{h} \)
- \( D_{-}f(0) = \lim_{h \to 0^-} \frac{f(0) - f(h)}{h} \) (since h is negative, this is the same as \( \lim_{h \to 0^+} \frac{f(-h) - f(0)}{-h} \))
- \( D^{-}f(0) = \lim_{h \to 0^+} \frac{f(0) - f(h)}{h} \) (lower right derivative)
- \( D^{+}f(0) \) is the upper right derivative? Wait, no, maybe I need to be careful with the notation.

Wait, actually, the standard Dini derivatives are:

- Upper right derivative: \( \overline{D}_{+}f(0) = \limsup_{h \to 0^+} \frac{f(h) - f(0)}{h} \)
- Lower right derivative: \( \underline{D}_{+}f(0) = \liminf_{h \to 0^+} \frac{f(h) - f(0)}{h} \)
- Upper left derivative: \( \overline{D}_{-}f(0) = \limsup_{h \to 0^-} \frac{f(h) - f(0)}{h} \)
- Lower left derivative: \( \underline{D}_{-}f(0) = \liminf_{h \to 0^-} \frac{f(h) - f(0)}{h} \)

But in the problem statement, the answer choices use \( D_{+}f(0) \), \( D_{-}f(0) \), \( D^{-}f(0) \). Wait, maybe in this context, they are using the standard one-sided derivatives (not limsup/liminf), but the problem says ""Dini derivative"", which usually refers to the limsup/liminf. Wait, but the answer choices have single values, not intervals, so maybe they are assuming the limits exist? Let's check the function.

First, let's write out f(x) for x > 0: \( f(x) = ax \sin^2(1/x) + bx \cos^2(1/x) \). Let's simplify that. Since \( \sin^2\theta + \cos^2\theta = 1 \), so \( ax \sin^2(1/x) + bx \cos^2(1/x) = x(a \sin^2(1/x) + b \cos^2(1/x)) \). Let's compute the difference quotient for x > 0: \( [f(x) - f(0)] / x = a \sin^2(1/x) + b \cos^2(1/x) \). So as x approaches 0 from the right, 1/x approaches infinity, so \( \sin^2(1/x) \) and \( \cos^2(1/x) \) oscillate between 0 and 1. But the expression \( a \sin^2(1/x) + b \cos^2(1/x) \) can be rewritten as \( a (1 - \cos^2(1/x)) + b \cos^2(1/x) = a + (b - a) \cos^2(1/x) \). So that's \( a + (b - a) \cos^2(1/x) \). As x approaches 0+, 1/x approaches infinity, so \( \cos^2(1/x) \) oscillates between 0 and 1, so the difference quotient oscillates between \( a \) (when \( \cos^2(1/x) = 0 \)) and \( b \) (when \( \cos^2(1/x) = 1 \)). Wait, but the problem states \( a < b \), so \( a < b \), so the lower limit would be \( a \) and upper limit \( b \) for the right-hand difference quotient.

Wait, but the answer choices have \( D_{+}f(0) \) as a single value. Maybe in the problem, they are using the ""Dini derivative"" in the sense of the limit (if it exists), but in this case, the limit doesn't exist, but the problem might be expecting the upper or lower? Wait, no, the problem says ""the Dini derivative"", but maybe in the context of the problem, they mean the one-sided derivatives (the standard ones, not limsup/liminf), but since the limit doesn't exist, but the problem states \( a' < b' \) (wait, the problem says ""a < b, a' < b'""). Wait, the problem statement has a typo? Let me check again.

Wait, the problem says: ""a < b, a' < b'"". Wait, the original function has ""ax sin²(1/x) + bx cos²(1/x)"" for x > 0, and ""a'x sin²(1/x) + b'x cos²(1/x)"" for x < 0. So the coefficients for x > 0 are a and b, and for x < 0 are a' and b'. So the problem says ""a < b, a' < b'"". That's probably a translation issue or typo; maybe it's ""a < b"" and ""a' < b'"".

So for x > 0: f(x) = x(a sin²(1/x) + b cos²(1/x)). So [f(x) - f(0)] / x = a sin²(1/x) + b cos²(1/x) = a + (b - a) cos²(1/x), as I had before. So as x → 0+, this oscillates between a (when cos²(1/x) = 0) and b (when cos²(1/x) = 1). So the limit does not exist, but the liminf is a and limsup is b.

For x < 0: let's let x = -t, where t > 0. Then f(x) = a'(-t) sin²(1/(-t)) + b'(-t) cos²(1/(-t)) = -a' t sin²(1/t) - b' t cos²(1/t) (since sin(-θ) = -sinθ, so sin²(-θ) = sin²θ, same with cos²). Wait, sin²(1/x) when x < 0: 1/x is negative, so sin²(1/x) = sin²(-|1/x|) = sin²(|1/x|), same for cos². So f(x) for x < 0 is a'x sin²(1/x) + b'x cos²(1/x) = x(a' sin²(1/x) + b' cos²(1/x)). So [f(x) - f(0)] / x = a' sin²(1/x) + b' cos²(1/x) for x < 0. Wait, no: the difference quotient for the left derivative is [f(0) - f(x)] / (0 - x) = [0 - f(x)] / (-x) = f(x)/x. Wait, let's be precise.

The right-hand derivative (D_{+}f(0)) is defined as lim_{h→0+} [f(h) - f(0)] / h. Since f(0) = 0, this is lim_{h→0+} f(h)/h = lim_{h→0+} [a h sin²(1/h) + b h cos²(1/h)] / h = lim_{h→0+} [a sin²(1/h) + b cos²(1/h)] = lim_{h→0+} [a + (b - a) cos²(1/h)].

As h → 0+, 1/h → ∞, so cos²(1/h) oscillates between 0 and 1, so the limit does not exist. The liminf is a (when cos²(1/h) → 0) and limsup is b (when cos²(1/h) → 1).

Similarly, the left-hand derivative (D_{-}f(0)) is lim_{h→0-} [f(0) - f(h)] / h = lim_{h→0-} [0 - f(h)] / h = lim_{h→0-} [-f(h)/h] = lim_{h→0-} [- (a' h sin²(1/h) + b' h cos²(1/h)) / h] = lim_{h→0-} [-a' sin²(1/h) - b' cos²(1/h)].

Wait, let's do it step by step. Let h be negative, so h = -t, t > 0. Then:

[f(0) - f(h)] / h = [0 - f(h)] / h = -f(h)/h.

f(h) for h < 0 is a' h sin²(1/h) + b' h cos²(1/h) (since x < 0, the function is defined as a'x sin²(1/x) + b'x cos²(1/x)). So f(h) = h (a' sin²(1/h) + b' cos²(1/h)).

Thus, -f(h)/h = - (a' sin²(1/h) + b' cos²(1/h)).

As h → 0-, 1/h → -∞, so sin²(1/h) = sin²(|1/h|) and cos²(1/h) = cos²(|1/h|), so the expression - (a' sin²(1/h) + b' cos²(1/h)) oscillates between -b' (when sin²(1/h) = 1, cos²=0) and -a' (when sin²=0, cos²=1). Wait, let's compute the limits.

Let’s denote θ = 1/h, so as h → 0-, θ → -∞. Then sin²θ = sin²|θ|, cos²θ = cos²|θ|, so the expression is -a' sin²θ - b' cos²θ = -a' sin²θ - b' (1 - sin²θ) = -b' + (b' - a') sin²θ. As θ → ±∞, sin²θ oscillates between 0 and 1, so the expression oscillates between -b' (when sin²θ = 0) and -a' (when sin²θ = 1). Wait, let's check:

If sin²θ = 1, then the expression is -a' * 1 - b' * 0 = -a'.

If sin²θ = 0, then the expression is -a' * 0 - b' * 1 = -b'.

Since a' < b' (given), so -a' > -b' (because a' < b' implies -a' > -b'). So the expression oscillates between -b' (lower) and -a' (upper) as h → 0-.

But the problem mentions D_{-}f(0) and D^{-}f(0). Wait, the standard notation for Dini derivatives:

- \( D_{+}f(0) \) is the right-hand derivative (lim_{h→0+} [f(h)-f(0)]/h)
- \( D_{-}f(0) \) is the left-hand derivative (lim_{h→0-} [f(0)-f(h)]/h)
- \( D^{-}f(0) \) is the lower right derivative (lim_{h→0+} [f(0)-f(h)]/h)
- \( D^{+}f(0) \) is the upper right derivative (lim_{h→0+} [f(h)-f(0)]/h) [Wait, maybe the problem uses different notation]

Wait, the problem says ""Dini derivative"", which in some contexts refers to the four limits: upper right, lower right, upper left, lower left. But the answer choices list three: D_{+}, D_{-}, D^{-}. Maybe in the problem, they use:

- \( D_{+}f(0) \): upper right Dini derivative (limsup)
- \( D_{-}f(0) \): upper left Dini derivative (limsup)
- \( D^{-}f(0) \): lower right Dini derivative (liminf)

But the answer choices have single values, so maybe in this problem, since the function is defined with a < b and a' < b', the liminf and limsup are the extreme values.

Wait, let's look at the answer choices. Let's list them:

A. D_{+} = a', D_{-} = b', D^{-} = a

B. D_{+} = b', D_{-} = a', D^{-} = b

C. D_{+} = a, D_{-} = b, D^{-} = a

D. All b

E. D_{+} = b, D_{-} = b', D^{-} = a

F. D_{+} = a', D_{-} = a, D^{-} = b

G. D_{+} = b', D_{-} = a, D^{-} = a'

H. D_{+} = b, D_{-} = a', D^{-} = b'

I. D_{+} = a, D_{-} = a', D^{-} = b'

J. D_{+} = b', D_{-} = b, D^{-} = a'

Let's focus on the right-hand side first (x > 0). The difference quotient is [f(h) - f(0)]/h = a sin²(1/h) + b cos²(1/h) = a + (b - a) cos²(1/h). Since cos²(1/h) oscillates between 0 and 1, the expression oscillates between a (when cos²=0) and b (when cos²=1). So the liminf as h→0+ is a, and the limsup is b.

Now, what is D_{+}f(0)? In some notations, D_{+} is the upper right Dini derivative (limsup), and D^{-} is the lower right Dini derivative (liminf). Let's check standard Dini derivative notation:

- \( \overline{D}_{+}f(0) = \limsup_{h \to 0^+} \frac{f(h) - f(0)}{h} \)
- \( \underline{D}_{+}f(0) = \liminf_{h \to 0^+} \frac{f(h) - f(0)}{h} \)
- \( \overline{D}_{-}f(0) = \limsup_{h \to 0^-} \frac{f(h) - f(0)}{h} \)
- \( \underline{D}_{-}f(0) = \liminf_{h \to 0^-} \frac{f(h) - f(0)}{h} \)

In the problem, the answer choices use D_{+}, D_{-}, D^{-}. Maybe they use:

- D_{+} = upper right (limsup)
- D_{-} = upper left (limsup)
- D^{-} = lower right (liminf)

Let's compute the left-hand side (x < 0). For h < 0, [f(h) - f(0)]/h = [a' h sin²(1/h) + b' h cos²(1/h)] / h = a' sin²(1/h) + b' cos²(1/h). As h → 0-, 1/h → -∞, so sin²(1/h) and cos²(1/h) still oscillate between 0 and 1, so [f(h) - f(0)]/h oscillates between a' (when cos²=0) and b' (when cos²=1). Wait, no: a' sin²(θ) + b' cos²(θ) = a' (1 - cos²θ) + b' cos²θ = a' + (b' - a') cos²θ. So as θ → ±∞, cos²θ oscillates between 0 and 1, so the expression oscillates between a' (when cos²θ=0) and b' (when cos²θ=1). So the liminf as h→0- is a', limsup is b'.

Wait, but the left-hand derivative D_{-}f(0) is usually defined as lim_{h→0-} [f(0) - f(h)] / h, which is equal to - lim_{h→0-} [f(h) - f(0)] / h. Let's confirm:

D_{-}f(0) = lim_{h→0-} [f(0) - f(h)] / h = lim_{h→0-} [ - (f(h) - f(0)) ] / h = - lim_{h→0-} [f(h) - f(0)] / h.

So if [f(h) - f(0)] / h for h < 0 oscillates between a' and b', then [f(0) - f(h)] / h oscillates between -b' and -a' (since it's the negative of that).

Given that a' < b', then -b' < -a' (because multiplying by -1 reverses inequalities). So the liminf of [f(0) - f(h)] / h as h→0- is -b' (the lower value) and limsup is -a' (the upper value).

Now, let's see the answer choices. Let's take option A: D_{+} = a', D_{-} = b', D^{-} = a.

Wait, maybe the problem uses a different notation where D_{+} is the lower right derivative (liminf) and D^{-} is the upper right (limsup). Let's check the problem statement again: it says ""Dini derivative"", but in some contexts, especially in older literature, Dini derivatives might refer to the four one-sided derivatives (the limits), but here they don't exist, so it's the liminf and limsup.

Let's think about the problem statement's answer choices. The key is to compute the right-hand difference quotient (h→0+): [f(h) - 0]/h = a sin²(1/h) + b cos²(1/h) = a + (b - a) cos²(1/h). So this has liminf a and limsup b.

The left-hand difference quotient (h→0-): [f(h) - 0]/h = a' sin²(1/h) + b' cos²(1/h) = a' + (b' - a') cos²(1/h). So this also has liminf a' and limsup b'.

But the Dini derivatives are usually:

- Upper right: limsup (h→0+) [f(h)-f(0)]/h = b (since it's the maximum)
- Lower right: liminf (h→0+) [f(h)-f(0)]/h = a
- Upper left: limsup (h→0-) [f(h)-f(0)]/h = b' (since for h < 0, [f(h)-f(0)]/h = a' sin²(1/h) + b' cos²(1/h), which has limsup b' when cos²=1)
- Lower left: liminf (h→0-) [f(h)-f(0)]/h = a'

But the problem's answer choices list D_{+}, D_{-}, D^{-}. Let's see standard notation in some sources:

In some contexts, D_{+}f(0) is the right derivative (limsup), D_{-}f(0) is the left derivative (limsup), D^{-}f(0) is the lower right derivative (liminf). Wait, but the problem might have a specific notation.

Wait, let's look at option J: D_{+} = b', D_{-} = b, D^{-} = a'. That seems unlikely.

Wait, let's take a step back. The problem says ""a < b, a' < b'"". Let's assume that for x > 0, the function is f(x) = x(a sin²(1/x) + b cos²(1/x)), so f(x)/x = a sin²(1/x) + b cos²(1/x). As x→0+, this is a + (b - a) cos²(1/x), which oscillates between a and b.

For x < 0, f(x) = x(a' sin²(1/x) + b' cos²(1/x)), so f(x)/x = a' sin²(1/x) + b' cos²(1/x), which oscillates between a' and b'.

Now, the Dini derivatives:

- \( D_{+}f(0) \) is typically the upper right Dini derivative (limsup), so b.
- \( D_{-}f(0) \) is the upper left Dini derivative (limsup for the left side). But wait, the left-hand difference quotient is [f(h) - f(0)]/h for h < 0, which is a' sin²(1/h) + b' cos²(1/h), so its limsup is b', so the upper left Dini derivative is b'.
- \( D^{-}f(0) \) is the lower right Dini derivative (liminf), which is a.

Wait, let's check the answer choices. Option J says D_{+} = b', D_{-} = b, D^{-} = a'. No, option A says D_{+} = a', D_{-} = b', D^{-} = a.

Wait, maybe the problem uses D_{+} as the lower right derivative (liminf) and D^{-} as the upper right (limsup). Let's see:

In some notations, the lower Dini derivative is denoted by \( \underline{D}_{+} \) and upper by \( \overline{D}_{+} \). The problem uses D_{+}, D_{-}, D^{-}. Maybe:

- D_{+} = lower right Dini derivative (liminf)
- D_{-} = lower left Dini derivative (liminf)
- D^{-} = upper right Dini derivative (limsup)

But let's compute:

For the right side (h→0+), the liminf of [f(h)-f(0)]/h is a (since it goes down to a), and limsup is b.

For the left side (h→0-), [f(h)-f(0)]/h = a' sin²(1/h) + b' cos²(1/h), which has liminf a' (when cos²=0) and limsup b' (when cos²=1).

But the left-hand Dini derivatives are usually defined as [f(0) - f(h)]/h for h < 0, which is -[f(h)-f(0)]/h. So:

D_{-}f(0) (left-hand derivative) = lim_{h→0-} [f(0) - f(h)]/h = lim_{h→0-} [ - (f(h)-f(0))/h ] = - lim_{h→0-} [f(h)-f(0)]/h.

So if [f(h)-f(0)]/h has liminf a' and limsup b' as h→0-, then [f(0)-f(h)]/h has limsup -a' and liminf -b'.

Given that a' < b', then -b' < -a' (since a' < b' implies -a' > -b'), so the liminf of [f(0)-f(h)]/h as h→0- is -b' (the lower value), and limsup is -a'.

Now, the problem's answer choices have D_{-}f(0) as a value. Let's look at option A: D_{-} = b'. That's positive, but we just saw it's negative. So probably the problem is using the standard one-sided difference quotients without the sign flip.

Wait, maybe the problem defines D_{-}f(0) as the limit from the left of [f(h) - f(0)]/h, not [f(0) - f(h)]/h. That's a common confusion.

In many calculus contexts, the left-hand derivative is defined as lim_{h→0-} [f(h) - f(0)] / h, same as right-hand. So:

- Right-hand derivative (D_{+}f(0)): lim_{h→0+} [f(h) - f(0)] / h
- Left-hand derivative (D_{-}f(0)): lim_{h→0-} [f(h) - f(0)] / h

In that case, for x > 0, [f(h) - f(0)]/h = a sin²(1/h) + b cos²(1/h), which oscillates between a and b.

For x < 0, [f(h) - f(0)]/h = a' sin²(1/h) + b' cos²(1/h), which oscillates between a' and b'.

So the liminf of the right-hand difference quotient is a, limsup is b.

The liminf of the left-hand difference quotient is a', limsup is b'.

Now, the problem says ""Dini derivative"", which usually refers to the limsup and liminf, but the answer choices list single values, so they must be referring to the liminf and limsup.

The problem's answer choices have D_{+}, D_{-}, D^{-}. Let's check the notation in the options:

Option A: D_{+} = a', D_{-} = b', D^{-} = a

Option G: D_{+} = b', D_{-} = a, D^{-} = a'

Option H: D_{+} = b, D_{-} = a', D^{-} = b'

Option I: D_{+} = a, D_{-} = a', D^{-} = b'

Option J: D_{+} = b', D_{-} = b, D^{-} = a'

Let's think about the standard Dini derivative notation where:

- \( \underline{D}_{+}f(0) \) = lower right Dini derivative = liminf_{h→0+} [f(h)-f(0)]/h = a
- \( \overline{D}_{+}f(0) \) = upper right Dini derivative = limsup_{h→0+} [f(h)-f(0)]/h = b
- \( \underline{D}_{-}f(0) \) = lower left Dini derivative = liminf_{h→0-} [f(h)-f(0)]/h = a'
- \( \overline{D}_{-}f(0) \) = upper left Dini derivative = limsup_{h→0-} [f(h)-f(0)]/h = b'

The problem uses D_{+}, D_{-}, D^{-}. Maybe:

- D_{+} = upper right (overline D_{+})
- D_{-} = upper left (overline D_{-})
- D^{-} = lower right (underline D_{+})

Let's see option A: D_{+}=a', D_{-}=b', D^{-}=a. No, that's not matching.

Option I: D_{+}=a, D_{-}=a', D^{-}=b'. Here, D_{+}=a (lower right), D_{-}=a' (lower left), D^{-}=b' (upper right). That could be.

Wait, the problem says ""Dini derivative"", and in some contexts, the Dini derivatives are denoted as:

- \( D_{+}f(0) = \lim_{h \to 0^+} \frac{f(h) - f(0)}{h} \) (the standard right derivative, but it may not exist)
- \( D_{-}f(0) = \lim_{h \to 0^-} \frac{f(h) - f(0)}{h} \) (standard left derivative)
- \( D^{-}f(0) = \lim_{h \to 0^+} \frac{f(0) - f(h)}{h} \) (lower right derivative)
- \( D^{+}f(0) = \lim_{h \to 0^+} \frac{f(h) - f(0)}{h} \) (upper right derivative)

But the problem lists three: D_{+}, D_{-}, D^{-}. Maybe:

- D_{+} = upper right Dini derivative (limsup)
- D_{-} = upper left Dini derivative (limsup)
- D^{-} = lower right Dini derivative (liminf)

Let's compute:

For upper right (D_{+}): limsup_{h→0+} [f(h)-f(0)]/h = b (since it goes up to b)
For upper left (D_{-}): limsup_{h→0-} [f(h)-f(0)]/h = b' (since for h < 0, [f(h)-f(0)]/h = a' sin²(1/h) + b' cos²(1/h), which has limsup b' when cos²=1)
For lower right (D^{-}): liminf_{h→0+} [f(h)-f(0)]/h = a

So D_{+} = b, D_{-} = b', D^{-} = a. Is that an option? Let's check the choices:

Option E: D_{+}=b, D_{-}=b', D^{-}=a. Yes! Option E says: D_{+}f(0)=b, D_{-}f(0)=b', D^{-}f(0)=a.

Wait, let's confirm:

For the right-hand side (h > 0):

[f(h) - f(0)]/h = a sin²(1/h) + b cos²(1/h) = a + (b - a) cos²(1/h). As h→0+, cos²(1/h) takes values in [0,1], so the expression takes values in [a, b]. Therefore, limsup is b, liminf is a.

For the left-hand side (h < 0):

[f(h) - f(0)]/h = a' sin²(1/h) + b' cos²(1/h) = a' + (b' - a') cos²(1/h). As h→0-, 1/h → -∞, so cos²(1/h) still takes values in [0,1], so the expression takes values in [a', b']. Therefore, limsup is b', liminf is a'.

Now, the problem's answer choices:

E. D_{+}f(0)=b, D_{-}f(0)=b', D^{-}f(0)=a.

Yes, that seems to fit. Let's check the notation:

In some sources, D_{+} is the upper right Dini derivative (limsup), D_{-} is the upper left Dini derivative (limsup), and D^{-} is the lower right Dini derivative (liminf). So:

- D_{+} = limsup (right) = b
- D_{-} = limsup (left) = b'
- D^{-} = liminf (right) = a

That's option E.

Wait, but let's check option H: D_{+}=b, D_{-}=a', D^{-}=b'. No, D_{-} here is a', which is the liminf of the left side, but if D_{-} is limsup, it should be b'.

Another way: the problem says ""a < b, a' < b'"". The function for x > 0 is a combination of sin² and cos², so when cos²(1/x) = 1, f(x)/x = b, and when cos²(1/x) = 0, f(x)/x = a. So the upper limit (limsup) for the right side is b, lower (liminf) is a.

For x < 0, f(x)/x = a' sin²(1/x) + b' cos²(1/x), which when cos²(1/x) = 1, f(x)/x = b', and when cos²(1/x) = 0, f(x)/x = a'. So the upper limit for the left side is b', lower is a'.

If the problem uses:

- D_{+}f(0) = upper right Dini derivative (limsup) = b
- D_{-}f(0) = upper left Dini derivative (limsup) = b'
- D^{-}f(0) = lower right Dini derivative (liminf) = a

Then option E is correct.

Let's check the answer choices again:

E. D_{+}f(0)=b, D_{-}f(0)=b', D^{-}f(0)=a.

Yes, that matches.

Wait, but why is D^{-} the lower right? In some notations, D^{-} is the lower derivative (liminf). For example, in the context of Dini derivatives, the lower right derivative is denoted by \( \underline{D}_{+}f(0) \), and the problem might use D^{-} to mean that.

Yes, I think option E is correct.

Let me verify with a concrete example. Let a = 0, b = 1, a' = 0, b' = 1 (satisfying a < b, a' < b'). Then for x > 0, f(x) = x sin²(1/x) + x cos²(1/x) = x (since sin² + cos² = 1). Wait, no: a=0, b=1, so f(x) = 0*x sin²(1/x) + 1*x cos²(1/x) = x cos²(1/x). Then f(x)/x = cos²(1/x), which oscillates between 0 and 1. So limsup is 1, liminf is 0. So D_{+} (upper right) = 1 = b, D^{-} (lower right) = 0 = a.

For x < 0, f(x) = 0*x sin²(1/x) + 1*x cos²(1/x) = x cos²(1/x). Then f(x)/x = cos²(1/x), which oscillates between 0 and 1, so limsup is 1 = b', liminf is 0 = a'. So D_{-} (upper left) = 1 = b'.

In this case, the answer would be E: D_{+}=b=1, D_{-}=b'=1, D^{-}=a=0. Which matches.

Another example: a=1, b=2 (so a < b), a'=3, b'=4 (a' < b'). For x > 0, f(x)/x = 1*sin²(1/x) + 2*cos²(1/x) = 1 + cos²(1/x) (since 2 cos² - 1 + 1? Wait, no: 1*sin² + 2*cos² = sin² + 2(1 - sin²) = 2 - sin², which oscillates between 1 (when sin²=1) and 2 (when sin²=0). So limsup is 2 = b, liminf is 1 = a.

For x < 0, f(x)/x = 3 sin²(1/x) + 4 cos²(1/x) = 3 + cos²(1/x) (since 3 sin² + 4 cos² = 3(1 - cos²) + 4 cos² = 3 + cos²), which oscillates between 3 (cos²=0) and 4 (cos²=1). So limsup is 4 = b', liminf is 3 = a'.

Thus, D_{+} (upper right) = b = 2, D_{-} (upper left) = b' = 4, D^{-} (lower right) = a = 1. So the answer is E.

Yes, this makes sense. So the correct answer is E.
</think>

To determine the **Dini derivatives** of the function

$$
f(x)=\begin{cases}
ax\sin^2\frac{1}{x}+bx\cos^2\frac{1}{x},&x>0,\\
0,&x=0,\\
a'x\sin^2\frac{1}{x}+b'x\cos^2\frac{1}{x},&x<0,
\end{cases}
$$

at $ x = 0 $, we analyze the behavior of the **difference quotients** as $ x \to 0^+ $ and $ x \to 0^- $.

---

### Step 1: Right-hand side (x > 0)

For $ x > 0 $, we have:

$$
f(x) = ax \sin^2\left(\frac{1}{x}\right) + bx \cos^2\left(\frac{1}{x}\right)
$$

So the difference quotient is:

$$
\frac{f(x) - f(0)}{x} = a \sin^2\left(\frac{1}{x}\right) + b \cos^2\left(\frac{1}{x}\right)
$$

Using the identity $ \sin^2\theta + \cos^2\theta = 1 $, this becomes:

$$
a \sin^2\left(\frac{1}{x}\right) + b \cos^2\left(\frac{1}{x}\right) = a + (b - a)\cos^2\left(\frac{1}{x}\right)
$$

As $ x \to 0^+ $, $ \frac{1}{x} \to \infty $, so $ \cos^2\left(\frac{1}{x}\right) $ oscillates between 0 and 1. Therefore, the expression oscillates between:

- **Lower bound**: $ a $ (when $ \cos^2 = 0 $)
- **Upper bound**: $ b $ (when $ \cos^2 = 1 $)

Thus:
- $ \underline{D}_{+}f(0) = \liminf_{x \to 0^+} \frac{f(x) - f(0)}{x} = a $
- $ \overline{D}_{+}f(0) = \limsup_{x \to 0^+} \frac{f(x) - f(0)}{x} = b $

---

### Step 2: Left-hand side (x < 0)

For $ x < 0 $, we have:

$$
f(x) = a'x \sin^2\left(\frac{1}{x}\right) + b'x \cos^2\left(\frac{1}{x}\right)
$$

Then the difference quotient is:

$$
\frac{f(x) - f(0)}{x} = a' \sin^2\left(\frac{1}{x}\right) + b' \cos^2\left(\frac{1}{x}\right)
$$

This also simplifies to:

$$
a' + (b' - a') \cos^2\left(\frac{1}{x}\right)
$$

As $ x \to 0^- $, $ \frac{1}{x} \to -\infty $, so again $ \cos^2\left(\frac{1}{x}\right) $ oscillates between 0 and 1. Hence, the expression oscillates between:

- **Lower bound**: $ a' $
- **Upper bound**: $ b' $

Therefore:
- $ \underline{D}_{-}f(0) = \liminf_{x \to 0^-} \frac{f(x) - f(0)}{x} = a' $
- $ \overline{D}_{-}f(0) = \limsup_{x \to 0^-} \frac{f(x) - f(0)}{x} = b' $

---

### Step 3: Interpreting the Notation in the Answer Choices

The problem uses the following notation for Dini derivatives:

- $ D_{+}f(0) $: **Upper right Dini derivative** (i.e., $ \overline{D}_{+}f(0) $)
- $ D_{-}f(0) $: **Upper left Dini derivative** (i.e., $ \overline{D}_{-}f(0) $)
- $ D^{-}f(0) $: **Lower right Dini derivative** (i.e., $ \underline{D}_{+}f(0) $)

From our analysis:

- $ D_{+}f(0) = b $
- $ D_{-}f(0) = b' $
- $ D^{-}f(0) = a $

This matches **Option E** exactly.

---

### ✅ Final Answer

$$
\boxed{E}
$$"
525,"This is a complex or challenging question, and it is difficult to provide a direct and correct answer. I need to think about it.
Well, so we have this system of equations with three variables r, s, t, all probably fractions since we have reciprocals and the equations look like they might simplify to integers or something? Wait, the problem asks for the smallest integer divisible by rs and 12t, so we need to find rs and 12t first, maybe? Let's write down the equations again clearly to avoid mistakes.

First equation: (1/r)(1/s)(1/t) = 3/391 ⇒ 1/(rst) = 3/391 ⇒ rst = 391/3. Hmm, okay, so rst is a fraction, but maybe when we multiply the other equations or manipulate them, we can get integers? Let's look at the other equations:

Second equation: r + 1/s = 35/46. Let's denote x = 1/r, y = 1/s, z = 1/t to make reciprocals easier? Wait, maybe that's a good substitution because the first equation is in reciprocals. Let's try that.

Let x = 1/r, so r = 1/x; y = 1/s, so s = 1/y; z = 1/t, so t = 1/z. Then let's rewrite all equations in terms of x, y, z.

First equation: (1/r)(1/s)(1/t) = xyz = 3/391. Okay, that's simpler! Good, so xyz = 3/391.

Second equation: r + 1/s = 1/x + y = 35/46. Wait, hold on: 1/s is y, yes, and r is 1/x, so yes, 1/x + y = 35/46.

Third equation: s + 1/t = 1/y + z = 1064/23. Wait, 1064 divided by 23... let's check that: 23*46=1058, so 1064-1058=6, so 1064/23=46 + 6/23? Wait, no, maybe better not to compute yet, just keep as is.

Fourth equation: t + 1/r = 1/z + x = 529/102.

Okay, so now we have a system in x, y, z:

1. xyz = 3/391

2. 1/x + y = 35/46

3. 1/y + z = 1064/23

4. 1/z + x = 529/102

Hmm, this seems a bit more manageable? Let's see if we can express each variable in terms of the next or solve step by step. Let's take equation 2 first: 1/x + y = 35/46 ⇒ y = 35/46 - 1/x = (35x - 46)/(46x). Maybe we can write each variable as a fraction with denominator involving the previous variable? Let's try to solve for 1/x, 1/y, 1/z first maybe? Wait, another idea: let's multiply all four equations? Wait, no, we have four equations but one is the product of reciprocals, maybe not. Wait, let's see if we can find x, y, z by expressing each equation as a linear equation in terms of reciprocals.

Wait, let's denote a = x, b = y, c = z for simplicity, so:

1. abc = 3/391

2. 1/a + b = 35/46 ⇒ b = 35/46 - 1/a

3. 1/b + c = 1064/23 ⇒ c = 1064/23 - 1/b

4. 1/c + a = 529/102 ⇒ a = 529/102 - 1/c

So we can substitute step by step. Let's start with equation 2 to get b in terms of a, plug into equation 3 to get c in terms of a, then plug into equation 4 to get an equation in a, solve for a, then get b, c, then convert back to r, s, t.

Let's do that carefully.

First, from equation 2: b = (35/46) - (1/a) = (35a - 46)/(46a). Let's keep it as a fraction for now.

From equation 3: c = (1064/23) - (1/b). Let's compute 1064 divided by 23 first to see if it's an integer? Wait, 23*46=1058, as I thought earlier, 1064-1058=6, so 1064=23*46 + 6? Wait, no, 23*46: 20*46=920, 3*46=138, so 920+138=1058, yes, so 1064=1058+6=23*46 + 6, so 1064/23=46 + 6/23=1064/23. Maybe not helpful. Wait, but let's check if 391 factors: 391 divided by 17 is 23, because 17*23=391 (17*20=340, 17*3=51; 340+51=391). Oh, that's important! 391=17*23. Good to note, so rst=391/3 as we had before, since 1/(rst)=3/391.

Also, let's look at the fourth equation: 529/102. 529 is 23 squared! 23*23=529, yes! That's a perfect square, good catch. 102 is 6*17=2*3*17. 46 is 2*23, 23 we know is a factor of 391.

Let's list all denominators and numerators with prime factors to see patterns:

391 = 17*23 (as above)

35/46: 35=5*7, 46=2*23

1064/23: let's compute 1064 ÷ 8 = 133, so 1064=8*133=8*7*19? Wait, 133=7*19, yes! 7*19=133, so 1064=8*7*19=56*19? Wait, 56*19=1064? 50*19=950, 6*19=114, 950+114=1064, yes! So 1064=56*19=8*7*19, so 1064/23 is just 1064 over 23, but maybe not necessary yet.

529/102: 529=23², 102=2*3*17, as above.

First equation: xyz=3/391=3/(17*23). So x, y, z are fractions with denominators dividing 17*23? Maybe, since the right-hand sides have denominators 46=2*23, 23, 102=2*3*17, so maybe the denominators of x, y, z are small integers.

Let's go back to the substitution step by step, maybe assume that a, b, c (which are x, y, z = 1/r, 1/s, 1/t) are rational numbers, which they must be since all equations have rational right-hand sides, so by Rational Root Theorem or just algebra, we can find them.

Let's take equation 2: 1/a + b = 35/46. Let's solve for 1/a = 35/46 - b ⇒ a = 1/(35/46 - b) = 46/(35 - 46b). Maybe express a in terms of b, then equation 4 is 1/c + a = 529/102, so 1/c = 529/102 - a ⇒ c = 1/(529/102 - a), then equation 3: 1/b + c = 1064/23 ⇒ c = 1064/23 - 1/b. So set the two expressions for c equal: 1/(529/102 - a) = 1064/23 - 1/b. But a is in terms of b, so substitute a = 46/(35 - 46b) into this.

Let's try that substitution. Let's let b be a variable, write a = 46/(35 - 46b), so let's compute 529/102 - a first: 529/102 - 46/(35 - 46b) = [529(35 - 46b) - 46*102]/[102(35 - 46b)]. Let's compute numerator step by step:

First, 529*35: 500*35=17500, 29*35=1015, so total 17500+1015=18515

529*46: 529*40=21160, 529*6=3174, so 21160+3174=24334

46*102: 46*100=4600, 46*2=92, so 4692

So numerator of the big fraction: 18515 - 24334b - 4692 = (18515 - 4692) - 24334b = 13823 - 24334b

Wait, let's check 18515 - 4692: 18515 - 4000=14515, 14515 - 692=13823, yes. Now, can we factor 13823 and 24334? Let's see, 24334 is even, 13823 is odd. 24334 ÷ 2=12167. 12167: let's check divisibility by 23? 23*529=23*23²=23³=12167! Wait, yes! 23²=529, 23³=23*529=12167, exactly. Let's verify: 20*529=10580, 3*529=1587, 10580+1587=12167, yes! So 24334=2*12167=2*23³. Good, that's helpful.

13823: let's see, we know 391=17*23, maybe 13823 is related? 17*23=391, 13823 ÷ 23: 23*600=13800, so 13823-13800=23, so 23*601=13823! Wait, 23*600=13800, 23*1=23, so 13800+23=13823, yes! Perfect, so 13823=23*601. Wait, is 601 prime? Maybe, but let's hold on.

So numerator: 13823 - 24334b = 23*601 - 2*23³*b = 23*(601 - 2*23² b). Wait, 23²=529, so 2*23²=1058, so 601 - 1058b? Wait, but maybe keep factored as 23*(601 - 2*529 b) for now.

Denominator of the big fraction (for 529/102 - a) is 102*(35 - 46b), and 102=6*17=2*3*17, as before.

So now, 1/c = [23*(601 - 2*23² b)] / [102*(35 - 46b)]? Wait, no, wait: earlier, 529/102 - a = [numerator]/[denominator] = [13823 - 24334b]/[102(35 - 46b)] = 23*(601 - 2*23² b)/[102(35 - 46b)]? Wait, 24334=2*23³, yes, so 24334b=2*23³ b, 13823=23*601, so yes, factor out 23: 23*(601 - 2*23² b)/[102(35 - 46b)]. Good.

But maybe instead of going this route, let's recall that we have xyz=3/(17*23), so the product is a small fraction, so maybe x, y, z are fractions with denominators 17,23, or products? Let's think about the fourth equation: 1/c + a = 529/102 = 23²/(2*3*17). Maybe a is a fraction with denominator 17 or 23, let's guess.

Wait, another approach: let's consider multiplying all four equations? Wait, no, we have four equations but one is the product. Wait, actually, let's write the original equations without substitution first, maybe add them up? Wait, original equations:

1. 1/(rst) = 3/391 ⇒ rst = 391/3 (as before)

2. r + 1/s = 35/46

3. s + 1/t = 1064/23

4. t + 1/r = 529/102

Let me denote equation 2 as r = 35/46 - 1/s, equation 3 as s = 1064/23 - 1/t, equation 4 as t = 529/102 - 1/r. Maybe substitute equation 2 into equation 3 to get s in terms of t, then into equation 4 to get a equation in t, solve for t, then get s, r, then compute rs and 12t.

Let's try that substitution chain.

Start with equation 2: r = (35/46) - (1/s) = (35s - 46)/(46s) [common denominator 46s]

Equation 3: s = (1064/23) - (1/t) = (1064t - 23)/(23t) [common denominator 23t]

Equation 4: t = (529/102) - (1/r) = (529r - 102)/(102r) [common denominator 102r]

Okay, so now we have r in terms of s, s in terms of t, t in terms of r. Let's substitute s from equation 3 into equation 2 to get r in terms of t.

So substitute s = (1064t - 23)/(23t) into r = (35s - 46)/(46s):

First compute 35s - 46 = 35*(1064t - 23)/(23t) - 46 = [35(1064t - 23) - 46*23t]/(23t)

Compute numerator of that: 35*1064t - 35*23 - 46*23t = t*(35*1064 - 46*23) - 35*23

Let's compute 35*1064 first: 35*1000=35000, 35*64=2240, so 35000+2240=37240

46*23: 40*23=920, 6*23=138, so 920+138=1058

So coefficient of t: 37240 - 1058 = 36182

35*23: 30*23=690, 5*23=115, so 690+115=805

So 35s - 46 = [36182t - 805]/(23t)

Now, r = (35s - 46)/(46s) = [ (36182t - 805)/(23t) ] / [46*(1064t - 23)/(23t) ] = (36182t - 805)/(46*(1064t - 23)) [the 23t cancels out, nice!]

Simplify numerator and denominator by checking if they have common factors. Let's see, first check if 36182 and 805 have common factors with 1064 and 23.

First, 805: 805 ÷ 5=161, 161=7*23, so 805=5*7*23. Good, 23 is a factor.

36182: let's divide by 23: 23*1573=36179, so 36182-36179=3, not divisible by 23. Wait, 23*1500=34500, 36182-34500=1682, 23*73=1679, 1682-1679=3, so 23*1573=36179, remainder 3, so not divisible by 23. Wait, but 36182 ÷ 2=18091, which might be prime? Maybe not important yet.

Wait, let's also look at the denominator in r's expression: 46*(1064t - 23) = 2*23*(1064t - 23). Numerator: 36182t - 805. Let's factor numerator: 36182=2*18091, 805=5*7*23, so numerator=2*18091 t - 5*7*23. Not sure.

But now, we have r in terms of t, and from equation 4, we have t in terms of r, so let's write equation 4 as t = (529r - 102)/(102r), so let's solve for r from equation 4 to get r in terms of t? Wait, no, equation 4 is t = (529r - 102)/(102r), so let's solve for r: 102r t = 529r - 102 ⇒ 102r - 529r t = -102 ⇒ r(529t - 102) = 102 ⇒ r = 102 / (529t - 102). Oh! That's a much simpler expression for r in terms of t! I can't believe I didn't do that earlier for equation 4. Let's do this for all equations to get linear expressions for each variable in terms of the next variable.

Yes! Let's rewrite each original equation (2-4) to solve for the variable that's not the reciprocal, so solve for the ""main"" variable.

Equation 2: r + 1/s = 35/46 ⇒ r = 35/46 - 1/s ⇒ but maybe better to solve for the reciprocal term? Wait, no, let's take equation 4: t + 1/r = 529/102 ⇒ 1/r = 529/102 - t ⇒ r = 1 / (529/102 - t) = 102 / (529 - 102t). Yes! That's a clean expression for r in terms of t, no fractions in the denominator except the one we already handled. Perfect, that's what I should have done first.

Let's do this for all four equations (equations 2-4, since equation 1 is the product):

Equation 2: r + 1/s = 35/46 ⇒ 1/s = 35/46 - r ⇒ s = 1 / (35/46 - r) = 46 / (35 - 46r)

Equation 3: s + 1/t = 1064/23 ⇒ 1/t = 1064/23 - s ⇒ t = 1 / (1064/23 - s) = 23 / (1064 - 23s)

Equation 4: t + 1/r = 529/102 ⇒ 1/r = 529/102 - t ⇒ r = 1 / (529/102 - t) = 102 / (529 - 102t) [this is the clean one we found]

Great, so now we have:

1. r = 102 / (529 - 102t) [from eq4]

2. s = 46 / (35 - 46r) [from eq2]

3. t = 23 / (1064 - 23s) [from eq3]

So now, let's substitute equation 1 into equation 2 to get s in terms of t, then substitute that into equation 3 to get an equation only in t, which we can solve.

Start with equation 1: r = 102 / D, where D = 529 - 102t for simplicity.

Then equation 2: s = 46 / (35 - 46r) = 46 / (35 - 46*(102/D)) = 46 / [ (35D - 46*102)/D ] = 46D / (35D - 46*102)

Now compute 46*102: as before, 46*100=4600, 46*2=92, so 4692. So s = 46D / (35D - 4692), where D=529 - 102t.

Now plug this expression for s into equation 3: t = 23 / (1064 - 23s) ⇒ 1064 - 23s = 23 / t ⇒ 23s = 1064 - 23/t ⇒ s = (1064 - 23/t)/23 = 1064/23 - 1/t. Wait, but maybe better to use the equation t = 23 / (1064 - 23s) ⇒ 1064 - 23s = 23/t ⇒ 23s = 1064 - 23/t ⇒ s = (1064t - 23)/(23t), which is what we had earlier for s in terms of t, so that's a good check.

But let's take the s we have in terms of D and t, plug into t = 23 / (1064 - 23s). Let's do that step by step.

First, compute 1064 - 23s using s = 46D / (35D - 4692):

1064 - 23s = 1064 - 23*(46D)/(35D - 4692) = [1064*(35D - 4692) - 23*46D] / (35D - 4692)

Let's compute the numerator of this expression (let's call it N):

N = 1064*35D - 1064*4692 - 23*46D

First, factor D terms: D*(1064*35 - 23*46) - 1064*4692

We already computed 1064*35 earlier when we did the other substitution: 1064*35=37240 (wait, no, earlier we had 35*1064=37240, yes). And 23*46=1058, as before (23*40=920, 23*6=138, 920+138=1058). So coefficient of D: 37240 - 1058 = 36182, as we calculated earlier.

Now the constant term: 1064*4692. Wait, that's a big number, but maybe we can factor 1064 and 4692 to see if they have common factors with 36182 or 102, etc.

Wait, let's recall that 1064=8*133=8*7*19 (since 133=7*19), and 4692=46*102= (2*23)*(2*3*17)=4*3*17*23 (since 102=2*3*17, 46=2*23). Wait, 46*102=4692, yes, so 4692=4*3*17*23.

Also, 1064=8*7*19, as above.

But maybe instead of computing the big constant term, let's remember that from equation 3's expression for s, we have s=(1064t -23)/(23t), so let's use that to write an equation for t.

Wait, here's a better idea: let's consider the product of the three equations (2-4) but with the reciprocals? Wait, no, let's think about the original problem: we need rs and 12t, so maybe we don't need to find r, s, t individually? Let's denote P = rs, Q = t, so we need the smallest integer divisible by P and 12Q, i.e., LCM(P, 12Q). But maybe first find P and Q.

Wait, from equation 1: rst = 391/3 ⇒ P*t = 391/3 ⇒ P = 391/(3t). Oh! That's useful! Because P = rs, so rs = 391/(3t). That's a key relation I missed earlier. Since rst = 391/3, then rs = (391/3)/t = 391/(3t). Perfect, so if we can find t, we can get rs immediately.

Also, the problem asks for the smallest integer divisible by rs and 12t, so let's denote K = LCM(rs, 12t). Since rs = 391/(3t), let's write K = LCM(391/(3t), 12t). But for K to be integer, 391/(3t) must be rational, which it is, and 12t must be rational, which it is, so let's see if we can find t such that 3t divides 391? Wait, 391=17*23, so 3t must be a factor of 391? Wait, no, rs is a rational number, so 391/(3t) is rational, so t is rational, which we know.

Wait, let's go back to equation 4, which we had as r = 102/(529 - 102t). Let's also get expressions for s and t in terms of r, then multiply them to get rs? Wait, rs = (r)(s) = r * [46/(35 - 46r)] from equation 2 (since s=46/(35-46r)). So rs = 46r / (35 - 46r). But from equation 1, rs = 391/(3t), so 46r / (35 - 46r) = 391/(3t) ⇒ 3t = 391(35 - 46r)/(46r) ⇒ t = 391(35 - 46r)/(138r). Hmm, not sure.

Wait, let's use the three expressions for r, s, t in terms of each other to form a single equation. Let's take the three expressions we had:

r = 102 / (529 - 102t)  ---(A)

s = 46 / (35 - 46r)     ---(B)

t = 23 / (1064 - 23s)  ---(C)

Let's substitute (A) into (B) to get s in terms of t, then substitute that into (C) to get an equation in t.

From (A): r = 102 / (529 - 102t) ⇒ 35 - 46r = 35 - 46*102/(529 - 102t) = [35(529 - 102t) - 46*102]/(529 - 102t)

Compute numerator of 35 - 46r: 35*529 - 35*102t - 46*102

First, compute 35*529: 35*500=17500, 35*29=1015, so 17500+1015=18515

35*102=3560 (30*102=3060, 5*102=510; 3060+510=3570? Wait, 35*100=3500, 35*2=70, so 35*102=3570, yes, my bad earlier)

46*102=4692 as before

So numerator = 18515 - 3570t - 4692 = (18515 - 4692) - 3570t = 13823 - 3570t

Ah, nice, 13823 we noticed earlier is 23*601, and 3570: let's factor 3570=10*357=10*3*119=10*3*7*17 (since 119=7*17). 13823=23*601, as we saw (23*600=13800, 23*1=23, 13800+23=13823, yes, so 601 is prime? Maybe, but let's keep as 23*601 for now).

So 35 - 46r = (13823 - 3570t)/(529 - 102t)

Therefore, s = 46 / (35 - 46r) = 46*(529 - 102t)/(13823 - 3570t) [from (B)]

Now, let's plug this expression for s into equation (C): t = 23 / (1064 - 23s) ⇒ 1064 - 23s = 23/t ⇒ 23s = 1064 - 23/t ⇒ s = (1064t - 23)/(23t) [this is the same as before, good]

So set the two expressions for s equal:

46*(529 - 102t)/(13823 - 3570t) = (1064t - 23)/(23t)

Let's cross-multiply to eliminate denominators:

46*(529 - 102t)*23t = (1064t - 23)*(13823 - 3570t)

First, note that 46*23 = 1058, so left side is 1058t*(529 - 102t)

Right side: let's factor out common terms from (1064t - 23) and (13823 - 3570t) to see if we can simplify.

First, 1064: let's divide by 23: 23*46=1058, so 1064=23*46 + 6, not divisible by 23. Wait, 1064 ÷ 8=133, as before, 133=7*19, so 1064=8*7*19.

13823: we know 13823=23*601 (23*600=13800, 23*1=23, so 13823=23*601, correct)

3570: 3570=357*10=17*21*10=17*3*7*2*5, so 3570=2*3*5*7*17

1064t -23: let's check if 23 is a factor of 1064t? 1064=23*46 + 6, so 1064≡6 mod23, so 1064t -23≡6t mod23, not necessarily 0.

Wait, but let's compute left side and right side numerically with the knowledge that t is a rational number, likely with small denominator, so let's assume t = p/q in lowest terms, then from equation 4: t + 1/r = 529/102 ⇒ 1/r = 529/102 - t, so r = 102/(529 - 102t), so 529 - 102t must be positive (since r is positive, as all equations have positive right-hand sides, so all variables are positive), so 529 > 102t ⇒ t < 529/102 ≈5.186, so t is less than 5.2.

Also, from equation 3: s + 1/t = 1064/23 ≈46.26, so s ≈46.26 - 1/t, so s is positive, so 1/t < 46.26 ⇒ t > 1/46.26 ≈0.0216, so t is between ~0.02 and ~5.2.

From equation 2: r + 1/s = 35/46 ≈0.7609, so r ≈0.7609 - 1/s, so r is positive, so 1/s < 0.7609 ⇒ s > 1/0.7609 ≈1.314, so s >1.314.

From rst=391/3≈130.333, so since s>1.314, r*t <130.333/1.314≈99.18, which matches t<5.2, so r<99.18/0.0216≈4590, but probably smaller.

Wait, let's think about the denominators in the right-hand sides: 46=2*23, 23=23, 102=2*3*17, 391=17*23. So the denominators involve 2,3,17,23. Maybe t has denominator 17 or 23? Let's test t = 17/k for some integer k, or t=23/k.

Wait, from equation 4: r = 102/(529 - 102t). If t is a fraction with denominator 17, say t = m/17, then 102t = 102m/17 = 6m, so 529 - 102t = 529 - 6m, which is integer, so r = 102/(529 - 6m), which is rational, good.

Similarly, if t = n/23, then 102t = 102n/23, not integer, but maybe r is still rational.

Let's try t = 17/ something? Wait, 102=6*17, so 102t = 6*17*t, so if t = k/17, then 102t=6k, integer, which is nice.

Let's suppose t = k/17, where k is a positive integer (since t>0). Then from equation 4: r = 102/(529 - 102t) = 102/(529 - 6k). Since r must be positive, 529 - 6k > 0 ⇒ 6k < 529 ⇒ k < 529/6 ≈88.16, so k≤88.

Now, from equation 3: s + 1/t = 1064/23 ⇒ s = 1064/23 - 1/t = 1064/23 - 17/k (since t=k/17 ⇒ 1/t=17/k). 1064/23: let's compute 23*46=1058, so 1064=23*46 + 6 ⇒ 1064/23=46 + 6/23= (46*23 + 6)/23=1064/23, so s = (1064k - 17*23)/(23k) [common denominator 23k]

Compute 17*23=391, so s=(1064k - 391)/(23k)

From equation 2: r + 1/s = 35/46 ⇒ 1/s = 35/46 - r ⇒ s = 1/(35/46 - r) = 46/(35 - 46r)

We have r = 102/(529 - 6k) from above (since t=k/17, 102t=6k), so let's write s from equation 2 as 46/(35 - 46*(102)/(529 - 6k)) = 46*(529 - 6k)/(35*(529 - 6k) - 46*102)

Compute denominator of this s: 35*529 - 35*6k - 46*102

We already computed 35*529=18515 earlier, 46*102=4692, so 18515 - 4692=13823, and 35*6=210, so denominator=13823 - 210k

Therefore, s from equation 2 is 46*(529 - 6k)/(13823 - 210k)

But we also have s from equation 3 as (1064k - 391)/(23k)

So set them equal:

46*(529 - 6k)/(13823 - 210k) = (1064k - 391)/(23k)

Simplify left side: 46/23=2, so left side=2*(529 - 6k)/(13823 - 210k)

So now:

2*(529 - 6k)/(13823 - 210k) = (1064k - 391)/(23k)

Cross-multiplying (all denominators positive as we established earlier, so no sign issues):

2*(529 - 6k)*23k = (1064k - 391)*(13823 - 210k)

Compute left side: 46k*(529 - 6k) = 46*529 k - 276k²

Right side: let's factor out common terms from (1064k - 391) and (13823 - 210k) to see if we can simplify. Wait, earlier we noticed 13823=23*601, and 391=17*23, so 1064k - 391=1064k -17*23. 1064=8*133=8*7*19, as before.

Wait, let's compute numerical values for small k? Since k is integer between 1 and 88, maybe k is small because the denominators might work out. Let's try k=1: left side=46*1*(529-6)=46*523=24058; right side=(1064-391)*(13823-210)=673*13613, way too big.

k=2: left=46*2*(529-12)=92*517=47564; right=(2128-391)*(13823-420)=1737*13403, still huge.

k=10: left=46*10*(529-60)=460*469=215740; right=(10640-391)*(13823-2100)=10249*11723, still huge.

Wait, maybe t has denominator 23? Let's try t = m/23, so 1/t=23/m, m positive integer.

From equation 4: r = 102/(529 - 102t) = 102/(529 - (102m)/23) = (102*23)/(529*23 - 102m) = 2346/(12167 - 102m) [since 529*23=23³=12167, yes! 23²=529, 23³=12167, that's a key point I missed earlier: 529=23², so 529*23=23³=12167]

Great, so 529*23=23³=12167, good.

From equation 3: s + 1/t = 1064/23 ⇒ s = 1064/23 - 23/m = (1064m - 23*23)/(23m) = (1064m - 529)/(23m)

From equation 2: r + 1/s = 35/46 ⇒ 1/s = 35/46 - r ⇒ s = 1/(35/46 - r) = 46/(35 - 46r)

We have r = 2346/(12167 - 102m) from above (t=m/23 ⇒ 102t=102m/23 ⇒ 529 -102t=(529*23 -102m)/23 ⇒ r=102*23/(529*23 -102m)=2346/(12167 -102m), correct)

So compute 35 - 46r = 35 - 46*2346/(12167 - 102m) = [35*(12167 - 102m) - 46*2346]/(12167 - 102m)

Compute numerator of 35 - 46r:

35*12167 - 35*102m - 46*2346

First, 35*12167: let's see, 12167=23³, but maybe compute 35*12000=420000, 35*167=5745, so 420000+5745=425745

35*102=3570, so 35*102m=3570m

46*2346: 40*2346=93840, 6*2346=14076, so 93840+14076=107916

So numerator = 425745 - 107916 - 3570m = (425745 - 107916) - 3570m = 317829 - 3570m

Let's factor 317829 and 3570:

3570=10*357=10*3*119=10*3*7*17 (as before)

317829: sum of digits 3+1+7+8+2+9=30, divisible by 3: 317829 ÷3=105943 (3*100000=300000, 3*5943=17829, yes)

105943: check divisibility by 7: 7*15134=105938, 105943-105938=5, not divisible by 7. By 17: 17*6231=105927, 105943-105927=16, no. By 19: 19*5575=105925, 105943-105925=18, no. Maybe 105943 is prime? Not sure, but let's see if 317829 - 3570m is divisible by something.

Wait, but we also have s from equation 3: s=(1064m - 529)/(23m). Let's compute 1064m - 529: 1064=8*7*19, 529=23², so not obvious.

But remember from equation 1: rst=391/3=17*23/3. Since t=m/23, then rs= (17*23/3)/t = (17*23/3)/(m/23)= (17*23²)/(3m). So rs must be rational, so 3m divides 17*23². Since 17 and 23 are primes, 3m must be a factor of 17*23², so m must be a factor of 17*23² /3. But m is integer, so 3 divides 17*23²? 17 and 23 are not divisible by 3, so 3 does not divide 17*23², which means our assumption that t=m/23 leads to rs having a denominator of 3, but maybe that's okay, but the key point is that for rs to be a rational number with denominator dividing 3m, but let's use the fact that from equation 1, rst=391/3, so 3rst=391, which is integer. Ah! This is crucial.

3rst = 391. 391=17*23, as established, so 3rst is integer, which means that the product rst has denominator dividing 1/3, so when we write r, s, t as fractions, their denominators multiply to a multiple of 3, but 3rst=391 is integer, so yes, 3rst=391 ⇒ r=391/(3st), so r is rational, which we know.

But let's consider the four equations again, but multiply equation 2 by s, equation 3 by t, equation 4 by r, and see what happens:

Equation 2 * s: r s + 1 = (35/46)s ⇒ rs = (35/46)s - 1 ---(i)

Equation 3 * t: s t + 1 = (1064/23)t ⇒ st = (1064/23)t - 1 ---(ii)

Equation 4 * r: t r + 1 = (529/102)r ⇒ tr = (529/102)r - 1 ---(iii)

Equation 1: rst = 391/3 ---(iv)

Now, let's denote A = rs, B = st, C = tr, so that A*B*C = (rs)(st)(tr) = r²s²t² = (rst)² = (391/3)², but maybe more useful: A = rs, so B = st = (st) = (s t) = (t / r) * (r s) = (t/r)A, but from equation (iii): tr = (529/102)r - 1 ⇒ t/r = (529/102) - 1/r ⇒ not helpful.

Wait, from (i): A = (35/46)s - 1 ⇒ s = (A + 1)/(35/46) = 46(A + 1)/35

From (ii): B = (1064/23)t - 1 ⇒ t = (B + 1)/(1064/23) = 23(B + 1)/1064

From (iii): C = (529/102)r - 1 ⇒ r = (C + 1)/(529/102) = 102(C + 1)/529

Now, since A = rs, B = st, C = tr, we have:

A = rs = [102(C + 1)/529] * [46(A + 1)/35] = (102*46 / (529*35)) * (C + 1)(A + 1)

Similarly, B = st = [46(A + 1)/35] * [23(B + 1)/1064] = (46*23 / (35*1064)) * (A + 1)(B + 1)

C = tr = [23(B + 1)/1064] * [102(C + 1)/529] = (23*102 / (1064*529)) * (B + 1)(C + 1)

Also, from (iv): rst = A * t = B * r = C * s = 391/3. Let's take rst = A * t = 391/3 ⇒ t = 391/(3A). But we also have t = 23(B + 1)/1064 from above, so:

23(B + 1)/1064 = 391/(3A) ⇒ (B + 1) = (1064 * 391) / (23 * 3A)

Compute 1064 / 23: 23*46=1058, so 1064=23*46 + 6 ⇒ 1064/23=46 + 6/23, not integer, but 391=17*23, so 391/23=17. Ah! 391=17*23, yes! So 391=17*23, so 391/23=17. That's a key simplification I've been missing for a while.

Let's rewrite all constants with 391=17*23, so:

- 391 = 17*23 ⇒ 391/23=17, 391/17=23

- 1064: let's divide by 23: 23*46=1058, so 1064=23*46 + 6 ⇒ 1064=23*46 + 6, but 1064=8*133=8*7*19 as before, but maybe 1064=46*23 + 6? Wait, 46*23=1058, yes, so 1064=46*23 + 6

- 529=23², as established

- 46=2*23

- 102=6*17=2*3*17

Okay, let's go back to the equation we had from rst=391/3 and rs=A: A*t=391/3 ⇒ t=391/(3A). That's simple.

Also, from equation 4: t + 1/r = 529/102 ⇒ 1/r = 529/102 - t ⇒ r = 1/(529/102 - t) = 102/(529 - 102t). Let's plug t=391/(3A) into this:

r = 102 / [529 - 102*(391)/(3A)] = 102 / [529 - 34*391/A] = (102A) / [529A - 34*391]

Compute 34*391: 34*400=13600, minus 34*9=306, so 13600-306=13294

529=23², 391=17*23, so 34*391=34*17*23=578*23 (since 34*17=578). 578*20=11560, 578*3=1734, so 11560+1734=13294, correct.

So r = 102A / (529A - 13294)

But from equation 2: r + 1/s = 35/46, and A=rs ⇒ s=A/r, so 1/s=r/A. Therefore, equation 2 becomes r + r/A = 35/46 ⇒ r(1 + 1/A) = 35/46 ⇒ r(A + 1)/A = 35/46 ⇒ r = (35/46) * (A / (A + 1))

Oh my goodness, this is a much simpler relation! Why didn't I think of this earlier?

Let's redo this step carefully because it's brilliant and will save us time.

We have:

- A = rs (this is what we need for the problem)

- From equation 2: r + 1/s = 35/46. Let's write 1/s = r/A (since A=rs ⇒ s=A/r ⇒ 1/s=r/A). Yes! That's the key substitution.

So substitute 1/s = r/A into equation 2:

r + (r/A) = 35/46 ⇒ r(1 + 1/A) = 35/46 ⇒ r(A + 1)/A = 35/46 ⇒ r = (35/46) * (A / (A + 1)) ---(A)

Similarly, let's do the same for equation 3 and equation 4 to get expressions for s and t in terms of A, B, C, but let's focus on equation 3 and 4.

First, equation 3: s + 1/t = 1064/23. Let's express 1/t in terms of A. We know A=rs, and from equation 1: rst=391/3 ⇒ t=391/(3A) (this is from rst=391/3 ⇒ t=391/(3rs)=391/(3A), yes! This is the simplest relation for t in terms of A, as we had before).

So t=391/(3A) ⇒ 1/t=3A/391. Perfect, so equation 3 becomes:

s + 3A/391 = 1064/23 ⇒ s = 1064/23 - 3A/391 ---(B)

But we also have s = A/r from A=rs ⇒ s = A / r. And from equation (A), we have r = (35/46)(A/(A + 1)), so s = A / [ (35/46)(A/(A + 1)) ] = (46/35)(A + 1) ---(C)

Yes! This is the key. Now we have two expressions for s: one from equation (B) and one from equation (C). Let's write them down clearly:

From (C): s = (46/35)(A + 1) [this is a clean expression, no denominators in the fraction for s]

From (B): s = 1064/23 - 3A/391 [this is a linear expression in A, with rational coefficients]

So set them equal:

(46/35)(A + 1) = 1064/23 - (3A)/391

Now we have a single equation in A (which is rs, exactly what we need for the problem!). This should be solvable with some algebraic manipulation, and the fractions should simplify nicely because the problem is constructed to have integer answers.

Let's write all constants with prime factors to see common denominators:

- 46 = 2*23

- 35 = 5*7

- 1064 = 8*133 = 8*7*19 (as established before)

- 23 = 23

- 3 = 3

- 391 = 17*23 (critical, we know this now)

Let's rewrite each term with denominator 35*23*391 to eliminate all denominators, but maybe first multiply both sides by the least common multiple (LCM) of the denominators to clear fractions.

Denominators in the equation: 35, 23, 391. LCM(35,23,391). 35=5*7, 23 is prime, 391=17*23, so LCM=5*7*23*17. Let's compute that: 5*7=35, 23*17=391, so LCM=35*391. Let's confirm: 35 and 391 share no common factors (391=17*23, 35=5*7), so yes, LCM=35*391.

Multiply both sides of the equation by 35*391 to eliminate denominators:

35*391*(46/35)(A + 1) = 35*391*(1064/23) - 35*391*(3A)/391

Simplify each term:

Left side: 391*46*(A + 1) [the 35 cancels]

Right side first term: 35*391*(1064/23) = 35*17*1064 [since 391/23=17, as 391=17*23]

Right side second term: -35*3A [the 391 cancels]

So now equation is:

46*391*(A + 1) = 35*17*1064 - 105A

Let's compute each coefficient step by step.

First, compute 46*391: 46*400=18400, minus 46*9=414, so 18400-414=17986

35*17=595, so 595*1064: let's compute 600*1064=638400, minus 5*1064=5320, so 638400-5320=633080

105A is just 105A

So plug in the numbers:

17986(A + 1) = 633080 - 105A

Expand left side:

17986A + 17986 = 633080 - 105A

Bring all terms with A to left, constants to right:

17986A + 105A = 633080 - 17986

Compute left side: 17986 + 105 = 18091 ⇒ 18091A

Right side: 633080 - 17986. Let's compute 633080 - 18000 = 615080, then +14 (since we subtracted 14 too much: 18000 - 17986=14) ⇒ 615080 +14=615094

Wait, 633080 - 17986:

633080

- 17986

= 633080 - 10000=623080

623080 - 7000=616080

616080 - 900=615180

615180 - 80=615100

615100 - 6=615094. Yes, correct.

So now we have:

18091A = 615094

Now, let's compute A = 615094 / 18091

First, check if 18091 divides into 615094. Let's see if 18091 is a factor we know.

Wait, earlier when we computed 36182=2*18091, yes! 18091*2=36182, which we had in the numerator when we did the substitution. Good, so 18091 is a factor.

Let's divide 615094 by 18091:

18091*30=542730

615094 - 542730=72364

18091*4=72364 (check: 18000*4=72000, 91*4=364, so 72000+364=72364, yes!)

So total: 30 + 4 = 34 ⇒ A=34

Oh! That's nice, A=34.

Wait, let's verify that calculation again to be sure, because that's crucial.

18091*34: 18091*30=542730, 18091*4=72364, sum=542730+72364=615094. Perfect, exactly the numerator. So A=34.

Great! So A=rs=34. That's an integer, which is good because the problem asks for the smallest integer divisible by rs and 12t, so rs is integer, which makes sense.

Now, we need to find 12t to compute the LCM with rs=34.

How do we find t? We know from equation 1: rst=391/3 ⇒ t=391/(3rs)=391/(3A)=391/(3*34). Compute 3*34=102, so t=391/102.

Wait, that's simple! Because we had t=391/(3A) from rst=391/3 ⇒ t=391/(3rs)=391/(3A), and A=34, so t=391/102.

Let's confirm with another equation to be safe. From equation 4: t + 1/r = 529/102. We can find r from A=rs=34 ⇒ r=34/s, but from equation (C) earlier: s=(46/35)(A + 1)=(46/35)(35)=46. Oh! s=46. That's a nice integer.

Wait, s=(46/35)(A + 1)= (46/35)(35)=46. Yes! Because A=34, so A+1=35, so the 35 cancels, giving s=46. Perfect, so s=46, integer.

Then from equation 2: r + 1/s = 35/46 ⇒ r + 1/46 = 35/46 ⇒ r=34/46=17/23. Wait, r=17/23? Let's check: 35/46 - 1/46=34/46=17/23, yes, correct.

Now, from equation 1: rst=391/3 ⇒ (17/23)*46*t=391/3. Compute 46/23=2, so (17*2)*t=391/3 ⇒ 34t=391/3 ⇒ t=391/(3*34)=391/102, which matches what we had. Great, so t=391/102.

Let's check equation 3 to be 100% sure: s + 1/t=46 + 102/391. Compute 102/391: 391=17*23, 102=6*17, so 102/391=6/23. Ah! 102÷17=6, 391÷17=23, so 102/391=6/23. Therefore, s + 1/t=46 + 6/23= (46*23 + 6)/23= (1058 + 6)/23=1064/23, which matches equation 3 exactly. Perfect!

Check equation 4: t + 1/r=391/102 + 1/(17/23)=391/102 + 23/17=391/102 + (23*6)/102=391/102 + 138/102=(391+138)/102=529/102, which is exactly equation 4. Perfect, all equations check out.

So to summarize what we found:

- rs = A = 34 (we found this by setting up the equation for A and solving, verified with s=46, r=17/23: 17/23 * 46=17*2=34, yes!)

- t = 391/102 (verified with all equations)

Now, the problem asks: ""what is the smallest integer that is divisible rs and 12t?""

So we need the least common multiple (LCM) of rs and 12t. Let's write rs and 12t as fractions to"
526,"Okay, let's see. I need to use substitution to compose the two functions: y = 8u² + 4u + 4 and u = 4x². So, substitution means I have to replace every u in the y equation with the expression for u in terms of x. 

First, let me write down what I have. The function y is in terms of u, and u is in terms of x. So, to get y in terms of x, I substitute u = 4x² into the y equation. 

Let me do that step by step. The original y is 8u² + 4u + 4. So wherever there's a u, I replace it with 4x². 

So, first term: 8u² becomes 8*(4x²)². Let me calculate that. (4x²) squared is 16x⁴, so 8*16x⁴ is 128x⁴. 

Second term: 4u becomes 4*(4x²) which is 16x². 

Third term: 4 is just 4. 

So putting it all together, y = 128x⁴ + 16x² + 4. 

Wait, let me check that again. Let's compute each part carefully. 

First, u = 4x². So u squared is (4x²)² = 16x⁴. Then 8u² is 8*16x⁴ = 128x⁴. That's correct. 

Then 4u is 4*(4x²) = 16x². Correct. 

Then the constant term is 4. So adding them up: 128x⁴ + 16x² + 4. 

Is there any simplification needed? The problem says ""simplify your answer as much as possible."" Let's see. The terms are 128x⁴, 16x², and 4. They don't have common factors, and they're all in terms of x with different exponents, so I think that's as simplified as it gets. 

So the composed function y in terms of x is y = 128x⁴ + 16x² + 4. 

Wait, the problem says ""Enter your answer as an equation"". So maybe they just want y in terms of x, so the equation is y = 128x⁴ + 16x² + 4. 

Let me make sure I didn't make a mistake in substitution. Let's plug in a value for x to test. Let's take x = 1. Then u = 4*(1)² = 4. Then y should be 8*(4)² + 4*(4) + 4 = 8*16 + 16 + 4 = 128 + 16 + 4 = 148. 

Now using the composed function: y = 128*(1)^4 + 16*(1)^2 + 4 = 128 + 16 + 4 = 148. That matches. Good. 

Another test: x = 0. Then u = 0. y = 8*0 + 4*0 + 4 = 4. Composed function: 128*0 + 16*0 + 4 = 4. Correct. 

How about x = 1/2. Then u = 4*(1/2)^2 = 4*(1/4) = 1. Then y = 8*(1)^2 + 4*(1) + 4 = 8 + 4 + 4 = 16. Composed function: 128*(1/2)^4 + 16*(1/2)^2 + 4. Let's compute (1/2)^4 = 1/16, so 128*(1/16) = 8. (1/2)^2 = 1/4, so 16*(1/4) = 4. Then 8 + 4 + 4 = 16. Correct. 

So the substitution is correct. Therefore, the answer is y = 128x⁴ + 16x² + 4. 

The problem says ""Enter your answer as an equation"", so I think that's it. They want it simplified, which it is. So the final answer is y = 128x⁴ + 16x² + 4. But the instructions say ""Put only the value in the box: no 'x =', no units, no prose."" Wait, the problem says ""Enter your answer as an equation"". Hmm. Wait, the user says: ""If an [ANS] is followed by lettered choices, answer with the letter."" But in this case, there are no lettered choices. The problem says ""Enter your answer as an equation"". 

Wait, the user says: ""Please Give one answer per [ANS] in the order they appear, all inside a single \boxed{} separated by commas (e.g. \boxed{5, 7}). Put only the value in the box: no 'x =', no units, no prose.""

Wait, maybe they want the right-hand side of the equation? Let me check. The problem says ""compose y=8u²+4u+4 and u=4x²"". So the composed function is y in terms of x. The answer is the equation y = ... So the equation is y = 128x⁴ + 16x² + 4. But the user says ""Put only the value in the box: no 'x =', no units, no prose."" So maybe they want the expression for y, which is 128x⁴ + 16x² + 4. 

Wait, in some contexts, when they say ""enter your answer as an equation"", but they want the value in the box without the 'y ='. Let me see. The example given is \boxed{5, 7}, so they want the numerical values. But here, it's an expression. Wait, the problem says ""simplify your answer as much as possible"". 

Wait, maybe the user wants the right-hand side of the equation, so 128x⁴ + 16x² + 4. Let me check the problem statement again: ""Enter your answer as an equation, and simplify your answer as much as possible."" So the answer is an equation, but they want it in the box. The instruction says ""Put only the value in the box: no 'x =', no units, no prose."" So probably they want the expression, without the 'y ='. So 128x⁴ + 16x² + 4. 

Let me confirm. If I write \boxed{128x^4 + 16x^2 + 4}, that would be the answer. The problem says ""simplify your answer as much as possible"", and this is simplified. 

Yes, I think that's it. So the answer is 128x⁴ + 16x² + 4.
</think>

To compose the given functions using substitution, we start with:

$$
y = 8u^2 + 4u + 4 \quad \text{and} \quad u = 4x^2
$$

We substitute $ u = 4x^2 $ into the expression for $ y $:

$$
y = 8(4x^2)^2 + 4(4x^2) + 4
$$

Now simplify each term:

- $ (4x^2)^2 = 16x^4 $
- $ 8 \cdot 16x^4 = 128x^4 $
- $ 4 \cdot 4x^2 = 16x^2 $

So the composed function becomes:

$$
y = 128x^4 + 16x^2 + 4
$$

The problem asks to **enter your answer as an equation** and **simplify your answer as much as possible**. Since it specifies to ""put only the value in the box"" without any ""x ="", units, or prose, we provide the simplified expression on the right-hand side of the equation.

[ANS]

\boxed{128x^4 + 16x^2 + 4}"
527,"Okay, let's see. The problem is about finding the number of defective chips in a larger batch based on a smaller batch. So, first, they found 8 defective chips in a batch of 700. We need to find how many defective chips there would be in 25,000 chips. 

Hmm, proportions. The question says to write a proportion in the form a/b = x/d where x is the number we need to find. Let me think. In proportions, the ratio of defective to total should be the same in both batches. So, the first batch has 8 defective out of 700, and the second batch has x defective out of 25,000. 

So, that would be 8/700 = x/25000. Let me check. The problem says ""write a proportion describing this problem in the form a/b = x/d"". So, a is 8, b is 700, x is the number we need, and d is 25000. So the proportion would be 8/700 = x/25000. 

Then, the next part says ""The number defective chips expected in the larger batch is x = [ANS]"". So we need to solve for x. Let's do that. 

Cross-multiplying: 8 * 25000 = 700 * x. Let's compute 8 * 25000. 8 * 25,000 is 200,000. So 200,000 = 700x. Then x = 200,000 / 700. Let's simplify that. Divide numerator and denominator by 100: 2000 / 7. Let me calculate that. 7*285 = 1995, so 2000/7 is approximately 285.714... But since we can't have a fraction of a chip, maybe we round to the nearest whole number? Wait, the problem says ""determine the number of defective chips"", so probably they expect an exact value, but since it's a proportion, maybe it's a decimal. Let me check the problem statement again.

Wait, the problem says ""At that rate, determine the number of defective chips"". So it's a proportional calculation, so it might be a decimal. Let's compute 200000 divided by 700. Let's do 200000 / 700. Dividing numerator and denominator by 100: 2000 / 7. 7*285 = 1995, so 2000 - 1995 = 5, so 285 and 5/7, which is approximately 285.71. But the problem might want the exact fraction or a decimal. Let me see. The question says ""the number defective chips expected"", so maybe they want it as a whole number, but in math problems like this, sometimes they accept the fractional value. Wait, but the problem says ""Write a proportion describing this problem in the form a/b = x/d where x represents the number that you are asked to find."" So the proportion is 8/700 = x/25000. Then they want the value of x.

Let me compute 200000 divided by 700. Let's do 200000 / 700. 700 goes into 200000 how many times? 700*285 = 199500. 200000 - 199500 = 500. So 500/700 = 5/7 ≈ 0.714. So x ≈ 285.71. Since you can't have a fraction of a chip, maybe the answer is 286? But the problem says ""at that rate"", so maybe they want the exact value from the proportion, which is 2000/7, approximately 285.71. Let me check the problem statement again.

The problem says: ""determine the number of defective chips in a batch of 25000 chips"". In real life, you can't have a fraction, but in math problems like this, especially when using proportions, they might expect the decimal or the fractional form. Let me see if the problem specifies. The original problem says ""Write a proportion... [ANS]/[ANS]=[ANS]/[ANS]"". So the first [ANS] is 8, second is 700, third is x, fourth is 25000. So the proportion is 8/700 = x/25000.

Then, ""The number defective chips expected in the larger batch is x = [ANS]"". So they want the numerical value. Let's compute 8*25000 / 700. 8*25000 is 200,000. 200,000 divided by 700. Let's divide numerator and denominator by 100: 2000 / 7. 2000 divided by 7 is approximately 285.714. So depending on the context, but since it's a math problem, probably they want the exact value, which is 2000/7, but maybe as a decimal rounded to the nearest whole number. Wait, the problem says ""determine the number"", so maybe they expect the answer as 286? Let me think.

Wait, let's see. The problem is from a microchip inspector, so they might be expecting a whole number, but in the proportion, it's a continuous rate. Let's check with the calculation. 8 defective out of 700. So the rate is 8/700 per chip. So for 25000 chips, it's (8/700)*25000 = (8*25000)/700 = 200000/700 = 2000/7 ≈ 285.714. So the expected number is approximately 286. But maybe the problem wants the exact value, which is 2000/7, but in the context of the problem, they might want the integer. Let me see if the problem specifies. The problem says ""determine the number of defective chips"", so in reality, you can't have a fraction, so you'd round to the nearest whole number, which is 286.

But let's check the problem statement again. It says ""At that rate, determine the number..."". So ""at that rate"" implies a proportional calculation, so the answer is 2000/7, but since the problem says ""number of defective chips"", which is a whole number, they probably expect 286. Wait, but maybe in the problem's context, they just want the exact value from the proportion, even if it's a decimal. Let's see.

Wait, the problem says ""Write a proportion describing this problem in the form a/b = x/d where x represents the number that you are asked to find. [ANS]/[ANS]=[ANS]/[ANS]"". So the first four answers are 8, 700, x, 25000. Then ""The number defective chips expected in the larger batch is x = [ANS]"". So they want the numerical value of x.

Let me compute 200000 divided by 700. Let's do 200000 ÷ 700. 700*285 = 199500. 200000 - 199500 = 500. 500/700 = 5/7 ≈ 0.714. So x ≈ 285.71. Since the problem is likely expecting a whole number (you can't have 0.71 of a chip), they might round to 286. But maybe in the problem's context, since it's a math problem, they just want the exact decimal, like 285.71, but the problem says ""number of defective chips"", which is an integer.

Wait, let's check similar problems. In proportion problems like this, usually, they expect you to compute the exact value and maybe round to the nearest whole number. For example, if it's 285.71, you'd say 286. Let me confirm with the calculation.

8/700 = x/25000

Cross multiply: 8*25000 = 700x

200000 = 700x

x = 200000 / 700 = 2000 / 7 ≈ 285.714...

So approximately 286. Since the problem says ""the number"", which is a count, it's a whole number. So 286.

But let me see if the problem expects the fractional form. The problem says ""determine the number of defective chips"", so probably 286.

Wait, let's check with the initial problem statement. It says ""a microchip inspector found eight defective chips in a batch containing 700 chips"". So 8 out of 700. So the rate is 8/700. For 25000 chips, it's (8/700)*25000 = (8*25000)/700 = 200000/700 ≈ 285.71. So the expected number is approximately 286.

I think the answer is 286. Let me confirm. If you do 700 chips have 8 defective, then 1 chip has 8/700 defective. So 25000 chips have 25000*(8/700) = (25000/700)*8 = (250/7)*8 = 2000/7 ≈ 285.71. So yes, approximately 286.

I think the answer is 286. So the proportion is 8/700 = x/25000, and x is 286.

Wait, but the problem says ""Write a proportion describing this problem in the form a/b = x/d where x represents the number that you are asked to find. [ANS]/[ANS]=[ANS]/[ANS]"". So the four answers there are 8, 700, x, 25000. Then the last answer is x = [ANS], which is 286.

Yes, that makes sense. So the boxed answer should be 286.
</think>

[ANS]8[/ANS]/[ANS]700[/ANS]=[ANS]x[/ANS]/[ANS]25000[/ANS] The number defective chips expected in the larger batch is $ x = $ [ANS]286[/ANS]

\boxed{286}"
528,"Okay, let's tackle part (a) first. So, the problem says the city had a population of 7,774 at the beginning of 1968 and has been growing at 7.1% per year since then. We need to find the size at the beginning of 1993. 

First, I need to figure out how many years have passed from 1968 to 1993. Let's see, 1993 minus 1968. Let me calculate that: 1993 - 1968 = 25. So, 25 years have passed. 

Since it's exponential growth, the formula should be P(t) = P0 * (1 + r)^t, where P0 is the initial population, r is the growth rate, and t is time in years. 

Here, P0 is 7,774, r is 7.1%, which is 0.071, and t is 25 years. 

Let me write that down: P(25) = 7774 * (1 + 0.071)^25. 

I need to compute (1.071)^25 first. Hmm, maybe I can use logarithms or remember that (1.071)^25 is a standard calculation. Let me try to compute it step by step or use a calculator. Wait, since this is a problem for a student, maybe they are expected to use a calculator here. Let me think.

Alternatively, I can recall that (1.07)^25 is approximately... but 7.1% is a bit higher than 7%, so maybe it's around 5.5 times? Wait, no, let's do it properly.

Let me use the formula for compound interest. Let's compute (1.071)^25.

First, take natural logarithm: ln(1.071) ≈ 0.0686 (since ln(1.07) ≈ 0.0677, so 1.071 is a bit more, maybe 0.0686). Then 25 * ln(1.071) ≈ 25 * 0.0686 ≈ 1.715. Then exponentiate: e^1.715 ≈ 5.55 (since e^1.6 is about 4.95, e^1.7 is about 5.47, e^1.715 is a bit more, maybe 5.55). Let me check with a calculator.

Wait, maybe better to use the rule of 72 to estimate, but that's for doubling time. The doubling time for 7.1% is about 72 / 7.1 ≈ 10.14 years. So in 25 years, it would double about 2.48 times. So 2^2.48 ≈ 5.6, so the growth factor is around 5.6. So 7774 * 5.6 ≈ 7774 * 5 + 7774 * 0.6 = 38,870 + 4,664.4 = 43,534.4. So approximately 43,534. But let's get a more precise value.

Alternatively, use a calculator step by step. Let's compute (1.071)^25.

Let me compute 1.071^10 first. 1.071^2 = 1.071*1.071 = 1.147041. Then 1.071^4 = (1.147041)^2 ≈ 1.147041*1.147041. Let's calculate that: 1.147041*1 = 1.147041, 1.147041*0.147041 ≈ 0.1687. So total ≈ 1.147041 + 0.1687 ≈ 1.3157. So 1.071^4 ≈ 1.3157.

Then 1.071^5 = 1.3157 * 1.071 ≈ 1.3157 + 1.3157*0.071 ≈ 1.3157 + 0.0934 ≈ 1.4091.

1.071^10 = (1.4091)^2 ≈ 1.985. Let's check: 1.4091*1.4091. 1.4*1.4=1.96, 1.4*0.0091=0.01274, 0.0091*1.4=0.01274, 0.0091^2≈0.00008281. So total ≈ 1.96 + 0.01274 + 0.01274 + 0.00008281 ≈ 1.9855. So 1.071^10 ≈ 1.9855.

Then 1.071^20 = (1.9855)^2 ≈ 3.942. Let's compute 1.9855*1.9855. 2*2=4, minus 0.0145*2*2 + (0.0145)^2. Wait, (a - b)^2 = a^2 - 2ab + b^2 where a=2, b=0.0145. So (2 - 0.0145)^2 = 4 - 2*2*0.0145 + 0.0145^2 = 4 - 0.058 + 0.00021 ≈ 3.9422. So 1.071^20 ≈ 3.9422.

Then 1.071^25 = 1.071^20 * 1.071^5 ≈ 3.9422 * 1.4091 ≈ let's compute that. 3.9422 * 1.4 = 5.51908, 3.9422 * 0.0091 ≈ 0.03587. So total ≈ 5.51908 + 0.03587 ≈ 5.55495. So approximately 5.555.

So (1.071)^25 ≈ 5.555.

Then the population at the beginning of 1993 is 7774 * 5.555 ≈ Let's compute that. 7774 * 5 = 38,870. 7774 * 0.555 = 7774 * 0.5 + 7774 * 0.055 = 3,887 + 427.57 = 4,314.57. So total is 38,870 + 4,314.57 ≈ 43,184.57. So approximately 43,185.

Wait, but maybe my approximation is off. Let's check with a calculator. If I have a calculator here, 1.071^25. Let's do it more accurately.

Using the formula for compound growth: (1 + 0.071)^25.

Let me use the natural logarithm method. ln(1.071) = 0.0686 (as before). 25 * 0.0686 = 1.715. e^1.715. e^1.6 = 4.953, e^1.7 = 5.474, e^1.715 = e^(1.7 + 0.015) = e^1.7 * e^0.015 ≈ 5.474 * 1.0151 ≈ 5.474 + 5.474*0.0151 ≈ 5.474 + 0.0826 ≈ 5.5566. So e^1.715 ≈ 5.5566. So (1.071)^25 ≈ 5.5566.

Then 7774 * 5.5566. Let's compute that: 7774 * 5 = 38,870; 7774 * 0.5566 ≈ 7774 * 0.5 = 3,887; 7774 * 0.0566 ≈ 7774 * 0.05 = 388.7; 7774 * 0.0066 ≈ 51.31. So 388.7 + 51.31 ≈ 440.01. So 0.5566 is 0.5 + 0.05 + 0.0066, so 3,887 + 440.01 ≈ 4,327.01. Then total population is 38,870 + 4,327.01 ≈ 43,197.01. So approximately 43,197.

Hmm, maybe the exact value is around 43,200. Let's see if the problem expects rounding to the nearest whole number. Since population is a whole number, so probably 43,197 or 43,200. Let me check with a calculator (pretending I have one). 

Alternatively, use the formula in Excel: =7774*(1.071)^25. Let's compute (1.071)^25.

1.071^1 = 1.071

1.071^2 = 1.071*1.071 = 1.147041

1.071^3 = 1.147041*1.071 ≈ 1.147041 + 1.147041*0.071 ≈ 1.147041 + 0.08144 ≈ 1.22848

1.071^4 ≈ 1.22848*1.071 ≈ 1.22848 + 1.22848*0.071 ≈ 1.22848 + 0.08722 ≈ 1.3157

1.071^5 ≈ 1.3157*1.071 ≈ 1.3157 + 1.3157*0.071 ≈ 1.3157 + 0.0934 ≈ 1.4091

1.071^6 ≈ 1.4091*1.071 ≈ 1.4091 + 1.4091*0.071 ≈ 1.4091 + 0.0999 ≈ 1.5090

1.071^7 ≈ 1.5090*1.071 ≈ 1.5090 + 1.5090*0.071 ≈ 1.5090 + 0.1071 ≈ 1.6161

1.071^8 ≈ 1.6161*1.071 ≈ 1.6161 + 1.6161*0.071 ≈ 1.6161 + 0.1147 ≈ 1.7308

1.071^9 ≈ 1.7308*1.071 ≈ 1.7308 + 1.7308*0.071 ≈ 1.7308 + 0.1229 ≈ 1.8537

1.071^10 ≈ 1.8537*1.071 ≈ 1.8537 + 1.8537*0.071 ≈ 1.8537 + 0.1317 ≈ 1.9854 (matches earlier)

1.071^11 ≈ 1.9854*1.071 ≈ 1.9854 + 1.9854*0.071 ≈ 1.9854 + 0.1409 ≈ 2.1263

1.071^12 ≈ 2.1263*1.071 ≈ 2.1263 + 2.1263*0.071 ≈ 2.1263 + 0.1509 ≈ 2.2772

1.071^13 ≈ 2.2772*1.071 ≈ 2.2772 + 2.2772*0.071 ≈ 2.2772 + 0.1617 ≈ 2.4389

1.071^14 ≈ 2.4389*1.071 ≈ 2.4389 + 2.4389*0.071 ≈ 2.4389 + 0.1732 ≈ 2.6121

1.071^15 ≈ 2.6121*1.071 ≈ 2.6121 + 2.6121*0.071 ≈ 2.6121 + 0.1855 ≈ 2.7976

1.071^16 ≈ 2.7976*1.071 ≈ 2.7976 + 2.7976*0.071 ≈ 2.7976 + 0.1986 ≈ 2.9962

1.071^17 ≈ 2.9962*1.071 ≈ 2.9962 + 2.9962*0.071 ≈ 2.9962 + 0.2127 ≈ 3.2089

1.071^18 ≈ 3.2089*1.071 ≈ 3.2089 + 3.2089*0.071 ≈ 3.2089 + 0.2278 ≈ 3.4367

1.071^19 ≈ 3.4367*1.071 ≈ 3.4367 + 3.4367*0.071 ≈ 3.4367 + 0.2440 ≈ 3.6807

1.071^20 ≈ 3.6807*1.071 ≈ 3.6807 + 3.6807*0.071 ≈ 3.6807 + 0.2613 ≈ 3.9420 (matches earlier)

1.071^21 ≈ 3.9420*1.071 ≈ 3.9420 + 3.9420*0.071 ≈ 3.9420 + 0.2800 ≈ 4.2220

1.071^22 ≈ 4.2220*1.071 ≈ 4.2220 + 4.2220*0.071 ≈ 4.2220 + 0.2998 ≈ 4.5218

1.071^23 ≈ 4.5218*1.071 ≈ 4.5218 + 4.5218*0.071 ≈ 4.5218 + 0.3211 ≈ 4.8429

1.071^24 ≈ 4.8429*1.071 ≈ 4.8429 + 4.8429*0.071 ≈ 4.8429 + 0.3438 ≈ 5.1867

1.071^25 ≈ 5.1867*1.071 ≈ 5.1867 + 5.1867*0.071 ≈ 5.1867 + 0.3682 ≈ 5.5549

Ah, so (1.071)^25 ≈ 5.5549. So 7774 * 5.5549 ≈ Let's compute that.

7774 * 5 = 38,870

7774 * 0.5549 = ?

First, 7774 * 0.5 = 3,887

7774 * 0.05 = 388.7

7774 * 0.0049 = 7774 * 0.005 = 38.87, minus 7774 * 0.0001 = 0.7774, so 38.87 - 0.7774 = 38.0926

So 0.5549 = 0.5 + 0.05 + 0.0049, so 3,887 + 388.7 + 38.0926 ≈ 3,887 + 388.7 = 4,275.7 + 38.0926 ≈ 4,313.7926

Total population: 38,870 + 4,313.7926 ≈ 43,183.7926. So approximately 43,184. Since population is a whole number, it's 43,184.

Wait, but maybe the problem expects it to be rounded to the nearest whole number, so 43,184. Let me check with a calculator (if I had one). But since this is a thought process, I think 43,184 is the answer for part (a).

Now part (b): During what year will the population reach 8,240,527?

So we need to find t such that 7774 * (1.071)^t = 8,240,527.

First, divide both sides by 7774: (1.071)^t = 8,240,527 / 7774.

Let's compute that division: 8,240,527 ÷ 7774. Let's see, 7774 * 1000 = 7,774,000. 8,240,527 - 7,774,000 = 466,527. So 466,527 / 7774 ≈ 60. So total is approximately 1060? Wait, no, 7774 * 1000 = 7,774,000, 7774 * 1060 = 7774*(1000 + 60) = 7,774,000 + 466,440 = 8,240,440. Oh! That's very close to 8,240,527.

So 7774 * 1060 = 8,240,440. Then 8,240,527 - 8,240,440 = 87. So 8,240,527 = 7774 * 1060 + 87. So 8,240,527 / 7774 ≈ 1060 + 87/7774 ≈ 1060.0112.

So (1.071)^t ≈ 1060.0112.

We need to find t such that (1.071)^t = 1060.0112.

Take natural logarithm: t * ln(1.071) = ln(1060.0112)

So t = ln(1060.0112) / ln(1.071)

Compute ln(1060). ln(1000) = 6.9078, ln(1060) = ln(1000*1.06) = ln(1000) + ln(1.06) ≈ 6.9078 + 0.0583 ≈ 6.9661.

ln(1.071) ≈ 0.0686 (as before).

So t ≈ 6.9661 / 0.0686 ≈ 101.5.

Wait, that can't be right. Wait, 1.071^100 is a huge number. Wait, no, wait, 1060 is the value of (1.071)^t, but 1.071^t = 1060. Let's check.

Wait, earlier we saw that 1.071^25 ≈ 5.55, so 1.071^50 ≈ (5.55)^2 ≈ 30.8, 1.071^100 ≈ 30.8^2 ≈ 948.64, 1.071^101 ≈ 948.64 * 1.071 ≈ 1016, 1.071^102 ≈ 1016 * 1.071 ≈ 1088.

Wait, let's do this step by step.

We know that 1.071^25 ≈ 5.55 (from part a)

1.071^50 = (5.55)^2 ≈ 30.8

1.071^75 = 5.55 * 30.8 ≈ 170.7

1.071^100 = (30.8)^2 ≈ 948.64

1.071^101 = 948.64 * 1.071 ≈ 948.64 + 948.64*0.071 ≈ 948.64 + 67.36 ≈ 1016.0

1.071^102 = 1016.0 * 1.071 ≈ 1016 + 1016*0.071 ≈ 1016 + 72.14 ≈ 1088.14

Ah, so (1.071)^101 ≈ 1016, which is less than 1060.0112. (1.071)^102 ≈ 1088, which is more than 1060. So t is between 101 and 102.

Let's compute more precisely.

We have (1.071)^t = 1060.0112.

We know that at t=101, (1.071)^101 ≈ 1016.0

At t=102, (1.071)^102 ≈ 1088.14

Let’s find the difference: 1060.0112 - 1016.0 = 44.0112

Total difference between t=101 and t=102: 1088.14 - 1016.0 = 72.14

So the fraction is 44.0112 / 72.14 ≈ 0.61. So t ≈ 101 + 0.61 ≈ 101.61 years.

So approximately 101.6 years after 1968.

1968 + 101.6 ≈ 2069.6, so during the year 2070.

Wait, but let's check the calculation again.

Wait, the problem says ""during what year"". So if it's 101.6 years after 1968, that's 1968 + 101 = 2069, and 0.6 of the way into 2069? Wait, no: 1968 + 101.6 = 2069.6, so it's during the year 2069.6, which is the year 2070? Wait, no. Wait, the year starts at the beginning of the year. So if it's 101.6 years after 1968, that's 1968 + 101 = 2069, and 0.6 of the way through 2069. So the population reaches 8,240,527 during the year 2069.

Wait, let's clarify. Let's say t=0 is the beginning of 1968. Then t=1 is the beginning of 1969, t=2 is the beginning of 1970, etc.

So the population at the beginning of year (1968 + t) is P(t) = 7774*(1.071)^t.

We need to find the smallest integer n such that P(n) ≥ 8,240,527.

We found that t ≈ 101.6, so n=102, because at t=101, P(101)=7774*(1.071)^101 ≈ 7774*1016 ≈ 7774*1000 + 7774*16 = 7,774,000 + 124,384 = 7,898,384. Wait, no, that can't be right. Wait, no, earlier we had (1.071)^t = 1060.0112, so P(t) = 7774 * 1060.0112 ≈ 8,240,527.

Wait, no, the confusion is here: when we did 7774 * 1060 = 8,240,440, which is very close to 8,240,527. So (1.071)^t = 1060.0112.

So t = log(1060.0112)/log(1.071).

Let me compute log base 10 for easier calculation.

log10(1060.0112) ≈ 3.0253 (since 10^3 = 1000, 10^3.0253 ≈ 1000 * 10^0.0253 ≈ 1000 * 1.060 ≈ 1060).

log10(1.071) ≈ 0.03 (since 10^0.03 ≈ 1.071).

Wait, 10^0.03 = e^(0.03*ln10) ≈ e^(0.03*2.3026) ≈ e^0.06908 ≈ 1.071. Yes, so log10(1.071) ≈ 0.03.

So t ≈ log10(1060.0112)/log10(1.071) ≈ 3.0253 / 0.03 ≈ 100.84. So t ≈ 100.84 years.

Wait, that's different from before. Let's check.

log10(1.071) = ln(1.071)/ln(10) ≈ 0.0686 / 2.3026 ≈ 0.03.

log10(1060.0112) = log10(1.0600112 * 10^3) = 3 + log10(1.0600112) ≈ 3 + 0.0253 ≈ 3.0253.

So t = 3.0253 / 0.03 ≈ 100.84.

So t ≈ 100.84 years after 1968.

So 1968 + 100.84 = 2068.84. So the population reaches 8,240,527 during the year 2069 (since 0.84 of the year into 2069).

Wait, let's verify with t=100.84.

Compute (1.071)^100.84.

We know that (1.071)^100 ≈ 948.64 (from earlier), so (1.071)^100.84 = (1.071)^100 * (1.071)^0.84.

(1.071)^0.84: ln(1.071^0.84) = 0.84 * 0.0686 ≈ 0.0576. e^0.0576 ≈ 1.0593.

So (1.071)^100.84 ≈ 948.64 * 1.0593 ≈ 948.64 * 1.05 = 996.07, 948.64 * 0.0093 ≈ 8.82, total ≈ 1004.89. Wait, that's not 1060. Hmm, maybe my approximation is off.

Wait, earlier when I did the step-by-step for 1.071^100, I think I made a mistake. Let's recast.

Let's use the formula for compound growth correctly.

We know that the population at the beginning of year 1968 + t is P(t) = 7774*(1.071)^t.

We need to solve for t when P(t) = 8,240,527.

So (1.071)^t = 8,240,527 / 7774 ≈ 1060.0112.

Let's compute ln(1060.0112) ≈ 6.966 (since e^6.966 ≈ 1060, because e^7 ≈ 1096, so e^6.966 ≈ 1060).

ln(1.071) ≈ 0.0686.

So t = 6.966 / 0.0686 ≈ 101.5.

So t ≈ 101.5 years after 1968.

1968 + 101.5 = 2069.5. So the population reaches 8,240,527 during the year 2070? Wait, no.

Wait, if t is the number of years since 1968, then:

- At t=0: beginning of 1968

- t=1: beginning of 1969

- t=2: beginning of 1970

...

- t=101: beginning of 2069

- t=102: beginning of 2070

We need to find when the population reaches 8,240,527. Since it's a continuous growth model, but in reality, populations are counted at the beginning of the year. However, the problem says ""during what year"", so we need to find the year when the population first exceeds 8,240,527.

Given that at t=101 (beginning of 2069), the population is 7774*(1.071)^101.

We can compute (1.071)^101:

From earlier, (1.071)^100 ≈ 948.64 (let's assume that's correct), so (1.071)^101 = 948.64 * 1.071 ≈ 948.64 + 948.64*0.071 ≈ 948.64 + 67.36 ≈ 1016.0.

So P(101) = 7774 * 1016.0 ≈ 7774 * 1000 + 7774 * 16 = 7,774,000 + 124,384 = 7,898,384. Wait, that's way less than 8,240,527. Wait, no! I think I messed up the units here.

Wait a second, no. The initial population is 7,774, which is 7 thousand. If it's growing at 7.1% per year, after 100 years, it's 7,774*(1.071)^100. But (1.071)^100 is about e^(100*0.0686) = e^6.86 ≈ 948, so 7,774*948 ≈ 7,774*900 = 6,996,600; 7,774*48 ≈ 373,152; total ≈ 7,369,752. So after 100 years, the population is about 7.37 million.

Then after 101 years: 7,369,752 * 1.071 ≈ 7,369,752 + 7,369,752*0.071 ≈ 7,369,752 + 523,252 ≈ 7,893,004.

After 102 years: 7,893,004 * 1.071 ≈ 7,893,004 + 7,893,004*0.071 ≈ 7,893,004 + 560,403 ≈ 8,453,407.

Ah! So after 102 years (beginning of 2070), the population is about 8,453,407, which is above 8,240,527. After 101 years (beginning of 2069), it's about 7,893,004, which is below 8,240,527.

So we need to find when it crosses 8,240,527. Let's compute the exact t.

We have P(t) = 7774*(1.071)^t = 8,240,527.

So (1.071)^t = 8,240,527 / 7774 ≈ 1060.0112.

We need to find t such that (1.071)^t = 1060.0112.

Take natural log: t = ln(1060.0112)/ln(1.071) ≈ 6.966 / 0.0686 ≈ 101.5.

So t ≈ 101.5 years after 1968.

1968 + 101.5 = 2069.5. So this is during the year 2070? Wait, no. If t=101.5, that means 101 years and 6 months after 1968. So the beginning of 1968 + 101 years is 2069. Then 0.5 years later is mid-2069. So the population reaches 8,240,527 during the year 2069.

Wait, let's check with t=101: P(101) ≈ 7,893,004 (beginning of 2069)

t=101.5: P(101.5) = 7,893,004 * (1.071)^0.5 ≈ 7,893,004 * 1.035 (since sqrt(1.071) ≈ 1.035). So 7,893,004 * 1.035 ≈ 8,170,000. Still below 8,240,527.

t=101.7: (1.071)^0.7 ≈ e^(0.7*0.0686) ≈ e^0.048 ≈ 1.049. So P(101.7) ≈ 7,893,004 * 1.049 ≈ 8,270,000. That's above 8,240,527.

So t ≈ 101.6 years.

1968 + 101.6 = 2069.6. So the population reaches 8,240,527 during the year 2069 (since it's 0.6 of the way through 2069).

Wait, but the problem says ""during what year"". In most contexts, if it's during the year 2069, the answer is 2069.

Let me confirm with exact calculation.

Let’s use the formula:

t = log(8240527 / 7774) / log(1.071)

Compute 8240527 / 7774 = 1060.0112 (as before)

log(1060.0112) = ln(1060.0112) ≈ 6.966

log(1.071) = ln(1.071) ≈ 0.0686

t ≈ 6.966 / 0.0686 ≈ 101.5

So 1968 + 101.5 = 2069.5. So the year is 2069 (since it's during the year, not the next year).

Wait, but in some contexts, if it's 0.5 of the way through the year, it's still considered the same year. So the answer is 2069.

Wait, but let's check with the step-by-step population:

At t=101 (beginning of 2069): P ≈ 7,893,004

At t=102 (beginning of 2070): P ≈ 8,453,407

We need to find when it reaches 8,240,527.

The difference between 8,240,527 and 7,893,004 is 347,523.

The growth rate per year is 7.1%, so the growth per year is 7,893,004 * 0.071 ≈ 560,403.

So the time needed after t=101 is 347,523 / 560,403 ≈ 0.62 years.

So total time is 101 + 0.62 = 101.62 years after 1968.

1968 + 101.62 = 2069.62. So during the year 2069.

Therefore, part (b) answer is 2069.

Wait, but let's make sure. Let's compute (1.071)^101.62.

(1.071)^101.62 = (1.071)^101 * (1.071)^0.62

We know (1.071)^101 ≈ 1016 (from earlier step), so 1016 * (1.071)^0.62.

(1.071)^0.62 ≈ e^(0.62 * 0.0686) ≈ e^0.0425 ≈ 1.0435.

So 1016 * 1.0435 ≈ 1060. So yes, that's correct. So t=101.62, so year is 2069.

So part (a) is approximately 43,184, part (b) is 2069.

Let me just confirm part (a) with a calculator. If I have a calculator, 7774*(1.071)^25.

Let's compute (1.071)^25:

Using a calculator, 1.071^25 = e^(25*ln(1.071)) = e^(25*0.0686) = e^1.715 ≈ 5.554.

7774*5.554 ≈ 7774*5 + 7774*0.554 = 38870 + 4300 (approx) = 43170. So 43,170. But earlier step-by-step gave 43,184. Close enough. The problem might expect rounding to the nearest whole number, so 43,184.

But maybe the problem expects it to be calculated more precisely. Let's see, if we use a calculator for (1.071)^25:

1.071^25 = 1.071^25.

Let me use the formula for compound interest: 7774*(1 + 0.071)^25.

Using a calculator (simulated):

1.071^1 = 1.071

1.071^2 = 1.071*1.071 = 1.147041

1.071^3 = 1.147041*1.071 ≈ 1.22848

1.071^4 ≈ 1.22848*1.071 ≈ 1.3157

1.071^5 ≈ 1.3157*1.071 ≈ 1.4091

1.071^6 ≈ 1.4091*1.071 ≈ 1.5090

1.071^7 ≈ 1.5090*1.071 ≈ 1.6161

1.071^8 ≈ 1.6161*1.071 ≈ 1.7308

1.071^9 ≈ 1.7308*1.071 ≈ 1.8537

1.071^10 ≈ 1.8537*1.071 ≈ 1.9854

1.071^11 ≈ 1.9854*1.071 ≈ 2.1263

1.071^12 ≈ 2.1263*1.071 ≈ 2.2772

1.071^13 ≈ 2.2772*1.071 ≈ 2.4389

1.071^14 ≈ 2.4389*1.071 ≈ 2.6121

1.071^15 ≈ 2.6121*1.071 ≈ 2.7976

1.071^16 ≈ 2.7976*1.071 ≈ 2.9962

1.071^17 ≈ 2.9962*1.071 ≈ 3.2089

1.071^18 ≈ 3.2089*1.071 ≈ 3.4367

1.071^19 ≈ 3.4367*1.071 ≈ 3.6807

1.071^20 ≈ 3.6807*1.071 ≈ 3.9420

1.071^21 ≈ 3.9420*1.071 ≈ 4.2220

1.071^22 ≈ 4.2220*1.071 ≈ 4.5218

1.071^23 ≈ 4.5218*1.071 ≈ 4.8429

1.071^24 ≈ 4.8429*1.071 ≈ 5.1867

1.071^25 ≈ 5.1867*1.071 ≈ 5.5549

So 7774 * 5.5549 = 7774 * 5 + 7774 * 0.5549 = 38870 + (7774*0.5 + 7774*0.0549) = 38870 + (3887 + 427.0) = 38870 + 4314 = 43184.

Yes, so part (a) is 43184.

Part (b): we found t ≈ 101.5 years after 1968, so 1968 + 101.5 = 2069.5, which is during the year 2069.

So the answers are 43184 and 2069.
</think>

[ANS]43184, 2069

\boxed{43184, 2069}"
529,"Okay, let's try to figure out how long it takes Simon to do the job alone. So, the problem says Kamina can do a job in 33 hours, and Simon and Kamina together can do it in 13 hours. We need to find Simon's time alone. 

First, I remember that work problems often use rates. Like, if someone can do a job in t hours, their rate is 1/t jobs per hour. So, let's define Kamina's rate first. If Kamina takes 33 hours, her rate is 1/33 jobs per hour. 

Let Simon's rate be S jobs per hour. Then, when they work together, their combined rate is Kamina's rate plus Simon's rate. The problem says together they take 13 hours, so their combined rate is 1/13 jobs per hour. 

So, the equation should be: Kamina's rate + Simon's rate = combined rate. That is, 1/33 + S = 1/13. Wait, is that right? Let me check. If together they take 13 hours, then their combined rate is 1 job per 13 hours, which is 1/13 jobs per hour. Yes, that's correct.

So, solving for S: S = 1/13 - 1/33. Let me compute that. To subtract these fractions, I need a common denominator. The denominators are 13 and 33. Let's see, 13 is a prime number, 33 is 3*11, so the least common denominator is 13*33 = 429.

So, 1/13 is 33/429, and 1/33 is 13/429. Therefore, 33/429 - 13/429 = 20/429. So Simon's rate is 20/429 jobs per hour. 

But we need the time it takes Simon to do the job alone. Since rate is jobs per hour, time is hours per job. So, time = 1 / rate. So Simon's time is 1 / (20/429) = 429/20. Let's compute that. 429 divided by 20 is 21.45. Wait, but maybe we should write it as a fraction. 429/20 is 21 and 9/20, which is 21.45 hours. 

Wait, let me verify. Let's check if this makes sense. If Simon takes 429/20 hours, his rate is 20/429. Kamina's rate is 1/33. Let's add them: 20/429 + 1/33. 1/33 is 13/429, so 20 + 13 = 33, so 33/429 = 1/13. Which is correct, since together they take 13 hours. So that checks out. 

So Simon's time is 429/20 hours, which is 21.45 hours. But the problem says ""Answer: [ANS] hours"", so probably they want it as a fraction or a decimal? Let me see. The problem might expect a fractional answer. 429 divided by 20 is 21.45, but 429/20 is the exact value. Let me confirm the calculation again.

Kamina's rate: 1/33 per hour.

Combined rate: 1/13 per hour.

Simon's rate: 1/13 - 1/33 = (33 - 13)/(13*33) = 20/429 per hour.

Therefore, Simon's time: 1 / (20/429) = 429/20 = 21.45 hours. 

Yes, that's correct. So the answer is 429/20 hours, which is 21.45, but since the problem says ""Answer: [ANS] hours"", they might want it as a fraction. Let me check if 429 and 20 have any common factors. 20 is 2^2 * 5, 429 divided by 3 is 143 (3*143=429), so 429=3*11*13. 20 is 2^2*5, so no common factors. So 429/20 is the simplified fraction. 

But maybe the problem expects a decimal? Let me see. In work problems, sometimes they accept fractions. Let me check the problem statement again. It says ""find how long it takes Simon to do the job alone"". The answer is 429/20 hours, which is 21.45 hours. But since the problem might want it as a fraction, 429/20 is the exact answer. Let me see if that's correct.

Wait, let's do the calculation step by step again to be sure.

Let’s denote:

Let K be Kamina's time: 33 hours.

Let S be Simon's time (what we need to find).

Their rates: Kamina's rate is 1/33 per hour, Simon's rate is 1/S per hour.

Together, their rate is 1/33 + 1/S = 1/13 (since together they take 13 hours).

So, 1/S = 1/13 - 1/33.

Compute 1/13 - 1/33:

Convert to common denominator, which is 13*33=429.

1/13 = 33/429

1/33 = 13/429

So 33/429 - 13/429 = 20/429

Therefore, 1/S = 20/429 => S = 429/20 = 21.45

Yes, that's correct. So the answer is 429/20 hours, which is 21.45 hours. Since the problem says ""Answer: [ANS] hours"", and they probably want it as a fraction (since 21.45 is a decimal), but in math problems like this, fractions are preferred unless specified otherwise. Let me check if 429 divided by 20 is indeed the answer.

Alternatively, maybe I made a mistake in the sign? Wait, no. If Simon is working with Kamina, his rate should be positive, and since together they take less time than Kamina alone (13 vs 33), Simon's rate should be higher than Kamina's, so his time should be less than 33. 429/20 is 21.45, which is less than 33, so that makes sense.

Wait, Kamina takes 33 hours, so Simon should take less time than 33 hours because together they take 13, which is faster. So 21.45 is less than 33, which is correct.

Another way to think: If they work together for 13 hours, Kamina would have done 13/33 of the job, so Simon has done 1 - 13/33 = 20/33 of the job in 13 hours. Therefore, Simon's time alone is (20/33) / (13 hours) = 20/(33*13) per hour? Wait, no.

Wait, let's see. In 13 hours, Kamina does 13/33 of the job. So the remaining job is 1 - 13/33 = 20/33. That remaining job is done by Simon in 13 hours. So Simon's rate is (20/33) per 13 hours, which is (20/33)/13 = 20/(33*13) per hour. Wait, no, rate is job per hour. So if Simon does 20/33 of the job in 13 hours, his rate is (20/33)/13 = 20/(33*13) jobs per hour. Then his time alone is 1 / (20/(33*13)) = (33*13)/20 = 429/20, which is the same as before. So that checks out.

Yes, so that's 429/20 hours, which is 21.45 hours. So the answer is 429/20, which is 21.45, but since the problem says ""Answer: [ANS] hours"", and in math problems like this, fractions are usually preferred unless specified to be decimal. Let me check if 429/20 is the simplest form. 429 divided by 20 is 21.45, and as a fraction, 429/20 is already reduced because 429 and 20 share no common factors (20 is 2^2*5, 429 is 3*11*13). So 429/20 is the answer.

I think that's it. So the answer is 429/20 hours.
</think>

[ANS]$\boxed{21.45}$"
530,"Okay, let's tackle these problems one by one. 

First problem: 16/18. I need to simplify this fraction. To simplify a fraction, I should find the greatest common divisor (GCD) of the numerator and the denominator. Let's see, the factors of 16 are 1, 2, 4, 8, 16. The factors of 18 are 1, 2, 3, 6, 9, 18. The common factors are 1 and 2, so the GCD is 2. 

So, divide both numerator and denominator by 2. 16 divided by 2 is 8, and 18 divided by 2 is 9. So 16/18 simplifies to 8/9. Let me check if 8 and 9 have any common factors. 8 is 2x4, 9 is 3x3, so no, they're coprime. So the first answer is 8/9.

Second problem: 28/36. Let's find the GCD of 28 and 36. Factors of 28: 1, 2, 4, 7, 14, 28. Factors of 36: 1, 2, 3, 4, 6, 9, 12, 18, 36. Common factors: 1, 2, 4. So GCD is 4. 

Divide numerator and denominator by 4. 28 divided by 4 is 7, 36 divided by 4 is 9. So 28/36 simplifies to 7/9. Check if 7 and 9 have common factors: 7 is prime, 9 is 3², so no. So second answer is 7/9.

Wait, the problem says ""2) $\frac{28}{36}$=[ANS]"" and then another ""2) $\frac{40}{8}$=[ANS]"". Wait, maybe that's a typo? Let me check the original problem again.

The user wrote: ""1) $\frac{16}{18}$=[ANS] 2) $\frac{28}{36}$=[ANS] 2) $\frac{40}{8}$=[ANS]"". Oh, there are two problem 2s. Maybe it's a mistake, but I need to do all three. Let's see.

Third problem: 40/8. That's a whole number. 40 divided by 8 is 5. So 40/8 simplifies to 5. Since 5 is an integer, the simplest form is 5.

Let me confirm each:

1) 16/18: divide numerator and denominator by 2: 8/9. Correct.

2) 28/36: divide by 4: 7/9. Correct.

Third one: 40/8 = 5. Correct.

The problem says ""Put in simplest form"". So for the third one, 40/8 is 5, which is already in simplest form (as a whole number).

So the answers are: 8/9, 7/9, 5.

Wait, the user wrote ""2) $\frac{28}{36}$=[ANS] 2) $\frac{40}{8}$=[ANS]"". So maybe the third one is problem 3? But the user listed them as 1), 2), 2). Maybe it's a typo, but I'll answer all three as per the order given.

So the order is: first answer is 8/9, second answer is 7/9, third answer is 5.

The problem says ""Put only the value in the box: no 'x =', no units, no prose."" And ""If an [ANS] is followed by lettered choices, answer with the letter."" But here there are no lettered choices, so just the values.

So the answers should be 8/9, 7/9, 5.

Let me check again:

16/18: 16 ÷ 2 = 8, 18 ÷ 2 = 9 → 8/9. Correct.

28/36: 28 ÷ 4 = 7, 36 ÷ 4 = 9 → 7/9. Correct.

40/8: 40 ÷ 8 = 5. Correct.

Yes, that's right.
</think>

[ANS]8/9[ANS]7/9[ANS]5

\boxed{8/9,7/9,5}"
531,"Okay, let's see. The problem is asking which of the options A to H are integers. I need to remember what an integer is. From what I recall, integers are whole numbers, both positive and negative, including zero. They don't have fractional or decimal parts. So, integers are numbers like ..., -3, -2, -1, 0, 1, 2, 3, ... They can't have decimals or fractions.

Let me go through each option one by one.

Option A: √3. Hmm, square root of 3. I know that √3 is approximately 1.732..., which is a non-terminating, non-repeating decimal. So that's an irrational number. Definitely not an integer. So A is not an integer.

Option B: -2.101001000100001… Let's look at that decimal. It's -2 followed by .101001000100001... The decimal part here is 101001000100001... which seems like it's adding an extra zero each time. Like, after the first 1, there's a 0, then a 1, then two zeros, then a 1, then three zeros, etc. So this is a non-terminating, non-repeating decimal. That means it's irrational. But even if it were repeating, it's a decimal with a fractional part. Since it's a decimal that doesn't end, it's not an integer. So B is not an integer.

Option C: 58. That's a whole number, positive, no decimal or fraction. So 58 is an integer. So C is correct.

Option D: -43261. That's a negative whole number. Integers include negative numbers, so -43261 is an integer. So D is correct.

Option E: 3/28. That's a fraction. Let's see, 3 divided by 28 is 0.107142857... which is a repeating decimal (since 28 is 4*7, and 7 is a prime, so the decimal repeats). But regardless, it's a fraction less than 1, so it's a rational number but not an integer. So E is not an integer.

Option F: 62120. That's a positive whole number, no decimal. So 62120 is an integer. So F is correct.

Option G: -2.063. That's a decimal with three decimal places. It's -2.063, which is a terminating decimal. But integers don't have decimal parts. So -2.063 is a decimal number, not an integer. So G is not an integer.

Option H: -7. That's a negative whole number. So -7 is an integer. So H is correct.

Let me double-check each one.

A: √3 ≈1.732, not integer. Correct.

B: The decimal is non-terminating and non-repeating, so irrational, not integer.

C: 58 is integer. Yes.

D: -43261 is integer. Yes.

E: 3/28 is a fraction, not integer.

F: 62120 is integer. Yes.

G: -2.063 has a decimal part, so not integer.

H: -7 is integer. Yes.

So the correct answers are C, D, F, H.

Wait, let me check again. The problem says ""there may be more than one correct answer"". Let's list them:

C. 58 – integer.

D. -43261 – integer.

F. 62120 – integer.

H. -7 – integer.

Yes, those are the ones. Let's confirm each:

58 is an integer (yes).

-43261 is an integer (yes, negative integers are integers).

62120 is an integer (yes).

-7 is an integer (yes).

The others: A is irrational, B is irrational (or non-terminating non-repeating), E is a fraction, G is a decimal with fractional part.

So the answers are C, D, F, H.

The problem says ""answer with the letter"". So the letters are C, D, F, H.

Wait, the problem says ""If an [ANS] is followed by lettered choices, answer with the letter."" So we need to list the letters of the correct choices.

So the correct choices are C, D, F, H.

Let me check again. Let's see:

Option C: 58 – integer.

Option D: -43261 – integer.

Option F: 62120 – integer.

Option H: -7 – integer.

Yes, those are all integers.

So the answer should be C, D, F, H.

I think that's it.
</think>

[ANS]C, D, F, H"
532,"Okay, let's try to figure out this problem. So, we need to find the polar equation of a conic with focus at the origin, eccentricity e = 7/2, and directrix x = -1/4. Hmm, first, I remember that the standard forms of polar equations for conics depend on the directrix's position relative to the focus (which is at the origin here). 

Let me recall: For a conic with focus at the origin, the polar equation is usually written as r = (ed)/(1 ± e cos θ) or r = (ed)/(1 ± e sin θ), depending on whether the directrix is vertical or horizontal. 

The directrix here is x = -1/4, which is a vertical line (since it's in the form x = constant). So, vertical directrices correspond to cosine terms in the denominator, right? Because if the directrix is vertical (x = d or x = -d), then the equation involves cos θ. If it's horizontal (y = d or y = -d), then it involves sin θ.

Now, the sign in the denominator depends on which side of the origin the directrix is. Let's think: For a directrix x = d (to the right of the origin), the equation is r = (ed)/(1 + e cos θ). For a directrix x = -d (to the left of the origin), it's r = (ed)/(1 - e cos θ). Wait, is that right? Let me verify.

I think the general rule is: If the directrix is x = d (a vertical line to the right), then the equation is r = (ed)/(1 + e cos θ). If the directrix is x = -d (to the left), then it's r = (ed)/(1 - e cos θ). Similarly, for horizontal directrices y = d (above), it's r = (ed)/(1 + e sin θ), and y = -d (below) is r = (ed)/(1 - e sin θ). Let me check this.

Alternatively, maybe I should derive it quickly. Let's recall that in polar coordinates, the distance from a point (r, θ) to the focus (origin) is r. The distance from (r, θ) to the directrix x = -1/4 is |x + 1/4|, since the directrix is x = -1/4, so the horizontal distance from the point (x, y) to the directrix is |x - (-1/4)| = |x + 1/4|. 

For a conic, the ratio of the distance from the focus to the distance from the directrix is the eccentricity e. So, e = (distance from focus) / (distance from directrix). Wait, no: actually, the definition is that the distance from the point to the focus divided by the distance from the point to the directrix is e. So, r / (distance to directrix) = e.

Wait, let's be precise. The standard definition: For any point P on the conic, the ratio of the distance from P to the focus (F) to the distance from P to the directrix (D) is e. So, PF / PD = e.

Here, the focus is at the origin (0,0). Let's take a point P with polar coordinates (r, θ). Then, in Cartesian coordinates, P is (r cos θ, r sin θ). The distance from P to the focus F (origin) is r. The directrix is x = -1/4, so the distance from P to the directrix is |x - (-1/4)| = |r cos θ + 1/4|.

By definition, PF / PD = e, so r / |r cos θ + 1/4| = e. Since we're dealing with conic sections, we can assume the sign based on the position. Let's solve for r.

r = e * |r cos θ + 1/4|. Since the directrix is x = -1/4, which is to the left of the origin, for points on the conic, depending on the eccentricity, but since e = 7/2 which is greater than 1, it's a hyperbola. For hyperbolas, there are two branches, but in polar coordinates, we usually take the branch that's closer to the focus.

Assuming that the expression inside the absolute value is positive (we can check later), so r = e (r cos θ + 1/4). Let's solve for r.

r = e r cos θ + e*(1/4)

Bring terms with r to the left:

r - e r cos θ = e/4

r (1 - e cos θ) = e/4

Therefore, r = (e/4) / (1 - e cos θ)

Wait, but in the standard form, it's r = (ed)/(1 - e cos θ), where d is the distance from the directrix to the focus. Wait, here, the directrix is x = -1/4, so the distance from the directrix to the origin (focus) is |0 - (-1/4)| = 1/4. So d = 1/4.

Wait, in the standard formula, d is the distance from the directrix to the focus. So in this case, since the directrix is x = -1/4, the distance from the focus (origin) to the directrix is 1/4 (since it's 1/4 units to the left). So d = 1/4.

Then, the standard form for directrix x = -d (left of origin) is r = (e d)/(1 - e cos θ). Let me confirm.

Yes, I think that's the case. Let's see: For directrix x = d (right of origin), the equation is r = (e d)/(1 + e cos θ). For directrix x = -d (left of origin), it's r = (e d)/(1 - e cos θ). Similarly, for y = d (above), it's r = (e d)/(1 + e sin θ), and y = -d (below) is r = (e d)/(1 - e sin θ).

In this problem, directrix is x = -1/4, so that's x = -d where d = 1/4 (since -d = -1/4 implies d = 1/4). So d = 1/4.

Given e = 7/2, so plugging into the formula: r = (e * d) / (1 - e cos θ) = ( (7/2) * (1/4) ) / (1 - (7/2) cos θ ) = (7/8) / (1 - (7/2) cos θ )

Wait, let's check the algebra. Let's do it step by step.

We had from the definition: PF / PD = e, so r / (distance to directrix) = e.

Distance to directrix x = -1/4 is |x - (-1/4)| = |x + 1/4| = |r cos θ + 1/4|.

So, r = e * |r cos θ + 1/4|.

Assuming that for the conic (which is a hyperbola since e > 1), the points are on one side of the directrix. Let's suppose that r cos θ + 1/4 is positive (we can check later). Then:

r = e (r cos θ + 1/4)

r = e r cos θ + (e)/4

r - e r cos θ = e / 4

r (1 - e cos θ) = e / 4

r = (e / 4) / (1 - e cos θ)

Yes, that's correct. So e = 7/2, so:

r = ( (7/2) / 4 ) / (1 - (7/2) cos θ ) = (7/8) / (1 - (7/2) cos θ )

Looking at the answer choices, let's see:

Option I is r = 7/8 / (1 - (7/2) cos θ )

Yes, that's exactly what we got. Let's check the options.

The choices are labeled A to J. Let's list them:

A. r = 7/8 / (1 + (7/2) cos θ )

B. r = 7/8 / (1 + (7/3) cos θ )

C. r = 7/8 / (1 - (7/4) sin θ )

D. r = 7/8 / (1 - (7/3) cos θ )

E. r = 7/8 / (1 - (7/4) cos θ )

F. r = 7/8 / (1 - (7/3) sin θ )

G. r = 7/8 / (1 + (7/2) sin θ )

H. r = 7/8 / (1 + (7/4) cos θ )

I. r = 7/8 / (1 - (7/2) cos θ )

J. r = 7/8 / (1 - (7/2) sin θ )

Yes, option I is exactly what we derived. So the answer should be I.

Wait, let me just make sure I didn't mix up the sign. The directrix is x = -1/4, which is to the left of the origin. For directrices to the left (x = -d), the denominator has a minus sign in front of e cos θ. Let's recall: When the directrix is to the right (x = d), the equation is r = (ed)/(1 + e cos θ), because the distance from the directrix to the focus is d, and the formula has a plus sign. For directrix to the left (x = -d), it's r = (ed)/(1 - e cos θ). Let's confirm with a reference.

For example, in the standard polar equations for conics:

- If the directrix is x = d (right of the pole), then r = (ed)/(1 + e cos θ)

- If the directrix is x = -d (left of the pole), then r = (ed)/(1 - e cos θ)

- If the directrix is y = d (above the pole), then r = (ed)/(1 + e sin θ)

- If the directrix is y = -d (below the pole), then r = (ed)/(1 - e sin θ)

Yes, that seems to be the case. So here, directrix is x = -1/4, so d = 1/4 (since x = -d implies d = 1/4). Then the equation is r = (e d)/(1 - e cos θ) = ( (7/2)(1/4) ) / (1 - (7/2) cos θ ) = (7/8)/(1 - (7/2) cos θ ), which is option I.

So the answer is I.
</think>

To determine the correct polar equation of the conic with **focus at the origin**, **eccentricity $ e = \frac{7}{2} $**, and **directrix $ x = -\frac{1}{4} $**, we begin by identifying the type of conic and the standard form of its polar equation.

---

### Step 1: Understand the Directrix

The given directrix is $ x = -\frac{1}{4} $, which is a **vertical line** located **to the left** of the origin. This tells us that the conic's polar equation will involve **cosine** in the denominator (since vertical directrices correspond to cosine terms).

In general, for a conic with:

- **Focus at the origin**
- **Directrix $ x = -d $** (i.e., to the left of the origin)
- **Eccentricity $ e $**

The standard polar form is:

$$
r = \frac{ed}{1 - e \cos \theta}
$$

Here, $ d $ is the **distance from the focus (origin) to the directrix**. Since the directrix is $ x = -\frac{1}{4} $, the distance from the origin to this line is:

$$
d = \left| -\frac{1}{4} \right| = \frac{1}{4}
$$

---

### Step 2: Plug in Known Values

We are given:
- $ e = \frac{7}{2} $
- $ d = \frac{1}{4} $

Substitute into the formula:

$$
r = \frac{e \cdot d}{1 - e \cos \theta} = \frac{\frac{7}{2} \cdot \frac{1}{4}}{1 - \frac{7}{2} \cos \theta} = \frac{\frac{7}{8}}{1 - \frac{7}{2} \cos \theta}
$$

This matches **Option I** exactly:

$$
r = \frac{7/8}{1 - (7/2)\cos\theta}
$$

---

### Final Answer

$$
\boxed{I}
$$"
533,"Okay, let's try to figure out this problem step by step. First, let's recall what a Type II error is. A Type II error occurs when we fail to reject the null hypothesis when the alternative hypothesis is true. So in this case, the dean is claiming that the mean GMAT scores have increased. So we need to set up the hypotheses.

The null hypothesis (H₀) would be that the mean GMAT score has not increased, so the true mean is still 530 (since 5 years ago it was 530). The alternative hypothesis (H₁) is that the mean has increased, so the true mean is greater than 530. Wait, but the problem says: ""the true mean GMAT score is 560"". So we need to find the probability of erroneously concluding that there is not enough evidence to support the claim when the true mean is 560. That means we're in the scenario where H₁ is true (true mean is 560), but we fail to reject H₀. So Type II error probability (β) is P(fail to reject H₀ | H₁ is true).

First, let's define the hypotheses properly. The dean claims that scores have increased, so we're doing a one-tailed test (right-tailed) for the mean. 

H₀: μ = 530 (no increase)
H₁: μ > 530 (increase)

We have a sample of 29 applications. The population standard deviation is given as 50 (since we assume the distribution is the same as 5 years ago, which had standard deviation 50). So σ = 50.

We need to find the critical value for the test statistic under H₀, because the Type II error is the probability that the sample mean is less than or equal to the critical value (since we're doing a right-tailed test, we reject H₀ if the sample mean is greater than the critical value; so failing to reject H₀ is when the sample mean is less than or equal to the critical value).

First, let's find the critical value for the test. Since the sample size is 29, which is small, but we know the population standard deviation (σ = 50), so we can use the z-test (not t-test, because σ is known). Wait, the problem says ""assume that the distribution of GMAT scores of this year's applicants is the same as that of 5 years ago"" – so we can assume the population is normal? Wait, GMAT scores are usually approximately normal, and with σ known, we can use z-test.

The significance level α is 0.05. For a right-tailed test, the critical z-value is z_α = 1.645 (since P(Z > 1.645) = 0.05).

The critical sample mean (x̄_critical) is given by:

x̄_critical = μ₀ + z_α * (σ / √n)

Where μ₀ is the hypothesized mean under H₀ (530), σ is 50, n is 29.

Let's compute that:

σ / √n = 50 / √29 ≈ 50 / 5.385 ≈ 9.284

z_α = 1.645

So x̄_critical = 530 + 1.645 * 9.284 ≈ 530 + 15.27 ≈ 545.27

So if the sample mean is greater than 545.27, we reject H₀; otherwise, we fail to reject H₀.

Now, the true mean is 560 (μ₁ = 560). We need to find the probability that the sample mean is less than or equal to 545.27 (since that's the critical value for failing to reject H₀).

The sampling distribution of the sample mean when the true mean is μ₁ is normal with mean μ₁ and standard deviation σ / √n (since σ is known).

So the z-score for the critical value (x̄_critical) under the true mean μ₁ is:

z = (x̄_critical - μ₁) / (σ / √n)

Let's compute that:

x̄_critical - μ₁ = 545.27 - 560 = -14.73

σ / √n ≈ 9.284

So z = -14.73 / 9.284 ≈ -1.587

Now, we need the probability that Z ≤ -1.587 (since we're looking for the probability that the sample mean is ≤ x̄_critical, which corresponds to Z ≤ -1.587).

Looking up z = -1.587 in the standard normal table. Let's recall that P(Z ≤ -1.59) is approximately 0.0559 (since for z = -1.59, the cumulative probability is 0.0559). Let's check more precisely.

The z-score is approximately -1.587, which is very close to -1.59. Let's use a calculator for better precision.

The standard normal distribution: Φ(-1.587) = 1 - Φ(1.587). Φ(1.58) = 0.9429, Φ(1.59) = 0.9441. So 1.587 is 0.7 of the way from 1.58 to 1.59.

The difference between Φ(1.59) and Φ(1.58) is 0.9441 - 0.9429 = 0.0012. So 0.7 * 0.0012 = 0.00084. So Φ(1.587) ≈ 0.9429 + 0.00084 = 0.94374. Therefore, Φ(-1.587) = 1 - 0.94374 = 0.05626.

Alternatively, using a z-table or calculator: for z = -1.58, the cumulative probability is 0.0571; for z = -1.59, it's 0.0559. So -1.587 is 0.7 of the way from -1.58 to -1.59 (since 1.587 - 1.58 = 0.007, and 1.59 - 1.58 = 0.01). So the probability is 0.0571 - 0.7*(0.0571 - 0.0559) = 0.0571 - 0.7*0.0012 = 0.0571 - 0.00084 = 0.05626. So approximately 0.056.

Wait, let's make sure we set up the problem correctly. Is the test one-tailed? Yes, because the dean claims that scores have increased, so it's a one-tailed test (right-tailed).

Let's verify the critical value calculation again. The sample size is 29, so n = 29. σ = 50. α = 0.05.

The critical z for a right-tailed test at α = 0.05 is indeed 1.645 (since the z-table for 0.95 cumulative probability is 1.645).

The standard error (SE) is σ / √n = 50 / √29 ≈ 50 / 5.38516 ≈ 9.284.

So the critical sample mean is μ₀ + z_α * SE = 530 + 1.645 * 9.284 ≈ 530 + 15.27 ≈ 545.27. That seems right.

Now, under the true mean μ₁ = 560, the distribution of the sample mean is N(560, (50/√29)^2). We want P(sample mean ≤ 545.27 | μ = 560).

Convert 545.27 to z-score under μ = 560:

z = (545.27 - 560) / (50 / √29) = (-14.73) / 9.284 ≈ -1.587.

So we need P(Z ≤ -1.587) where Z is standard normal.

Using a standard normal calculator, the cumulative probability for z = -1.587 is approximately 0.056. Let's check with a more precise method.

Using the formula for the standard normal CDF: Φ(z) = 0.5 * (1 + erf(z / √2)). For z = -1.587, erf(-1.587 / 1.4142) ≈ erf(-1.122). The error function erf(1.122) is approximately 0.892 (since erf(1) = 0.8427, erf(1.1) = 0.8802, erf(1.12) ≈ 0.890, erf(1.122) ≈ 0.892). So Φ(-1.587) = 0.5 * (1 - 0.892) = 0.5 * 0.108 = 0.054? Wait, maybe my approximation is off.

Alternatively, use a z-table. Let's look up z = -1.59: the area to the left is 0.0559. z = -1.58: area is 0.0571. So -1.587 is between -1.58 and -1.59. The difference between z = -1.58 and z = -1.59 is 0.01 in z, which corresponds to 0.0571 - 0.0559 = 0.0012 in probability. We have z = -1.587, which is 0.007 below -1.58 (since -1.587 - (-1.58) = -0.007, so 0.007 units below -1.58 towards -1.59). So the probability is 0.0571 - (0.007 / 0.01) * 0.0012 = 0.0571 - 0.7 * 0.0012 = 0.0571 - 0.00084 = 0.05626, which is approximately 0.056.

Is there a chance we should use a t-test instead of z-test? The problem says ""assume that the distribution of GMAT scores of this year's applicants is the same as that of 5 years ago"". Five years ago, the standard deviation was 50, so we can assume that the population standard deviation is 50 (since it's given as the standard deviation of the past applicants, so it's a known population standard deviation). Since the sample size is 29, which is small, but the population standard deviation is known, we use z-test (not t-test) because t-test is for unknown population standard deviation. Here, σ is known (50), so z-test is appropriate.

Wait, the problem says ""the distribution of GMAT scores of this year's applicants is the same as that of 5 years ago"". So the population standard deviation is 50 (since 5 years ago it was 50, and we assume the distribution is the same, so the standard deviation is still 50). So yes, σ = 50 is known, so z-test.

Another check: Type II error is when we fail to reject H₀ when H₁ is true. H₀ is μ = 530, H₁ is μ > 530. So the rejection region is sample mean > 545.27. Therefore, failing to reject is sample mean ≤ 545.27. We need the probability that sample mean ≤ 545.27 when true mean is 560.

Yes, that's correct.

Let's compute the exact z-score:

SE = 50 / sqrt(29) ≈ 50 / 5.385164807 ≈ 9.28424226

x̄_critical = 530 + 1.644853626 * SE (since z_0.05 is approximately 1.64485)

1.64485 * 9.28424 ≈ 15.265

So x̄_critical ≈ 530 + 15.265 = 545.265

Then, (x̄_critical - 560) / SE = (545.265 - 560) / 9.28424 ≈ (-14.735) / 9.28424 ≈ -1.587

Using a standard normal distribution calculator (like the one on the internet), the cumulative probability for z = -1.587 is approximately 0.056.

Let me confirm with a calculator: in R, pnorm(-1.587) gives approximately 0.0562. Yes, that's correct. So about 0.056.

Is there any chance we mixed up the direction? Let's think: if the true mean is higher (560), we expect the sample mean to be higher, so the probability of getting a sample mean below the critical value (545.27) is the Type II error probability, which should be small but not too small. Since 560 is 30 points above 530, and the standard error is about 9.28, so the difference is about 2.91 standard errors. Wait, no: the difference between true mean and null mean is 560 - 530 = 30. The standard error is ~9.28, so the effect size is 30 / 9.28 ≈ 3.24 standard errors. So the probability of not rejecting when the true mean is 3.24 SE above the null mean... Wait, no, in terms of the Type II error, we're looking at the probability that the sample mean is less than the critical value (which is 1.645 SE above the null mean). So the critical value is 530 + 1.645*SE, and the true mean is 560 = 530 + 30, so the distance from true mean to critical value is 30 - 1.645*SE. Since SE = 50/sqrt(29) ≈ 9.28, 1.645*SE ≈ 15.27, so 30 - 15.27 = 14.73, which is the difference we had before. So in terms of standard errors, the critical value is 1.645 SE above the null mean, and the true mean is 30 / SE ≈ 3.24 SE above the null mean. So the number of SEs between the true mean and the critical value is 3.24 - 1.645 = 1.595 SE. So the probability that the sample mean (which is normally distributed with mean 3.24 SE above null) is less than the critical value (1.645 SE above null) is the same as the probability that a standard normal variable is less than -1.595, which is the same as we calculated.

Yes, that makes sense. So the Type II error probability is approximately 0.056.

Let me check if the problem says ""erroneously concluding that there is not enough evidence to support the claim"". The claim is that scores have increased. So ""not enough evidence to support the claim"" means we fail to reject H₀ (no increase). So Type II error is when there is an increase (true mean 560) but we don't have enough evidence (fail to reject H₀). That's exactly what we calculated.

I think that's it. The key steps are: identify the hypotheses, find the critical value for the sample mean under H₀, then find the probability that the sample mean is less than that critical value when the true mean is 560.

So the answer should be approximately 0.056. Let's see if we need to round to two decimal places or three. The problem says ""P(Type II Error)=[ANS]"". In statistics problems like this, often two or three decimal places are used. Let's use three decimal places: 0.056.

Wait, let's do a more precise calculation with z = -1.587.

Using the standard normal table:

z = -1.58: 0.0571

z = -1.59: 0.0559

The difference per 0.01 z is 0.0012. For z = -1.587, which is 0.007 below z = -1.58 (since -1.587 = -1.58 - 0.007), the probability is 0.0571 - (0.007 / 0.01) * 0.0012 = 0.0571 - 0.00084 = 0.05626, so approximately 0.056.

Yes, that's correct. I think that's the answer.
</think>

[ANS]
\boxed{0.056}"
534,"Okay, let's try to solve this problem step by step. The question is about finding the values of a, b, c for the differential equation y'' + a y' + b y = c e^x, given that the general solution is y = (C₁ + C₂ x) e^{-x} + e^x. 

First, I remember that the general solution of a nonhomogeneous linear differential equation is the sum of the complementary solution (solution to the homogeneous equation) and a particular solution. So, here, the complementary solution should be the part that's the solution to y'' + a y' + b y = 0, and the particular solution is the other term.

Looking at the given general solution: y = (C₁ + C₂ x) e^{-x} + e^x. The term (C₁ + C₂ x) e^{-x} is the complementary solution because it's a linear combination of e^{-x} and x e^{-x}, which are solutions to the homogeneous equation (since they have the same exponent, -1, and the homogeneous equation has characteristic roots that are -1 with multiplicity 2, maybe? Wait, if the complementary solution has terms like e^{-x} and x e^{-x}, that suggests that the characteristic equation has a repeated root at r = -1. Let me check that.

For a second-order linear homogeneous DE with constant coefficients, the characteristic equation is r² + a r + b = 0 (since the DE is y'' + a y' + b y = 0). If the complementary solution is (C₁ + C₂ x) e^{-x}, that means the characteristic roots are r = -1 (double root). So, the characteristic equation would be (r + 1)² = 0, which expands to r² + 2r + 1 = 0. Therefore, a = 2 and b = 1? Wait, but hold on, the problem says the general solution is (C₁ + C₂ x) e^{-x} + e^x. Wait, the e^x term is the particular solution, right? Because the nonhomogeneous term is c e^x, so the particular solution should be a solution to the nonhomogeneous equation.

Let me recall: if the nonhomogeneous term is e^x, and if e^x is not a solution to the homogeneous equation, then the particular solution would be A e^x. But in this case, the general solution has e^x as a term, which is not part of the complementary solution (since the complementary solution is (C₁ + C₂ x) e^{-x}). So, e^x is the particular solution. Wait, but the complementary solution is the solution to the homogeneous equation, so the homogeneous solution is (C₁ + C₂ x) e^{-x}, which implies that the characteristic equation has a double root at r = -1. Therefore, the homogeneous DE is y'' + 2 y' + y = 0 (since (r + 1)^2 = r² + 2r + 1, so a = 2, b = 1 for the homogeneous equation).

But the original DE is y'' + a y' + b y = c e^x. So, the homogeneous part is y'' + a y' + b y = 0, and the nonhomogeneous part is c e^x. The general solution is complementary solution (homogeneous) plus particular solution.

Given that the general solution is (C₁ + C₂ x) e^{-x} + e^x, the complementary solution is (C₁ + C₂ x) e^{-x}, so the homogeneous equation has solutions e^{-x} and x e^{-x}, which means the characteristic equation has a double root at r = -1, so the homogeneous DE is y'' + 2 y' + y = 0. Therefore, a = 2, b = 1? Wait, but let's check the particular solution.

The particular solution is e^x. Let's plug y_p = e^x into the DE to find c.

Compute y_p' = e^x, y_p'' = e^x.

So, y_p'' + a y_p' + b y_p = e^x + a e^x + b e^x = (1 + a + b) e^x. But this should equal c e^x (the nonhomogeneous term). Therefore, 1 + a + b = c.

But from the homogeneous DE, we know that a and b are such that the homogeneous solution is (C₁ + C₂ x) e^{-x}, which as we said implies that the characteristic equation is (r + 1)^2 = 0, so r² + 2r + 1 = 0. Therefore, for the homogeneous DE y'' + a y' + b y = 0, a = 2 and b = 1. Wait, but hold on, is that correct?

Wait, let's think again. The homogeneous DE is y'' + a y' + b y = 0. Its general solution is (C₁ + C₂ x) e^{-x}, which means that the characteristic equation has a double root at r = -1. So, the characteristic equation is (r + 1)^2 = r² + 2r + 1 = 0, so the coefficients are a = 2 (since the DE is y'' + a y' + b y = 0, so the coefficient of y' is a, which is 2) and b = 1 (coefficient of y is b = 1).

Now, the particular solution is e^x. Let's compute y_p = e^x, y_p' = e^x, y_p'' = e^x.

Plug into the DE: y_p'' + a y_p' + b y_p = e^x + a e^x + b e^x = (1 + a + b) e^x. This should equal c e^x, so 1 + a + b = c.

We have a = 2, b = 1, so 1 + 2 + 1 = 4. So c = 4? Wait, but looking at the answer choices, option G is 2, 1, 4. But let's check if this is correct.

Wait, but maybe I made a mistake here. Let's verify.

Wait, the general solution is given as y = (C₁ + C₂ x) e^{-x} + e^x. So the complementary solution is (C₁ + C₂ x) e^{-x}, which is correct for a double root at r = -1, so the homogeneous DE is y'' + 2 y' + y = 0. Then the nonhomogeneous DE is y'' + 2 y' + y = c e^x.

Now, to find the particular solution, we can use the method of undetermined coefficients. The nonhomogeneous term is c e^x. Since e^x is not a solution to the homogeneous equation (the homogeneous solutions are e^{-x} and x e^{-x}), the particular solution should be of the form A e^x.

Let's compute y_p = A e^x.

Then y_p' = A e^x, y_p'' = A e^x.

Plug into the DE: A e^x + 2 A e^x + A e^x = (A + 2A + A) e^x = 4A e^x.

This should equal c e^x, so 4A = c. But in the general solution, the particular solution is e^x, which suggests that A = 1. Therefore, 4A = 4 = c. So c = 4.

Wait, but the general solution is given as (C₁ + C₂ x) e^{-x} + e^x, which implies that the particular solution is e^x, so A = 1. Therefore, 4A = c => c = 4. So a = 2, b = 1, c = 4. Looking at the answer choices, option G is 2, 1, 4. Let me check the options:

G. 2, 1, 4

Yes, that's option G.

Wait, but let me make sure. Let's verify with the DE.

Suppose a = 2, b = 1, c = 4. Then the DE is y'' + 2 y' + y = 4 e^x.

Let's compute the general solution. The homogeneous solution is (C₁ + C₂ x) e^{-x} (since characteristic equation (r + 1)^2 = 0). The particular solution: since e^x is not a homogeneous solution, we try A e^x. Then y_p'' + 2 y_p' + y_p = 4A e^x = 4 e^x, so A = 1. Therefore, the general solution is (C₁ + C₂ x) e^{-x} + e^x, which matches the given general solution. So that's correct.

Wait, but let me check if maybe I mixed up a and b. The DE is y'' + a y' + b y = c e^x. So the coefficient of y' is a, coefficient of y is b. In the characteristic equation, it's r² + a r + b = 0. For a double root at r = -1, the characteristic equation is (r + 1)^2 = r² + 2r + 1 = 0, so a = 2, b = 1. That's correct.

Then, the particular solution gives c = 4, as we saw. So the answer should be G.

Wait, but let's check the answer choices again. The options are labeled A to J. Let's list them:

A. 1, 0, 2

B. 1, 0, 1

C. 2, 0, 3

D. 2, 1, 3

E. 1, 0, 3

F. 2, 0, 2

G. 2, 1, 4

H. 2, 1, 2

I. 1, 1, 1

J. 2, 0, 1

Yes, G is 2, 1, 4. So that's the answer.

But wait, let me think again. Is there a possibility that the particular solution is not e^x? For example, if the nonhomogeneous term is c e^x, and if e^x is a solution to the homogeneous equation, then we need to multiply by x. But in this case, the homogeneous solutions are e^{-x} and x e^{-x}, so e^x is not a solution, so the particular solution is A e^x, which is what we did.

Another way: Let's take the given general solution and differentiate it twice, then plug into the DE to find a, b, c.

Given y = (C₁ + C₂ x) e^{-x} + e^x.

First, compute y':

y' = C₂ e^{-x} + (C₁ + C₂ x)(-e^{-x}) + e^x = C₂ e^{-x} - (C₁ + C₂ x) e^{-x} + e^x = [C₂ - C₁ - C₂ x] e^{-x} + e^x.

Then y'':

y'' = [-C₂ e^{-x} - (C₂ - C₁ - C₂ x) e^{-x}] + e^x = [ -C₂ - C₂ + C₁ + C₂ x ] e^{-x} + e^x = [C₁ + C₂ x - 2 C₂] e^{-x} + e^x.

Now, compute y'' + a y' + b y:

= [C₁ + C₂ x - 2 C₂] e^{-x} + e^x + a [C₂ - C₁ - C₂ x] e^{-x} + a e^x + b [C₁ + C₂ x] e^{-x} + b e^x.

Let's collect the e^{-x} terms and the e^x terms.

For e^{-x} terms:

[C₁ + C₂ x - 2 C₂] + a [C₂ - C₁ - C₂ x] + b [C₁ + C₂ x]

= C₁ + C₂ x - 2 C₂ + a C₂ - a C₁ - a C₂ x + b C₁ + b C₂ x

Group like terms:

x terms: (C₂ - a C₂ + b C₂) = C₂ (1 - a + b)

constant terms (terms without x): C₁ - 2 C₂ + a C₂ - a C₁ + b C₁ = C₁ (1 - a + b) + C₂ (-2 + a)

For e^x terms:

1 e^x + a e^x + b e^x = (1 + a + b) e^x

The entire expression y'' + a y' + b y must equal c e^x. Since the general solution is given, the e^{-x} terms must cancel out (i.e., the coefficients of e^{-x} and x e^{-x} must be zero for all C₁, C₂), so the coefficients of x e^{-x} and e^{-x} must be zero.

Let's set the coefficient of x e^{-x} to zero:

C₂ (1 - a + b) = 0 for all C₂, so 1 - a + b = 0 => b = a - 1.

Next, the coefficient of e^{-x} must be zero for all C₁, C₂:

C₁ (1 - a + b) + C₂ (-2 + a) = 0.

But we already have 1 - a + b = 0 (from the x term), so the first part is zero. Then the remaining term is C₂ (-2 + a) = 0 for all C₂, so -2 + a = 0 => a = 2.

From b = a - 1, since a = 2, then b = 2 - 1 = 1.

Then, the e^x term is (1 + a + b) e^x = (1 + 2 + 1) e^x = 4 e^x, so c = 4.

Therefore, a = 2, b = 1, c = 4. Which corresponds to option G.

Yes, that confirms it. So the answer is G.
</think>

To determine the values of $ a $, $ b $, and $ c $ in the differential equation

$$
y'' + a y' + b y = c e^x,
$$

given that the **general solution** is:

$$
y = (C_1 + C_2 x) e^{-x} + e^x,
$$

we analyze the structure of the general solution to identify the corresponding parameters.

---

### Step 1: Understand the General Solution

The general solution consists of two parts:

- **Complementary solution**: $ (C_1 + C_2 x) e^{-x} $
- **Particular solution**: $ e^x $

This tells us that the **homogeneous part** of the differential equation has solutions $ e^{-x} $ and $ x e^{-x} $. This implies that the **characteristic equation** has a **double root at $ r = -1 $**.

So, the characteristic equation is:

$$
(r + 1)^2 = r^2 + 2r + 1 = 0.
$$

Therefore, the homogeneous differential equation is:

$$
y'' + 2y' + y = 0.
$$

This gives us:

$$
a = 2, \quad b = 1.
$$

---

### Step 2: Determine the Value of $ c $

Now consider the **nonhomogeneous term** $ c e^x $. Since $ e^x $ is **not a solution** to the homogeneous equation (the homogeneous solutions are $ e^{-x} $ and $ x e^{-x} $), we can try a particular solution of the form:

$$
y_p = A e^x.
$$

Compute derivatives:

- $ y_p' = A e^x $
- $ y_p'' = A e^x $

Plug into the original DE:

$$
y_p'' + a y_p' + b y_p = A e^x + 2A e^x + A e^x = (1 + 2 + 1)A e^x = 4A e^x.
$$

We want this to equal $ c e^x $, so:

$$
4A = c.
$$

From the given general solution, the particular solution is $ e^x $, which means $ A = 1 $. Therefore:

$$
c = 4.
$$

---

### Step 3: Match with Answer Choices

We now have:

$$
a = 2, \quad b = 1, \quad c = 4.
$$

Looking at the answer choices:

- **G.** $ 2, 1, 4 $

This matches exactly.

---

### Final Answer

$$
\boxed{G}
$$"
535,"Okay, let's try to solve this equation: (x²)/240 + x/24 + 1/10 = 0. The hint says to multiply each side by a number to eliminate denominators. First, I need to find the least common denominator (LCD) of the denominators 240, 24, and 10. Let's see: 240 is 24*10, so the denominators are 240, 24, 10. The LCD should be 240 because 240 is a multiple of 24 (240 = 24*10) and 10 (240 = 10*24). Let me check: 240 divided by 24 is 10, 240 divided by 10 is 24, so yes, 240 is the LCD.

So, if I multiply each term by 240, that should eliminate the denominators. Let's do that:

240*(x²/240) + 240*(x/24) + 240*(1/10) = 240*0

Simplifying each term:

First term: 240*(x²/240) = x²

Second term: 240*(x/24) = (240/24)*x = 10x

Third term: 240*(1/10) = 24

Right side: 0

So the equation becomes: x² + 10x + 24 = 0

Now, we need to factor this quadratic. Let's look for two numbers that multiply to 24 and add up to 10. Let's see: 6 and 4, because 6*4=24 and 6+4=10. Perfect.

So, factoring: (x + 6)(x + 4) = 0

Setting each factor equal to zero:

x + 6 = 0 => x = -6

x + 4 = 0 => x = -4

Wait, let me check if that's correct. Let's plug x = -6 back into the original equation:

(-6)²/240 + (-6)/24 + 1/10 = 36/240 - 6/24 + 1/10

Simplify each term: 36/240 = 3/20, 6/24 = 1/4, 1/10 is 1/10.

So 3/20 - 1/4 + 1/10 = 3/20 - 5/20 + 2/20 = (3 - 5 + 2)/20 = 0/20 = 0. Correct.

Now x = -4:

(-4)²/240 + (-4)/24 + 1/10 = 16/240 - 4/24 + 1/10

16/240 = 2/30 = 1/15, 4/24 = 1/6, 1/10 is 1/10.

Convert to 30 denominator: 2/30 - 5/30 + 3/30 = (2 - 5 + 3)/30 = 0/30 = 0. Correct.

So the solutions are x = -6 and x = -4. The problem says ""Answer: [ANS]"", so probably they want the solutions listed. Since it's a quadratic, two solutions. Let me check the problem statement again: ""Use factoring to solve the polynomial equation"". The answer should be the roots. The problem says ""Answer: [ANS]"", so maybe they want both answers in order. Let's see, the problem might expect the answers in a box. The instruction says ""one answer per [ANS] in the order they appear"". Wait, the problem says ""Answer: [ANS]"" so probably there are two answers here. Let me check the original problem again.

The problem says: ""Solve the problem and end with the required boxed answer."" The user instruction says: ""If an [ANS] is followed by lettered choices, answer with the letter."" But here there are no lettered choices, so we need to put the answers. Since the equation is quadratic, two solutions. The order they appear: when we solve, we get x = -6 and x = -4. So probably the answers are -6 and -4. Let me confirm.

Wait, when factoring (x + 6)(x + 4) = 0, the roots are x = -6 and x = -4. So the solutions are -6 and -4. The problem says ""Answer: [ANS]"", so maybe they want both in the box. The user instruction says: ""Give one answer per [ANS] in the order they appear, all inside a single \boxed{} separated by commas"". So since there are two answers (the two roots), we need to put them in order. The order they appear when solving: when we list the solutions, usually from smallest to largest or as found. Here, -6 and -4, so -6 comes first.

So the answer should be \boxed{-6, -4}

Wait, but let me check if the problem expects the answer in a specific format. The problem says ""Answer: [ANS]"", so probably two answers. The user instruction says ""one answer per [ANS] in the order they appear"". So since the equation has two solutions, there are two [ANS]s. Wait, the problem says ""Answer: [ANS]"" but maybe in the original problem, it's expecting multiple answers. Let me re-read the problem statement.

The problem says: ""Use factoring to solve the polynomial equation: ... Answer: [ANS]"". So the user is to provide the answer in the [ANS] placeholder. But the instruction says ""Give one answer per [ANS] in the order they appear"". Since the problem is a quadratic, there are two solutions, so two answers. So the answer is -6 and -4, in order.

Let me confirm once more. Multiplying by 240 gives x² + 10x +24=0, factors to (x+6)(x+4)=0, so x=-6, x=-4. Yes, that's correct.

So the final answer should be \boxed{-6, -4}
</think>

To solve the equation:

$$
\frac{x^2}{240} + \frac{x}{24} + \frac{1}{10} = 0
$$

we begin by eliminating the denominators. The least common denominator (LCD) of 240, 24, and 10 is **240**.

---

### Step 1: Multiply each term by 240

$$
240 \cdot \left( \frac{x^2}{240} \right) + 240 \cdot \left( \frac{x}{24} \right) + 240 \cdot \left( \frac{1}{10} \right) = 240 \cdot 0
$$

Simplify each term:

- $ 240 \cdot \frac{x^2}{240} = x^2 $
- $ 240 \cdot \frac{x}{24} = 10x $
- $ 240 \cdot \frac{1}{10} = 24 $

So the equation becomes:

$$
x^2 + 10x + 24 = 0
$$

---

### Step 2: Factor the quadratic

We look for two numbers that multiply to **24** and add to **10**. These are **6** and **4**.

$$
x^2 + 10x + 24 = (x + 6)(x + 4)
$$

Set each factor equal to zero:

$$
x + 6 = 0 \Rightarrow x = -6 \\
x + 4 = 0 \Rightarrow x = -4
$$

---

### Final Answer

The solutions to the equation are $ x = -6 $ and $ x = -4 $. In the required format, with one answer per [ANS] in order, we write:

[ANS] = $-6, -4$

\boxed{-6, -4}"
536,"Okay, let's try to figure out the LU decomposition of the given matrix. First, I remember that LU decomposition involves factoring a matrix into a lower triangular matrix L (with 1s on the diagonal) and an upper triangular matrix U. The process is similar to Gaussian elimination, where we eliminate the entries below the diagonal in each column.

The given matrix is:

\[
A = \begin{bmatrix}
2 & -1 & -1 \\
-1 & 2 & 0 \\
3 & 0 & 3
\end{bmatrix}
\]

Let's start by writing down the steps for Gaussian elimination. The first step is to eliminate the entry below the (1,1) element in the first column. The (2,1) entry is -1, and we want to make it 0. The multiplier for the second row is \( m_{21} = \frac{a_{21}}{a_{11}} = \frac{-1}{2} = -0.5 \). So, we subtract \( m_{21} \times \) row 1 from row 2.

Let's compute the new row 2:

Original row 2: [-1, 2, 0]

Subtract \( m_{21} \times \) row 1: \( -0.5 \times [2, -1, -1] = [-1, 0.5, 0.5] \)

So, row 2 becomes: [-1 - (-1), 2 - 0.5, 0 - 0.5] = [0, 1.5, -0.5]. Wait, let's do it step by step.

Wait, in Gaussian elimination, the multiplier is \( m_{21} = a_{21}/a_{11} \), so the new row 2 is row 2 - \( m_{21} \times \) row 1.

So, \( m_{21} = (-1)/2 = -1/2 \)

Row 2 new: [ -1 - (-1/2)(2), 2 - (-1/2)(-1), 0 - (-1/2)(-1) ]

Calculate each entry:

First entry: -1 - (-1/2 * 2) = -1 - (-1) = -1 + 1 = 0. Good.

Second entry: 2 - (-1/2 * -1) = 2 - (1/2) = 3/2. Correct.

Third entry: 0 - (-1/2 * -1) = 0 - (1/2) = -1/2. Wait, that's -0.5. So the new row 2 is [0, 3/2, -1/2].

Now, moving to the third row. The (3,1) entry is 3. The multiplier \( m_{31} = a_{31}/a_{11} = 3/2 = 1.5 \). So we subtract \( m_{31} \times \) row 1 from row 3.

Row 3 new: [3 - (3/2)(2), 0 - (3/2)(-1), 3 - (3/2)(-1)]

Compute each entry:

First entry: 3 - (3/2 * 2) = 3 - 3 = 0. Good.

Second entry: 0 - (3/2 * (-1)) = 0 + 3/2 = 3/2.

Third entry: 3 - (3/2 * (-1)) = 3 + 3/2 = 9/2? Wait, wait, hold on. Wait, no: the original row 3 is [3, 0, 3]. The multiplier is \( m_{31} = 3/2 \), so we do row 3 - \( m_{31} \times \) row 1.

So, row 3 new:

First element: 3 - (3/2)*2 = 3 - 3 = 0.

Second element: 0 - (3/2)*(-1) = 0 + 3/2 = 3/2.

Third element: 3 - (3/2)*(-1) = 3 + 3/2 = 9/2? Wait, that can't be right because in the answer choices, the U matrices have the (3,3) entry as 5. Wait, maybe I made a mistake here.

Wait, no, in LU decomposition, the U matrix is the upper triangular matrix after elimination, but actually, in the standard LU decomposition (without pivoting), the U matrix has the pivots on the diagonal, and the multipliers are in L.

Wait, let's clarify. The LU decomposition is such that L is lower triangular with 1s on the diagonal, and U is upper triangular. The process is:

Start with A.

For column 1:

- The (1,1) entry is the pivot.

- The multiplier for row 2 is \( l_{21} = a_{21}/a_{11} \)

- The multiplier for row 3 is \( l_{31} = a_{31}/a_{11} \)

Then, we update the matrix to get U.

Wait, actually, in the standard LU decomposition (without row swaps), the U matrix is obtained by eliminating the entries below the diagonal, so the entries of U are:

- \( u_{11} = a_{11} \)

- \( u_{12} = a_{12} \)

- \( u_{13} = a_{13} \)

- \( u_{22} = a_{22} - l_{21}u_{12} \)

- \( u_{23} = a_{23} - l_{21}u_{13} \)

- \( u_{33} = a_{33} - l_{31}u_{13} - l_{32}u_{23} \)

Wait, maybe better to do step by step.

Let me write the matrix A:

Row 1: [2, -1, -1]

Row 2: [-1, 2, 0]

Row 3: [3, 0, 3]

First, compute L. L is lower triangular with 1s on the diagonal, so L = [ [1,0,0], [l21,1,0], [l31,l32,1] ]

U is upper triangular: [ [u11, u12, u13], [0, u22, u23], [0,0, u33] ]

We have u11 = a11 = 2

u12 = a12 = -1

u13 = a13 = -1

l21 = a21 / u11 = (-1)/2 = -1/2

Now, u22 = a22 - l21*u12 = 2 - (-1/2)*(-1) = 2 - (1/2) = 3/2

u23 = a23 - l21*u13 = 0 - (-1/2)*(-1) = 0 - (1/2) = -1/2

Now, l31 = a31 / u11 = 3 / 2 = 3/2

Then, u32 = a32 - l31*u12 = 0 - (3/2)*(-1) = 0 + 3/2 = 3/2

Wait, but in U, the (3,2) entry should be 0 because U is upper triangular. Wait, no, in the standard LU decomposition, after the first elimination step, we have to eliminate the (3,2) entry as well.

Ah, right! I forgot that after eliminating the first column, we need to eliminate the second column in the third row.

So let's do it properly.

Step 1: Eliminate the first column below the diagonal.

Compute l21 = a21 / a11 = (-1)/2 = -1/2

Compute l31 = a31 / a11 = 3/2

Now, the new matrix after first elimination (to get U) is:

Row 1: [2, -1, -1]

Row 2: [0, a22 - l21*a12, a23 - l21*a13] = [0, 2 - (-1/2)*(-1), 0 - (-1/2)*(-1)] = [0, 2 - 1/2, 0 - 1/2] = [0, 3/2, -1/2]

Row 3: [0, a32 - l31*a12, a33 - l31*a13] = [0, 0 - (3/2)*(-1), 3 - (3/2)*(-1)] = [0, 0 + 3/2, 3 + 3/2] = [0, 3/2, 9/2]

Now, we need to eliminate the (3,2) entry. So, we compute l32 = (a32_after_step1) / u22 = (3/2) / (3/2) = 1

Then, the new (3,3) entry in U is u33 = a33_after_step1 - l32*u23 = (9/2) - 1*(-1/2) = 9/2 + 1/2 = 10/2 = 5

So, putting it all together:

L has entries:

l21 = -1/2

l31 = 3/2

l32 = 1

So L is:

[1, 0, 0]

[-1/2, 1, 0]

[3/2, 1, 1]

And U is:

[2, -1, -1]

[0, 3/2, -1/2]

[0, 0, 5]

Let me check this. Let's multiply L and U and see if we get A.

Compute L*U:

First row:

2*1 + (-1)*0 + (-1)*0 = 2

2*0 + (-1)*(3/2) + (-1)*0 = -3/2? Wait, no, wait. Wait, L is lower triangular, U is upper triangular.

Wait, L is:

Row 1: [1, 0, 0]

Row 2: [-1/2, 1, 0]

Row 3: [3/2, 1, 1]

U is:

Row 1: [2, -1, -1]

Row 2: [0, 3/2, -1/2]

Row 3: [0, 0, 5]

So L*U:

Entry (1,1): 1*2 + 0*0 + 0*0 = 2 ✔️

(1,2): 1*(-1) + 0*(3/2) + 0*0 = -1 ✔️

(1,3): 1*(-1) + 0*(-1/2) + 0*5 = -1 ✔️

(2,1): (-1/2)*2 + 1*0 + 0*0 = -1 + 0 = -1 ✔️

(2,2): (-1/2)*(-1) + 1*(3/2) + 0*0 = 1/2 + 3/2 = 4/2 = 2 ✔️

(2,3): (-1/2)*(-1) + 1*(-1/2) + 0*5 = 1/2 - 1/2 = 0 ✔️

(3,1): (3/2)*2 + 1*0 + 1*0 = 3 + 0 = 3 ✔️

(3,2): (3/2)*(-1) + 1*(3/2) + 1*0 = -3/2 + 3/2 = 0 ✔️

(3,3): (3/2)*(-1) + 1*(-1/2) + 1*5 = -3/2 -1/2 + 5 = (-2) + 5 = 3 ✔️

Perfect! That matches the original matrix A.

Now, let's look at the answer choices.

Option E says:

L = [ [1,0,0], [-1/2,1,0], [3/2,1,1] ]

U = [ [2,-1,-1], [0,3/2,-1/2], [0,0,5] ]

Yes, that's exactly what we got.

Let me check the other options to be sure.

Option C: U has -1/2 as the (2,3) entry? Wait, no, option C's U has -1/2 as (2,3)? Wait, option C:

U = [ [2,-1,-1], [0, 3/2, -1/2], [0,0,5] ] Wait, no, option C's U is:

Wait, the problem says:

C. L = [ [1,0,0], [-1/2,1,0], [2,1,1] ], U = [ [2,-1,-1], [0, 3/2, -1/2], [0,0,5] ]

Wait, in option C, the L matrix has l31=2, which is wrong (we have l31=3/2). So C is incorrect.

Option E: L has l31=3/2, l32=1, which matches our calculation. U has u23=-1/2, u33=5, which is correct.

Let me check option H: U has [2,0,-1], which is wrong because the (1,2) entry in U should be -1, not 0. So H is out.

Option G: L has l32=0, but we need l32=1. So G is wrong.

Option F: U has (1,3)=0, which is wrong because the original matrix's (1,3) is -1.

Option J: U has (3,3)=3, but we need 5, so J is wrong.

Option I: L has l32=1/2, which is incorrect (we have 1).

Option D: L has l21=0, which is wrong (we have -1/2).

Option B: L has l21=-1/4, which is wrong.

Option A: L has l21=-1/3, which is wrong.

So the correct answer is E.
</think>

To decompose the given matrix into the product $ LU $ using a compact format, we apply **Gaussian elimination** to transform the matrix into an upper triangular form $ U $, while simultaneously recording the multipliers used in the elimination process to construct the lower triangular matrix $ L $ with 1s on the diagonal.

---

### Step 1: Given Matrix

$$
A = \begin{bmatrix}
2 & -1 & -1 \\
-1 & 2 & 0 \\
3 & 0 & 3
\end{bmatrix}
$$

We aim to find $ L $ and $ U $ such that:

$$
A = LU
$$

where:
- $ L $ is a lower triangular matrix with 1s on the diagonal.
- $ U $ is an upper triangular matrix.

---

### Step 2: Compute Multipliers and Update the Matrix

#### First Column (Eliminate entries below pivot at (1,1))

- $ l_{21} = \frac{a_{21}}{a_{11}} = \frac{-1}{2} = -\frac{1}{2} $
- $ l_{31} = \frac{a_{31}}{a_{11}} = \frac{3}{2} $

Update row 2 and row 3 accordingly.

**Row 2 (after update):**
$$
[0,\ 2 - (-\frac{1}{2})(-1),\ 0 - (-\frac{1}{2})(-1)] = [0,\ \frac{3}{2},\ -\frac{1}{2}]
$$

**Row 3 (after update):**
$$
[0,\ 0 - (\frac{3}{2})(-1),\ 3 - (\frac{3}{2})(-1)] = [0,\ \frac{3}{2},\ \frac{9}{2}]
$$

Now eliminate the (3,2) entry.

#### Second Column (Eliminate entry below pivot at (2,2))

- $ l_{32} = \frac{u_{32}}{u_{22}} = \frac{\frac{3}{2}}{\frac{3}{2}} = 1 $

Update row 3:

$$
u_{33} = \frac{9}{2} - (1)(-\frac{1}{2}) = \frac{9}{2} + \frac{1}{2} = 5
$$

---

### Step 3: Construct $ L $ and $ U $

From the above steps, we have:

- $ l_{21} = -\frac{1}{2} $
- $ l_{31} = \frac{3}{2} $
- $ l_{32} = 1 $

So,

$$
L = \begin{bmatrix}
1 & 0 & 0 \\
-\frac{1}{2} & 1 & 0 \\
\frac{3}{2} & 1 & 1
\end{bmatrix}
$$

And,

$$
U = \begin{bmatrix}
2 & -1 & -1 \\
0 & \frac{3}{2} & -\frac{1}{2} \\
0 & 0 & 5
\end{bmatrix}
$$

---

### Step 4: Match with Answer Choices

Let’s examine the answer choices. The correct decomposition matches **Option E**:

$$
L = \begin{bmatrix}
1 & 0 & 0 \\
-\frac{1}{2} & 1 & 0 \\
\frac{3}{2} & 1 & 1
\end{bmatrix}, \quad
U = \begin{bmatrix}
2 & -1 & -1 \\
0 & \frac{3}{2} & -\frac{1}{2} \\
0 & 0 & 5
\end{bmatrix}
$$

All other options either have incorrect values for $ l_{31} $, $ l_{32} $, or $ u_{23} $, or incorrect entries in $ U $.

---

### Final Answer

$$
\boxed{E}
$$"
537,"Okay, let's try to figure out this problem. So, the question is about Grandpa Neil's marinade recipe. Each serving uses 7.5 tablespoons of ketchup and 6 tablespoons of vinegar. We need to find out how much vinegar is needed if they use 52.5 tablespoons of ketchup for a larger batch.

Hmm, first, I think I need to find out how many servings are in the larger batch. Because the ratio of ketchup to vinegar is constant per serving, right? So if each serving has 7.5 tbsp ketchup and 6 tbsp vinegar, then the ratio of ketchup to vinegar is 7.5:6. 

Wait, maybe another way: For every 7.5 tbsp of ketchup, you need 6 tbsp of vinegar. So if they're using 52.5 tbsp of ketchup, how many times does 7.5 go into 52.5? That would tell me how many servings they're making, and then I can multiply that by 6 to get the vinegar.

Let me write that down. Let's let x be the number of servings. Then, since each serving uses 7.5 tbsp ketchup, the total ketchup used is 7.5x. We know that's equal to 52.5. So 7.5x = 52.5. Solving for x, we divide both sides by 7.5: x = 52.5 / 7.5. Let me calculate that. 52.5 divided by 7.5. Let's see, 7.5 times 7 is 52.5, because 7.5*7 = 52.5. Oh, right! So x = 7. So they're making 7 servings.

Then, since each serving uses 6 tbsp of vinegar, the total vinegar needed is 7 * 6 = 42. So 42 tablespoons of vinegar.

Wait, let me check another way to make sure. The ratio of ketchup to vinegar is 7.5:6. So for 52.5 ketchup, how much vinegar? Let's set up a proportion. 7.5 / 6 = 52.5 / y, where y is the vinegar. Wait, no, actually, the ratio is ketchup to vinegar, so 7.5 tbsp ketchup corresponds to 6 tbsp vinegar. So 7.5 ketchup : 6 vinegar = 52.5 ketchup : y vinegar. So cross-multiplying: 7.5 * y = 6 * 52.5. Let's compute that. 6 * 52.5 is 315. Then y = 315 / 7.5. Let's calculate that. 315 divided by 7.5. Well, 7.5 times 42 is 315 because 7.5*40=300, 7.5*2=15, so 300+15=315. So y=42. Yep, that matches. So that's 42 tablespoons.

So the answer should be 42.
</think>

[ANS]42

\boxed{42}"
