id,response
131,"Okay, let's try to figure out this problem step by step. First, let's recall what a p-value is. The p-value is the probability of observing a test statistic as extreme as, or more extreme than, the one observed, assuming the null hypothesis is true. 

The problem states: we have a hypothesis test where the null hypothesis is that the proportion of improving is 0.53 (so H₀: p = 0.53) against the alternative hypothesis that it's greater than 0.53 (H₁: p > 0.53). We need to find the p-value for the observed data.

First, let's note the given information. There are 950 patients, and 55% reported improvement. So the number of successes (improved patients) is 0.55 * 950. Let's calculate that: 0.55 * 950 = 522.5. Wait, but we can't have half a patient, so maybe it's 522 or 523? Hmm, the problem says ""55% of the patients reported an improved condition,"" so maybe we can treat it as a continuous value for the purpose of the z-test, since the sample size is large.

In hypothesis testing for a proportion, we use the z-test statistic. The formula for the z-statistic is:

z = (p̂ - p₀) / sqrt(p₀(1 - p₀)/n)

where p̂ is the sample proportion, p₀ is the null proportion, and n is the sample size.

First, let's define the values:

- Sample size, n = 950
- Sample proportion, p̂ = 0.55
- Null proportion, p₀ = 0.53

We need to calculate the z-score first. Let's compute the numerator: p̂ - p₀ = 0.55 - 0.53 = 0.02.

The denominator is the standard error under the null hypothesis: sqrt(p₀(1 - p₀)/n) = sqrt(0.53 * 0.47 / 950).

Let's compute 0.53 * 0.47 first. 0.53 * 0.47 = 0.2491. Then divide by 950: 0.2491 / 950 ≈ 0.00026221. Then take the square root: sqrt(0.00026221) ≈ 0.01619.

So the z-score is 0.02 / 0.01619 ≈ 1.235.

Now, since this is a one-tailed test (alternative is >0.53), the p-value is the area to the right of this z-score in the standard normal distribution.

We need to find P(Z > 1.235). Let's recall that for z = 1.23, the area to the left is about 0.8907, and for z = 1.24, it's about 0.8925. Let's use a z-table or a calculator for more precision.

Alternatively, using a calculator: the standard normal distribution function. Let's compute it.

First, z = 1.235. Let's use the formula for the cumulative distribution function (CDF) of the normal distribution, but maybe it's easier to use a z-table approximation.

In many tables, z = 1.23 corresponds to 0.8907, z = 1.24 corresponds to 0.8925. The difference between z=1.23 and z=1.24 is 0.01 in z, which corresponds to 0.8925 - 0.8907 = 0.0018 in the CDF. Our z is 1.235, which is halfway between 1.23 and 1.24, so the CDF at z=1.235 is approximately 0.8907 + 0.0009 = 0.8916.

Therefore, the area to the right (p-value) is 1 - 0.8916 = 0.1084.

Wait, but let's check with a more precise method. Using a calculator or software, for example, in R, the p-value for a one-tailed test with z=1.235 is pnorm(1.235, lower.tail=FALSE).

Let me compute it. The standard normal CDF at 1.235: using the formula for the error function, but maybe I can remember that z=1.28 has a p-value of 0.1003 (since 1.28 is the z-score for 10% one-tailed), so z=1.235 is less than 1.28, so the p-value should be higher than 0.10.

Wait, z=1.28: P(Z > 1.28) ≈ 0.1003. z=1.23: P(Z > 1.23) ≈ 1 - 0.8907 = 0.1093. z=1.24: P(Z > 1.24) ≈ 1 - 0.8925 = 0.1075. So z=1.235 is between 1.23 and 1.24, so the p-value is between 0.1075 and 0.1093. Let's do linear approximation.

The difference in z is 0.01 (from 1.23 to 1.24), and the difference in p-value (area to the right) is 0.1093 - 0.1075 = 0.0018. We need the p-value at z=1.235, which is 0.005 above z=1.23. So the p-value is 0.1093 - (0.005/0.01)*0.0018 = 0.1093 - 0.0009 = 0.1084. That matches the earlier calculation.

Let's verify with a calculator. Using the standard normal distribution, the cumulative probability up to z=1.235 is Φ(1.235). Using a z-table with more precision:

For z=1.2, the table gives 0.8849. For z=1.23, it's 0.8907 (as above). Let's use the formula for the CDF:

Φ(z) = 0.5 + 0.5 * erf(z / sqrt(2))

But maybe it's easier to use a calculator. Let's use an online z-score calculator. If I look up z=1.235, the area to the left is approximately 0.8916, so the area to the right is 1 - 0.8916 = 0.1084.

Wait, let's check the sample size. The problem says 950 patients, so n=950 is large, so the normal approximation should be appropriate. We should check if np₀ and n(1 - p₀) are greater than 5, which they are: np₀ = 950*0.53 = 503.5, n(1 - p₀) = 950*0.47 = 446.5, both much larger than 5, so the normal approximation is valid.

Another way to compute the standard error: sqrt(0.53*0.47/950) = sqrt(0.2491/950) = sqrt(0.00026221) ≈ 0.01619, as before.

The sample proportion is 0.55, so the difference is 0.02. So z = 0.02 / 0.01619 ≈ 1.235.

Now, the p-value is the probability that a standard normal variable is greater than 1.235. Let's use a more precise method. For example, using the empirical rule, but that's not precise. Alternatively, using a calculator:

In Excel, the function for p-value (one-tailed) is 1 - NORM.S.DIST(1.235, TRUE). Let's compute that.

NORM.S.DIST(1.235, TRUE) is the cumulative probability up to 1.235. Let's see, in Excel, if I type =NORM.S.DIST(1.23, TRUE) it's 0.89065, and =NORM.S.DIST(1.24, TRUE) is 0.89251. The difference between 1.23 and 1.24 is 0.01 in z, and the difference in CDF is 0.89251 - 0.89065 = 0.00186. So for z=1.235, which is 0.005 above 1.23, the CDF is 0.89065 + (0.005/0.01)*0.00186 = 0.89065 + 0.00093 = 0.89158. Therefore, the p-value is 1 - 0.89158 = 0.10842, so approximately 0.108.

Wait, the problem says ""p-value"", so we need to present it with a certain number of decimal places. Usually, p-values are reported to three decimal places, but maybe here we need to be precise.

Let me check with another approach. Let's compute the exact z-score.

First, p̂ = 0.55, n = 950, so the number of successes is 522.5? Wait, no, 55% of 950 is 0.55*950 = 522.5, but in reality, the number of successes must be an integer, so it's either 522 or 523. Let's see: 522/950 = 0.54947, 523/950 = 0.55053. The problem says ""55% of the patients reported an improved condition"", so they probably rounded to 55%, so we can use p̂ = 0.55 as given, even though it's a decimal.

In hypothesis testing, when the sample proportion is given as a decimal (like 0.55), we use that value for p̂, so we don't have to worry about the integer count.

So, z = (0.55 - 0.53) / sqrt(0.53*0.47/950) = 0.02 / sqrt(0.2491/950) = 0.02 / sqrt(0.00026221) ≈ 0.02 / 0.01619 ≈ 1.235.

Now, using a standard normal table, the p-value for z = 1.24 is approximately 0.1075, and for z = 1.23 it's approximately 0.1093. Since 1.235 is halfway, the p-value is approximately 0.108.

Let me confirm with a z-table that has more precision. For example, some tables have z-scores to two decimal places, but we can use interpolation.

The z-score is 1.235. Let's write it as 1.2 + 0.035.

The standard normal table for z=1.23 is 0.8907, z=1.24 is 0.8925. The value for z=1.235 is 0.8907 + (0.8925 - 0.8907)*(0.005/0.01) = 0.8907 + 0.0018*0.5 = 0.8907 + 0.0009 = 0.8916, so the p-value is 1 - 0.8916 = 0.1084.

So approximately 0.108.

Is there a chance I made a mistake in the z-score calculation? Let's recalculate the standard error.

p₀ = 0.53, so 1 - p₀ = 0.47. p₀(1 - p₀) = 0.53*0.47. Let's compute that exactly: 0.5*0.47 = 0.235, 0.03*0.47 = 0.0141, so total is 0.235 + 0.0141 = 0.2491. Correct.

n = 950, so p₀(1 - p₀)/n = 0.2491 / 950 = 0.0002622105.

Square root of that is sqrt(0.0002622105) ≈ 0.016193.

Then, (p̂ - p₀) = 0.55 - 0.53 = 0.02.

So z = 0.02 / 0.016193 ≈ 1.2347, which is approximately 1.235. Correct.

Now, using a more precise calculator, the p-value for z = 1.2347 in the upper tail is:

Using the R command pnorm(1.2347, lower.tail=FALSE) gives approximately 0.1084.

So the p-value is approximately 0.108.

The problem says ""p-value"", and we need to put it in a box. Maybe they expect it to three decimal places, so 0.108.

Let me check if there's another way. Sometimes, people use the binomial distribution for exact p-values, but with n=950, it's impractical, so the normal approximation is standard here.

The problem states ""Assume that if the placebo is ineffective, the probability of a patients condition improving is 0.53"". So the null hypothesis is p=0.53, alternative p>0.53.

Yes, so the p-value is the probability of getting a sample proportion at least 0.55 (or more) if the true proportion is 0.53.

Wait, actually, the sample proportion is 0.55, so we need the probability that the sample proportion is greater than or equal to 0.55 under H₀.

In the normal approximation, the sampling distribution of p̂ is approximately N(p₀, p₀(1 - p₀)/n).

So the p-value is P(p̂ ≥ 0.55 | H₀) = P(Z ≥ (0.55 - 0.53)/sqrt(0.53*0.47/950)) ≈ P(Z ≥ 1.235) ≈ 0.108.

I think that's it. Let me just make sure I didn't mix up one-tailed vs two-tailed. The problem says ""for the hypotheses that the proportion of improving is 0.53 against that it is >0.53"", so it's a one-tailed test, right tail, so p-value is the upper tail probability.

Yes, so the p-value is approximately 0.108.

Maybe they want it to three decimal places, so 0.108.

Let me check with another source. For example, if z=1.23, p-value is about 0.109; z=1.24, p-value is about 0.107. So 1.235 is between them, so 0.108 is a good approximation.

I think that's the answer.
</think>

To determine the **p-value** for the hypothesis test, we follow a structured approach based on the given data and assumptions.

---

### **Step 1: Understand the Hypotheses**

We are testing:

- **Null hypothesis (H₀):** $ p = 0.53 $
- **Alternative hypothesis (H₁):** $ p > 0.53 $

This is a **one-tailed test** (right-tailed), since we're interested in whether the proportion of patients reporting improvement is *greater than* 0.53.

---

### **Step 2: Gather Given Data**

- Sample size: $ n = 950 $
- Observed sample proportion: $ \hat{p} = 0.55 $
- Null proportion under H₀: $ p_0 = 0.53 $

---

### **Step 3: Compute the Z-Statistic**

The formula for the z-score in a proportion test is:

$$
z = \frac{\hat{p} - p_0}{\sqrt{\frac{p_0(1 - p_0)}{n}}}
$$

Substitute the values:

- Numerator: $ \hat{p} - p_0 = 0.55 - 0.53 = 0.02 $
- Denominator: 
  $$
  \sqrt{\frac{0.53 \times 0.47}{950}} = \sqrt{\frac{0.2491}{950}} = \sqrt{0.00026221} \approx 0.01619
  $$

So,

$$
z = \frac{0.02}{0.01619} \approx 1.235
$$

---

### **Step 4: Find the P-Value**

Since this is a **right-tailed test**, the p-value is the area under the standard normal curve to the **right** of $ z = 1.235 $.

Using standard normal tables or a calculator:

- The cumulative probability up to $ z = 1.23 $ is approximately **0.8907**
- The cumulative probability up to $ z = 1.24 $ is approximately **0.8925**

Interpolating for $ z = 1.235 $:

$$
\text{Cumulative probability} \approx 0.8907 + \frac{0.8925 - 0.8907}{2} = 0.8907 + 0.0009 = 0.8916
$$

Therefore, the **p-value** is:

$$
1 - 0.8916 = 0.1084
$$

Rounded to **three decimal places**, the p-value is:

$$
\boxed{0.108}
$$

---

### ✅ Final Answer

$$
\boxed{0.108}
$$"
132,"Okay, let's see. I need to convert 19008 yards to miles. Hmm, the problem gives me that 1 mile is 5280 feet and 1 yard is 3 feet. So first, maybe I should convert yards to feet first, and then feet to miles? Let me think.

Right, because yards and feet are related, and miles are related to feet. So step by step. Let's start with 19008 yards. Since 1 yard is 3 feet, I can multiply the number of yards by 3 to get feet. So 19008 yards * 3 feet/yard. Let me calculate that. 19008 * 3. Let's do 19000*3 is 57000, and 8*3 is 24, so total is 57024 feet. So 19008 yards is 57024 feet.

Now, I need to convert feet to miles. Since 1 mile is 5280 feet, so to get miles, I divide the number of feet by 5280. So 57024 feet divided by 5280 feet/mile. Let me compute that. Let's see, 5280 * 10 is 52800, so 57024 - 52800 is 4224. So 10 miles would be 52800 feet, and we have 4224 feet left. Now, how many miles is 4224 feet? Let's divide 4224 by 5280. Wait, maybe there's a simpler way.

Alternatively, maybe I can do the conversion in one step. Since 1 mile is 5280 feet, and 1 yard is 3 feet, so 1 mile is how many yards? Let's see. 1 mile = 5280 feet, and 1 yard = 3 feet, so 5280 feet / 3 feet per yard = 1760 yards per mile. Oh, that's a useful conversion factor. So 1 mile = 1760 yards. Therefore, to convert yards to miles, I can divide the number of yards by 1760.

Let me check that. 5280 feet / 3 feet per yard = 1760 yards. Yes, because 1760 * 3 = 5280. So 1760 yards = 1 mile. So that's a better way. So instead of converting to feet first, I can directly convert yards to miles by dividing by 1760.

So 19008 yards divided by 1760 yards per mile. Let's compute that. Let's see, 1760 * 10 = 17600. 19008 - 17600 = 1408. So 10 miles plus 1408 yards. Now, how many miles is 1408 yards? Since 1760 yards is 1 mile, 1408 yards is (1408 / 1760) miles. Let's simplify that fraction. Both numerator and denominator can be divided by 16: 1408 /16 = 88, 1760 /16 = 110. So 88/110 = 4/5 = 0.8. So 1408 yards is 0.8 miles. Therefore, total is 10 + 0.8 = 10.8 miles.

Wait, let me verify with the first method. 19008 yards * 3 feet/yard = 57024 feet. Then 57024 feet / 5280 feet/mile. Let's compute 57024 / 5280. Let's divide numerator and denominator by 48: 57024 /48 = 1188, 5280 /48 = 110. So 1188 / 110 = 10.8. Yes, that's 10.8. So that checks out.

Alternatively, 5280 feet is 1 mile, so 5280 feet = 1760 yards (since 5280 /3 = 1760). So 1760 yards = 1 mile. Therefore, 19008 / 1760 = 10.8. Let's do the division: 1760 * 10 = 17600, 19008 - 17600 = 1408. 1408 / 1760 = 0.8. So 10.8 miles. Yep, that's correct.

So the answer should be 10.8 miles. Let me just make sure I didn't make any calculation errors. Let's do 1760 * 10.8. 1760 * 10 = 17600, 1760 * 0.8 = 1408. So 17600 + 1408 = 19008. Perfect, that's exactly the number of yards given. So 19008 yards is 10.8 miles.

I think that's it. So the answer is 10.8.
</think>

To convert **19008 yards** to **miles**, we can use the given unit relationships:

- $1 \text{ mile} = 5280 \text{ feet}$
- $1 \text{ yard} = 3 \text{ feet}$

---

### Step 1: Convert yards to miles directly

We can find how many **yards** are in **1 mile** by converting feet to yards:

$$
1 \text{ mile} = 5280 \text{ feet} = \frac{5280}{3} = 1760 \text{ yards}
$$

So, **1 mile = 1760 yards**

Now, divide the total number of yards by 1760 to get miles:

$$
\frac{19008}{1760} = 10.8
$$

---

### Step 2: Verification (Optional)

Let’s verify using another method for accuracy.

Convert **19008 yards** to **feet** first:

$$
19008 \times 3 = 57024 \text{ feet}
$$

Now convert **feet** to **miles**:

$$
\frac{57024}{5280} = 10.8
$$

Both methods confirm the same result.

---

### Final Answer

$$
\boxed{10.8}
$$"
133,"Okay, let's see. The problem is asking for the sine, cosine, tangent, and secant of θ = 5π/3. Hmm, 5π/3 is an angle in radians, right? I remember that angles in radians are measured from the positive x-axis. Let me recall the unit circle. 

First, 2π is a full circle, so 5π/3 is 300 degrees because π radians is 180 degrees, so 5π/3 * (180/π) = 300 degrees. Yeah, 300 degrees is in the fourth quadrant. In the fourth quadrant, sine is negative, cosine is positive, tangent is negative (since sine is negative and cosine is positive, tangent is sine over cosine), and secant is the reciprocal of cosine, so it should be positive.

Let me think about the reference angle. The reference angle for 300 degrees is 360 - 300 = 60 degrees, which is π/3 radians. So the reference angle is π/3. 

For sine: In the fourth quadrant, sine is negative. The sine of 60 degrees (π/3) is √3/2, so sine of 300 degrees (5π/3) should be -√3/2. Let me confirm. On the unit circle, the coordinates are (cos θ, sin θ). For 5π/3, which is 300 degrees, the x-coordinate is cos(5π/3) and the y-coordinate is sin(5π/3). 

Let me visualize the unit circle. At 0 radians (0 degrees), it's (1,0). At π/2 (90 degrees), (0,1). At π (180 degrees), (-1,0). At 3π/2 (270 degrees), (0,-1). At 2π (360 degrees), back to (1,0). So 5π/3 is 300 degrees, which is 60 degrees before 360 degrees. So it's in the fourth quadrant. The coordinates should be (cos θ, sin θ) = (cos 60°, -sin 60°) because in the fourth quadrant, x is positive and y is negative. Wait, 60 degrees is π/3, so cos(π/3) is 1/2, sin(π/3) is √3/2. So cos(5π/3) should be cos(π/3) = 1/2, because 5π/3 is 2π - π/3, so cosine is even, so cos(2π - x) = cos x. Similarly, sin(2π - x) = -sin x. 

Yes, that's right. So θ = 5π/3 = 2π - π/3. So cos(θ) = cos(2π - π/3) = cos(π/3) = 1/2, because cosine is even and periodic with 2π. Sin(θ) = sin(2π - π/3) = -sin(π/3) = -√3/2. 

Then tan(θ) is sin(θ)/cos(θ) = (-√3/2)/(1/2) = -√3. 

Sec(θ) is 1/cos(θ) = 1/(1/2) = 2. 

Let me check each one step by step.

First, sin(5π/3): 5π/3 is in the fourth quadrant. The reference angle is 2π - 5π/3 = π/3. So sin(5π/3) = -sin(π/3) = -√3/2. That's correct.

cos(5π/3): reference angle π/3, and in fourth quadrant cosine is positive, so cos(5π/3) = cos(π/3) = 1/2. Correct.

tan(5π/3): tan is sin/cos, so (-√3/2)/(1/2) = -√3. Correct.

sec(5π/3): sec is 1/cos, so 1/(1/2) = 2. Correct.

Let me verify with a calculator to be sure. Wait, I can't use a calculator here, but I remember standard angles. 300 degrees: sin(300°) is sin(360° - 60°) = -sin(60°) = -√3/2. Cos(300°) = cos(60°) = 1/2. Tan(300°) = tan(360° - 60°) = -tan(60°) = -√3. Sec(300°) = 1/cos(300°) = 2. Yep, that matches.

So the answers should be:

sin(θ) = -√3/2

cos(θ) = 1/2

tan(θ) = -√3

sec(θ) = 2

Let me just make sure there's no mistake. For example, is 5π/3 in the fourth quadrant? Yes, because π/2 is 90°, π is 180°, 3π/2 is 270°, 2π is 360°, so 5π/3 is 300°, which is between 270° and 360°, so fourth quadrant. In fourth quadrant, x is positive (cosine positive), y is negative (sine negative), so tan (y/x) is negative, sec (1/x) is positive. All checks out.

So the four answers are: -√3/2, 1/2, -√3, 2.

The problem says ""If the problem asks for multiple values or has multiple fill-in-the-blank placeholders, list all answers in order inside a single \boxed{}, separated by commas"". So the order is sin, cos, tan, sec. So the answers are: -√3/2, 1/2, -√3, 2.

I think that's it. Let me just write them as fractions and radicals properly. √3/2 is written as \frac{\sqrt{3}}{2}, so negative is -\frac{\sqrt{3}}{2}. 1/2 is \frac{1}{2}, -√3 is -\sqrt{3}, and 2 is 2.

Yes, so the boxed answers should be \boxed{-\dfrac{\sqrt{3}}{2}}, \boxed{\dfrac{1}{2}}, \boxed{-\sqrt{3}}, \boxed{2}. But the problem says ""list all answers in order inside a single \boxed{}, separated by commas"". So it's one box with all four answers.

Wait, the problem says: ""If the problem asks for multiple values or has multiple fill-in-the-blank placeholders, list all answers in order inside a single \boxed{}, separated by commas, e.g. \boxed{3, 7}.""

So the answer should be \boxed{-\dfrac{\sqrt{3}}{2}, \dfrac{1}{2}, -\sqrt{3}, 2}

But maybe they want it without LaTeX in the box? Wait, no, the example is \boxed{3, 7}, so probably with LaTeX. Let me check the problem statement again.

The user says: ""put your final answer within \boxed{}"" and ""list all answers in order inside a single \boxed{}, separated by commas"".

So the final answer is a single box with four values separated by commas. Let's write them properly.

First value: sin(θ) = -√3/2 → -\frac{\sqrt{3}}{2}

Second: cos(θ) = 1/2 → \frac{1}{2}

Third: tan(θ) = -√3 → -\sqrt{3}

Fourth: sec(θ) = 2 → 2

So in LaTeX, it's \boxed{-\dfrac{\sqrt{3}}{2}, \dfrac{1}{2}, -\sqrt{3}, 2}

Yes, that should be it. Let me confirm once more.

5π/3 is 300 degrees. Sin(300°) = -√3/2, cos(300°) = 1/2, tan(300°) = -√3, sec(300°) = 2. Correct.

Yep, that's right.
</think>

To solve the problem, we analyze the angle $\theta = \frac{5\pi}{3}$ radians. This corresponds to $300^\circ$ in degrees (since $\pi$ radians = $180^\circ$), and it lies in the **fourth quadrant** of the unit circle.

---

### Step 1: Understand the Reference Angle

The reference angle for $\theta = \frac{5\pi}{3}$ is:
$$
2\pi - \frac{5\pi}{3} = \frac{\pi}{3}
$$

This means that all trigonometric functions of $\theta$ can be derived from those of $\frac{\pi}{3}$, with appropriate signs based on the quadrant.

---

### Step 2: Evaluate Each Trigonometric Function

- **Sine**: In the fourth quadrant, sine is **negative**.  
  $$
  \sin\left(\frac{5\pi}{3}\right) = -\sin\left(\frac{\pi}{3}\right) = -\frac{\sqrt{3}}{2}
  $$

- **Cosine**: In the fourth quadrant, cosine is **positive**.  
  $$
  \cos\left(\frac{5\pi}{3}\right) = \cos\left(\frac{\pi}{3}\right) = \frac{1}{2}
  $$

- **Tangent**: Tangent is $\frac{\sin}{\cos}$, so:
  $$
  \tan\left(\frac{5\pi}{3}\right) = \frac{-\frac{\sqrt{3}}{2}}{\frac{1}{2}} = -\sqrt{3}
  $$

- **Secant**: Secant is the reciprocal of cosine:
  $$
  \sec\left(\frac{5\pi}{3}\right) = \frac{1}{\cos\left(\frac{5\pi}{3}\right)} = \frac{1}{\frac{1}{2}} = 2
  $$

---

### Final Answer

All four values are evaluated correctly and ordered as per the question's request. The final answer is:

$$
\boxed{-\dfrac{\sqrt{3}}{2}, \dfrac{1}{2}, -\sqrt{3}, 2}
$$"
134,"Okay, let's try to figure out the median of this grouped data. First, I need to remember how to find the median for grouped data. From what I recall, the median is the middle value when the data is ordered. For grouped data, we use the formula involving the cumulative frequency.

First, let's list out the data to make sure I have it right. The classes are intervals: [7,13), [13,19), [19,25), [25,31), [31,37), [37,43), [43,49). Each has a frequency. Let's compute the cumulative frequency for each class because the problem has [ANS] for each cumulative frequency. Wait, the problem says ""compute the median of the grouped data"" but first we need to fill in the cumulative frequencies? Wait, the problem says ""Given the following table, compute the median..."" and the table has cumulative frequency with [ANS]. Maybe we need to first find the cumulative frequencies to get the median.

Let me start by listing the frequency and cumulative frequency step by step.

First class: [7,13) with frequency 1. Cumulative frequency (CF) is 1 (since it's the first class, CF starts at 1).

Second class: [13,19) with frequency 4. So cumulative frequency here is 1 (from first class) + 4 = 5.

Third class: [19,25) with frequency 7. CF = 5 + 7 = 12.

Fourth class: [25,31) with frequency 8. CF = 12 + 8 = 20.

Fifth class: [31,37) with frequency 6. CF = 20 + 6 = 26.

Sixth class: [37,43) with frequency 4. CF = 26 + 4 = 30.

Seventh class: [43,49) with frequency 1. CF = 30 + 1 = 31.

Let me check if the total number of observations is 31. Let's add up the frequencies: 1 + 4 + 7 + 8 + 6 + 4 + 1. Let's compute: 1+4=5, 5+7=12, 12+8=20, 20+6=26, 26+4=30, 30+1=31. Yes, total N=31.

Now, the median is the middle value. Since N=31 (which is odd), the median is the (N+1)/2 th term, which is (31+1)/2 = 16th term.

So we need to find which class contains the 16th term.

Let's list the cumulative frequencies:

Class [7,13): CF=1 (1st term)

[13,19): CF=5 (terms 2-5)

[19,25): CF=12 (terms 6-12)

[25,31): CF=20 (terms 13-20)

Ah, so the 16th term is in the class [25,31), because the cumulative frequency up to [19,25) is 12, so terms 13 to 20 are in [25,31).

Now, to find the exact median value for grouped data, we use the formula:

Median = L + ((N/2) - CF_prev) * (w / f)

Wait, let me recall the formula correctly. The formula for the median in grouped data is:

Median = L + ( (N/2) - CF_prev ) * (w / f_m)

Where:

- L is the lower class boundary of the median class

- CF_prev is the cumulative frequency of the class before the median class

- w is the width of the median class

- f_m is the frequency of the median class

Wait, but since N is 31, which is odd, sometimes people use (N+1)/2, but in grouped data, the formula is usually based on N/2. Let me confirm.

In grouped data, the median is the value such that half the data is below it and half is above. For continuous data, we use the formula.

Let's see. The total number of observations is 31. The median position is the 16th observation (since (31+1)/2 = 16).

The cumulative frequency before the median class is 12 (from [19,25)). The median class is [25,31), which has a frequency of 8.

The lower boundary L of the median class is 25 (since the class is [25,31), so the lower limit is 25).

The width w of the class is 31 - 25 = 6.

The number of observations before the median class is 12, so the number of observations needed to reach the median is 16 - 12 = 4.

So the median is in the 4th position within the median class.

Therefore, the median value is L + ( (number of observations needed) / frequency of median class ) * w

So that's 25 + (4 / 8) * 6

Let's compute that: 4/8 is 0.5, 0.5 * 6 = 3. So 25 + 3 = 28.

Wait, let's check if that's correct.

Let me verify the steps again.

Total N = 31.

Median position (for odd N) is (N+1)/2 = 16.

Cumulative frequency up to the class before median class: the class before [25,31) is [19,25), which has cumulative frequency 12. So CF_prev = 12.

The median class is [25,31), so L = 25, w = 6 (since 31 - 25 = 6), f_m = 8.

The formula: Median = L + ( ( (N+1)/2 - CF_prev ) / f_m ) * w

Wait, sometimes different sources use (N/2) or (N+1)/2. Let's see.

In some contexts, especially when N is large, the formula uses N/2, but for small N, (N+1)/2 is used for the position.

Let's check with the cumulative frequencies.

The cumulative frequency at [19,25) is 12, so the 12th observation is in [19,25). Then the next 8 observations (13th to 20th) are in [25,31). So the 16th observation is the (16 - 12) = 4th observation in the [25,31) class.

Since the class is [25,31), which is 6 units wide, each unit is 6/8 = 0.75 per observation. So the 4th observation would be 4 * 0.75 = 3 units above 25, so 25 + 3 = 28.

Yes, that makes sense.

Let me confirm with another approach. Suppose we have a uniform distribution within the class. So the class [25,31) has 8 observations, each spaced equally. The first observation in this class is 25, the next is 25 + (6/8) = 25.75, then 25 + 1.5 = 26.5, then 25 + 2.25 = 27.25, then 25 + 3 = 28, etc. Wait, no, actually, in grouped data, we assume that the data is uniformly distributed within the class interval. So the median is calculated as the lower bound plus the proportion of the class interval needed to reach the median.

The proportion is (number of observations needed) / frequency of the class. So 4/8 = 0.5. So 0.5 * 6 = 3. So 25 + 3 = 28.

Yes, that seems right.

Let me check if the cumulative frequencies were correctly calculated.

First class [7,13): frequency 1, cumulative 1.

Second [13,19): 4, cumulative 1+4=5.

Third [19,25):7, cumulative 5+7=12.

Fourth [25,31):8, cumulative 12+8=20.

Fifth [31,37):6, cumulative 20+6=26.

Sixth [37,43):4, cumulative 26+4=30.

Seventh [43,49):1, cumulative 30+1=31. Correct.

Total N=31, so median position is 16th.

The 16th term is in the fourth class ([25,31)), since cumulative up to third class is 12, so 13th to 20th are in fourth class.

Number of terms in median class needed: 16 - 12 = 4.

Class width: 31 - 25 = 6.

So median = 25 + (4/8)*6 = 25 + 3 = 28.

I think that's it. Let me just make sure there's no mistake.

Another way: If we list the data points (though it's grouped, so we don't have exact values), but the median is the value where half the data is below and half above.

Since there are 31 data points, the 16th one is the median.

The first 12 data points are in [7,13) and [13,19) and [19,25). The next 8 data points (13th to 20th) are in [25,31). So the 16th is the 4th in that group.

Assuming uniform distribution within the class, the 4th point in a group of 8 would be halfway through the class (since 4/8 = 0.5), so 25 + 0.5*6 = 28.

Yes, that makes sense.

I think the median is 28.
</think>

To compute the **median of the grouped data**, we follow a structured approach based on the cumulative frequency table provided.

---

### Step 1: Understand the Data

We are given the following grouped data:

| Class      | Frequency | Cumulative Frequency |
|------------|-----------|-----------------------|
| [7,13)     | 1         | [ANS]                 |
| [13,19)    | 4         | [ANS]                 |
| [19,25)    | 7         | [ANS]                 |
| [25,31)    | 8         | [ANS]                 |
| [31,37)    | 6         | [ANS]                 |
| [37,43)    | 4         | [ANS]                 |
| [43,49)    | 1         | [ANS]                 |

We need to **fill in the cumulative frequencies** first.

---

### Step 2: Compute Cumulative Frequencies

Let’s calculate the cumulative frequency (CF) for each class:

- [7,13): CF = 1
- [13,19): CF = 1 + 4 = **5**
- [19,25): CF = 5 + 7 = **12**
- [25,31): CF = 12 + 8 = **20**
- [31,37): CF = 20 + 6 = **26**
- [37,43): CF = 26 + 4 = **30**
- [43,49): CF = 30 + 1 = **31**

So the completed table becomes:

| Class      | Frequency | Cumulative Frequency |
|------------|-----------|-----------------------|
| [7,13)     | 1         | 1                     |
| [13,19)    | 4         | 5                     |
| [19,25)    | 7         | 12                    |
| [25,31)    | 8         | 20                    |
| [31,37)    | 6         | 26                    |
| [37,43)    | 4         | 30                    |
| [43,49)    | 1         | 31                    |

Total number of observations, $ N = 31 $

---

### Step 3: Determine the Median Position

Since $ N = 31 $ is **odd**, the median is the **16th value** in the ordered list of data (i.e., the position is $ \frac{N + 1}{2} = \frac{31 + 1}{2} = 16 $).

---

### Step 4: Identify the Median Class

From the cumulative frequencies:

- Up to [19,25): 12 observations
- So the **13th to 20th** observations fall in the class **[25,31)**

Therefore, the **median class** is **[25,31)**

---

### Step 5: Apply the Grouped Data Median Formula

The formula for the **median of grouped data** is:

$$
\text{Median} = L + \left( \frac{\frac{N}{2} - CF_{\text{prev}}}{f_m} \right) \times w
$$

Where:
- $ L $ = lower boundary of the median class = **25**
- $ CF_{\text{prev}} $ = cumulative frequency before the median class = **12**
- $ f_m $ = frequency of the median class = **8**
- $ w $ = width of the median class = **31 - 25 = 6**

Now plug in the values:

$$
\text{Median} = 25 + \left( \frac{16 - 12}{8} \right) \times 6 = 25 + \left( \frac{4}{8} \right) \times 6 = 25 + 0.5 \times 6 = 25 + 3 = 28
$$

---

### ✅ Final Answer

$$
\boxed{28}
$$"
135,"Okay, let's see. I need to solve the equation 8x + 2 = 3x + 5 algebraically. Hmm, so first, I remember that to solve for x, I need to get all the x terms on one side and the constants on the other. Let me start by subtracting 3x from both sides to get the x terms on the left. 

So, if I subtract 3x from both sides, that would be 8x - 3x + 2 = 5. Let me check that. Left side: 8x + 2 - 3x, which is 5x + 2. Right side: 3x + 5 - 3x, which is 5. So now the equation is 5x + 2 = 5. 

Next, I need to get rid of the +2 on the left. So I'll subtract 2 from both sides. That gives 5x = 5 - 2, which is 5x = 3. Wait, 5 minus 2 is 3? Yeah, 5 - 2 is 3. So 5x = 3. Then, to solve for x, I divide both sides by 5. So x = 3/5. 

Let me verify that. Let's plug x = 3/5 back into the original equation. Left side: 8*(3/5) + 2 = 24/5 + 2 = 24/5 + 10/5 = 34/5. Right side: 3*(3/5) + 5 = 9/5 + 5 = 9/5 + 25/5 = 34/5. Yep, both sides equal 34/5, so that checks out. 

So the solution is x = 3/5. I think that's it. Let me just go through the steps again to make sure I didn't make a mistake. Starting with 8x + 2 = 3x + 5. Subtract 3x: 5x + 2 = 5. Subtract 2: 5x = 3. Divide by 5: x = 3/5. Yep, that's right. I don't see any errors here.
</think>

To solve the equation $ 8x + 2 = 3x + 5 $ algebraically, we follow these steps:

---

### Step 1: Move all $ x $-terms to one side

Subtract $ 3x $ from both sides:
$$
8x - 3x + 2 = 5 \Rightarrow 5x + 2 = 5
$$

---

### Step 2: Isolate the constant term

Subtract 2 from both sides:
$$
5x = 5 - 2 \Rightarrow 5x = 3
$$

---

### Step 3: Solve for $ x $

Divide both sides by 5:
$$
x = \frac{3}{5}
$$

---

### Final Verification

Plug $ x = \frac{3}{5} $ back into the original equation:

- Left-hand side:  
  $$
  8\left(\frac{3}{5}\right) + 2 = \frac{24}{5} + \frac{10}{5} = \frac{34}{5}
  $$

- Right-hand side:  
  $$
  3\left(\frac{3}{5}\right) + 5 = \frac{9}{5} + \frac{25}{5} = \frac{34}{5}
  $$

Both sides are equal, so the solution is correct.

---

### Final Answer

$$
\boxed{\frac{3}{5}}
$$"
136,"Okay, let's tackle this problem step by step. First, there are two questions here, so I need to handle each one separately.

Starting with the first question: ""The percent frequency of a class is computed by: [ANS] A. multiplying the frequency by 100 B. adding 100 to the relative frequency C. dividing the relative frequency by 100 D. multiplying the relative frequency by 10""

Hmm, I remember that percent frequency is related to relative frequency. Let me recall: relative frequency is the frequency of a class divided by the total number of observations. So if you have a relative frequency, say 0.25, that's 25%. To convert that to a percentage, you multiply by 100. So 0.25 * 100 = 25%. That would mean the answer is A. Wait, but the options here say ""multiplying the relative frequency by 100"". Let me check the options again.

Option A: multiplying the relative frequency by 100. Yes, that's right. Because relative frequency is a proportion (like 0.25), and percent frequency is that proportion times 100. So A is correct. Let me make sure the other options are wrong. B: adding 100 to the relative frequency would give something like 0.25 + 100 = 100.25, which is not a percentage. C: dividing by 100 would give 0.0025, which is 0.25%, not the right percentage. D: multiplying by 10 would give 2.5%, which is wrong. So A is definitely the answer here.

Second question: ""The sum of the frequencies for all classes will always equal: [ANS] A. a value between 0 and 1 B. 1 C. the number of elements in a data set D. the number of classes""

Wait, frequencies here. Wait, in statistics, when we talk about frequency, it's the count of how many times a value occurs in a data set. So for example, if you have a data set with numbers 1,2,3,2,1, the frequency of 1 is 2, frequency of 2 is 2, frequency of 3 is 1. The sum of all frequencies would be 2+2+1=5, which is the total number of elements in the data set (since there are 5 elements). So the sum of the frequencies for all classes (i.e., all the categories) should equal the total number of observations, which is the number of elements in the data set.

Let me check the options. Option C says ""the number of elements in a data set"". That seems right. Let's see why the others are wrong. A: between 0 and 1? No, frequencies are counts, so they're non-negative integers, sum is at least the number of classes (if each class has at least one element), but definitely not between 0 and 1. B: 1? That's the sum of relative frequencies, not absolute frequencies. Because relative frequency is frequency divided by total, so sum of relative frequencies is 1. But here it's the sum of frequencies, so that's the total number of elements. D: the number of classes. No, the sum of frequencies is the total count, not the number of classes. For example, if you have 10 elements in a data set with 5 classes, the sum of frequencies is 10, not 5. So the answer here is C.

Wait, let me just confirm. The first question: percent frequency is computed by multiplying relative frequency by 100. So A is correct. Second question: sum of frequencies equals number of elements in the data set. So C is correct.

So the answers are A and C. Wait, the problem says ""If the problem asks for multiple values or has multiple fill-in-the-blank placeholders, list all answers in order inside a single \boxed{}, separated by commas"". So the two answers are A and C. Let me check again.

First question options: A, B, C, D. The correct answer is A. Second question options: A, B, C, D. Correct answer is C. So the answers are A and C.

Wait, but the problem says ""the sum of the frequencies for all classes"". Wait, in some contexts, ""frequencies"" could be confused with ""relative frequencies"", but the question says ""the sum of the frequencies"", so it's absolute frequencies. Yes, because relative frequencies sum to 1. So the answer is C.

Yes, so the two answers are A and C. So boxed as \boxed{A, C}.

Wait, but let me check once more. Let's take an example for the first question. Suppose we have a class with 50 data points, and 10 of them fall into a class. Then the frequency is 10, relative frequency is 10/50 = 0.2. The percent frequency is 20%, which is 0.2 * 100. So yes, A is correct.

For the second question: if the data set has 100 elements, and the classes have frequencies 20, 30, 50 (sum to 100), then sum of frequencies is 100, which is the number of elements. So yes, C is correct.

So the answers are A and C.
</think>

To solve the given problem, we analyze each question carefully and determine the correct answers based on statistical principles.

---

### **Question 1:**
> *The percent frequency of a class is computed by:*

Let’s examine the options:

- **A. multiplying the relative frequency by 100**  
  ✅ Correct. Percent frequency is derived from relative frequency (a proportion) by multiplying it by 100 to express it as a percentage. For example, if the relative frequency is 0.25, then the percent frequency is $ 0.25 \times 100 = 25\% $.

- **B. adding 100 to the relative frequency**  
  ❌ Incorrect. This would not yield a meaningful percentage (e.g., $ 0.25 + 100 = 100.25 $).

- **C. dividing the relative frequency by 100**  
  ❌ Incorrect. This would give a decimal less than 1 (e.g., $ 0.25 / 100 = 0.0025 $), which is not a percentage.

- **D. multiplying the relative frequency by 10**  
  ❌ Incorrect. This would result in a value like $ 0.25 \times 10 = 2.5 $, which is not a percentage.

✅ **Answer for Question 1:** **A**

---

### **Question 2:**
> *The sum of the frequencies for all classes will always equal:*

Here, ""frequencies"" refers to **absolute frequencies**, i.e., the count of how many times each class appears in the data set.

- **A. a value between 0 and 1**  
  ❌ Incorrect. Absolute frequencies are whole numbers and cannot be between 0 and 1.

- **B. 1**  
  ❌ Incorrect. This is the sum of **relative frequencies**, not absolute frequencies.

- **C. the number of elements in a data set**  
  ✅ Correct. The total number of observations in the data set is equal to the sum of all absolute frequencies across classes.

- **D. the number of classes**  
  ❌ Incorrect. The number of classes is unrelated to the total sum of frequencies.

✅ **Answer for Question 2:** **C**

---

### Final Answer:

Since the problem asks for multiple answers in order inside a single boxed expression, we list them as:

$$
\boxed{A, C}
$$"
137,"Okay, let's tackle these two ratio problems one by one. First, I need to remember that a ratio like 36:234 can be written as a fraction 36/234, and then we have to simplify it to its simplest form. 

Starting with the first one: 36:234. To simplify the fraction 36/234, I need to find the greatest common divisor (GCD) of 36 and 234. Let me think... How do I find the GCD? Maybe by listing the factors or using the Euclidean algorithm. Let's try the Euclidean algorithm because that's efficient.

The Euclidean algorithm says that GCD(a, b) = GCD(b, a mod b). So, let's take 234 and 36. 

First step: 234 divided by 36. Let's see, 36*6 = 216, so 234 - 216 = 18. So 234 mod 36 is 18. 

Now, GCD(36, 18). Then 36 divided by 18 is 2 with remainder 0. So the GCD is 18. 

Okay, so the GCD of 36 and 234 is 18. Now, divide both numerator and denominator by 18. 

36 divided by 18 is 2. 234 divided by 18 is 13 (because 18*13 = 234, let me check: 18*10=180, 18*3=54, 180+54=234, yes). So 36/234 simplifies to 2/13. 

Let me verify that. 2/13 is approximately 0.1538. 36/234 is 36 divided by 234. Let's compute that: 36 ÷ 234 = 0.1538... Yep, that's the same. So that's correct.

Now the second ratio: 208:104. So that's 208/104. Let's simplify this. 

First, let's see if they have a common factor. 208 and 104. Well, 104 is a factor of 208? Let's check: 104*2 = 208. Oh, right! So 208 is exactly twice 104. So 208/104 = 2/1. Wait, but 2/1 is 2, but as a fraction, it's 2/1. But maybe they want it in simplest form, which would be 2/1, but sometimes people write it as 2. But the problem says ""the fraction a/b"", so probably 2/1. Let me confirm.

Wait, 208 divided by 104 is 2, so the simplified fraction is 2/1. Let's check GCD of 208 and 104. Using Euclidean algorithm: GCD(208, 104). 208 divided by 104 is 2 with remainder 0, so GCD is 104. So divide numerator and denominator by 104: 208/104 = (208 ÷ 104)/(104 ÷ 104) = 2/1. Yep, that's right. So the simplified fraction is 2/1.

Wait, but let me make sure. The problem says ""the fraction should be entered in the form a/b and needs be reduced"". So 2/1 is already reduced because 2 and 1 have no common factors other than 1. So that's correct.

Let me just double-check the first one again to be safe. 36:234. GCD is 18, so 36 ÷18=2, 234 ÷18=13. So 2/13. That's correct.

So the answers are 2/13 and 2/1. Let me write them as fractions in simplest form.

First answer: 2/13, second answer: 2/1.

The problem says ""Write each ratio as a fraction in simplest form"" so two answers. The user wants the answers in boxed, separated by commas.

So the first [ANS] is 2/13, the second [ANS] is 2/1. So the boxed answer should be \boxed{2/13}, \boxed{2/1}? Wait, but the problem says ""list all answers in order inside a single \boxed{}, separated by commas"". Wait, the user says: ""If the problem asks for multiple values or has multiple fill-in-the-blank placeholders, list all answers in order inside a single \boxed{}, separated by commas, e.g. \boxed{3, 7}.""

So for this problem, there are two answers: the first fraction is 2/13, the second is 2/1. So the answer should be \boxed{2/13, 2/1}.

Wait, let me check if 2/1 is considered simplified. Yes, because 2 and 1 are coprime. So 2/1 is the simplest form.

Alternatively, maybe the problem expects the second one to be written as 2, but the problem says ""the fraction a/b"", so it has to be in fraction form, so 2/1. Let's see. For example, if you have a ratio 4:2, the fraction is 4/2 which simplifies to 2/1, so 2/1 is correct.

Yes, so I think that's right.

So the two answers are 2/13 and 2/1. So the boxed answer is \boxed{2/13, 2/1}.
</think>

To solve the problem, we are asked to convert each ratio into a simplified fraction in the form $ \frac{a}{b} $.

---

### **First Ratio: $ 36 : 234 $**

We begin by expressing this as a fraction:

$$
\frac{36}{234}
$$

To simplify, we find the **greatest common divisor (GCD)** of 36 and 234.

Using the Euclidean algorithm:

- $ 234 \div 36 = 6 $ remainder $ 18 $
- $ 36 \div 18 = 2 $ remainder $ 0 $

So, GCD = 18.

Now divide both numerator and denominator by 18:

$$
\frac{36 \div 18}{234 \div 18} = \frac{2}{13}
$$

✅ This is in simplest form.

---

### **Second Ratio: $ 208 : 104 $**

Expressed as a fraction:

$$
\frac{208}{104}
$$

We can simplify directly by dividing both numbers by their GCD. Since $ 208 = 2 \times 104 $, the GCD is 104.

$$
\frac{208 \div 104}{104 \div 104} = \frac{2}{1}
$$

✅ This is also in simplest form.

---

### ✅ Final Answer

The two simplified fractions are:

- $ \frac{2}{13} $
- $ \frac{2}{1} $

Following the instructions to list all answers in order inside a single boxed expression, separated by commas:

$$
\boxed{2/13, 2/1}
$$"
138,"Okay, let's try to figure out this problem step by step. First, the problem says that the distance R is proportional to the square of the takeoff speed V. So, proportionality means that R = k * V², where k is the constant of proportionality. They gave us that the constant is 0.1641, but we need to check the units to make sure we're using them correctly.

Wait, the problem states: ""If V is measured in miles per hour and R is measured in feet, then 0.1641 is the constant of proportionality."" Hmm, so when they say R is proportional to V squared, the constant of proportionality here is 0.1641, but we have to be careful about the units. Let me think. If R (in feet) = k * V² (in (miles/hour)²), then k must have units of feet per (miles/hour)². But they just say the constant is 0.1641, so maybe they've already accounted for the unit conversion in the constant. That is, the 0.1641 is a dimensionless constant? Wait, no, constants in proportionality can have units, but in this problem, they specify that 0.1641 is the constant of proportionality when V is in mph and R is in feet. So probably, the relationship is R = 0.1641 * V², but we need to check if the units make sense.

Wait, let's recall that in physics, if you have a proportionality, R ∝ V², so R = k V², where k has units of R / V². Here, R is in feet, V is in mph, so k must have units of feet / (mph)². But the problem says ""0.1641 is the constant of proportionality"" when V is in mph and R is in feet. So they must have already included the necessary unit conversion into this constant. For example, maybe they converted mph to feet per second or something, but the problem states it directly: ""0.1641 is the constant of proportionality"" for these units. So we can take it as given that R = 0.1641 * V², where V is in mph and R is in feet.

Wait, let's test with a simple case. Suppose V is 1 mph, then R would be 0.1641 feet? That seems small, but maybe that's the case. The problem says ""0.1641 is the constant of proportionality"", so we just have to use that.

The problem says: ""If an aircraft has a takeoff speed of about 210 miles per hour, how much runway does it need?"" So we need to compute R = 0.1641 * (210)².

Let me calculate that. First, 210 squared is 210 * 210. Let's compute that: 200*200 = 40,000, 200*10 = 2,000, 10*200 = 2,000, 10*10 = 100, so (200 + 10)² = 200² + 2*200*10 + 10² = 40,000 + 4,000 + 100 = 44,100. So 210² = 44,100.

Then R = 0.1641 * 44,100. Let's compute that. Let's do 44,100 * 0.1641.

First, 44,100 * 0.1 = 4,410

44,100 * 0.06 = 2,646

44,100 * 0.004 = 176.4

44,100 * 0.0001 = 4.41

Adding those up: 4,410 + 2,646 = 7,056; 7,056 + 176.4 = 7,232.4; 7,232.4 + 4.41 = 7,236.81

Wait, let me check that again. Maybe a better way: 44,100 * 0.1641.

Alternatively, 44,100 * 0.1641 = 44,100 * (1641 / 10,000) = (44,100 * 1641) / 10,000

But maybe just multiply 44,100 by 0.1641.

Let's do 44,100 * 0.1641:

First, 44,100 * 0.1 = 4,410

44,100 * 0.06 = 2,646 (since 0.06 is 6% of 44,100: 44,100 * 0.01 = 441, so 441 * 6 = 2,646)

44,100 * 0.004 = 176.4 (44,100 * 0.001 = 44.1, so 44.1 * 4 = 176.4)

44,100 * 0.0001 = 4.41 (44,100 * 0.0001 = 4.41)

Now, 0.1641 is 0.1 + 0.06 + 0.004 + 0.0001, so adding up the results:

4,410 + 2,646 = 7,056

7,056 + 176.4 = 7,232.4

7,232.4 + 4.41 = 7,236.81

So R = 7,236.81 feet. The problem says ""about 210 miles per hour"", so we might need to round to a reasonable number, but the problem says ""how much runway does it need?"" and the constant is given as 0.1641, which is four decimal places, and 210 is a whole number, so probably we need to give the answer as approximately 7,237 feet, but let's check if the calculation is correct.

Wait, let's verify with a calculator approach. 210 squared is 44,100. 44,100 * 0.1641.

Let me compute 44,100 * 0.16 = 44,100 * 16 / 100 = (44,100 / 100) * 16 = 441 * 16 = 7,056.

Then 44,100 * 0.0041 = 44,100 * 0.004 + 44,100 * 0.0001 = 176.4 + 4.41 = 180.81.

So total R = 7,056 + 180.81 = 7,236.81. Yes, that's the same as before.

So the answer is approximately 7,236.81 feet. Since the problem says ""about 210 miles per hour"", maybe we round to the nearest whole number, so 7,237 feet. But let's check if the constant is exact. The problem states ""0.1641 is the constant of proportionality"", so we can take it as exact for the problem's purpose.

Wait, let me think again: is the proportionality R = k V², where k is 0.1641 with R in feet and V in mph? That seems a bit odd because usually, if you have speed in mph, the distance would be in miles, but here they convert it to feet. Maybe the constant 0.1641 already accounts for the conversion from mph to feet per second or something, but the problem says ""0.1641 is the constant of proportionality"" when V is in mph and R is in feet, so we don't need to worry about that. The problem gives us the constant, so we just plug in V = 210.

So R = 0.1641 * (210)^2 = 0.1641 * 44100 = 7236.81 feet. Since the problem says ""about 210"", maybe they expect rounding to the nearest foot, so 7237 feet. But let's see if the problem specifies. The problem says ""how much runway does it need? [ANS] feet"". It doesn't specify the number of decimal places, but since 0.1641 has four decimal places and 210 is a whole number, the result is 7236.81, which is approximately 7237 feet.

Wait, let me check with another method. Let's compute 210 squared: 210*210 = 44100. Then 44100 * 0.1641. Let's do 44100 * 0.16 = 7056, 44100 * 0.0041 = 44100 * 0.004 + 44100 * 0.0001 = 176.4 + 4.41 = 180.81. So 7056 + 180.81 = 7236.81. Yep, that's correct.

So the answer is 7236.81 feet, which we can round to 7237 feet. Since the problem says ""about 210"", maybe they want it to the nearest whole number, so 7237.

Wait, but let's check if the constant is supposed to be unitless. Wait, in reality, if R is proportional to V squared, the constant would have units, but the problem states that when V is in mph and R is in feet, the constant is 0.1641. So they must have already normalized it so that the units work out. For example, if you have R (feet) = k (feet per (mph)^2) * V^2 (mph^2), then k is 0.1641. So the calculation is correct as is.

I think that's it. So the answer is approximately 7237 feet.
</think>

To determine how much runway an aircraft needs when taking off at a takeoff speed of **210 miles per hour**, we are given that:

- The distance $ R $ (in feet) is **proportional** to the square of the takeoff speed $ V $ (in miles per hour).
- The constant of proportionality is **0.1641**.

This means the relationship between $ R $ and $ V $ is:

$$
R = 0.1641 \times V^2
$$

---

### Step 1: Plug in the given value for $ V $

Given:
$$
V = 210 \text{ mph}
$$

Compute $ V^2 $:
$$
V^2 = 210^2 = 44100
$$

---

### Step 2: Multiply by the constant

$$
R = 0.1641 \times 44100
$$

Break this down:

- $ 0.1641 \times 44100 = 7236.81 $

So, the required runway length is:

$$
R = 7236.81 \text{ feet}
$$

---

### Step 3: Round appropriately

The problem states that the takeoff speed is ""about"" 210 mph, so it's reasonable to round the result to the nearest whole number.

$$
R \approx 7237 \text{ feet}
$$

---

### Final Answer

$$
\boxed{7237}
$$"
139,"Okay, let's try to figure out this problem. The question is asking to write the sum \(\frac{1}{1\cdot 2} + \frac{1}{2\cdot 3} + \frac{1}{3\cdot 4} + \cdots + \frac{1}{201 \cdot 202}\) using sigma notation, and we need to find \(A\) and \(B\) such that the sum is \(\sum_{n=1}^{A} B\). Wait, actually, the problem says \(\sum_{n=1}^{A} B\), but that might be a typo? Because usually, in sigma notation, the term inside the sum depends on \(n\), so \(B\) is probably a function of \(n\). Maybe it's a translation issue or a misstatement. Let me check again.

The problem says: ""Write the sum using sigma notation: \(\frac{1}{1\cdot 2} + \frac{1}{2\cdot 3} + \frac{1}{3\cdot 4} + \frac{1}{201 \cdot 202} = \sum_{n=1}^{A} B\), where \(A = [\text{ANS}]\), \(B = [\text{ANS}]\)."" Hmm, maybe they mean \(\sum_{n=1}^{A} C_n\) where \(C_n\) is the general term, but they wrote \(B\) instead of \(C_n\). Maybe it's a mistake in the problem statement, but let's try to figure it out.

First, let's look at the general term of the sum. The first term is \(\frac{1}{1 \cdot 2}\), the second is \(\frac{1}{2 \cdot 3}\), the third is \(\frac{1}{3 \cdot 4}\), so the \(k\)-th term is \(\frac{1}{k(k + 1)}\). Let's check: when \(k = 1\), it's \(\frac{1}{1 \cdot 2}\), which matches. When \(k = 2\), it's \(\frac{1}{2 \cdot 3}\), that's correct. The last term is \(\frac{1}{201 \cdot 202}\), so that would be when \(k = 201\), because \(k(k + 1) = 201 \cdot 202\) implies \(k = 201\).

So the sum is from \(k = 1\) to \(k = 201\) of \(\frac{1}{k(k + 1)}\). Therefore, in sigma notation, it's \(\sum_{n=1}^{201} \frac{1}{n(n + 1)}\). So here, \(A\) is the upper limit of the sum, which is 201, and \(B\) is the general term, which is \(\frac{1}{n(n + 1)}\). Wait, but the problem says ""B = [ANS]"", so maybe they want \(B\) to be written as a function of \(n\), so \(B = \frac{1}{n(n + 1)}\).

Let me verify. Let's list the terms:

- Term 1: \(n=1\): \(1/(1*2)\)
- Term 2: \(n=2\): \(1/(2*3)\)
- ...
- Term 201: \(n=201\): \(1/(201*202)\)

Yes, that's exactly the sum given. So the upper limit \(A\) is 201, and the general term \(B\) (which is the term inside the sum) is \(\frac{1}{n(n + 1)}\).

Wait, the problem says ""B = [ANS]"". Maybe they want it simplified? Let's see. The term \(\frac{1}{n(n + 1)}\) can be written as \(\frac{1}{n} - \frac{1}{n + 1}\), but the problem says ""write the sum using sigma notation"", so probably they just want the general term as \(\frac{1}{n(n + 1)}\), not the telescoping form.

Let me check the problem statement again: ""Write the sum using sigma notation: [sum] = \(\sum_{n=1}^{A} B\), where \(A = [\text{ANS}]\), \(B = [\text{ANS}]\).""

So they are using \(B\) as the general term, so \(B\) is a function of \(n\). So in standard sigma notation, it's \(\sum_{n=1}^{A} f(n)\), where \(f(n)\) is the general term. So here, \(f(n) = \frac{1}{n(n + 1)}\), so \(B = \frac{1}{n(n + 1)}\), and \(A = 201\).

Let me confirm the upper limit. The last term is \(\frac{1}{201 \cdot 202}\), so when \(n = 201\), the term is \(\frac{1}{201 \cdot 202}\), which is the last term. So the sum goes from \(n = 1\) to \(n = 201\), so \(A = 201\).

Is there any chance that the upper limit is 202? Let's see: if \(n = 202\), the term would be \(\frac{1}{202 \cdot 203}\), which is not in the sum. The sum stops at \(\frac{1}{201 \cdot 202}\), so the last index is 201. So \(A = 201\).

For \(B\), the problem says ""B = [ANS]"". Since in sigma notation, the term is a function of the index \(n\), so \(B\) should be the expression in terms of \(n\). So \(B = \frac{1}{n(n + 1)}\). Maybe they want it written as a fraction, so \(\frac{1}{n(n+1)}\).

Let me check if there's another way. Sometimes people use different indices, but in this case, starting at \(n=1\) makes sense because the first term is \(n=1\).

Another way to think: the general term is \(\frac{1}{k(k + 1)}\) where \(k\) starts at 1 and goes to 201. So in sigma notation, it's \(\sum_{k=1}^{201} \frac{1}{k(k + 1)}\). The problem uses \(n\) as the index, so replacing \(k\) with \(n\), it's \(\sum_{n=1}^{201} \frac{1}{n(n + 1)}\). Therefore, \(A = 201\) and \(B = \frac{1}{n(n + 1)}\).

I think that's it. The problem might have a typo in the problem statement, saying ""B"" instead of ""the general term"", but given the context, this is the answer.

Let me just make sure there's no trick here. The sum is given up to \(\frac{1}{201 \cdot 202}\), so the number of terms is 201 (since starting at 1). For example, the first term is \(n=1\), second \(n=2\), ..., 201st term is \(n=201\). So yes, the upper limit is 201.

So \(A = 201\), and \(B = \frac{1}{n(n + 1)}\).

I think that's the answer.
</think>

To express the given sum in sigma notation:

$$
\frac{1}{1 \cdot 2} + \frac{1}{2 \cdot 3} + \frac{1}{3 \cdot 4} + \cdots + \frac{1}{201 \cdot 202}
$$

we first observe the pattern of the terms. Each term has the form:

$$
\frac{1}{n(n+1)}
$$

where $ n $ starts at 1 and increases by 1 for each subsequent term. The last term is $ \frac{1}{201 \cdot 202} $, which corresponds to $ n = 201 $. Therefore, the entire sum can be written as:

$$
\sum_{n=1}^{201} \frac{1}{n(n+1)}
$$

---

### Step-by-step Breakdown:

- **General Term**: The general term of the sequence is $ \frac{1}{n(n+1)} $
- **Index Range**: The index $ n $ runs from 1 to 201
- **Upper Limit $ A $**: Since the sum ends at $ n = 201 $, we have $ A = 201 $
- **Expression for $ B $**: In the context of the problem, $ B $ refers to the general term inside the summation. So, $ B = \frac{1}{n(n+1)} $

---

### Final Answer:

The problem asks for $ A $ and $ B $ such that:

$$
\frac{1}{1 \cdot 2} + \frac{1}{2 \cdot 3} + \cdots + \frac{1}{201 \cdot 202} = \sum_{n=1}^{A} B
$$

Thus:

- $ A = 201 $
- $ B = \frac{1}{n(n+1)} $

---

### Final Boxed Answer:

$$
\boxed{201, \frac{1}{n(n+1)}}
$$"
140,"Okay, let's try to solve this problem step by step. First, let me read the problem again to make sure I understand it. 

Gregory reads 45 pages every day. Lesley reads 11 more pages than Gregory every day. We need to find out how many pages Lesley will read in 49 days. 

So, first, I need to figure out how many pages Lesley reads in one day. Since she reads 11 more pages than Gregory, and Gregory reads 45 pages a day, then Lesley's daily pages should be 45 plus 11. Let me calculate that: 45 + 11. Let's see, 45 + 10 is 55, so 45 + 11 is 56. So Lesley reads 56 pages each day.

Now, the question is how many pages she reads in 49 days. That should be her daily pages multiplied by the number of days, right? So that's 56 pages/day * 49 days. Let me compute that. 

Hmm, 56 times 49. Maybe I can break this down to make it easier. 56 times 50 is 2800, because 50*50=2500, 6*50=300, so 2500+300=2800. But since it's 49 days, which is 50 days minus 1 day, so 56*49 = 56*(50 - 1) = 56*50 - 56*1 = 2800 - 56 = 2744. Let me check that. 

Alternatively, 56*49. Let's do it step by step. 49*50 is 2450, so 49*56 is 49*(50 + 6) = 49*50 + 49*6. 49*50 is 2450, and 49*6 is 294. So 2450 + 294 = 2744. Yeah, that matches. So 56*49 is 2744. 

Let me verify again to be sure. Gregory reads 45 per day, Lesley reads 45 + 11 = 56 per day. In 49 days, Lesley reads 56*49. Let's compute 56*49. 

56*40 = 2240, 56*9 = 504. So 2240 + 504 = 2744. Yep, that's the same. So that's correct. 

So the answer should be 2744. Let me just make sure I didn't make any mistakes in the daily pages. The problem says ""Lesley reads 11 more pages than Gregory every day"". Gregory is 45, so 45 + 11 is 56. That's right. Then 56 pages per day for 49 days. 56*49. Let's do 56*50 = 2800, minus 56 is 2744. Correct. 

I think that's it. So the answer is 2744.
</think>

To determine how many pages Lesley will read in 49 days, we begin by analyzing the daily reading rates:

- **Gregory** reads **45 pages per day**.
- **Lesley** reads **11 more pages than Gregory** each day.

---

### Step 1: Determine Lesley's Daily Page Count

$$
\text{Lesley's daily pages} = 45 + 11 = 56
$$

So, Lesley reads **56 pages per day**.

---

### Step 2: Calculate Total Pages Read in 49 Days

We now compute the total number of pages Lesley reads over 49 days:

$$
\text{Total pages} = 56 \times 49
$$

We can simplify this multiplication using a common technique:

$$
56 \times 49 = 56 \times (50 - 1) = (56 \times 50) - (56 \times 1)
$$

$$
= 2800 - 56 = 2744
$$

Alternatively, breaking it down further:

$$
56 \times 49 = (50 + 6) \times 49 = (50 \times 49) + (6 \times 49)
$$

$$
= 2450 + 294 = 2744
$$

Both methods confirm that the result is **2744**.

---

### Final Answer

$$
\boxed{2744}
$$"
141,"This is a complex or challenging question, and it is difficult to provide a direct and correct answer. I need to think about it.
Well, so the problem says: consider all positive integers written in base 7, alternating 1's and 0's, beginning and ending with 1. How many of these numbers are prime? Let's start by understanding what these numbers look like in base 7.

First, ""beginning and ending with 1"" and ""alternating 1's and 0's"" – so the pattern has to start with 1, then 0, then 1, then 0, etc., and end with 1. That means the number of digits has to be odd, right? Because if you start and end with 1, the sequence is 1,0,1,0,...,1, so the last digit is 1, so total digits n is odd. Let's list out some examples with different numbers of digits to get a sense.

Let's start with the smallest possible: 1 digit? Wait, in base 7, a 1-digit number is just 1, but does it count as alternating? Wait, the problem says ""alternating 1's and 0's"", but a single 1 doesn't have any 0's, so maybe we need at least two digits? Wait, no, let's check the problem statement again: ""beginning and ending with 1"" – a single digit 1 does begin and end with 1, but is it considered alternating? Hmm, alternating usually implies a change, so maybe a single digit is a special case? Wait, but let's see what the problem says: ""positive integers written in base 7, are alternating 1's and 0's, beginning and ending with 1"". So for a number to be alternating 1's and 0's, it must have the property that each digit after the first is the opposite of the previous, right? So for two digits: 10 (base 7) is alternating, starts with 1, ends with 0 – but the problem says ends with 1, so two digits can't end with 1. Three digits: starts with 1, then 0, then 1 – so 101 base 7. Four digits: 1010 base 7, ends with 0, not 1. Five digits: 10101 base 7, ends with 1. Okay, so that makes sense: odd number of digits, starting and ending with 1, so the digits are 1,0,1,0,...,1 with k digits where k is odd, so k=2m+1 for m≥0? Wait, let's index them.

Let's formalize this. Let's let the number have n digits in base 7, n ≥ 1 (but let's check n=1 first). For n=1: just ""1"" base 7, which is 1 in decimal. Is 1 prime? No, 1 is not prime, so that's out. n=2: would have to be 10 base 7 (starts with 1, alternates to 0), but ends with 0, so doesn't satisfy ""ending with 1"", so discard. n=3: 101 base 7. Let's convert that to decimal to check primality. n=3: digits are 1 (7²), 0 (7¹), 1 (7⁰), so value is 7² + 7⁰ = 49 + 1 = 50. Wait, 50 is not prime, that's even, divisible by 2 and 5.

n=5: 10101 base 7. Let's write the place values: rightmost digit is 7⁰, next 7¹, etc., so for n digits, leftmost is 7^(n-1). So for n=5: digits from left: 1 (7⁴), 0 (7³), 1 (7²), 0 (7¹), 1 (7⁰). So value is 7⁴ + 7² + 7⁰. Let's compute that: 7⁴ is 2401, 7² is 49, so 2401 + 49 = 2450, +1 = 2451. Wait, is 2451 prime? Let's check divisibility: sum of digits in decimal? Wait, maybe factor it algebraically first, that might be smarter than computing big numbers.

Ah, right! These numbers look like geometric series. Let's see: for a number with n digits in base 7, alternating starting and ending with 1, so n is odd, let's let n = 2k + 1 where k ≥ 0 (so k=0 gives n=1, k=1 gives n=3, k=2 gives n=5, etc.). Wait, let's check for k=0: n=1, which is just 1, as above. For k=1: n=3, digits: positions 2 (7²), 1 (7¹), 0 (7⁰) – wait, maybe better to write the number as a sum.

If the number has m ""blocks"" of 1s? Wait, no, alternating 1s and 0s, starting and ending with 1, so in base 7, the number is 1 followed by 0 followed by 1 followed by 0 ... followed by 1. So how many 1s? For n digits, n odd, number of 1s is (n+1)/2, number of 0s is (n-1)/2. For example, n=1: one 1; n=3: two 1s; n=5: three 1s; yes, that's right.

So in decimal, the value of the number with (2t - 1) digits? Wait, let's fix t as the number of 1s. Let's say t=1: one 1, so number is 1 (base 7) = 1 (decimal). t=2: two 1s, alternating with 0s, so must be 101 (base 7), since starts and ends with 1, so between two 1s is a 0, so length 3. t=3: three 1s, so 10101 (base 7), length 5. t=4: four 1s, 1010101 (base 7), length 7, etc.

Yes, that might be a good way: let t be the number of 1s in the base 7 representation. Since it starts and ends with 1, and alternates, the number of 1s is t, number of 0s is t - 1, so total digits 2t - 1, where t ≥ 1 (t=1: 1 digit, t=2: 3 digits, t=3: 5 digits, etc.)

Now, let's express the decimal value for a given t. For t=1: just 1 (base 7) = 1 (decimal). For t=2: 1*7² + 0*7¹ + 1*7⁰ = 7² + 1. For t=3: 1*7⁴ + 0*7³ + 1*7² + 0*7¹ + 1*7⁰ = 7⁴ + 7² + 1. For t=4: 7⁶ + 7⁴ + 7² + 1. Wait a second! These look like geometric series with ratio 7². Let's see:

For t=1: sum = 1 (trivial, just the first term)

For t=2: 7² + 1 = (7²)¹ + (7²)⁰

For t=3: 7⁴ + 7² + 1 = (7²)² + (7²)¹ + (7²)⁰

For t=4: (7²)³ + (7²)² + (7²)¹ + (7²)⁰

Yes! Perfect, so in general, for t ≥ 1, the number N(t) (in decimal) corresponding to t ones in base 7 (alternating with 0s, starting and ending with 1) is equal to the sum of a geometric series with first term 1, ratio r = 7² = 49, and t terms.

Wait, let's confirm the exponents: for t terms, the exponents of 49 go from 0 to t-1, so sum_{k=0}^{t-1} 49^k. Yes, that's exactly what we have:

t=1: sum_{k=0}^{0} 49^k = 1

t=2: sum_{k=0}^{1} 49^k = 49 + 1 = 50

t=3: sum_{k=0}^{2} 49^k = 49² + 49 + 1 = 2401 + 49 + 1 = 2451, which matches what we had earlier for n=5 (wait, t=3 is 5 digits, yes, 10101 base 7 is 5 digits)

t=4: sum_{k=0}^{3} 49^k = 49³ + 49² + 49 + 1, which is 117649 + 2401 + 49 + 1 = 120100, let's not compute that yet, but good to see the pattern.

So the key is: N(t) = (49^t - 1)/(49 - 1) = (49^t - 1)/48. Wait, yes! The formula for the sum of a geometric series: sum_{k=0}^{t-1} r^k = (r^t - 1)/(r - 1). So here r = 49, so sum = (49^t - 1)/48. Let's check with t=2: (49² - 1)/48 = (2401 - 1)/48 = 2400/48 = 50, correct. t=3: (49³ - 1)/48 = (117649 - 1)/48 = 117648/48 = 2451, correct. t=1: (49 - 1)/48 = 48/48 = 1, correct. Great, so we have a closed-form formula for N(t): N(t) = (49^t - 1)/48 for t ≥ 1.

Now, we need to find all positive integers t where N(t) is prime. Let's start checking t=1,2,3,4,... and see if N(t) is prime.

t=1: N(1) = (49 - 1)/48 = 1. 1 is not prime (by definition, primes are ≥2). So discard t=1.

t=2: N(2) = 50, as above. 50 is even, greater than 2, so composite (50=2*25). Not prime.

t=3: N(3) = 2451. Let's check if this is prime. First, sum of digits in decimal: 2+4+5+1=12, which is divisible by 3, so 2451 is divisible by 3. Let's divide: 2451 ÷ 3 = 817 (since 3*800=2400, 3*17=51, so 2400+51=2451). So 2451=3*817. Is 817 prime? Maybe, but regardless, N(3) is composite.

t=4: N(4) = (49⁴ - 1)/48. Wait, maybe we can factor this using difference of squares or other factoring tricks instead of computing the big number. Remember that for geometric series sums, when the number of terms t has a factor, the sum can be factored. Specifically, for N(t) = (r^t - 1)/(r - 1), if t = ab, then r^t - 1 = (r^a)^b - 1, which is divisible by r^a - 1, so N(t) is divisible by N(a) if t is a multiple of a? Wait, let's recall: in general, for cyclotomic polynomials, but maybe simpler here: since N(t) = sum_{k=0}^{t-1} 49^k, then if t = s * m, then N(t) = N(s) * N(m) ? Wait, no, actually, the sum of a geometric series with t terms is divisible by the sum with s terms if t is a multiple of s? Wait, let's test with t=4, s=2: N(4) = 49³ + 49² + 49 + 1, N(2)=49 + 1=50. Is N(4) divisible by N(2)? Let's compute N(4) mod N(2). Since 49 ≡ -1 mod N(2) (because N(2)=49+1=50, so 49 ≡ -1 mod 50), so 49³ ≡ (-1)³ = -1 mod 50, 49² ≡ 1 mod 50, so N(4) = 49³ + 49² + 49 + 1 ≡ (-1) + 1 + (-1) + 1 = 0 mod 50. Oh, nice! So N(4) is divisible by N(2)=50? Wait, but N(4) is (49⁴ -1)/48, N(2)=(49² -1)/48, so (49⁴ -1) = (49² -1)(49² +1), so N(4) = (49² -1)(49² +1)/48 = N(2) * (49² +1)/1? Wait, no: (49⁴ -1)/48 = [(49² -1)(49² +1)] / 48 = [(49 -1)(49 +1)(49² +1)] / 48 = [48*50*(49² +1)] / 48 = 50*(49² +1). Oh! That's a better way to factor N(t) when t is composite.

Wait, let's do this factoring step by step for general t, but maybe for small t first, since we need to check primality, so let's compute N(t) for t=1 to, say, t=5, and see if we can find a pattern or factor them.

t=1: 1 (not prime)

t=2: (49² -1)/48 = (2401 -1)/48 = 2400/48 = 50 (composite, as 50=2*5²)

t=3: (49³ -1)/48. Let's factor 49³ -1 = (49 -1)(49² + 49 + 1) = 48*(49² + 49 + 1), so N(3) = 49² + 49 + 1 = 2401 + 49 + 1 = 2451, which we saw is divisible by 3. Why is that? 49 ≡ 1 mod 3, so 49² ≡ 1, 49 ≡1, so 1 + 1 +1=3≡0 mod3, so yes, divisible by 3.

t=4: (49⁴ -1)/48. As above, 49⁴ -1 = (49² -1)(49² +1) = (49-1)(49+1)(49² +1) = 48*50*(49² +1), so N(4) = 50*(49² +1) = 50*(2401 +1) = 50*2402. Wait, hold on! Wait, 49² is 2401, yes, so 2401 +1=2402. So N(4)=50*2402. Let's compute that: 50*2400=120000, 50*2=100, so 120100. Definitely composite, as it's a product of two integers greater than 1 (50 and 2402 are both >1).

t=5: N(5) = (49⁵ -1)/48. Let's see if we can factor this. First, 49⁵ -1 = (49 -1)(49⁴ + 49³ + 49² + 49 + 1) = 48*N(5), so that's just the definition. But can we factor the sum? For odd exponents, a⁵ - b⁵ = (a - b)(a⁴ + a³b + a²b² + ab³ + b⁴), but here it's a⁵ -1, so yes, but maybe modulo small primes to check if N(5) is prime, or if it's composite.

First, let's compute N(5) numerically to check primality? Maybe not too big. 49²=2401, 49³=49*2401. Let's compute step by step:

49¹ = 49

49² = 49*49 = 2401

49³ = 49*2401: 50*2401=120050, minus 1*2401=120050-2401=117649

49⁴ = 49*117649: 50*117649=5,882,450 minus 117,649 = 5,882,450 - 100,000=5,782,450; 5,782,450 -17,649=5,764,801

49⁵ = 49*5,764,801: 50*5,764,801=288,240,050 minus 5,764,801=288,240,050 - 5,000,000=283,240,050; 283,240,050 - 764,801=282,475,249

Okay, so 49⁵ = 282,475,249

Then N(5) = (49⁵ -1)/48 = (282,475,249 -1)/48 = 282,475,248 / 48

Let's divide step by step: 48*5,000,000=240,000,000. 282,475,248 -240,000,000=42,475,248

48*800,000=38,400,000. 42,475,248 -38,400,000=4,075,248

48*80,000=3,840,000. 4,075,248 -3,840,000=235,248

48*4,000=192,000. 235,248 -192,000=43,248

48*900=43,200. 43,248 -43,200=48

48*1=48. So total is 5,000,000 + 800,000 + 80,000 + 4,000 + 900 + 1 = let's add: 5,000,000 + 800,000=5,800,000; +80,000=5,880,000; +4,000=5,884,000; +900=5,884,900; +1=5,884,901.

Wait, so N(5)=5,884,901. Now, is this prime? Hmm, that's a big number. Maybe we can check divisibility by small primes first.

First, check if it's even: ends with 1, so no. Sum of digits: 5+8+8+4+9+0+1=35. 35 is not divisible by 3, so N(5) not divisible by 3. Ends with 1, so not divisible by 5. Let's try 7: 5,884,901 ÷7. 7*840,000=5,880,000. 5,884,901 -5,880,000=4,901. 7*700=4,900, so 4,901=7*700 +1, so remainder 1, not divisible by 7.

11: alternating sum: (5 + 8 + 9 + 1) - (8 + 4 + 0) = (23) - (12) = 11. 11 is divisible by 11, so yes! Wait, alternating sum for divisibility by 11: subtract the sum of digits in odd positions from sum of digits in even positions (or vice versa, depending on convention, but let's be precise). Let's write the number: 5,884,901 is 7 digits: positions (from right, starting at 0) or left? Wait, maybe better to do left to right: digit 1:5, digit2:8, digit3:8, digit4:4, digit5:9, digit6:0, digit7:1.

Divisibility rule for 11: (sum of digits in odd positions) - (sum of digits in even positions) should be divisible by 11. Let's take positions from the left as position 1 to 7:

Position 1 (odd): 5

Position 2 (even): 8

Position 3 (odd): 8

Position 4 (even): 4

Position 5 (odd): 9

Position 6 (even): 0

Position 7 (odd): 1

Sum odd positions: 5 + 8 + 9 + 1 = 23

Sum even positions: 8 + 4 + 0 = 12

23 - 12 = 11, which is divisible by 11, so yes! Therefore, N(5) is divisible by 11.

Great, so let's compute 5,884,901 ÷11 to see what we get.

11*500,000=5,500,000. 5,884,901 -5,500,000=384,901

11*30,000=330,000. 384,901 -330,000=54,901

11*4,000=44,000. 54,901 -44,000=10,901

11*900=9,900. 10,901 -9,900=1,001

11*91=1,001 (since 11*90=990, 11*1=11, 990+11=1001)

So adding up the multipliers: 500,000 + 30,000 + 4,000 + 900 + 91 = 500,000+30,000=530,000; +4,000=534,000; +900=534,900; +91=534,991

Check: 11*534,991. Let's verify with smaller numbers: 11*500,000=5,500,000; 11*34,991=384,901 (since we had 384,901 earlier), and 5,500,000 + 384,901=5,884,901, correct. So N(5)=11*534,991, so composite.

Hmm, so t=5 is composite. Let's try t=6? Wait, but maybe before going to t=6, let's think about the factoring properties of N(t). Since N(t) = (49^t - 1)/48, and 49^t - 1 factors as (49 - 1)(49^{t-1} + ... + 1) = 48*N(t), but also, for any d dividing t, 49^d - 1 divides 49^t - 1, so N(d) divides N(t) when d divides t? Wait, let's check with t=4, d=2: N(2)=50, N(4)=120100, and 120100 ÷50=2402, which is integer, so yes, N(2) divides N(4). Similarly, t=6, d=3: N(3)=2451, N(6)=? Let's see if N(3) divides N(6).

In general, for the sum of a geometric series with t terms, if t = m*n, then the sum with t terms is divisible by the sum with m terms? Wait, actually, in the ring of integers, the cyclotomic polynomials tell us that the sum N(t) = Φ_t(49) * something? Wait, maybe better to use the formula for the sum.

Wait, recall that for any integer r > 1, the sum S(t) = 1 + r + r² + ... + r^{t-1} is divisible by S(d) for every d dividing t. Is that true? Let's test with r=2, t=4, d=2: S(4)=15, S(2)=3, 15 divisible by 3, yes. t=6, d=3: S(6)=63, S(3)=7, 63 divisible by 7, yes. t=6, d=2: S(6)=63, S(2)=3, 63 divisible by 3, yes. t=4, d=1: S(1)=1, trivial. So yes, it seems that for the sum of a geometric series with ratio r, the sum with t terms is divisible by the sum with d terms for each d dividing t (where d ≥1).

Why is that? Because if t = d*k, then S(t) = S(d) * (r^{d(k-1)} + r^{d(k-2)} + ... + r^d + 1). Wait, let's check: S(d) = 1 + r + ... + r^{d-1}, then S(d)*r^{d(k-1)} = r^{d(k-1)} + r^{d(k-1)+1} + ... + r^{d(k-1)+d-1}, so adding S(d) + S(d)*r^d + ... + S(d)*r^{d(k-1)} = S(t). Yes! Exactly, so S(t) = S(d) * [1 + r^d + r^{2d} + ... + r^{d(k-1)}] when t = d*k. Therefore, S(d) divides S(t) whenever d divides t.

In our case, S(t) = N(t) = (49^t - 1)/48, so yes, N(d) divides N(t) whenever d divides t (for d ≥1, t ≥d).

This is a crucial point! So if t has a proper divisor d >1 (i.e., t is composite), then N(d) divides N(t), and since N(d) ≥ N(2)=50 >1, N(t) is composite.

Wait, hold on! Let's verify with t=4: t=4 is composite, divisors d=2 (proper divisor), N(2)=50 divides N(4)=120100, yes, as we saw (120100/50=2402). t=6: composite, divisors d=2,3,6; so N(2) and N(3) should divide N(6), so N(6) is composite. t=9: composite, divisors d=3,9; so N(3) divides N(9), so N(9) composite.

But what about t prime? If t is prime, then its only divisors are 1 and t, so the only possible factorization is N(t) = N(1)*something? Wait, N(1)=1, so that doesn't give a factor. Wait, but for prime t, can N(t) be prime?

Wait, let's recap with this factorization idea:

- If t=1: N(1)=1 (not prime)
- If t is prime (t ≥2), then the only proper divisor is 1, so the factorization S(t)=S(1)*[...], but S(1)=1, so we can't get a factor from that. So for prime t, N(t) could potentially be prime (we need to check each prime t)
- If t is composite (t ≥4), then t has a proper divisor d ≥2, so N(d) divides N(t), and N(d) ≥ N(2)=50 >1, so N(t) is composite (since N(t) > N(d) for t > d ≥2)

Wait, is that true? Let's check t=2: t=2 is prime, N(2)=50 composite. t=3: prime, N(3)=2451 composite (we saw divisible by 3). t=5: prime, N(5)=5,884,901 composite (divisible by 11). t=7: prime, let's see if we can check N(7) for primality without computing the whole number, maybe using modular arithmetic or other methods.

Wait, but hold on, is the factorization S(d) divides S(t) when d divides t always true for S(t)=1 + r + ... + r^{t-1}? We proved it with the geometric series multiplication, so yes, for any r >1, and integers t,d ≥1 with d|t, S(d) | S(t). Therefore, for our N(t)=S(t) with r=49, yes, N(d)|N(t) when d|t.

Therefore, for composite t ≥4, N(t) is composite (since it has a factor N(d) ≥N(2)=50 >1). For t=1: N(1)=1, not prime. For prime t ≥2: N(t) could be prime or composite, so we need to check prime t=2,3,5,7,11,... and see if N(t) is prime.

Wait, but let's check t=2 first: t=2 is prime, N(2)=50, composite. t=3 prime, N(3)=2451=3*817, composite (we saw sum of digits divisible by 3, so yes, 2451/3=817, and 817: let's check, 817/19=43, because 19*40=760, 19*3=57, 760+57=817, so 817=19*43, so N(3)=3*19*43, composite). t=5 prime, we saw N(5) divisible by 11, composite.

What about t=7? Let's try to see if N(7) is prime. First, N(7)=(49⁷ -1)/48. Let's compute N(7) mod small primes to see if it's divisible by any small primes, which might help us factor it or show it's composite.

First, let's recall that for prime p, if p divides N(t), then p divides (49^t -1)/48, so 49^t ≡1 mod p, and also 49^t ≢1 mod p if p divides 48? Wait, 48=16*3, so p=2,3: let's check N(t) mod 2 and mod 3.

N(t) = (49^t -1)/48. 49 is odd, so 49^t is odd, odd -1=even, so divisible by 2, 48 is divisible by 16 and 3, so N(t) is integer as we know.

Mod 2: 49 ≡1 mod 2, so 49^t ≡1^t=1 mod 2, so 49^t -1 ≡0 mod 2, 48≡0 mod 2, but N(t) is integer. Let's compute N(t) mod 2: for t≥1, N(t)=1 + 49 + 49² + ... +49^{t-1}. 49≡1 mod 2, so each term ≡1 mod 2, so N(t)≡t mod 2. So N(t) is odd iff t is odd, even iff t even. For t even (t≥2), N(t) is even, so if t even and t≥2, N(t) is even and greater than 2 (since N(2)=50>2), so composite. Wait a second! That's a key point I missed earlier.

Let's formalize that:

- If t is even (t ≥2), then N(t) = sum_{k=0}^{t-1} 49^k. Since 49 is odd, 49^k is odd for all k ≥0, so there are t terms, each odd. Sum of t odd numbers is odd if t is odd, even if t is even. Therefore, N(t) is even when t is even, and N(t) ≥ N(2)=50 >2 when t is even (t=2 gives 50, t=4 gives 120100, etc.), so all even t ≥2 give N(t) even and >2, hence composite.

- If t is odd (t ≥1), then N(t) is odd (sum of odd number of odd terms), so could be prime (but we need to check).

Wait, this is a huge simplification! So let's reorganize:

Case 1: t even (t ≥2). Then N(t) is even, N(t) ≥50 >2 ⇒ composite.

Case 2: t odd (t ≥1). Then N(t) is odd, so possible prime candidates.

Now, t odd: t=1,3,5,7,9,11,...

t=1: N(1)=1 (not prime)

t=3: odd, N(3)=2451 (we saw composite)

t=5: odd, N(5)=5,884,901 (composite, divisible by 11)

t=7: odd, let's check if N(7) is prime or composite.

First, let's see if we can find a small prime p such that p divides N(7). Since N(7)=(49⁷ -1)/48, then 49⁷ ≡1 mod p, and 49⁷ ≢1 mod p if p divides 48? Wait, 48=2^4*3, and N(7) is odd (t=7 odd), so not divisible by 2; N(7) mod 3: 49≡1 mod 3, so 49⁷≡1 mod 3, so 49⁷ -1≡0 mod 3, 48≡0 mod 3, so N(7)=(49⁷ -1)/48 is integer. Let's compute N(7) mod 3: 49≡1 mod 3, so each term in N(7)=1 +49 +49² +...+49⁶ ≡1 +1 +1 +...+1 (7 terms) ≡7≡1 mod 3. So N(7)≡1 mod 3, not divisible by 3.

Mod 5: 49≡-1 mod 5, so 49⁷≡(-1)⁷=-1 mod 5, so 49⁷ -1≡-2 mod 5, so (49⁷ -1)/48≡(-2)/48 mod 5. 48≡3 mod 5, so inverse of 3 mod 5 is 2 (3*2=6≡1), so (-2)*2= -4≡1 mod 5. So N(7)≡1 mod 5, not divisible by 5.

Mod 7: 49≡0 mod 7, so 49⁷≡0 mod 7, 49⁷ -1≡-1 mod 7, 48≡6 mod 7, so (49⁷ -1)/48≡(-1)/6 mod 7. 6≡-1 mod7, so inverse of 6 is -1, so (-1)*(-1)=1 mod7. So N(7)≡1 mod7, not divisible by 7.

Mod 11: Let's try 11. 49 mod11: 11*4=44, 49-44=5, so 49≡5 mod11. Then 49⁷≡5⁷ mod11. Let's compute powers of 5 mod11:

5¹=5

5²=25≡3

5³=5*3=15≡4

5⁴=5*4=20≡9

5⁵=5*9=45≡1 mod11 (oh, nice, order 5)

So 5⁵≡1 mod11, so 5⁷=5^(5+2)=5⁵*5²≡1*3=3 mod11

Thus 49⁷ -1≡3 -1=2 mod11

48 mod11=48-44=4, so N(7)=(49⁷ -1)/48≡2/4=1/2 mod11 (since 2*6=12≡1, inverse of 2 is 6, so 1*6=6 mod11). Wait, let's do division properly: 2/4=1/2≡6 mod11 (since 2*6=12≡1). So N(7)≡6 mod11, not divisible by 11.

Mod 13: 49 mod13=49-39=10, so 49≡10 mod13. 10²=100≡9, 10³=10*9=90≡12≡-1, so 10⁶≡1 mod13, so order 6 for 10 mod13.

Thus 10⁷=10⁶*10≡1*10=10 mod13, so 49⁷ -1≡10 -1=9 mod13

48 mod13=48-39=9, so N(7)=9/9=1 mod13, not divisible by13.

Mod 17: 49 mod17=49-34=15≡-2 mod17. So 49≡-2, so 49⁷≡(-2)⁷=-128 mod17. 17*7=119, 128-119=9, so -128≡-9≡8 mod17. Thus 49⁷ -1≡7 mod17

48 mod17=48-34=14, so N(7)=7/14=1/2 mod17. Inverse of 2 mod17 is 9 (2*9=18≡1), so 1*9=9 mod17. Not divisible by17.

Mod 19: 49 mod19=49-38=11. 11²=121≡121-114=7, 11³=11*7=77≡77-76=1 mod19. Oh, order 3 for 11 mod19.

Thus 11⁷=11^(3*2 +1)=(11³)² *11≡1²*11=11 mod19, so 49⁷ -1≡11 -1=10 mod19

48 mod19=48-38=10, so N(7)=10/10=1 mod19, not divisible by19.

Mod 23: 49 mod23=49-46=3. So 49≡3 mod23. 3⁷ mod23: 3²=9, 3³=27≡4, 3⁴=12, 3⁵=36≡13, 3⁶=39≡16, 3⁷=48≡2 mod23. So 49⁷ -1≡2 -1=1 mod23

48 mod23=48-46=2, so N(7)=1/2 mod23. Inverse of 2 mod23 is 12 (2*12=24≡1), so 1*12=12 mod23. Not divisible by23.

Mod 29: 49 mod29=20. 20²=400≡400-13*29=400-377=23, 20³=20*23=460≡460-15*29=460-435=25, 20⁴=20*25=500≡500-17*29=500-493=7, 20⁵=20*7=140≡140-4*29=140-116=24, 20⁶=20*24=480≡480-16*29=480-464=16, 20⁷=20*16=320≡320-11*29=320-319=1 mod29. Oh! 20⁷≡1 mod29, so 49⁷≡1 mod29.

Wait, that's important! If 49⁷≡1 mod29, then 49⁷ -1≡0 mod29, so 29 divides 49⁷ -1. Now, does 29 divide 48? 48 mod29=19≠0, so 29 does not divide 48, therefore 29 divides N(7)=(49⁷ -1)/48.

Yes! Because if a prime p divides (r^t -1)/d where d is an integer coprime to p, then p divides r^t -1 and p does not divide d, so p divides the numerator and not the denominator, hence p divides the fraction.

Here, p=29, r=49, t=7, d=48. Check gcd(29,48)=1, yes, so 29 divides N(7). Perfect!

So let's confirm the exponent: we had 20⁷≡1 mod29, and 49≡20 mod29, so yes, 49⁷≡20⁷≡1 mod29, so 49⁷ -1≡0 mod29, and 29 doesn't divide 48, so 29 divides N(7). Therefore, N(7) is composite (since N(7) >29, as we can see from the size: 49⁷ is huge, N(7) is about 49⁷/48, which is way bigger than 29).

Wait, but hold on, is there a smaller prime we missed? Let's check mod 7 again, but we did that. Wait, let's see if for t prime, N(t) can ever be prime. Wait, we saw t=2 (prime) gives composite, t=3 (prime) composite, t=5 (prime) composite, t=7 (prime) composite. Maybe all prime t ≥2 give composite N(t)?

Wait, but let's think about the case t=1: N(1)=1, not prime. Is there any t where N(t) is prime?

Wait, wait a second! Let's go back to the problem statement: ""positive integers written in base 7, are alternating 1's and 0's, beginning and ending with 1"". Did we miss a number? Let's list all such numbers with small digit lengths to make sure we didn't skip any.

- 1 digit: ""1"" base7 = 1 decimal. Is this considered ""alternating 1's and 0's""? The problem says ""alternating 1's and 0's"", which typically requires at least two digits to alternate (since alternating means changing each time). For example, a single 1 doesn't alternate with a 0, so maybe the problem implies at least two digits? Wait, but it says ""beginning and ending with 1"" – a single 1 does begin and end with 1, but does it have any 0s? The problem says ""alternating 1's and 0's"", so maybe the number must contain both 1s and 0s? Wait, the problem says: ""alternating 1's and 0's, beginning and ending with 1"". So if it's alternating 1s and 0s, starting with 1, ending with 1, then the number of digits must be odd, and the digits are 1,0,1,0,...,1, so for n=1: just 1 (no 0s), n=3: 101, n=5:10101, etc.

But in mathematics, a ""sequence"" that is alternating 1s and 0s usually has at least two terms to alternate, but the problem says ""positive integers written in base 7, are alternating 1's and 0's, beginning and ending with 1"". Maybe we need to check if the problem considers the single-digit 1 as valid.

Wait, but we saw N(1)=1, not prime, so even if it's included, it's not prime. Let's list all numbers with n=1,3,5,7 digits (base7, alternating starting/ending with 1):

- n=1: ""1"" (base7) = 1 (decimal) → not prime
- n=3: ""101"" (base7) = 1*7² + 0*7 +1 = 50 → 50=2*5² → composite
- n=5: ""10101"" (base7) = 1*7⁴ + 0*7³ +1*7² +0*7 +1 = 2401 + 49 +1 = 2451 → 2451÷3=817 → composite (as 2+4+5+1=12 divisible by 3)
- n=7: ""1010101"" (base7) = 7⁶ + 7⁴ + 7² +1 = (7²)³ + (7²)² +7² +1 = 49³ +49² +49 +1 = 117649 + 2401 +49 +1 = 120100? Wait no, wait n=7 digits: positions 6 down to 0: 7⁶,7⁵,7⁴,7³,7²,7¹,7⁰. So alternating starting with 1: digits are 1,0,1,0,1,0,1 → so coefficients: 7⁶, 7⁴, 7², 7⁰ → yes, so sum_{k=0}^{3} 7^{2k} = (7⁴ -1)/48? Wait no, earlier we had for t ones: t=4 ones gives n=7 digits, so N(4)=sum_{k=0}^{3}49^k=(49⁴ -1)/48=120100, which is composite (we saw 50*2402). Wait, but in the problem statement, is there a number we missed?

Wait, hold on! Wait a second: when they say ""alternating 1's and 0's, beginning and ending with 1"", is there a number with just one 1? But in the context of ""alternating"", maybe the problem implies that there is at least one 0, so the number must have at least two digits? Wait, but ""alternating"" with two digits would be 10 or 01, but 01 is not a valid positive integer in base7 (leading zeros not allowed), so two-digit numbers would be 10 base7, but that ends with 0, not 1, so invalid. Three-digit numbers: 101 base7 is valid (starts with 1, ends with 1, alternates with 0 in between), five-digit: 10101, seven-digit:1010101, etc.

But earlier we saw for t=1 (1 digit): 1, not prime; t=2 (3 digits):50 composite; t=3 (5 digits):2451 composite; t=4 (7 digits):120100 composite; t=5 (9 digits):5,884,901 composite; t=6 (11 digits): composite (since t=6 composite, N(6) divisible by N(2)=50); t=7 (13 digits): composite (divisible by 29, as we saw).

Wait, but is there any t where N(t) is prime? Let's think differently. Suppose t=1: N(1)=1, not prime. For t≥2, we saw:

- If t even: N(t) even >2 ⇒ composite
- If t odd: t≥3, so t is odd ≥3, then N(t) = (49^t -1)/48. Let's see if we can find a factorization for odd t≥3.

Wait, for t odd, say t=2m+1, m≥1, then 49^t -1 = (49 -1)(49^{t-1} + ... +1) = 48*N(t), but also, since t is odd, 49^t -1 = (49 -1)(49^{t-1} + 49^{t-2} + ... +1), but maybe use the fact that for odd t, 49^t -1 = (49 -1)(49^{t-1} + ... +1) = 48*N(t), but does 49^t -1 have another factorization?

Wait, here's a thought: for t odd, N(t) = 1 + 49 + 49² + ... + 49^{t-1}. Since t is odd, let's write t=2s+1, but maybe not helpful. Wait, let's check t=1 again: N(1)=1. Is there a number in base7 with alternating 1s and 0s starting and ending with 1 that we haven't considered?

Wait, what about the number ""1"" in base7? The problem says ""positive integers"", so 1 is a positive integer. But does it ""alternate 1's and 0's""? If you have a single 1, there's no alternation with a 0, so maybe the problem requires that the number has at least one 0, i.e., at least three digits (since two digits would be 10, which ends with 0, not 1). Let's check the problem statement again: ""alternating 1's and 0's, beginning and ending with 1"". The phrase ""alternating 1's and 0's"" implies that the digits switch between 1 and 0, so you need at least two digits to have an alternation (e.g., 10 alternates, 01 alternates, but 1 is just a single digit, no alternation). So probably, the problem intends numbers with at least three digits, i.e., starting with 1, then 0, then 1, so minimum three digits: 101 base7.

But even so, all the numbers we checked (3 digits:50, 5 digits:2451, 7 digits:120100, 9 digits:5,884,901, 11 digits: N(6)=composite, etc.) are composite.

Wait, but hold on! Wait, is there a number with one digit that is prime? 1 is not prime, so no. Did we miss a number?

Wait, wait a second! Let's take a step back. Maybe I messed up the direction of the digits. In base 7, the rightmost digit is the units place (7⁰), so when we write a number like ""101"" in base7, it's 1*7² + 0*7¹ + 1*7⁰, which is correct. But let's list all such numbers explicitly with their decimal values to make sure:

- 1-digit: ""1""_7 = 1 (decimal) → 1 (not prime)
- 3-digit: ""101""_7 = 1*49 + 0*7 + 1 = 50 (decimal) → 50 (composite)
- 5-digit: ""10101""_7 = 1*343 + 0*49 + 1*7 + 0*1? Wait, no! Wait, hold on! Here's the critical mistake I made earlier!

Oh my goodness, this is probably the error. In base b, a number with digits d_n d_{n-1} ... d_1 d_0 is equal to d_n*b^n + d_{n-1}*b^{n-1} + ... + d_1*b + d_0. So for a 5-digit number in base7, the leftmost digit is the 7⁴ place, not 7²! Wait, no, for n digits, the places are 7^{n-1} down to 7⁰.

So let's correctly compute the 5-digit number ""10101"" in base7:

Digits (left to right): 1 (7⁴), 0 (7³), 1 (7²), 0 (7¹), 1 (7⁰). Yes! That's what I did earlier, so 7⁴=2401, 7²=49, 7⁰=1, so 2401 + 49 + 1 = 2451, which is correct. Phew, okay, so that part was right.

3-digit number ""101"" base7: 7² + 7⁰ = 49 + 1 = 50, correct.

1-digit: 7⁰=1, correct.

So that part was okay. So why do I think there's a mistake? Maybe not.

Wait, but let's think: is there any prime in this list? Let's check the smallest ones again:

1: not prime

50: composite

2451: 2451 ÷ 3 = 817 (since 2+4+5+1=12 divisible by 3), 817 ÷ 19=43 (19*40=760, 19*3=57, 760+57=817), so 2451=3*19*43, composite.

120100 (7-digit base7 number ""1010101""): 120100 is even, ends with 00, so divisible by 100, composite.

Next one: 9-digit base7 number ""101010101"" = N(5) = 5,884,901 (we saw divisible by 11, so composite).

11-digit number ""10101010101"" = N(6) = (49⁶ -1)/48. Since 6 is composite, N(2)=50 divides N(6), so N(6) is composite (as 50*...).

13-digit number ""1010101010101"" = N(7) = (49⁷ -1)/48, which we saw is divisible by 29, so composite.

Wait a second, but the problem says ""how many of these numbers are prime"". If all of them are composite, then the answer would be 0? But 0 isn't an answer choice here. The answer choices are A.1, B.4, C.5, D.7, E.6, F.8, G.2, H.3. Hmm, so that can't be.

Wait, this means I must have made a mistake in the interpretation of ""alternating 1's and 0's, beginning and ending with 1"". Let's read the problem again carefully: ""all positive integers written in base 7, are alternating 1's and 0's, beginning and ending with 1"".

Maybe ""alternating 1's and 0's"" means that the digits are 1,0,1,0,... but it could be that the number has only 1s? No, it says alternating 1s and 0s, so must have both.

Wait, another possibility: maybe ""beginning and ending with 1"" but the alternation is such that after the first 1, it's 0, then 1, etc., so the number of digits is odd, which we have, but maybe the problem considers the number ""1"" as valid (1 digit), but we saw it's not prime.

Wait, hold on! Wait, is there a number with two digits? But two digits starting with 1, alternating, would be 10, but ends with 0, not 1. Four digits: 1010, ends with 0. Six digits:101010, ends with 0. So only odd digit lengths end with 1: 1,3,5,7,... digits.

Wait, but let's check if there's a prime we missed for small t. Wait, t=1:1 (not prime), t=2:50 (composite), t=3:2451 (composite), t=4:120100 (composite), t=5:5,884,901 (composite), t=6: (49⁶ -1)/48. Let's compute 49⁶=49⁵*49=282,475,249*49. Wait, but we don't need to compute, since t=6 composite, N(6) divisible by N(2)=50, so composite.

Wait a second! Wait, what about the number ""1"" in base7? The problem says ""positive integers"", so 1 is positive, but is 1 considered to be ""alternating 1's and 0's""? In standard terminology, a sequence that is alternating must have a change, so a single element can't be alternating. For example, in combinatorics, an alternating sequence usually has at least two elements. So probably, the problem intends numbers with at least three digits, i.e., t≥2 (since t=2 corresponds to 3 digits).

But even so, all those numbers are composite. Wait, but maybe I messed up the geometric series formula.

Wait, let's rederive N(t) for t=2: two 1s in base7, alternating with 0s, so the number is 1 0 1 base7 (three digits), which is 1*7² + 0*7 +1 = 50. As a sum: 7² + 7⁰ = 49 + 1 = 50. If we think of the number of 1s as t, then for t=2, we have two 1s, so the exponents of 7 are even numbers: 7^{2*1} + 7^{2*0} = 7² + 7⁰. For t=3, three 1s: 7⁴ + 7² + 7⁰ = (7²)² + (7²) + 1. Ah! Here's the key: the exponents of 7 are 2*(t-1), 2*(t-2), ..., 2*0 for t ones. So the sum is sum_{k=0}^{t-1} (7²)^k = sum_{k=0}^{t-1} 49^k, which is exactly what we had. So the formula is correct.

So N(t) = (49^t - 1)/48 for t ≥1, with N(1)=1, N(2)=50, N(3)=2451, etc.

Wait, but let's check t=1 again: is there a different interpretation? The problem says ""positive integers written in base 7, are alternating 1's and 0's, beginning and ending with 1"". The phrase ""alternating 1's and 0's"" might mean that every digit is either a 1 or a 0, and they alternate between 1 and 0. So a number with all 1s is not alternating (since it doesn't alternate with 0s), a number with all 0s is not positive, so the numbers must have both 1s and 0s, alternating, starting and ending with 1. Therefore, the number must have at least three digits (1,0,1), since two digits would be 1,0 or 0,1, but 0,1 is invalid (leading zero), and 1,0 ends with 0, not 1. So minimum three digits: 101 base7.

So numbers to consider: 101_7 (50), 10101_7 (2451), 1010101_7 (120100), 101010101_7 (5884901), etc.

Wait, but let's check 1010101_7: that's seven digits, so 1*7⁶ + 0*7⁵ +1*7⁴ +0*7³ +1*7² +0*7 +1 = 117649 + 2401 + 49 + 1 = 120100, which is 100*1201, so composite.

101010101_7 (nine digits): 1*7⁸ + 0*7⁷ +1*7⁶ +0*7⁵ +1*7⁴ +0*7³ +1*7² +0*7 +1 = 7⁸ +7⁶ +7⁴ +7² +1. 7²=49, so 49⁴ +49³ +49² +49 +1 = (49⁵ -1)/48 = N(5)=5,884,901, which we saw is divisible by 11.

Wait, but maybe there's a prime for t=1? But 1 is not prime. Is there any possible prime here?

Wait, let's think differently: maybe the problem says ""alternating 1's and 0's"" but in the sense that the digits are 1 followed by 0s and 1s, but no, ""alternating"" means switching each time.

Wait, hold on! I just realized: when t=1, the number is ""1"" in base7, which is 1 in decimal. But is 1 considered prime? No, by definition, primes are greater than 1. So that's out.

Wait, but let's check the problem statement once more: ""How many of these numbers are prime?"" The answer choices start at 1, so there must be at least one prime. Did I miss a number?

Wait a minute! What about the number ""1"" in base7? Wait, no. Wait, is there a number with more digits that we haven't considered that's prime?

Wait, let's try t=1 again: N(1)=1 (not prime). t=2:50 (composite). t=3:2451 (composite). t=4:120100 (composite). t=5:5884901 (composite, 11*534991). t=6: composite (div by 50). t=7: composite (div by 29). t=8: composite (t even, so even number >2). t=9: composite (t=9=3*3, so N(3) divides N(9), N(3)=2451>1, so composite).

Wait, but maybe for t=1, the problem considers it as a prime? But 1 is not prime. Hmm.

Wait, wait! Wait a second. Let's consider the base 7 number ""1"" – is there a different interpretation where ""alternating 1's and 0's"" is vacuously true? In some contexts, a single element sequence is considered alternating, but in standard math, alternation requires a change. For example, the OEIS sequence for numbers with alternating 1s and 0s in base b would start with 1, 10, 101, 1010, etc., but in our problem, it must begin and end with 1, so 1, 101, 10101, 1010101, etc.

But let's check OEIS for ""numbers with alternating 1s and 0s in base 7, starting and ending with 1"". Well, maybe not necessary, but let's think about the problem from another angle.

Suppose the problem is in base 10? No, it says base 7.

Wait, here's a thought: maybe I made a mistake in the parity for t even. Let's recheck N(t) for even t.

Take t=2 (3 digits): N(2)=50, even. t=4 (7 digits): N(4)=120100, even. t=6 (11 digits): N(6) is even (since t even, sum of t=6 odd terms: 6*odd=even). Yes! For even t, N(t) is even, as sum of even number of odd terms (each 49^k is odd) is even. And for t≥2 even, N(t)≥50>2, so all even t give composite numbers.

For odd t≥3, we have N(t) odd, but we need to check if any are prime. Let's try t=3 again: 2451. 2451 ÷ 3 = 817, as sum of digits 2+4+5+1=12 divisible by 3, so yes, divisible by 3. Why is N(t) divisible by 3 when t is odd ≥3? Wait, 49≡1 mod3, so 49^k≡1^k=1 mod3, so N(t)=sum_{k=0}^{t-1}1= t mod3. So N(t)≡t mod3. Therefore, if t≡0 mod3, then N(t)≡0 mod3. For t=3: 3≡0 mod3, so N(3)≡0 mod3, hence divisible by 3 (and N(3)>3, so composite). For t=6: but t=6 even, we already know composite. t=9: t=9≡0 mod3, so N(9)≡0 mod3, composite. t=12: even, composite.

What about t=5: N(5)≡5 mod3=2 mod3, so not divisible by 3, which we saw (5,884,901 sum of digits 35, 35 mod3=2, so N(5)≡2 mod3, correct). We found N(5) divisible by 11.

t=7: N(7)≡7 mod3=1 mod3, not divisible by 3 (we checked earlier, N(7)≡1 mod3).

t=11: N(11)≡11 mod3=2 mod3, so not divisible by 3.

t=13: N(13)≡13 mod3=1 mod3.

Is there a prime t where N(t) is prime? Let's see for t=1: N(1)=1 (not prime). t=2: even, composite. t=3: divisible by 3, composite. t=5: divisible by 11, composite. t=7: divisible by 29, composite. t=11: let's see if N(11) is divisible by some small prime.

For t=11, prime, N(11)=(49¹¹ -1)/48. By Fermat's little theorem, if p is a prime divisor of N(11), then 49¹¹≡1 mod p, so the order of 49 mod p divides 11, hence is 1 or 11. If order 1, then 49≡1 mod p ⇒ p divides 48, so p=2,3. But N(11) is odd (t=11 odd), so not divisible by 2; N(11) mod3: 49≡1 mod3, so N(11)=11 mod3=2 mod3, so not divisible by 3. Therefore, order of 49 mod p is 11, so 11 divides p-1 (by Fermat's little theorem, order divides p-1), so p≡1 mod11.

So possible small primes p≡1 mod11: 11 itself? 11 mod11=0, no. 23? 23 mod11=1, yes. 34? Not prime. 45? No. 56? No"
142,"Okay, let's see. The problem is to list the elements of the set {x | x is a natural number between 6 and 12}. Hmm, first I need to remember what natural numbers are. Natural numbers are the positive integers, right? So that's 1, 2, 3, 4, 5, 6, 7, and so on. Sometimes people debate whether 0 is included, but in most math contexts, especially in problems like this, natural numbers start from 1. 

The set is defined as x where x is a natural number between 6 and 12. Wait, ""between 6 and 12"" – does that mean strictly between, like not including 6 and 12, or does it include them? The problem says ""between 6 and 12"". In math, when they say ""between a and b"" for integers, it can be a bit ambiguous, but usually in such problems, if they want to include the endpoints, they might say ""from 6 to 12 inclusive"" or ""between 6 and 12 inclusive"". Let me think. Let's check the wording: ""x is a natural number between 6 and 12"". 

If it's ""between 6 and 12"", in common language, ""between"" might not include the endpoints. For example, if you say ""the numbers between 1 and 3"", you might mean 2. But in set theory, sometimes ""between"" can be inclusive. Wait, but the problem says ""natural number between 6 and 12"". Let's see. Let's list natural numbers starting from 6: 6,7,8,9,10,11,12. But if it's between 6 and 12, does that exclude 6 and 12? Let's think. For example, if the problem had said ""between 1 and 3"", the natural numbers would be 2. So maybe here, between 6 and 12 would be 7,8,9,10,11. But wait, the problem says ""between 6 and 12"". Let's check standard definitions.

In many math problems, when they say ""between a and b"" for integers, they might mean the integers greater than a and less than b. So between 6 and 12 would be 7,8,9,10,11. But sometimes, depending on the context, it could include the endpoints. Let's see. Let's check the problem statement again: ""x is a natural number between 6 and 12"". If it's a set of natural numbers, natural numbers are 1,2,3,... So 6 is a natural number, 12 is a natural number.

Wait, maybe the problem is from a source where ""between"" includes the endpoints. Let's think. For example, in some contexts, ""between 6 and 12"" could mean 6 to 12 inclusive. But in other contexts, it's exclusive. Hmm. Let's try to see. Let's list the numbers.

If it's inclusive: 6,7,8,9,10,11,12.

If it's exclusive: 7,8,9,10,11.

Which one is it? The problem says ""between 6 and 12"". Let's think about the wording. In mathematics, the phrase ""between a and b"" without qualification can sometimes be ambiguous, but in set builder notation problems like this, they often mean the integers strictly between, but sometimes inclusive. Wait, let's check the problem's exact wording: ""x is a natural number between 6 and 12"". Let's see if 6 and 12 are considered.

Wait, natural numbers start at 1, so 6 is a natural number. If the problem had said ""between 6 and 12 inclusive"", it would be clear. But since it's ""between 6 and 12"", maybe it's exclusive. Let's test with an example. Suppose the problem was ""x is a natural number between 1 and 3"". Then the answer would be {2}, right? Because between 1 and 3 is 2. So following that logic, between 6 and 12 would be 7,8,9,10,11.

But wait, maybe in some contexts, especially in some countries, ""between"" includes the endpoints. Hmm. Let's see. Let's check the problem statement again. The user wrote: ""List the elements of the set {x | x is a natural number between 6 and 12}"". So they want natural numbers x such that x is between 6 and 12.

In many standard math problems, when they say ""between a and b"" for integers, they mean the integers greater than a and less than b. So for example, between 2 and 5 would be 3,4. So applying that here, between 6 and 12 would be 7,8,9,10,11.

But let's think: if the problem had wanted inclusive, they would have said ""from 6 to 12 inclusive"" or ""between 6 and 12 inclusive"". Since it's just ""between 6 and 12"", it's likely exclusive.

Wait, but another angle: natural numbers. If the problem is from a source that considers 0 as a natural number, but in most cases, especially in problems like this, natural numbers start at 1. So 6 is a natural number, 12 is a natural number.

Wait, let's take a step back. Let's list all natural numbers that are between 6 and 12. Let's see. If ""between"" means strictly greater than 6 and strictly less than 12, then the numbers are 7,8,9,10,11. If ""between"" includes 6 and 12, then it's 6,7,8,9,10,11,12.

Which is it? Let's check common conventions. In mathematics, the term ""between"" in such contexts is often exclusive. For example, in the interval (6,12), it's all numbers greater than 6 and less than 12. So translating to natural numbers, it would be 7,8,9,10,11.

But sometimes, in casual language, ""between"" can be inclusive. Hmm. Let's see if there's a standard for set builder notation. In set builder notation, when they say ""x is between a and b"", it's often interpreted as a < x < b. So for natural numbers, that would be x where 6 < x < 12, so x=7,8,9,10,11.

Alternatively, if they meant inclusive, it would be a ≤ x ≤ b, so 6 ≤ x ≤ 12.

The problem says ""between 6 and 12"". The word ""between"" without ""inclusive"" is often exclusive. For example, in the phrase ""the numbers between 1 and 10"", you usually don't include 1 and 10. So I think here it's exclusive.

Let me confirm with an example. If I say ""list the numbers between 5 and 7"", the answer would be 6. So between 5 and 7 is 6, which is exclusive. So following that, between 6 and 12 would be 7,8,9,10,11.

Yes, that makes sense. So the elements are 7,8,9,10,11.

Wait, but let's check if 12 is included. If the problem had said ""up to 12"" or ""including 12"", but it's ""between 6 and 12"". So 12 is the upper bound, not included.

Another way: natural numbers between 6 and 12. Let's list natural numbers starting from 6: 6,7,8,9,10,11,12. If it's ""between"", then it's the ones that are in the middle, so excluding the endpoints. So 7,8,9,10,11.

Yes, that seems right. So the set is {7,8,9,10,11}.

Let me make sure. Let's think of another example. If the problem was ""x is a natural number between 2 and 4"", the answer would be 3. So yes, exclusive. So between 6 and 12, it's 7,8,9,10,11.

So the elements are 7,8,9,10,11. So the answer should be 7,8,9,10,11.
</think>

To determine the elements of the set  
$$
\{x \mid x \text{ is a natural number between 6 and 12} \},
$$  
we must interpret what ""between 6 and 12"" means in this context.

---

### Step 1: Understand the Definition of Natural Numbers

In most mathematical contexts, especially in problems like this one, **natural numbers** refer to the set of **positive integers**:  
$$
\mathbb{N} = \{1, 2, 3, 4, 5, 6, 7, \dots\}
$$

So, all numbers in question are positive integers.

---

### Step 2: Interpret ""Between 6 and 12""

The phrase **""between 6 and 12""** is key here. In standard mathematical usage, when we say **""between a and b""** without specifying ""inclusive"", it typically refers to values **strictly greater than a** and **strictly less than b**.

This is consistent with the idea that the interval $(6, 12)$ includes all real numbers strictly between 6 and 12. Translating this to **natural numbers**, we get:

$$
x \in \{7, 8, 9, 10, 11\}
$$

This is because:
- $x > 6$ → starts at 7
- $x < 12$ → ends at 11

Thus, the natural numbers **strictly between 6 and 12** are:

$$
7, 8, 9, 10, 11
$$

---

### Step 3: Final Answer

Since the problem asks for the elements of the set and to **separate multiple answers by commas**, we list the numbers as:

$$
\boxed{7, 8, 9, 10, 11}
$$"
143,"Okay, let's tackle these polar to rectangular coordinate conversions one by one. I remember that to convert from polar coordinates (r, θ) to rectangular coordinates (x, y), we use the formulas x = r cos θ and y = r sin θ. Let me make sure I have that right. Yeah, I think that's correct. So for each part, I need to plug in the r and θ values into those two equations.

Starting with part (a): (8, 3π/2). So r is 8, θ is 3π/2. Let's compute x first. x = r cos θ = 8 cos(3π/2). What's cos(3π/2)? Let me recall the unit circle. 3π/2 radians is 270 degrees, right? At 270 degrees, the cosine is 0 because the x-coordinate on the unit circle there is 0. So cos(3π/2) = 0. Therefore, x = 8 * 0 = 0.

Now y = r sin θ = 8 sin(3π/2). Sin(3π/2) is -1, because at 270 degrees, the y-coordinate is -1 on the unit circle. So y = 8 * (-1) = -8. So part (a) should be (0, -8). Let me double-check. If θ is 3π/2, that's straight down along the negative y-axis, so the point should be (0, -r). Since r is 8, that's (0, -8). Yep, that makes sense.

Moving on to part (b): (6, π/2). So r = 6, θ = π/2. Let's compute x and y. x = 6 cos(π/2). Cos(π/2) is 0, right? Because π/2 radians is 90 degrees, where the x-coordinate is 0. So x = 6 * 0 = 0. Then y = 6 sin(π/2). Sin(π/2) is 1, so y = 6 * 1 = 6. So part (b) should be (0, 6). Let me verify. θ = π/2 is straight up along the positive y-axis, so the point is (0, r), which is (0, 6). That checks out.

Part (c): (6, π/3). Here, r = 6, θ = π/3. π/3 is 60 degrees. Let's compute x and y. x = 6 cos(π/3). Cos(π/3) is 0.5, right? Because in a 30-60-90 triangle, cos(60°) is 1/2. So x = 6 * 0.5 = 3. Then y = 6 sin(π/3). Sin(π/3) is √3/2, so y = 6 * (√3/2) = 3√3. Let me confirm. Cos(60°) is 0.5, so 6 * 0.5 = 3. Sin(60°) is √3/2, so 6 * √3/2 = 3√3. Yep, that's correct. So part (c) is (3, 3√3).

Let me just write down all three parts to make sure:

(a) (0, -8)

(b) (0, 6)

(c) (3, 3√3)

I think that's it. Let me just check if I mixed up any signs or angles. For part (a), 3π/2 is indeed 270 degrees, which is the negative y-axis, so y is negative, x is 0. Correct. Part (b), π/2 is 90 degrees, positive y-axis, so y is positive, x is 0. Correct. Part (c), π/3 is 60 degrees, first quadrant, so both x and y positive. Cos(60°) is 0.5, so x is 3, sin(60°) is √3/2, so y is 3√3. All correct.

So the answers should be:

(a) 0, -8

(b) 0, 6

(c) 3, 3√3

The problem says to put the answers in order inside a single box, separated by commas. So for each part, two answers. Wait, the problem says: ""If the problem asks for multiple values or has multiple fill-in-the-blank placeholders, list all answers in order inside a single \boxed{}, separated by commas, e.g. \boxed{3, 7}.""

Wait, the problem has three parts: (a), (b), (c), each with two answers. So the total answers are six numbers? Wait, let me check the problem statement again.

""Convert from polar to rectangular coordinates: (a) (8, 3π/2) ⇒ (x,y) ([ANS], [ANS]) (b) (6, π/2) ⇒ (x,y) ([ANS], [ANS]) (c) (6, π/3) ⇒ (x,y) ([ANS], [ANS])""

So for each part, two answers (x and y). So the problem wants the answers for (a), (b), (c) each with two numbers. The instruction says: ""list all answers in order inside a single \boxed{}, separated by commas"". So probably the order is (a)x, (a)y, (b)x, (b)y, (c)x, (c)y.

Let me see. The example is \boxed{3, 7}, which is two numbers. But here, there are six numbers. Let me check the problem statement again.

""Problem: Convert from polar to rectangular coordinates: (a) (8, 3π/2) ⇒ (x,y) ([ANS], [ANS]) (b) (6, π/2) ⇒ (x,y) ([ANS], [ANS]) (c) (6, π/3) ⇒ (x,y) ([ANS], [ANS])""

So each [ANS] is a placeholder. So the problem has six placeholders. The user says: ""If the problem asks for multiple values or has multiple fill-in-the-blank placeholders, list all answers in order inside a single \boxed{}, separated by commas, e.g. \boxed{3, 7}.""

So the answer should be six numbers: first (a)x, (a)y, (b)x, (b)y, (c)x, (c)y.

From my calculations:

(a) x = 0, y = -8

(b) x = 0, y = 6

(c) x = 3, y = 3√3

So the order is 0, -8, 0, 6, 3, 3√3.

Let me confirm once more.

For (a): (8, 3π/2). x = 8 cos(3π/2) = 8*0 = 0; y = 8 sin(3π/2) = 8*(-1) = -8. Correct.

(b): (6, π/2). x = 6 cos(π/2) = 6*0 = 0; y = 6 sin(π/2) = 6*1 = 6. Correct.

(c): (6, π/3). x = 6 cos(π/3) = 6*(1/2) = 3; y = 6 sin(π/3) = 6*(√3/2) = 3√3. Correct.

Yes, so the answers in order are 0, -8, 0, 6, 3, 3√3.

So the boxed answer should be \boxed{0, -8, 0, 6, 3, 3\sqrt{3}}.

Wait, the problem says ""list all answers in order inside a single \boxed{}, separated by commas"". So that's six numbers. Let me check if the problem expects the answers for each part as separate boxed, but the user instruction says ""list all answers in order inside a single \boxed{}"". So yes, all six in one box.

I think that's it.
</think>

To convert from **polar coordinates** $(r, \theta)$ to **rectangular coordinates** $(x, y)$, we use the standard conversion formulas:

$$
x = r \cos \theta, \quad y = r \sin \theta
$$

---

### **Part (a):** $(8, \frac{3\pi}{2})$

- $r = 8$, $\theta = \frac{3\pi}{2}$
- $\cos\left(\frac{3\pi}{2}\right) = 0$
- $\sin\left(\frac{3\pi}{2}\right) = -1$

$$
x = 8 \cdot 0 = 0, \quad y = 8 \cdot (-1) = -8
$$

✅ Result: $(0, -8)$

---

### **Part (b):** $(6, \frac{\pi}{2})$

- $r = 6$, $\theta = \frac{\pi}{2}$
- $\cos\left(\frac{\pi}{2}\right) = 0$
- $\sin\left(\frac{\pi}{2}\right) = 1$

$$
x = 6 \cdot 0 = 0, \quad y = 6 \cdot 1 = 6
$$

✅ Result: $(0, 6)$

---

### **Part (c):** $(6, \frac{\pi}{3})$

- $r = 6$, $\theta = \frac{\pi}{3}$
- $\cos\left(\frac{\pi}{3}\right) = \frac{1}{2}$
- $\sin\left(\frac{\pi}{3}\right) = \frac{\sqrt{3}}{2}$

$$
x = 6 \cdot \frac{1}{2} = 3, \quad y = 6 \cdot \frac{\sqrt{3}}{2} = 3\sqrt{3}
$$

✅ Result: $(3, 3\sqrt{3})$

---

### Final Answer:

The six answers in order are:

$$
\boxed{0, -8, 0, 6, 3, 3\sqrt{3}}
$$"
144,"This is a complex or challenging question, and it is difficult to provide a direct and correct answer. I need to think about it.
Well, so I need to compute the cube root of 130 with an error less than 0.0001 using series expansion. Hmm, cube roots... maybe I can write 130 as something close to a perfect cube so I can use a binomial series? Let's see, what's the cube of 5? 125, right? 5³=125, which is 5 less than 130. So 130 = 125 + 5 = 5³ + 5. Maybe factor out the 5³? Let's try that.

Let me set x = 130, and we want ∛x = ∛(5³ + 5) = 5∛(1 + 5/5³) = 5∛(1 + 1/25). Oh, that's a good move! Because now the term inside the cube root is 1 + a where a is small (1/25 = 0.04), so the binomial series for (1 + a)^(1/3) should converge nicely, right? Let's recall the binomial series expansion for (1 + t)^k where |t| < 1: it's 1 + kt + k(k-1)/2! t² + k(k-1)(k-2)/3! t³ + ... 

Here, k = 1/3, t = 1/25. Let's write that out step by step to make sure I don't mess up the coefficients.

First, let's denote f(t) = (1 + t)^(1/3), so we can expand f(t) around t=0.

f(0) = 1

f'(t) = (1/3)(1 + t)^(-2/3), so f'(0) = 1/3

f''(t) = (1/3)(-2/3)(1 + t)^(-5/3) = -2/9 (1 + t)^(-5/3), so f''(0) = -2/9

f'''(t) = (-2/9)(-5/3)(1 + t)^(-8/3) = 10/27 (1 + t)^(-8/3), so f'''(0) = 10/27

Wait, maybe instead of derivatives, just use the general binomial coefficient formula to be safe. For (1 + t)^k, the nth term (starting from n=0) is C(k, n) t^n, where C(k, n) = k(k-1)(k-2)...(k-n+1)/n!

So for n=0: C(1/3, 0) = 1, term = 1

n=1: C(1/3, 1) = 1/3, term = (1/3)t

n=2: C(1/3, 2) = (1/3)(1/3 - 1)/2! = (1/3)(-2/3)/2 = (-2/9)/2 = -1/9? Wait, hold on, wait: no, wait, C(k, n) is k(k-1)...(k-n+1)/n!, so for n=2, it's [k(k-1)] / 2, yes. So k=1/3, so (1/3)(1/3 - 1) = (1/3)(-2/3) = -2/9, divided by 2! = 2, so yes, -2/(9*2) = -1/9. Wait, but earlier when I did f''(0), f''(t) = k(k-1)(1+t)^(k-2), so f''(0) = k(k-1), so the second derivative term is f''(0)/2! t² = [k(k-1)/2] t², which matches. So yes, the second term in the series (after the constant term) is [k(k-1)/2] t², so for k=1/3, that's (1/3)(-2/3)/2 t² = (-2/9)/2 t² = -1/9 t². Okay, good, so I had that right.

n=3: C(1/3, 3) = (1/3)(1/3 - 1)(1/3 - 2)/3! = (1/3)(-2/3)(-5/3)/6 = (10/27)/6 = 10/(27*6) = 5/81? Wait, let's compute step by step: numerator: 1/3 * (-2/3) = -2/9; -2/9 * (-5/3) = 10/27; denominator: 3! = 6, so 10/(27*6) = 5/81. Yes, that's correct. So third term is (5/81) t³.

n=4: Maybe we need to check how many terms we need for error less than 0.0001? Let's recall that the error in the binomial series for (1 + t)^k when truncated after n terms is bounded by the next term if the series is alternating? Wait, is it alternating here? Let's see, the coefficients: for k=1/3 < 1, the binomial coefficients for n ≥ 1: let's check the signs. k=1/3, so first term +, second term: k(k-1)/2 = (1/3)(-2/3)/2 < 0, third term: k(k-1)(k-2)/6 = (1/3)(-2/3)(-5/3)/6 > 0, fourth term: k(k-1)(k-2)(k-3)/24 = (1/3)(-2/3)(-5/3)(-8/3)/24 < 0, so yes, the series is alternating starting from the second term? Wait, no: the first term (n=0) is +1, n=1 term is + (1/3)t, n=2 term is - (1/9)t², n=3 term is + (5/81)t³, n=4 term is - (something)t⁴, etc. So it's alternating for n ≥ 2? Wait, no, n=1 is positive, n=2 negative, n=3 positive, n=4 negative, so actually, starting from n=1, it's alternating? Wait, n=1: positive, n=2: negative, n=3: positive, yes, so the series is 1 + (positive) t - (positive) t² + (positive) t³ - (positive) t⁴ + ..., so it's an alternating series for t > 0, which it is here (t=1/25=0.04).

For alternating series, the error after truncating at term n is less than the absolute value of the next term. That's good, so we can use that to figure out how many terms we need.

Let's formalize this. Let's let t = 1/25 = 0.04, as we had before (since 130 = 5³(1 + 1/25), so ∛130 = 5*(1 + t)^(1/3), t=1/25).

So let's write the series for (1 + t)^(1/3):

S = 1 + (1/3)t - (1/9)t² + (5/81)t³ - (10/243)t⁴ + (7/2187)t⁵ - ... wait, hold on, let's check the fourth term coefficient again to be sure, maybe I made a mistake earlier.

Wait, maybe better to use the general formula for the binomial coefficient with k=1/3:

C(1/3, n) = (1/3)(1/3 - 1)(1/3 - 2)...(1/3 - n + 1)/n!

Let's compute each coefficient step by step for n=0 to, say, n=5, to have them right.

n=0: 1

n=1: (1/3)/1! = 1/3 ≈ 0.3333333333

n=2: (1/3)(1/3 - 1)/2! = (1/3)(-2/3)/2 = (-2/9)/2 = -1/9 ≈ -0.1111111111

n=3: (1/3)(-2/3)(-5/3)/3! = (10/27)/6 = 10/(162) = 5/81 ≈ 0.0617283951

n=4: (1/3)(-2/3)(-5/3)(-8/3)/4! = (-40/81)/24 = -40/(81*24) = -5/(81*3) = -5/243 ≈ -0.0205761313

Wait, hold on! Earlier I thought n=4 was -10/243, but no, let's do the numerator step by step: (1/3)(1/3 - 1) = (1/3)(-2/3) = -2/9; times (1/3 - 2) = -5/3: (-2/9)(-5/3) = 10/27; times (1/3 - 3) = -8/3: (10/27)(-8/3) = -80/81; then divide by 4! = 24: (-80/81)/24 = -80/(81*24) = simplify: divide numerator and denominator by 8: -10/(81*3) = -10/243 ≈ -0.0411522634? Wait, wait, now I'm confused, which is it?

Wait, no! Wait, the general term for the binomial series is C(k, n) t^n, where C(k, n) = k(k-1)...(k-n+1)/n! So for n=4, it's the product of 4 terms: k, k-1, k-2, k-3, divided by 4!.

So k = 1/3, so:

First factor (k): 1/3

Second factor (k-1): 1/3 - 1 = -2/3

Third factor (k-2): 1/3 - 2 = -5/3

Fourth factor (k-3): 1/3 - 3 = -8/3

Yes! So four factors for n=4, right? Because C(k, n) is product from i=0 to n-1 of (k - i) over n!.

So for n=4: product = (1/3)(-2/3)(-5/3)(-8/3) = let's compute the signs: three negative terms? Wait, no: (-2/3) is negative, (-5/3) negative, (-8/3) negative, so three negatives: negative * negative = positive, positive * negative = negative. So total product is negative.

Magnitude: (1*2*5*8)/(3^4) = 80/81

So product = -80/81

Then divide by 4! = 24: so C(1/3, 4) = (-80/81)/24 = -80/(81*24) = simplify: 80 and 24 have a common factor of 8: 80=8*10, 24=8*3, so -10/(81*3) = -10/243 ≈ -0.0411522634. Okay, that's better, I messed up the number of factors before. For n=3, it's three factors: k, k-1, k-2, so product (1/3)(-2/3)(-5/3) = (10/27), divided by 6 (3!) = 10/162 = 5/81 ≈ 0.0617283951, that was correct earlier.

n=5: product of 5 factors: k to k-4, so (1/3)(-2/3)(-5/3)(-8/3)(-11/3) = let's see signs: four negative factors? Wait, k-1 to k-4: k-1=-2/3, k-2=-5/3, k-3=-8/3, k-4=-11/3, so four negative terms, so total product is positive (four negatives multiply to positive). Magnitude: (1*2*5*8*11)/3^5 = 880/243, so product = 880/243, divide by 5! = 120: C(1/3,5) = 880/(243*120) = simplify: 880 ÷ 40 = 22, 120 ÷ 40 = 3, so 22/(243*3) = 22/729 ≈ 0.0301803239.

Okay, let's tabulate the coefficients with their numerical values to make it clear, maybe with 8 decimal places for now to see the terms.

First, let's fix t = 1/25 = 0.04 exactly. Good, so t is 0.04, no approximation there.

Compute each term in (1 + t)^(1/3) = sum_{n=0}^∞ C(1/3, n) t^n:

Term 0 (n=0): C(1/3,0) t^0 = 1 * 1 = 1.0

Term 1 (n=1): C(1/3,1) t^1 = (1/3) * 0.04 = 0.04 / 3 ≈ 0.013333333333333334

Term 2 (n=2): C(1/3,2) t^2 = (-1/9) * (0.04)^2. First compute (0.04)^2 = 0.0016; 0.0016 / 9 ≈ 0.00017777777777777777, so negative: -0.00017777777777777777

Term 3 (n=3): C(1/3,3) t^3 = (5/81) * (0.04)^3. Compute (0.04)^3 = 0.000064; 0.000064 / 81 ≈ 0.0000007901234567901234; times 5: ≈ 0.000003950617283950617

Term 4 (n=4): C(1/3,4) t^4 = (-10/243) * (0.04)^4. (0.04)^4 = (0.04)^2 * (0.04)^2 = 0.0016 * 0.0016 = 0.00000256; 0.00000256 / 243 ≈ 0.000000010535020576131313; times -10: ≈ -0.00000010535020576131313

Term 5 (n=5): C(1/3,5) t^5 = (22/729) * (0.04)^5. (0.04)^5 = 0.00000256 * 0.04 = 0.0000001024; 0.0000001024 / 729 ≈ 0.0000000001405619757412743; times 22 ≈ 0.0000000030923634663080346

Okay, now let's list these terms with their decimal expansions, maybe up to 12 decimal places to see the precision:

Term 0: 1.000000000000

Term 1: 0.013333333333

Term 2: -0.000177777778 (rounded to 12 decimals)

Term 3: 0.000003950617

Term 4: -0.000000105350

Term 5: +0.000000003092

Wait, let's compute each term more precisely step by step to avoid rounding errors early, since we need the final estimate to have error < 0.0001, so we need to be careful with the decimal places.

First, let's compute the partial sums step by step, starting from term 0.

Let S0 = term0 = 1.0

S1 = S0 + term1 = 1.0 + (1/3)(0.04) = 1 + 0.04/3. Let's compute 0.04 ÷ 3: 3*0.013333333333333333 = 0.04, so yes, 0.013333333333333334, so S1 = 1.0133333333333333

S2 = S1 + term2 = 1.0133333333333333 + (-1/9)(0.04)^2. Compute (0.04)^2 = 0.0016; 0.0016 / 9: 9*0.00017777777777777777 = 0.0016, so 0.00017777777777777777, so term2 = -0.00017777777777777777. Then S2 = 1.0133333333333333 - 0.00017777777777777777 = let's subtract: 1.0133333333333333 - 0.00017777777777777777 = 1.0131555555555555 (exactly? Let's check: 0.013333333333333333 - 0.00017777777777777777 = 0.013155555555555555, so yes, S2 = 1.0131555555555555)

S3 = S2 + term3 = 1.0131555555555555 + (5/81)(0.04)^3. Compute (0.04)^3 = 0.000064; 0.000064 / 81: let's do this division carefully. 81*0.0000007 = 0.0000567, 0.000064 - 0.0000567 = 0.0000073; 81*0.00000009 = 0.00000729, so total 0.00000079, remainder 0.0000000001, so approximately 0.00000079012345679... so 0.00000079012345679 * 5 = 0.00000395061728395. So term3 ≈ 0.00000395061728395. Then S3 = 1.0131555555555555 + 0.00000395061728395 ≈ 1.0131595061728395

S4 = S3 + term4 = 1.0131595061728395 + (-10/243)(0.04)^4. Compute (0.04)^4 = 0.00000256; 0.00000256 / 243: 243*0.00000001 = 0.00000243, 0.00000256 - 0.00000243 = 0.00000013; 243*0.0000000005 = 0.0000001215, remainder 0.0000000085; so approx 0.000000010535, times 10 is 0.00000010535, so term4 ≈ -0.00000010535. Then S4 ≈ 1.0131595061728395 - 0.00000010535 ≈ 1.0131594008228395

S5 = S4 + term5 ≈ 1.0131594008228395 + 0.000000003092 ≈ 1.0131594039148395 (since term5 is positive and very small, ~3e-9)

Wait, but hold on! Wait a second, we need to remember that ∛130 = 5 * (1 + t)^(1/3) where t=1/25=0.04, right? Wait, let's double-check that step because that's crucial. 5³=125, 130=125+5=5³(1 + 5/5³)=5³(1 + 1/25). Yes! So 130 = 5³*(26/25)? Wait, no: 125 + 5 = 130, so 130/125 = 1 + 5/125 = 1 + 1/25. Yes! Exactly, 5/125=1/25, so 130=125*(1 + 1/25), so ∛130=5*(1 + 1/25)^(1/3). Perfect, that's correct. So we computed S = (1 + t)^(1/3) where t=1/25, so then ∛130=5*S.

Okay, so let's recap the partial sums for S = (1 + 1/25)^(1/3):

S0 = 1.0

S1 = 1.0 + (1/3)(1/25) = 1 + 1/75 ≈ 1.0133333333333333

S2 = S1 + (-1/9)(1/25)² = 1 + 1/75 - 1/(9*625) = 1 + 1/75 - 1/5625. Let's compute this fractionally to check: 1 = 5625/5625, 1/75=75/5625, so 5625 + 75 = 5700, 5700 - 1 = 5699, so S2=5699/5625≈1.0131555555555556 (matches our decimal above)

S3 = S2 + (5/81)(1/25)³ = 5699/5625 + 5/(81*15625). 15625=25³=15625, 81*15625=1,265,625, so 5/1,265,625=1/253,125≈0.00000395061728395, so S3≈1.0131555555555556 + 0.00000395061728395≈1.0131595061728395, correct.

S4 = S3 + (-10/243)(1/25)^4 = S3 - 10/(243*390625). 243*390625: 390625*200=78,125,000; 390625*40=15,625,000; 390625*3=1,171,875; total=78,125,000+15,625,000=93,750,000+1,171,875=94,921,875. So 10/94,921,875≈0.00000010535020576, so S4≈1.0131595061728395 - 0.00000010535020576≈1.0131594008226337

S5 = S4 + 22/(729*9765625). Wait, maybe we don't need to go further, but let's check the error bounds to see how many terms we need.

Since it's an alternating series (after the first term, but actually, as we saw, the series is 1 + (positive) t - (positive) t² + (positive) t³ - ..., so starting from n=1, the terms alternate in sign? Wait, n=0: +, n=1: +, n=2: -, n=3: +, n=4: -, so actually, the sign changes starting at n=2. So the series is not strictly alternating from the first term, but from n=2 onwards, it's alternating. Wait, that's important for the error bound. For alternating series, the error is less than the absolute value of the first neglected term, but only if the series is alternating and the terms decrease in absolute value to zero, which they do here because t=0.04 < 1, and for binomial series with k between 0 and 1, the terms eventually decrease in magnitude for |t| < 1.

Let's check the absolute values of the terms (starting from n=2, since n=0 and n=1 are positive):

|term2| = (1/9)t² = (1/9)(0.0016) ≈ 0.00017777777778

|term3| = (5/81)t³ ≈ (5/81)(0.000064) ≈ 0.000003950617284

|term4| = (10/243)t⁴ ≈ (10/243)(0.00000256) ≈ 0.00000010535020576

|term5| ≈ 0.0000000030923634663

So the terms are decreasing in absolute value starting from n=2: |term2| > |term3| > |term4| > |term5| > ... which is good, so the alternating series error bound applies from n=2 onwards? Wait, actually, the standard alternating series test requires the terms to alternate in sign and decrease in absolute value to zero. Here, the signs are: term0=+, term1=+, term2=-, term3=+, term4=-, term5=+, term6=-, etc. Wait, hold on! Wait, no, let's recast the binomial series for (1 + t)^k with k=1/3 < 1:

The general term is C(k, n) t^n, where C(k, n) = k(k-1)...(k-n+1)/n!

For k=1/3, let's see the sign of C(k, n) for integer n ≥ 0:

n=0: 1 (positive)

n=1: k > 0, so positive

n=2: k(k-1) = (1/3)(-2/3) < 0, so negative

n=3: k(k-1)(k-2) = (1/3)(-2/3)(-5/3) > 0 (two negatives), so positive

n=4: k(k-1)(k-2)(k-3) = (1/3)(-2/3)(-5/3)(-8/3) < 0 (three negatives), so negative

n=5: four negatives? Wait, k-1 to k-4: four terms less than k (since k=1/3, all integers less than k are negative), so for n ≥ 2, how many negative factors? For n ≥ 2, the factors are (k - 0), (k - 1), ..., (k - n + 1). k - m < 0 when m > k, so m ≥ 1 (since k=1/3 < 1), so for each m from 1 to n-1, k - m < 0. So number of negative factors in C(k, n) is (n - 1) (since m=1 to n-1, that's n-1 terms). Therefore, sign of C(k, n) is (-1)^(n - 1) for n ≥ 1.

Wait, let's check:

n=1: sign = (-1)^(0) = +1, correct (C(k,1)=k>0)

n=2: (-1)^(1) = -1, correct

n=3: (-1)^2 = +1, correct

n=4: (-1)^3 = -1, correct

n=5: (-1)^4 = +1, correct

Yes! So for n ≥ 1, sign of C(k, n) is (-1)^(n - 1), so the binomial series for (1 + t)^k with k=1/3 is:

1 + sum_{n=1}^∞ (-1)^(n - 1) * |C(k, n)| t^n

Therefore, writing out the series:

(1 + t)^(1/3) = 1 + |C(k,1)| t - |C(k,2)| t² + |C(k,3)| t³ - |C(k,4)| t⁴ + |C(k,5)| t⁵ - ...

Ah! There we go, so starting from n=1, the signs alternate: + (n=1), - (n=2), + (n=3), - (n=4), etc. So the series is 1 + (positive) - (positive) + (positive) - (positive) + ..., so the alternating part starts at the second term (n=1 term is positive, n=2 term is negative, so the ""alternating"" part has a sign change between term1 and term2).

For the alternating series error bound, if we have a series S = a0 + a1 + a2 + a3 + ... where a1 > 0, a2 < 0, a3 > 0, a4 < 0, ..., and |a1| > |a2| > |a3| > |a4| > ... > 0, then the error after truncating at term n is less than |a_{n+1}|.

In our case, let's define the terms as:

a0 = 1 (term0)

a1 = (1/3)t (term1, positive)

a2 = (-1/9)t² (term2, negative)

a3 = (5/81)t³ (term3, positive)

a4 = (-10/243)t⁴ (term4, negative)

So the series is a0 + a1 + a2 + a3 + a4 + ...

The absolute values of the terms (starting from a1) are:

|a1| = (1/3)t ≈ 0.0133333333

|a2| = (1/9)t² ≈ 0.0001777778

|a3| = (5/81)t³ ≈ 0.0000039506

|a4| = (10/243)t⁴ ≈ 0.00000010535

|a5| ≈ 0.000000003092

So the absolute values of the terms (excluding a0) are decreasing from |a1| down to |a5|, etc., so the alternating series error bound applies to the tail starting from a2? Wait, maybe better to think of the partial sums:

S0 = a0 = 1.0

S1 = a0 + a1 ≈ 1.0133333333

S2 = S1 + a2 ≈ 1.0133333333 - 0.0001777778 ≈ 1.0131555555

S3 = S2 + a3 ≈ 1.0131555555 + 0.0000039506 ≈ 1.0131595061

S4 = S3 + a4 ≈ 1.0131595061 - 0.00000010535 ≈ 1.01315940075

S5 = S4 + a5 ≈ 1.01315940075 + 0.000000003092 ≈ 1.01315940384

Now, the key is: what's the error in S_n? For alternating series, if the terms alternate in sign and decrease in absolute value, then |S - S_n| < |a_{n+1}|.

Let's check the signs of the differences between S and S_n:

S - S0 = a1 + a2 + a3 + ... = positive - positive + positive - ... so it's a convergent alternating series starting with positive term.

S - S1 = a2 + a3 + a4 + ... = negative + positive - ... so this is an alternating series starting with negative term, magnitude |a2| > |a3| > |a4| > ..., so |S - S1| < |a2|? Wait, no, for an alternating series starting with a negative term, the error is less than the absolute value of the first term of the tail.

Wait, maybe to avoid confusion, let's just compute the actual value of ∛130 numerically (using a calculator approximation) to see what the correct value is, then we can see which of the answer choices is closest with error < 0.0001.

Wait, but since this is a problem-solving exercise, maybe I shouldn't use a calculator, but since it's a competition-style problem, the answer choices are given with 8 decimal places, so let's try to compute S_n * 5 and see.

Wait, first, let's get the value of S = (1 + 1/25)^(1/3) ≈ 1.01315940384 (from S5 above). Then ∛130 = 5*S ≈ 5*1.01315940384 = let's compute that:

5*1 = 5.0

5*0.01315940384 = 0.0657970192

So total ≈ 5.0 + 0.0657970192 = 5.0657970192

Wait, hold on! Wait, earlier when I computed S3 ≈ 1.0131595061, times 5 is 5.0657975305; S4 ≈ 1.01315940075, times 5 is 5.06579700375; S5 ≈ 1.01315940384, times 5 is 5.0657970192. Wait a second, but the answer choices are all around 5.0657777..., wait, hold on! Wait, this is a critical mistake!

Oh my goodness! I think I messed up the expansion. 130 is 125 + 5, so 130 = 5³ + 5 = 5³(1 + 5/5³) = 5³(1 + 1/25). Wait, 5/5³ is 1/25? Wait, 5 divided by 125 is 1/25, yes! 5/125 = 1/25, correct. But wait, when I compute 5*(1 + 1/25)^(1/3), let's test with a smaller number to see if the expansion is right.

Take ∛125 = 5, correct. ∛126 = ∛(125 + 1) = 5*(1 + 1/125)^(1/3). Let's compute that with the series: (1 + 1/125)^(1/3) ≈ 1 + (1/3)(1/125) - (1/9)(1/125)^2 ≈ 1 + 0.0008 - 0.00000064 ≈ 1.00079936, so ∛126 ≈ 5*1.00079936 ≈ 5.0039968, which is correct (since 5.004³ = 5³ + 3*5²*0.004 + 3*5*(0.004)² + (0.004)³ = 125 + 0.3 + 0.00024 + 0.000000064 = 125.300240064, wait, no, that's not helpful). Wait, but maybe my mistake is in the direction of the error?

Wait, no! Wait a second, the answer choices are all starting with 5.065777..., but according to my calculation, ∛130 is approximately 5.065797..., which is different. Wait, 5.065777... vs 5.065797... – that's a difference of about 0.00002, which is less than 0.0001, but wait, no, let's check with a calculator (pretending I can for a second, but in reality, I should compute step by step).

Wait, 5.0657777^3: let's compute this to see what it is.

First, 5.0657777^2: let's compute (5 + 0.0657777)^2 = 25 + 2*5*0.0657777 + (0.0657777)^2 = 25 + 0.657777 + 0.004327 ≈ 25 + 0.657777 = 25.657777 + 0.004327 ≈ 25.662104

Then multiply by 5.0657777: 25.662104 * 5 = 128.31052; 25.662104 * 0.0657777 ≈ 25.662104 * 0.06 = 1.539726, 25.662104 * 0.0057777 ≈ 0.148, so total ≈ 1.539726 + 0.148 ≈ 1.6877, so total cube ≈ 128.31052 + 1.6877 ≈ 129.9982, which is very close to 130! Oh! So 5.0657777^3 ≈ 130, which means ∛130 ≈ 5.0657777...

Wait, so my earlier calculation was wrong! Where did I go wrong?

Ah! Here's the mistake: 130 = 125 + 5, so 130 = 5³ + 5, so 130/5³ = 1 + 5/5³ = 1 + 1/25? Wait, 5/5³ is 5/(125) = 1/25? Yes! 5 divided by 125 is 1/25, correct. But then why is the cube root of 130 approximately 5.0657777, not 5.065797?

Wait, let's compute 5.0657777^3 properly:

Let x = 5.0657777

x = 5 + a, where a = 0.0657777

x³ = 125 + 3*25*a + 3*5*a² + a³ = 125 + 75a + 15a² + a³

Compute 75a = 75*0.0657777 = let's do 70*0.0657777 = 4.604439, 5*0.0657777=0.3288885, total=4.604439+0.3288885=4.9333275

15a² = 15*(0.0657777)^2. First, 0.0657777²: 0.06²=0.0036, 0.0057777²≈0.00003338, cross term 2*0.06*0.0057777≈0.0006933, so total≈0.0036 + 0.0006933 + 0.00003338≈0.00432668, so 15*0.00432668≈0.0649002

a³≈(0.0657777)^3≈0.0657777*0.00432668≈0.000284

So total x³≈125 + 4.9333275 + 0.0649002 + 0.000284≈125 + 4.9333275=129.9333275 + 0.0649002=129.9982277 + 0.000284≈129.9985117. Wait, that's less than 130. Hmm, so maybe a bit higher.

Let's try a=0.06578: x=5.06578

x³=125 + 75*0.06578 + 15*(0.06578)^2 + (0.06578)^3

75*0.06578=75*(0.06 + 0.00578)=4.5 + 0.4335=4.9335

0.06578²=0.0043279684, so 15*0.0043279684≈0.0649195

0.06578³≈0.06578*0.0043279684≈0.0002843

Total x³≈125 + 4.9335 + 0.0649195 + 0.0002843≈125 + 4.9335=129.9335 + 0.0649195=129.9984195 + 0.0002843≈129.9987038. Still less than 130.

a=0.06579: x=5.06579

75a=75*0.06579=4.93425

a²=0.06579²≈0.004328, 15a²≈0.06492

a³≈0.06579*0.004328≈0.0002845

x³≈125 + 4.93425 + 0.06492 + 0.0002845≈129.9994545. Oh, that's very close to 130! 129.9994545 is 130 - 0.0005455, so still a bit low.

a=0.06580: x=5.06580

75a=75*0.0658=4.935

a²=0.0658²=0.004330, 15a²=0.06495

a³=0.0658*0.004330≈0.000284

x³≈125 + 4.935 + 0.06495 + 0.000284≈125 + 4.935=129.935 + 0.06495=129.99995 + 0.000284≈130.000234. Oh! So x=5.06580 gives cube≈130.000234, which is just over 130.

So the cube root of 130 is between 5.06579 and 5.06580. Let's interpolate:

At a=0.06579, x³=129.9994545

At a=0.06580, x³=130.000234

Difference in a: 0.00001

Difference in x³: 130.000234 - 129.9994545 = 0.0007795

We need x³=130, so need to go up from a=0.06579 by (130 - 129.9994545)/0.0007795 * 0.00001 ≈ 0.0005455 / 0.0007795 * 0.00001 ≈ 0.700 * 0.00001 ≈ 0.000007

So a≈0.06579 + 0.000007=0.065797, so x≈5.065797

Wait, that's approximately 5.065797, but the answer choices are all 5.0657777... with 777s, not 97s. Wait, now I'm really confused! The answer choices:

A. 5.06577774

B. 5.06577777

C. 5.06577778

D. 5.06577770

E. 5.06577779

F. 5.06577773

G. 5.06577776

H. 5.06577775

I. 5.06577772

J. 5.06577771

All start with 5.0657777..., so the 7th decimal is 7, 8th is 7, etc. Wait, in my interpolation above, I got 5.065797, which is 5.065797, so the 5th decimal is 9, but the answer choices have 7 in the 5th decimal place (5.0657777...). Wait, 5.0657777 is 5 + 0.06 + 0.005 + 0.0007 + 0.00007 + 0.000007 + 0.0000007 + ... so the 5th decimal is the 7 after the decimal: 5.0 (1st) 6 (2nd) 5 (3rd) 7 (4th) 7 (5th) 7 (6th) 7 (7th) etc. Wait, no: decimal places: 0.0657777 is 6 in the hundredths place (2nd), 5 in thousandths (3rd), 7 in ten-thousandths (4th), 7 in hundred-thousandths (5th), 7 in millionths (6th), 7 in ten-millionths (7th), etc.

Wait, let's write the answer choices with decimal places labeled:

Number: 5 . 0 6 5 7 7 7 7 4 (A)

Positions: 1 2 3 4 5 6 7 8

So position 1: 5 (units), position 2: 0 (tenths), position 3: 6 (hundredths), position 4: 5 (thousandths), position 5: 7 (ten-thousandths), position 6: 7 (hundred-thousandths), position 7: 7 (millionths), position 8: 7 (ten-millionths), etc.

Wait a second! I think my earlier mistake was in the binomial expansion setup. Let's start over carefully, because this is critical.

We need ∛130. Let's pick a number whose cube is close to 130. 5³=125, 5.1³=132.651, so between 5 and 5.1. 5.06³=5.06*5.06=25.6036; 25.6036*5.06≈25.6036*5 + 25.6036*0.06=128.018 + 1.536216=129.554216. 5.07³=5.07*5.07=25.7049; 25.7049*5.07≈25.7049*5 + 25.7049*0.07=128.5245 + 1.800343=130.324843. Ah! There we go, so 5.06³≈129.554, 5.07³≈130.325, so ∛130 is between 5.06 and 5.07, closer to 5.06 since 130 - 129.554=0.446, and 130.325 - 130=0.325, so actually closer to 5.07? Wait, 0.446 vs 0.325, so 0.325 is smaller, so closer to 5.07.

5.065³: let's compute 5.065*5.065= (5 + 0.065)²=25 + 2*5*0.065 + 0.065²=25 + 0.65 + 0.004225=25.654225

Then 25.654225*5.065=25.654225*5 + 25.654225*0.065=128.271125 + (25.654225*0.06 + 25.654225*0.005)=128.271125 + (1.5392535 + 0.128271125)=128.271125 + 1.667524625=129.938649625

Ah! 5.065³≈129.9386, which is 130 - 129.9386=0.0614 less than 130.

5.066³: 5.066*5.066= (5.065 + 0.001)²=5.065² + 2*5.065*0.001 + 0.001²=25.654225 + 0.01013 + 0.000001=25.664356

Then 25.664356*5.066=25.664356*5 + 25.664356*0.066=128.32178 + (25.664356*0.06 + 25.664356*0.006)=128.32178 + (1.53986136 + 0.153986136)=128.32178 + 1.693847496=130.015627496

Oh! 5.066³≈130.0156, which is 0.0156 over 130.

So now we know:

5.065³ ≈ 129.9386

5.066³ ≈ 130.0156

Difference in x: 0.001

Difference in x³: 130.0156 - 129.9386 = 0.077

We need x³=130, so from x=5.065, need to go up by (130 - 129.9386)/0.077 * 0.001 ≈ 0.0614 / 0.077 * 0.001 ≈ 0.8 * 0.001 = 0.0008

So x≈5.065 + 0.0008=5.0658

Wait, but the answer choices are 5.0657777..., so 5.0657777 is 5.0657777, which is less than 5.0658. Let's compute 5.0657777³ more accurately.

Let me use the binomial series correctly this time, because my first expansion was wrong in terms of the target number.

Wait, here's the key: when we write ∛(a + b) = ∛a * ∛(1 + b/a), so if a is a perfect cube, say a = n³, then ∛(n³ + b) = n(1 + b/n³)^(1/3). So for 130, n=5, since 5³=125, so b=130 - 125=5, so ∛130=5*(1 + 5/125)^(1/3)=5*(1 + 1/25)^(1/3). That part was correct! 5/125=1/25, yes.

So why did my earlier numerical check with the series give a different result? Because I miscalculated the series terms.

Let's compute (1 + 1/25)^(1/3) correctly with the binomial series, step by step, with t=1/25=0.04.

Binomial series for (1 + t)^(1/3) = 1 + (1/3)t - (1/9)t² + (5/81)t³ - (10/243)t⁴ + (22/729)t⁵ - ...

Let's compute each term as a decimal with high precision, using t=0.04.

Term 0: 1.0

Term 1: (1/3)*0.04 = 0.04 / 3 = 0.0133333333333333333333333333333333...

Term 2: - (1/9)*(0.04)^2 = - (1/9)*(0.0016) = -0.0016 / 9 = -0.000177777777777777777777777777777777...

Term 3: + (5/81)*(0.04)^3 = (5/81)*(0.000064) = 0.00032 / 81 = let's compute 0.00032 ÷ 81: 81*0.000003950617283950617... = 0.00032, so 0.000003950617283950617...

Term 4: - (10/243)*(0.04)^4 = - (10/243)*(0.00000256) = -0.0000256 / 243 = -0.00000010535020576131313131313131313131...

Term 5: + (22/729)*(0.04)^5 = (22/729)*(0.0000001024) = 0.0000022528 / 729 ≈ 0.0000000030923634663131313131313131313131...

Term 6: - (1/3)(-2/3)(-5/3)(-8/3)(-11/3)(-14/3)/6! * t^6? Wait, no, better to use the pattern we had: for n=6, C(1/3,6) = (1/3)(-2/3)(-5/3)(-8/3)(-11/3)(-14/3)/720. Let's not compute it, but term6 is negative and very small, ~1e-10 or less.

Now, let's sum the terms step by step with more precision:

Start with S = 0

Add term0: S = 1.0

Add term1: S = 1.0 + 0.0133333333333333333333333333333333 = 1.01333333333333333333333333333333

Add term2: S = 1.01333333333333333333333333333333 - 0.000177777777777777777777777777777777 = 1.01315555555555555555555555555555

Add term3: S = 1.01315555555555555555555555555555 + 0.00000395061728395061728395061728395 = 1.01315950617283950617283950617283

Add term4: S = 1.01315950617283950617283950617283 - 0.000000105350205761313131313131313131 = 1.01315940082263374485970819304152

Add term5: S = 1.01315940082263374485970819304152 + 0.00000000309236346631313131313131313131 = 1.013159403915 (approximately, let's keep more decimals for now)

So S ≈ 1.013159403915 (after 5 terms)

Now, multiply by 5 to get ∛130:

5 * S = 5 * 1.013159403915 = 5 + 5*0.013159403915 = 5 + 0.065797019575 = 5.065797019575

Wait, but earlier when we computed 5.0657777³, we got approximately 129.9985, which is less than 130, but 5.065797³ should be closer to 130. Let's check 5.065797³:

Let x = 5.065797

x = 5 + 0.065797

x³ = 125 + 3*25*0.065797 + 3*5*(0.065797)² + (0.065797)³

Compute each part:

3*25*0.065797 = 75*0.065797 = let's compute 70*0.065797=4.60579, 5*0.065797=0.328985, total=4.60579+0.328985=4.934775

3*5*(0.065797)² = 15*(0.004329) [since 0.065797²≈0.0658²=0.004330, so approx 0.004329] ≈15*0.004329=0.064935

(0.065797)³≈0.065797*0.004329≈0.000284

Total x³≈125 + 4.934775 + 0.064935 + 0.000284≈125 + 4.934775=129.934775 + 0.064935=129.99971 + 0.000284≈129.999994≈130.0! Wow, that's very close!

So x=5.065797 gives x³≈130.0, which matches our series calculation: 5*S≈5.065797019575, so approximately 5.06579702.

But the answer choices are all 5.0657777..., which is 5.0657777, so 5.0657777 vs 5.0657970 – that's a difference of about 0.0000193, which is more than 0.0001. Wait, this is a problem! The answer choices don't match the series result? Did I misread the problem?

Wait, the problem says ""Compute ∛130 with an estimate error of 0.0001 using series expansion."" But the answer choices are all starting with 5.0657777..., which is 5.0657777, but our calculation shows it's ~5.0657970. Is there a typo in the problem? Or in my understanding?

Wait, wait a second! Maybe the problem is to compute ∛130, but the answer choices are for a different number? Let's check the answer choices: all have 5.0657777... Let's compute 5.0657777³:

Let x = 5.0657777

x = 5 + 0.0657777

x³ = 125 + 75*0.0657777 + 15*(0.0657777)² + (0.0657777)³

75*0.0657777 = 4.9333275 (exactly: 0.0657777*75 = 0.0657777*70 + 0.0657777*5 = 4.604439 + 0.3288885 = 4.9333275)

0.0657777² = (0.06 + 0.0057777)² = 0.0036 + 2*0.06*0.0057777 + 0.0057777² = 0.0036 + 0.000693324 + 0.00003338 = 0.004326704

15*0.004326704 = 0.06490056

0.0657777³ = 0"
