id,response
599,"Okay, let's see. The problem is asking for the standard error of the mean. Hmm, standard error of the mean... I remember that the standard error (SE) is calculated by dividing the sample standard deviation by the square root of the sample size. Let me recall the formula. 

So, the formula for standard error is SE = s / sqrt(n), where s is the sample standard deviation and n is the sample size. Let me check if that's right. Yeah, I think that's correct. Because the standard error measures the variability of the sample mean, and it's the standard deviation of the sampling distribution of the mean. Since we're dealing with a sample, we use the sample standard deviation s instead of the population standard deviation σ.

In this problem, the sample size n is 22. The sample standard deviation s is given as 8.5. So plugging into the formula: SE = 8.5 / sqrt(22). Let me compute that. First, sqrt(22) is approximately... let's see, 4.690. So 8.5 divided by 4.690. Let me do the division. 8.5 / 4.690 ≈ 1.814. 

Wait, let me verify. Let's calculate sqrt(22) more accurately. 4.69041576. So 8.5 divided by 4.69041576. Let's do 8.5 / 4.69041576. Let's see, 4.6904 * 1.8 = 8.4427, which is close to 8.5. So 1.8 gives 8.4427, so 8.5 - 8.4427 = 0.0573. So 0.0573 / 4.6904 ≈ 0.0122. So total is approximately 1.8 + 0.0122 = 1.8122. So approximately 1.81. 

The question says ""Give the standard error of the mean"". So they probably want the numerical value. Let me check if there's any catch here. The problem states that the population is normal, but since we're taking an SRS (simple random sample) of size 22, and the population is normal, the sampling distribution of the mean will be normal regardless of sample size (since the population is normal). But the standard error formula still holds as s / sqrt(n), even if the population is normal. So no issue there. 

Wait, the problem says ""an SRS of size 22 is drawn from a population that has a normal distribution"". So the population is normal, so the sample mean is normally distributed, but the standard error is still calculated as s / sqrt(n). So yes, the formula applies here. 

So the standard error is 8.5 divided by the square root of 22. Let me compute it more precisely. Let's use a calculator. sqrt(22) ≈ 4.69041576. So 8.5 / 4.69041576 ≈ 1.812. So approximately 1.81. Depending on how many decimal places they want, but the problem doesn't specify. Let me check if they want it rounded to two decimal places or something. The problem says ""Give the standard error of the mean"", so probably just compute it as is. 

Wait, in statistics, standard error is often reported with two or three decimal places. Let's see. 8.5 divided by sqrt(22). Let's do 8.5 / 4.6904 ≈ 1.812. So approximately 1.81. Maybe they want it to two decimal places. Let me confirm. If I use a calculator: 8.5 ÷ √22. Let's compute √22 first. √22 is about 4.69041575982343. Then 8.5 divided by that is 8.5 / 4.69041575982343 ≈ 1.812. So 1.81 when rounded to two decimal places. 

I think that's it. The standard error is approximately 1.81. Let me make sure there's no mistake here. The key point is that standard error is s over sqrt(n). Since the population is normal, but we're using the sample standard deviation, which is appropriate here because we don't know the population standard deviation. So yes, the formula applies. 

So the answer should be approximately 1.81. Let me check if the problem expects an exact expression, but no, it says ""give the standard error"", so a numerical value. So 1.81 is the answer. Maybe they want it to two decimal places. Let me see. If I compute 8.5 / sqrt(22) exactly, it's 8.5 / 4.69041576 ≈ 1.812, so 1.81 when rounded to two decimal places. I think that's the answer.
</think>

[ANS]1.81

\boxed{1.81}"
600,"Okay, let's try to figure out the inverse of matrix N. First, let's recall that N is a block matrix: it's a 4x4 matrix with blocks 0 (2x2), A (2x2), B (2x2), and 0 (2x2). Wait, no, actually, the structure is:

N = [ [0, A], [B, 0] ]

So in block terms, it's a 2x2 block matrix where the top-left block is 0 (2x2), top-right is A (2x2), bottom-left is B (2x2), bottom-right is 0 (2x2). So N is a 4x4 matrix:

First row: [0, 0, 4, 1] (since A is [[4,1],[3,1]], so top-right block is 4,1 in the 3rd and 4th columns)
Second row: [0, 0, 3, 1] (bottom of A)
Third row: [1, 1, 0, 0] (since B is [[1,0],[0,1]], so bottom-left block is 1,0 in the 1st and 2nd rows? Wait, no, let's write N explicitly.

Wait, matrix N is 4x4:

- The first two rows: the first 2 columns are 0 (since top-left block is 0), the next 2 columns are A. So:

Row 1: [0, 0, A[0][0], A[0][1]] = [0, 0, 4, 1]

Row 2: [0, 0, A[1][0], A[1][1]] = [0, 0, 3, 1]

- The last two rows: the first 2 columns are B, the next 2 columns are 0. So:

Row 3: [B[0][0], B[0][1], 0, 0] = [1, 0, 0, 0]

Row 4: [B[1][0], B[1][1], 0, 0] = [0, 1, 0, 0]

Wait, hold on! Wait, B is [[1,0],[0,1]], so it's the identity matrix. So the bottom-left block is B, which is 2x2, so the third and fourth rows (since it's a 4x4 matrix) have the first two entries as B's entries.

Let me write N out properly:

N = [
  [0, 0, 4, 1],
  [0, 0, 3, 1],
  [1, 0, 0, 0],
  [0, 1, 0, 0]
]

Wait, is that right? Let's check the block structure. A block matrix [ [C, D], [E, F] ] where C, D, E, F are blocks. Here, C is 2x2 (top-left), D is 2x2 (top-right), E is 2x2 (bottom-left), F is 2x2 (bottom-right). So for N = [ [0, A], [B, 0] ], the top-left block is 0 (2x2), so the first 2 rows and first 2 columns are 0. The top-right block is A (2x2), so first 2 rows, columns 3-4 (since 4 columns total) are A. The bottom-left block is B (2x2), so rows 3-4, columns 1-2 are B. The bottom-right block is 0 (2x2), so rows 3-4, columns 3-4 are 0.

Yes, that's correct. So:

- Columns 1-2: for rows 1-2 (top block), it's 0; for rows 3-4 (bottom block), it's B (which is identity, so [1,0; 0,1])

- Columns 3-4: for rows 1-2 (top block), it's A (which is [4,1; 3,1]); for rows 3-4 (bottom block), it's 0.

So N is:

Row 1: [0, 0, 4, 1]

Row 2: [0, 0, 3, 1]

Row 3: [1, 0, 0, 0] (since B[0][0] = 1, B[0][1] = 0)

Row 4: [0, 1, 0, 0] (since B[1][0] = 0, B[1][1] = 1)

Yes, that's right. So N is:

[
 [0, 0, 4, 1],
 [0, 0, 3, 1],
 [1, 0, 0, 0],
 [0, 1, 0, 0]
]

Now, to find N inverse. For block matrices of the form [ [0, A], [B, 0] ], the inverse (if it exists) is [ [0, B^{-1}], [A^{-1}, 0] ] if A and B are invertible. Wait, is that the case?

Let me recall: for a block matrix M = [ [P, Q], [R, S] ], the inverse can be found using the formula if certain blocks are invertible. In this case, M is [ [0, A], [B, 0] ], so P=0, Q=A, R=B, S=0.

Let's suppose N^{-1} = [ [X, Y], [Z, W] ] where X, Y, Z, W are 2x2 blocks.

Then N * N^{-1} = I (4x4 identity).

So:

[ [0, A], [B, 0] ] * [ [X, Y], [Z, W] ] = [ [0*X + A*Z, 0*Y + A*W], [B*X + 0*Z, B*Y + 0*W] ] = [ [A Z, A W], [B X, B Y] ] = I.

So we have:

1. A Z = I (top-left block)
2. A W = 0 (top-right block)
3. B X = 0 (bottom-left block)
4. B Y = I (bottom-right block)

Wait, no: the product is:

First row of N times first column of N^{-1}: 0*X + A*Z = I_{2x2} (the top-left 2x2 block of identity)

First row of N times second column of N^{-1}: 0*Y + A*W = 0 (top-right 2x2 block of identity)

Second row of N times first column of N^{-1}: 0*X + A*Z = I (wait, no, actually, the blocks are 2x2, so the product of two 4x4 matrices is 4x4, with blocks:

Top-left: (0)(X) + (A)(Z) = A Z (2x2)

Top-right: (0)(Y) + (A)(W) = A W (2x2)

Bottom-left: (B)(X) + (0)(Z) = B X (2x2)

Bottom-right: (B)(Y) + (0)(W) = B Y (2x2)

So for this to equal the identity matrix (which has 2x2 identity in top-left, 0 elsewhere), we need:

A Z = I

A W = 0

B X = 0

B Y = I

Wait, but the identity matrix has 1s on the diagonal and 0s elsewhere, so top-left block should be I, top-right 0, bottom-left 0, bottom-right I.

Yes, that's correct.

So from A Z = I, we get Z = A^{-1}

From B Y = I, since B is identity (B = I_2), then Y = I_2^{-1} = I_2, so Y = I.

From A W = 0, since A is invertible (let's check: det(A) = 4*1 - 1*3 = 4 - 3 = 1, so yes, invertible), then W = 0 (since A is invertible, the only solution to A W = 0 is W = 0)

From B X = 0, B is identity, so X = 0 (since identity times X is 0 => X = 0)

Wait, but hold on: the inverse of a block matrix [ [0, A], [B, 0] ] is [ [0, B^{-1}], [A^{-1}, 0] ] only if A and B are invertible. Let's verify.

Wait, let's compute N * [ [0, B^{-1}], [A^{-1}, 0] ].

N * [ [0, B^{-1}], [A^{-1}, 0] ] = [ [0*A^{-1} + A*0, 0*B^{-1} + A*0], [B*A^{-1} + 0*0, B*B^{-1} + 0*0] ]? Wait, no, maybe I mixed up the block multiplication.

Wait, better to do it step by step. Let's take N as 4x4:

N = [
 [0, 0, 4, 1],
 [0, 0, 3, 1],
 [1, 0, 0, 0],
 [0, 1, 0, 0]
]

Let's compute N * M where M is 4x4, and we want N*M = I.

Let's denote M as:

M = [
 [m11, m12, m13, m14],
 [m21, m22, m23, m24],
 [m31, m32, m33, m34],
 [m41, m42, m43, m44]
]

Then N*M = I:

First row of N * M:

0*m11 + 0*m21 + 4*m31 + 1*m41 = 1 (since I[1,1] = 1)

0*m12 + 0*m22 + 4*m32 + 1*m42 = 0 (I[1,2] = 0)

4*m13 + 1*m23 = 0 (I[1,3] = 0)

4*m14 + 1*m24 = 0 (I[1,4] = 0)

Second row of N * M:

0*m11 + 0*m21 + 3*m31 + 1*m41 = 0 (I[2,1] = 0)

0*m12 + 0*m22 + 3*m32 + 1*m42 = 1 (I[2,2] = 1)

3*m13 + 1*m23 = 0 (I[2,3] = 0)

3*m14 + 1*m24 = 0 (I[2,4] = 0)

Third row of N * M:

1*m11 + 0*m21 + 0*m31 + 0*m41 = 0 (I[3,1] = 0)

1*m12 + 0*m22 + 0*m32 + 0*m42 = 1 (I[3,2] = 1)

0*m13 + 0*m23 + 0*m33 + 0*m43 = 0 (I[3,3] = 0)

0*m14 + 0*m24 + 0*m34 + 0*m44 = 0 (I[3,4] = 0)

Fourth row of N * M:

0*m11 + 1*m21 + 0*m31 + 0*m41 = 0 (I[4,1] = 0)

0*m12 + 1*m22 + 0*m32 + 0*m42 = 0 (I[4,2] = 0)

0*m13 + 0*m23 + 0*m33 + 0*m43 = 0 (I[4,3] = 0)

0*m14 + 0*m24 + 0*m34 + 0*m44 = 1 (I[4,4] = 1)

Wait, no, actually, when multiplying N (4x4) by M (4x4), the (i,j) entry of N*M is the dot product of row i of N and column j of M.

Let's write N as rows:

Row 1: [0, 0, 4, 1]

Row 2: [0, 0, 3, 1]

Row 3: [1, 0, 0, 0]

Row 4: [0, 1, 0, 0]

So for N*M = I, we need:

For column 1 of M:

Row 1 • col1 = 1, Row 2 • col1 = 0, Row 3 • col1 = 0, Row 4 • col1 = 0

Row 1 • col1 = 0*m11 + 0*m21 + 4*m31 + 1*m41 = 4*m31 + m41 = 1

Row 2 • col1 = 0*m11 + 0*m21 + 3*m31 + 1*m41 = 3*m31 + m41 = 0

Row 3 • col1 = 1*m11 + 0*m21 + 0*m31 + 0*m41 = m11 = 0

Row 4 • col1 = 0*m11 + 1*m21 + 0*m31 + 0*m41 = m21 = 0

So from row 3 and 4: m11 = 0, m21 = 0.

From row 1 and 2 for col1:

4*m31 + m41 = 1

3*m31 + m41 = 0

Subtracting the second equation from the first: (4m31 + m41) - (3m31 + m41) = 1 - 0 => m31 = 1

Then from second equation: 3*1 + m41 = 0 => m41 = -3

So column 1 of M is [0, 0, 1, -3]^T

Similarly, column 2 of M:

Row 1 • col2 = 0, Row 2 • col2 = 1, Row 3 • col2 = 1, Row 4 • col2 = 0

Row 1 • col2 = 4*m32 + m42 = 0

Row 2 • col2 = 3*m32 + m42 = 1

Row 3 • col2 = m12 = 1 (since row 3 of N is [1,0,0,0], so dot product with col2 is m12)

Row 4 • col2 = m22 = 0 (row 4 of N is [0,1,0,0], so dot product with col2 is m22)

So m12 = 1, m22 = 0.

From row 1 and 2 for col2:

4*m32 + m42 = 0

3*m32 + m42 = 1

Subtract: m32 = -1

Then 3*(-1) + m42 = 1 => m42 = 4

So column 2 of M is [1, 0, -1, 4]^T

Now column 3 of M:

Row 1 • col3 = 0, Row 2 • col3 = 0, Row 3 • col3 = 0, Row 4 • col3 = 0

Row 1 • col3 = 4*m33 + m43 = 0

Row 2 • col3 = 3*m33 + m43 = 0

Row 3 • col3 = m13 = 0

Row 4 • col3 = m23 = 0

So m13 = 0, m23 = 0.

From the first two equations: 4m33 + m43 = 0 and 3m33 + m43 = 0. Subtract: m33 = 0, then m43 = 0. So column 3 is [0, 0, 0, 0]^T

Column 4 of M:

Row 1 • col4 = 0, Row 2 • col4 = 0, Row 3 • col4 = 0, Row 4 • col4 = 1

Row 1 • col4 = 4*m34 + m44 = 0

Row 2 • col4 = 3*m34 + m44 = 0

Row 3 • col4 = m14 = 0

Row 4 • col4 = m24 = 1

So m14 = 0, m24 = 1.

From the first two equations: 4m34 + m44 = 0 and 3m34 + m44 = 0. Subtract: m34 = 0, then m44 = 0.

Wait, let's check row 4 • col4: row 4 of N is [0,1,0,0], so dot product with col4 is m24 (since it's the second element of col4). Wait, col4 is [m14, m24, m34, m44]^T. So row 4 of N is [0,1,0,0], so dot product is 0*m14 + 1*m24 + 0*m34 + 0*m44 = m24. We want this to be 1 (since I[4,4] = 1). So m24 = 1.

Row 3 of N is [1,0,0,0], so dot product with col4 is m14 = 0 (since I[3,4] = 0).

Row 1 • col4: 0*m14 + 0*m24 + 4*m34 + 1*m44 = 4m34 + m44 = 0 (I[1,4] = 0)

Row 2 • col4: 0*m14 + 0*m24 + 3*m34 + 1*m44 = 3m34 + m44 = 0 (I[2,4] = 0)

So solving 4m34 + m44 = 0 and 3m34 + m44 = 0 gives m34 = 0, m44 = 0.

So column 4 of M is [0, 1, 0, 0]^T

Let's summarize the columns of M (which is N^{-1}):

Column 1: [0, 0, 1, -3]^T

Column 2: [1, 0, -1, 4]^T

Column 3: [0, 0, 0, 0]^T

Column 4: [0, 1, 0, 0]^T

Wait, let's write M as a matrix:

Rows of M are the columns of M transposed. Wait, no: M is a matrix where columns are [col1, col2, col3, col4].

So M = [
 [m11, m12, m13, m14],
 [m21, m22, m23, m24],
 [m31, m32, m33, m34],
 [m41, m42, m43, m44]
]

We found:

col1: [m11, m21, m31, m41] = [0, 0, 1, -3] => so m11=0, m21=0, m31=1, m41=-3

col2: [m12, m22, m32, m42] = [1, 0, -1, 4] => m12=1, m22=0, m32=-1, m42=4

col3: [m13, m23, m33, m43] = [0, 0, 0, 0] => m13=0, m23=0, m33=0, m43=0

col4: [m14, m24, m34, m44] = [0, 1, 0, 0] => m14=0, m24=1, m34=0, m44=0

Wait, let's check row 4 of M: [m41, m42, m43, m44] = [-3, 4, 0, 0]

Row 3 of M: [m31, m32, m33, m34] = [1, -1, 0, 0]

Row 2 of M: [m21, m22, m23, m24] = [0, 0, 0, 1]

Row 1 of M: [m11, m12, m13, m14] = [0, 1, 0, 0]

Wait, let's write M out:

Row 1: [0, 1, 0, 0]

Row 2: [0, 0, 0, 1]

Row 3: [1, -1, 0, 0]

Row 4: [-3, 4, 0, 0]

Wait, let's check if this is correct. Let's multiply N and M.

N is:

Row 1: [0, 0, 4, 1]

Row 2: [0, 0, 3, 1]

Row 3: [1, 0, 0, 0]

Row 4: [0, 1, 0, 0]

M is:

Row 1: [0, 1, 0, 0]

Row 2: [0, 0, 0, 1]

Row 3: [1, -1, 0, 0]

Row 4: [-3, 4, 0, 0]

Compute N*M:

First row of N * first column of M: 0*0 + 0*0 + 4*1 + 1*(-3) = 4 - 3 = 1 ✔️

First row of N * second column of M: 0*1 + 0*0 + 4*(-1) + 1*4 = -4 + 4 = 0 ✔️

First row of N * third column of M: 0*0 + 0*0 + 4*0 + 1*0 = 0 ✔️

First row of N * fourth column of M: 0*0 + 0*1 + 4*0 + 1*0 = 0 ✔️

Second row of N * first column of M: 0*0 + 0*0 + 3*1 + 1*(-3) = 3 - 3 = 0 ✔️

Second row of N * second column of M: 0*1 + 0*0 + 3*(-1) + 1*4 = -3 + 4 = 1 ✔️

Second row of N * third column of M: 0*0 + 0*0 + 3*0 + 1*0 = 0 ✔️

Second row of N * fourth column of M: 0*0 + 0*1 + 3*0 + 1*0 = 0 ✔️

Third row of N * first column of M: 1*0 + 0*0 + 0*1 + 0*(-3) = 0 ✔️

Third row of N * second column of M: 1*1 + 0*0 + 0*(-1) + 0*4 = 1 ✔️

Third row of N * third column of M: 1*0 + 0*0 + 0*0 + 0*0 = 0 ✔️

Third row of N * fourth column of M: 1*0 + 0*1 + 0*0 + 0*0 = 0 ✔️

Fourth row of N * first column of M: 0*0 + 1*0 + 0*1 + 0*(-3) = 0 ✔️

Fourth row of N * second column of M: 0*1 + 1*0 + 0*(-1) + 0*4 = 0 ✔️

Fourth row of N * third column of M: 0*0 + 1*0 + 0*0 + 0*0 = 0 ✔️

Fourth row of N * fourth column of M: 0*0 + 1*1 + 0*0 + 0*0 = 1 ✔️

Yes! That works. So N^{-1} is:

[
 [0, 1, 0, 0],
 [0, 0, 0, 1],
 [1, -1, 0, 0],
 [-3, 4, 0, 0]
]

Now let's look at the answer choices.

Let's list them:

A. [[0,0,1,0],[0,0,0,1],[1,-1,0,0],[3,4,0,0]] → row 4 has 3,4 but we have -3,4

B. [[0,0,1,0],[0,0,0,1],[1,1,0,0],[3,-4,0,0]] → row 3 has 1,1; row 4 has 3,-4

C. [[1,-1,0,0],[-3,4,0,0],[0,0,1,0],[0,0,0,1]] → this is transposed? Wait, no. C is written as:

C. \begin{bmatrix} 1 & -1 & 0 & 0 \\ -3 & 4 & 0 & 0 \\ 0 & 0 & 1 & 0 \\ 0 & 0 & 0 & 1 \end{bmatrix}

Wait, our N^{-1} is:

Row 1: [0,1,0,0]

Row 2: [0,0,0,1]

Row 3: [1,-1,0,0]

Row 4: [-3,4,0,0]

So in matrix form:

[
 [0, 1, 0, 0],
 [0, 0, 0, 1],
 [1, -1, 0, 0],
 [-3, 4, 0, 0]
]

Let's check option J:

J. \begin{bmatrix} 0 & 0 & 1 & 0 \\ 0 & 0 & 0 & 1 \\ 1 & -1 & 0 & 0 \\ 3 & -4 & 0 & 0 \end{bmatrix}

No, J has 3, -4 in row 4.

Option I:

I. \begin{bmatrix} 0 & 0 & 1 & 0 \\ 0 & 0 & 0 & 1 \\ 1 & -1 & 0 & 0 \\ -3 & 4 & 0 & 0 \end{bmatrix}

Yes! Let's check:

I is:

Row 1: [0, 0, 1, 0]

Row 2: [0, 0, 0, 1]

Row 3: [1, -1, 0, 0]

Row 4: [-3, 4, 0, 0]

Wait, wait, no. Wait, in the problem statement, the answer choices are written with some typos (like option C has ""egin"" which is probably a LaTeX error). Let's parse each option carefully.

Let's list the answer choices with their structure:

A. \begin{bmatrix} 0 & 0 & 1 & 0 \\ 0 & 0 & 0 & 1 \\ 1 & -1 & 0 & 0 \\ 3 & 4 & 0 & 0 \end{bmatrix} → rows: [0,0,1,0], [0,0,0,1], [1,-1,0,0], [3,4,0,0]

B. \begin{bmatrix} 0 & 0 & 1 & 0 \\ 0 & 0 & 0 & 1 \\ 1 & 1 & 0 & 0 \\ 3 & -4 & 0 & 0 \end{bmatrix} → rows: [0,0,1,0], [0,0,0,1], [1,1,0,0], [3,-4,0,0]

C. \begin{bmatrix} 1 & -1 & 0 & 0 \\ -3 & 4 & 0 & 0 \\ 0 & 0 & 1 & 0 \\ 0 & 0 & 0 & 1 \end{bmatrix} → rows: [1,-1,0,0], [-3,4,0,0], [0,0,1,0], [0,0,0,1]

D. \begin{bmatrix} 0 & 0 & 1 & 0 \\ 0 & 0 & 0 & 1 \\ -1 & 1 & 0 & 0 \\ 3 & -4 & 0 & 0 \end{bmatrix} → rows: [0,0,1,0], [0,0,0,1], [-1,1,0,0], [3,-4,0,0]

E. \begin{bmatrix} 0 & 0 & 1 & 0 \\ 0 & 0 & 0 & 1 \\ -1 & 1 & 0 & 0 \\ 3 & -4 & 0 & 0 \end{bmatrix} → rows: [0,0,1,0], [0,0,0,1], [-1,1,0,0], [3,-4,0,0]

F. \begin{bmatrix} 0 & 0 & 1 & 0 \\ 0 & 0 & 0 & 1 \\ 1 & 1 & 0 & 0 \\ -3 & 4 & 0 & 0 \end{bmatrix} → rows: [0,0,1,0], [0,0,0,1], [1,1,0,0], [-3,4,0,0]

G. \begin{bmatrix} 0 & 0 & 1 & -1 \\ 0 & 0 & -3 & 4 \\ 1 & 0 & 0 & 0 \\ 0 & 1 & 0 & 0 \end{bmatrix} → rows: [0,0,1,-1], [0,0,-3,4], [1,0,0,0], [0,1,0,0]

H. \begin{bmatrix} 0 & 0 & 1 & 0 \\ 0 & 0 & 0 & 1 \\ -1 & 1 & 0 & 0 \\ -3 & 4 & 0 & 0 \end{bmatrix} → rows: [0,0,1,0], [0,0,0,1], [-1,1,0,0], [-3,4,0,0]

I. \begin{bmatrix} 0 & 0 & 1 & 0 \\ 0 & 0 & 0 & 1 \\ 1 & -1 & 0 & 0 \\ -3 & 4 & 0 & 0 \end{bmatrix} → rows: [0,0,1,0], [0,0,0,1], [1,-1,0,0], [-3,4,0,0]

J. \begin{bmatrix} 0 & 0 & 1 & 0 \\ 0 & 0 & 0 & 1 \\ 1 & -1 & 0 & 0 \\ 3 & -4 & 0 & 0 \end{bmatrix} → rows: [0,0,1,0], [0,0,0,1], [1,-1,0,0], [3,-4,0,0]

Ah! Here we go. Our computed N^{-1} has rows:

Row 1: [0, 1, 0, 0]

Row 2: [0, 0, 0, 1]

Row 3: [1, -1, 0, 0]

Row 4: [-3, 4, 0, 0]

But the answer choices are written with the first two rows as [0,0,1,0] and [0,0,0,1] (i.e., columns 3 and 4 have the 1s in the first two rows). Wait, maybe I mixed up rows and columns.

Wait, in the problem statement, the matrix N is defined as [ [0, A], [B, 0] ], so when we write N as a 4x4 matrix, it's:

N = [
 [0, 0, A_11, A_12],
 [0, 0, A_21, A_22],
 [B_11, B_12, 0, 0],
 [B_21, B_22, 0, 0]
]

Since A is [[4,1],[3,1]], so A_11=4, A_12=1, A_21=3, A_22=1.

B is [[1,0],[0,1]], so B_11=1, B_12=0, B_21=0, B_22=1.

So N is:

Row 1: [0, 0, 4, 1]

Row 2: [0, 0, 3, 1]

Row 3: [1, 0, 0, 0]

Row 4: [0, 1, 0, 0]

Yes, that's correct.

Now, when we computed N^{-1}, we found that the columns of N^{-1} are:

col1: [0, 0, 1, -3]^T → so row 1 of N^{-1} has 0 in col1, row 2 has 0, row 3 has 1, row 4 has -3

col2: [1, 0, -1, 4]^T → row 1:1, row2:0, row3:-1, row4:4

col3: [0,0,0,0]^T

col4: [0,1,0,0]^T → row1:0, row2:1, row3:0, row4:0

Therefore, N^{-1} as a matrix is:

Row 1: [0 (col1), 1 (col2), 0 (col3), 0 (col4)] → [0, 1, 0, 0]

Row 2: [0 (col1), 0 (col2), 0 (col3), 1 (col4)] → [0, 0, 0, 1]

Row 3: [1 (col1), -1 (col2), 0 (col3), 0 (col4)] → [1, -1, 0, 0]

Row 4: [-3 (col1), 4 (col2), 0 (col3), 0 (col4)] → [-3, 4, 0, 0]

So the matrix is:

[
 [0, 1, 0, 0],
 [0, 0, 0, 1],
 [1, -1, 0, 0],
 [-3, 4, 0, 0]
]

Now, looking at the answer choices:

Option I is:

I. \begin{bmatrix} 0 & 0 & 1 & 0 \\ 0 & 0 & 0 & 1 \\ 1 & -1 & 0 & 0 \\ -3 & 4 & 0 & 0 \end{bmatrix}

Wait, no, in option I, the first row is [0,0,1,0], which is different from our row 1 [0,1,0,0].

Ah! Here's the confusion: the answer choices might have the blocks arranged differently. Let's think again about the block inverse.

For a block matrix [ [0, A], [B, 0] ], the inverse is [ [0, B^{-1}], [A^{-1}, 0] ] if A and B are invertible.

Let's check that. Since B is the identity matrix (B = I_2), B^{-1} = I_2.

A is [[4,1],[3,1]], so A^{-1} is (1/det(A)) * [[1, -1], [-3, 4]] = 1*[[1, -1], [-3, 4]] because det(A)=1.

So A^{-1} = [[1, -1], [-3, 4]]

Therefore, the inverse block matrix should be [ [0, B^{-1}], [A^{-1}, 0] ] = [ [0, I_2], [A^{-1}, 0] ]

In block terms, this is a 4x4 matrix where:

- Top-left block (2x2): 0

- Top-right block (2x2): I_2 (identity)

- Bottom-left block (2x2): A^{-1}

- Bottom-right block (2x2): 0

So writing this out:

Top-right block I_2 is [[1,0],[0,1]], so the top-right 2x2 block of N^{-1} is:

[1, 0]

[0, 1]

Which in the 4x4 matrix corresponds to columns 3-4, rows 1-2.

Bottom-left block A^{-1} is [[1, -1], [-3, 4]], so the bottom-left 2x2 block of N^{-1} is:

[1, -1]

[-3, 4]

Which corresponds to rows 3-4, columns 1-2.

So the full N^{-1} matrix is:

Row 1: [0 (col1), 0 (col2), 1 (col3), 0 (col4)] → [0, 0, 1, 0]

Row 2: [0 (col1), 0 (col2), 0 (col3), 1 (col4)] → [0, 0, 0, 1]

Row 3: [1 (col1), -1 (col2), 0 (col3), 0 (col4)] → [1, -1, 0, 0]

Row 4: [-3 (col1), 4 (col2), 0 (col3), 0 (col4)] → [-3, 4, 0, 0]

Ah! This is the key. I previously thought the rows were different, but the block structure means that the top-right block is the identity, so the first two rows have 1s in columns 3 and 4 (since it's a 2x2 block).

Let's verify with the block inverse formula.

If N = [ [0, A], [B, 0] ], then N^{-1} = [ [0, B^{-1}], [A^{-1}, 0] ] when A and B are invertible.

Yes, because:

N * N^{-1} = [ [0, A], [B, 0] ] * [ [0, B^{-1}], [A^{-1}, 0] ] = [ [A A^{-1}, A*0], [B*0, B B^{-1}] ] = [ [I, 0], [0, I] ] = I.

Yes, that's correct. So the top-right block of N^{-1} is B^{-1}, and the bottom-left block is A^{-1}.

Since B is identity, B^{-1} = I, so top-right block is I.

A^{-1} = [[1, -1], [-3, 4]] as we calculated (since det(A)=1, so inverse is [[1, -1], [-3, 4]]).

Therefore, the 4x4 matrix N^{-1} is:

- Top-left 2x2: 0 (so rows 1-2, columns 1-2: 0)

- Top-right 2x2: B^{-1} = I (so rows 1-2, columns 3-4: [[1,0],[0,1]])

- Bottom-left 2x2: A^{-1} (so rows 3-4, columns 1-2: [[1, -1], [-3, 4]])

- Bottom-right 2x2: 0 (rows 3-4, columns 3-4: 0)

So writing it out:

Row 1: [0, 0, 1, 0] (columns 1-2: 0, columns 3-4: 1,0)

Row 2: [0, 0, 0, 1] (columns 1-2: 0, columns 3-4: 0,1)

Row 3: [1, -1, 0, 0] (columns 1-2: 1, -1, columns 3-4: 0,0)

Row 4: [-3, 4, 0, 0] (columns 1-2: -3, 4, columns 3-4: 0,0)

Yes! That's exactly option I:

I. \begin{bmatrix} 0 & 0 & 1 & 0 \\ 0 & 0 & 0 & 1 \\ 1 & -1 & 0 & 0 \\ -3 & 4 & 0 & 0 \end{bmatrix}

Let's confirm with the multiplication.

N is:

Row 1: [0, 0, 4, 1]

Row 2: [0, 0, 3, 1]

Row 3: [1, 0, 0, 0]

Row 4: [0, 1, 0, 0]

N^{-1} (option I) is:

Row 1: [0, 0, 1, 0]

Row 2: [0, 0, 0, 1]

Row 3: [1, -1, 0, 0]

Row 4: [-3, 4, 0, 0]

Compute N * N^{-1}:

First row of N * first column of N^{-1}: 0*0 + 0*0 + 4*1 + 1*(-3) = 4 - 3 = 1 ✔️

First row of N * second column of N^{-1}: 0*0 + 0*0 + 4*(-1) + 1*4 = -4 + 4 = 0 ✔️

First row of N * third column of N^{-1}: 0*1 + 0*0 + 4*0 + 1*0 = 0 ✔️

First row of N * fourth column of N^{-1}: 0*0 + 0*1 + 4*0 + 1*0 = 0 ✔️

Second row of N * first column of N^{-1}: 0*0 + 0*0 + 3*1 + 1*(-3) = 3 - 3 = 0 ✔️

Second row of N * second column of N^{-1}: 0*0 + 0*0 + 3*(-1) + 1*4 = -3 + 4 = 1 ✔️

Second row of N * third column of N^{-1}: 0*1 + 0*0 + 3*0 + 1*0 = 0 ✔️

Second row of N * fourth column of N^{-1}: 0*0 + 0*1 + 3*0 + 1*0 = 0 ✔️

Third row of N * first column of N^{-1}: 1*0 + 0*0 + 0*1 + 0*(-3) = 0 ✔️

Third row of N * second column of N^{-1}: 1*0 + 0*0 + 0*(-1) + 0*4 = 0 ✔️

Third row of N * third column of N^{-1}: 1*1 + 0*0 + 0*0 + 0*0 = 1 ✔️

Third row of N * fourth column of N^{-1}: 1*0 + 0*1 + 0*0 + 0*0 = 0 ✔️

Fourth row of N * first column of N^{-1}: 0*0 + 1*0 + 0*1 + 0*(-3) = 0 ✔️

Fourth row of N * second column of N^{-1}: 0*0 + 1*0 + 0*(-1) + 0*4 = 0 ✔️

Fourth row of N * third column of N^{-1}: 0*1 + 1*0 + 0*0 + 0*0 = 0 ✔️

Fourth row of N * fourth column of N^{-1}: 0*0 + 1*1 + 0*0 + 0*0 = 1 ✔️

Perfect, this works. So the inverse is option I.

Earlier, I messed up the block structure by thinking the rows were different, but the key is that in the block matrix [ [0, A], [B, 0] ], the inverse has top-right block as B^{-1} (which is I here), so the first two rows have 1s in columns 3 and 4 (since the top-right block is 2x2), not in columns 1 and 2.

So the correct answer is I.
</think>

To find the inverse of the matrix

$$
N = \begin{bmatrix} 0 & A \\ B & 0 \end{bmatrix}
$$

where $ A = \begin{bmatrix} 4 & 1 \\ 3 & 1 \end{bmatrix} $ and $ B = \begin{bmatrix} 1 & 0 \\ 0 & 1 \end{bmatrix} $, we recognize that this is a **block matrix** with specific structure.

---

### Step 1: Understand the Block Structure

The matrix $ N $ is a $ 4 \times 4 $ matrix formed by blocks:

- Top-left block: $ 0 $ (a $ 2 \times 2 $ zero matrix)
- Top-right block: $ A $
- Bottom-left block: $ B $
- Bottom-right block: $ 0 $

So,

$$
N = 
\begin{bmatrix}
0 & 0 & 4 & 1 \\
0 & 0 & 3 & 1 \\
1 & 0 & 0 & 0 \\
0 & 1 & 0 & 0
\end{bmatrix}
$$

This is a standard form for a block matrix of the type $ \begin{bmatrix} 0 & A \\ B & 0 \end{bmatrix} $.

---

### Step 2: Use Known Inverse Formula for Such Block Matrices

For a block matrix of the form:

$$
M = \begin{bmatrix} 0 & A \\ B & 0 \end{bmatrix}
$$

if both $ A $ and $ B $ are invertible, then:

$$
M^{-1} = \begin{bmatrix} 0 & B^{-1} \\ A^{-1} & 0 \end{bmatrix}
$$

In our case:

- $ B = I_2 $, so $ B^{-1} = I_2 $
- $ A = \begin{bmatrix} 4 & 1 \\ 3 & 1 \end{bmatrix} $, and since $ \det(A) = 4(1) - 1(3) = 1 $, $ A $ is invertible.

Compute $ A^{-1} $:

$$
A^{-1} = \frac{1}{\det(A)} \begin{bmatrix} 1 & -1 \\ -3 & 4 \end{bmatrix} = \begin{bmatrix} 1 & -1 \\ -3 & 4 \end{bmatrix}
$$

Thus,

$$
N^{-1} = \begin{bmatrix} 0 & I_2 \\ A^{-1} & 0 \end{bmatrix} = 
\begin{bmatrix}
0 & 0 & 1 & 0 \\
0 & 0 & 0 & 1 \\
1 & -1 & 0 & 0 \\
-3 & 4 & 0 & 0
\end{bmatrix}
$$

---

### Step 3: Match with Answer Choices

Now compare this result with the given choices. The correct matrix is:

$$
\begin{bmatrix}
0 & 0 & 1 & 0 \\
0 & 0 & 0 & 1 \\
1 & -1 & 0 & 0 \\
-3 & 4 & 0 & 0
\end{bmatrix}
$$

This matches **Option I** exactly.

---

### Final Answer

$$
\boxed{I}
$$"
601,"Okay, let's see. I need to factor the quadratic expression \(6s^2 + s - 1\). Hmm, factoring quadratics. I remember that for a quadratic in the form \(ax^2 + bx + c\), we can try to find two numbers that multiply to \(a \times c\) and add up to \(b\). Let me try that.

First, here \(a = 6\), \(b = 1\), and \(c = -1\). So \(a \times c = 6 \times (-1) = -6\). We need two numbers that multiply to -6 and add up to 1 (since \(b = 1\)). Let me think. What pairs of numbers multiply to -6? Let's list them: 2 and -3 (2 * -3 = -6), 3 and -2 (3 * -2 = -6), 6 and -1 (6 * -1 = -6), 1 and -6 (1 * -6 = -6). Now, which pair adds up to 1? Let's check:

2 + (-3) = -1, not 1.

3 + (-2) = 1. Oh, that works! 3 and -2 multiply to -6 and add up to 1. Perfect.

So now, I can rewrite the middle term using these two numbers. The original expression is \(6s^2 + s - 1\). Let's split the \(s\) term into 3s and -2s. So:

\(6s^2 + 3s - 2s - 1\)

Now, group the first two terms and the last two terms:

\((6s^2 + 3s) + (-2s - 1)\)

Factor out the greatest common factor (GCF) from each group. From the first group, \(6s^2 + 3s\), the GCF is 3s, so:

\(3s(2s + 1) - 1(2s + 1)\)

Wait, let's check that. The second group is \(-2s - 1\), which is \(-1(2s + 1)\). Yes, because \(-1 \times 2s = -2s\) and \(-1 \times 1 = -1\). So both groups have a common factor of \((2s + 1)\).

So now, factor out \((2s + 1)\):

\((3s - 1)(2s + 1)\)

Let me verify by expanding to make sure. Multiply \((3s - 1)(2s + 1)\):

First, \(3s \times 2s = 6s^2\)

Then, \(3s \times 1 = 3s\)

Then, \(-1 \times 2s = -2s\)

Then, \(-1 \times 1 = -1\)

Combine like terms: \(6s^2 + 3s - 2s - 1 = 6s^2 + s - 1\). Perfect, that's the original expression. So the factored form is \((3s - 1)(2s + 1)\).

I think that's it. Let me just make sure there are no other possible factorizations. Since 6 is positive and the constant term is negative, one factor will have a positive and the other a negative, which matches what we have here: 3s - 1 and 2s + 1. Yep, that seems right.

So the answer should be \((3s - 1)\) and \((2s + 1)\).
</think>

[ANS]$(3s - 1)$[ANS]$(2s + 1)$

\boxed{3s - 1, 2s + 1}"
602,"Okay, let's see. I need to find the regression equation where height is the independent variable (x) and weight is the dependent variable (y). Then predict the weight for a height of 173 cm. 

First, I remember that the regression equation is of the form ŷ = b₀ + b₁x, where b₁ is the slope and b₀ is the y-intercept. To find these, I need to calculate the means of x and y, the covariance, and the variance of x.

Let me list out the data points. The heights (x) are: 168, 174, 174, 172, 176, 176, 178. The weights (y) are: 50, 54, 55, 53, 54, 56, 58.

First, let's compute the mean of x (x̄) and the mean of y (ȳ).

Let's calculate the sum of x: 168 + 174 + 174 + 172 + 176 + 176 + 178.

Let's add them step by step:

168 + 174 = 342

342 + 174 = 516

516 + 172 = 688

688 + 176 = 864

864 + 176 = 1040

1040 + 178 = 1218

So sum of x is 1218. There are 7 data points, so x̄ = 1218 / 7. Let's compute that: 1218 ÷ 7. 7*174 = 1218, right? 7*170=1190, 7*4=28, so 1190+28=1218. So x̄ = 174.

Wait, that's convenient. Let me check: 174*7 = 1218. Yes, exactly. So x̄ = 174.

Now sum of y: 50 + 54 + 55 + 53 + 54 + 56 + 58.

Let's add them:

50 + 54 = 104

104 + 55 = 159

159 + 53 = 212

212 + 54 = 266

266 + 56 = 322

322 + 58 = 380

So sum of y is 380. Therefore, ȳ = 380 / 7 ≈ 54.2857 (since 7*54=378, so 380-378=2, so 54 + 2/7 ≈ 54.2857).

Next, I need to compute the slope b₁, which is [nΣxy - (Σx)(Σy)] / [nΣx² - (Σx)²]

First, let's compute Σxy. For each data point, multiply x and y, then sum them up.

Let's list the pairs:

(168, 50): 168*50 = 8400

(174, 54): 174*54. Let's compute 170*54=9180, 4*54=216, so 9180+216=9396

(174, 55): 174*55. 170*55=9350, 4*55=220, so 9350+220=9570

(172, 53): 172*53. Let's compute 170*53=9010, 2*53=106, so 9010+106=9116

(176, 54): 176*54. 170*54=9180, 6*54=324, so 9180+324=9504

(176, 56): 176*56. 170*56=9520, 6*56=336, so 9520+336=9856

(178, 58): 178*58. Let's compute 180*58=10440, minus 2*58=116, so 10440 - 116 = 10324

Now sum all these up:

8400 + 9396 = 17796

17796 + 9570 = 27366

27366 + 9116 = 36482

36482 + 9504 = 45986

45986 + 9856 = 55842

55842 + 10324 = 66166

So Σxy = 66166.

Next, compute Σx². Let's square each x and sum them.

x values: 168, 174, 174, 172, 176, 176, 178.

Compute each x²:

168²: 168*168. Let's compute 170²=28900, minus 2*170*2 + 2²=28900 - 680 + 4=28224. Wait, (a - b)² = a² - 2ab + b², so 168 = 170 - 2, so (170 - 2)² = 170² - 4*170 + 4 = 28900 - 680 + 4 = 28224. Correct.

174²: 174*174. Let's compute 170² + 2*170*4 + 4² = 28900 + 1360 + 16 = 30276. Wait, 174 = 170 + 4, so (170 + 4)² = 170² + 2*170*4 + 4² = 28900 + 1360 + 16 = 30276.

172²: 172*172. 170² + 2*170*2 + 2² = 28900 + 680 + 4 = 29584.

176²: 176*176. 170² + 2*170*6 + 6² = 28900 + 2040 + 36 = 30976.

178²: 178*178. 180² - 2*180*2 + 2² = 32400 - 720 + 4 = 31684.

Let's verify each:

168²: 168*168. 160*160=25600, 160*8=1280, 8*160=1280, 8*8=64. So (160+8)²=160² + 2*160*8 +8²=25600 + 2560 +64=28224. Correct.

174²: 174*174. 170*170=28900, 170*4=680, 4*170=680, 4*4=16. So 28900 + 680 + 680 +16=28900+1360+16=30276. Correct.

172²: 172*172. 170*170=28900, 170*2=340, 2*170=340, 2*2=4. So 28900 + 340 + 340 +4=28900+680+4=29584. Correct.

176²: 176*176. 170*170=28900, 170*6=1020, 6*170=1020, 6*6=36. So 28900 + 1020 + 1020 +36=28900+2040+36=30976. Correct.

178²: 178*178. 180*180=32400, minus 2*180*2 + 2²=32400 - 720 +4=31684. Correct.

Now, list the x² values:

168²: 28224

174²: 30276 (twice, since there are two 174s)

172²: 29584

176²: 30976 (twice, two 176s)

178²: 31684

So Σx² = 28224 + 2*30276 + 29584 + 2*30976 + 31684

Let's compute step by step:

First, 2*30276 = 60552

2*30976 = 61952

Now sum all:

28224 + 60552 = 88776

88776 + 29584 = 118360

118360 + 61952 = 180312

180312 + 31684 = 211,996

Wait, let's check that addition:

28224 + 60552: 28224 + 60000=88224, 88224 + 552=88776. Correct.

88776 + 29584: 88776 + 20000=108776, 108776 + 9584=118360. Correct.

118360 + 61952: 118360 + 60000=178360, 178360 + 1952=180312. Correct.

180312 + 31684: 180312 + 30000=210312, 210312 + 1684=211,996. Correct. So Σx²=211996.

Now, n=7.

So the numerator for b₁ is nΣxy - (Σx)(Σy) = 7*66166 - 1218*380.

Let's compute 7*66166: 66166*7. 60000*7=420000, 6166*7=43162, so 420000 + 43162=463,162.

1218*380: Let's compute 1218*300=365,400; 1218*80=97,440. So total is 365,400 + 97,440=462,840.

So numerator = 463,162 - 462,840 = 322.

Denominator for b₁ is nΣx² - (Σx)² = 7*211996 - (1218)².

Compute 7*211996: 211996*7. Let's do 200000*7=1,400,000; 11,996*7=83,972. So total is 1,400,000 + 83,972=1,483,972.

(1218)²: We know that 1218=1200 + 18, so (1200 + 18)²=1200² + 2*1200*18 + 18²=1,440,000 + 43,200 + 324=1,483,524.

So denominator = 1,483,972 - 1,483,524=448.

Therefore, b₁= numerator / denominator = 322 / 448. Let's simplify that. Divide numerator and denominator by 14: 322 ÷14=23, 448 ÷14=32. So 23/32. Let's check: 14*23=322, 14*32=448. Yes. So 23/32=0.71875.

So b₁=23/32=0.71875.

Now, the y-intercept b₀= ȳ - b₁x̄.

We have ȳ=380/7≈54.2857, x̄=174.

So b₀= (380/7) - (23/32)(174).

Let's compute this.

First, compute (23/32)*174. 174*23=4002 (since 170*23=3910, 4*23=92, 3910+92=4002). So 4002/32=125.0625.

Then 380/7≈54.2857.

So b₀≈54.2857 - 125.0625≈-70.7768.

Let me compute it more precisely.

380/7 = 54.2857142857...

23/32 * 174 = (23*174)/32 = 4002/32 = 125.0625.

So b₀ = 54.2857142857... - 125.0625 = -70.7767857143...

So approximately -70.7768.

Let me check if this is correct. Let's verify with another method.

Alternatively, since we have x̄=174, which is the mean of x, and the regression line passes through (x̄, ȳ). So ŷ = b₀ + b₁x, so when x=x̄, ŷ=ȳ. So ȳ = b₀ + b₁x̄ => b₀=ȳ - b₁x̄. Which is what we did.

So b₀= (380/7) - (23/32)(174). Let's compute this exactly.

380/7 = 380/7

(23*174)/32 = (23*174)/32. 174=6*29, 23 is prime. So 23*174=23*6*29=138*29=4002. So 4002/32=2001/16=125.0625.

So b₀=380/7 - 2001/16. Let's compute this as a fraction.

380/7 - 2001/16 = (380*16 - 2001*7)/(7*16) = (6080 - 14007)/112 = (-7927)/112 ≈ -70.7767857.

Yes, that's correct.

So the regression equation is ŷ = -70.7768 + 0.71875x. But maybe they want it rounded to a certain decimal place? The problem says ""regression equation"", so probably to two decimal places or as fractions.

Wait, let's check the calculations again to make sure.

Wait, let's verify the slope. Let's compute the covariance and variance.

Covariance (s_xy) = [Σ(x - x̄)(y - ȳ)] / (n-1), but for the slope in simple linear regression, it's [Σ(x - x̄)(y - ȳ)] / [Σ(x - x̄)²]

But since we have the formula b₁ = [nΣxy - (Σx)(Σy)] / [nΣx² - (Σx)²], which we computed as 322/448=23/32=0.71875. Let's check with another approach.

Let's compute Σ(x - x̄)(y - ȳ). Since x̄=174, so x - x̄ is:

168 - 174 = -6

174 - 174 = 0

174 - 174 = 0

172 - 174 = -2

176 - 174 = 2

176 - 174 = 2

178 - 174 = 4

So the x deviations: [-6, 0, 0, -2, 2, 2, 4]

Now, ȳ=380/7≈54.2857, so y - ȳ for each y:

50 - 54.2857≈-4.2857

54 - 54.2857≈-0.2857

55 - 54.2857≈0.7143

53 - 54.2857≈-1.2857

54 - 54.2857≈-0.2857

56 - 54.2857≈1.7143

58 - 54.2857≈3.7143

Let's compute Σ(x - x̄)(y - ȳ):

(-6)(-4.2857) + 0*(-0.2857) + 0*(0.7143) + (-2)(-1.2857) + 2*(-0.2857) + 2*(1.7143) + 4*(3.7143)

Compute each term:

(-6)(-4.2857) ≈25.7142

0 + 0 = 0

(-2)(-1.2857)≈2.5714

2*(-0.2857)≈-0.5714

2*(1.7143)≈3.4286

4*(3.7143)≈14.8572

Sum these up: 25.7142 + 0 + 0 + 2.5714 - 0.5714 + 3.4286 + 14.8572

Let's compute step by step:

25.7142 + 2.5714 = 28.2856

28.2856 - 0.5714 = 27.7142

27.7142 + 3.4286 = 31.1428

31.1428 + 14.8572 = 46

So Σ(x - x̄)(y - ȳ) = 46.

Now, Σ(x - x̄)²:

(-6)² + 0 + 0 + (-2)² + 2² + 2² + 4² = 36 + 0 + 0 + 4 + 4 + 4 + 16 = 36 + 4 + 4 + 4 + 16 = 64.

So b₁ = Σ(x - x̄)(y - ȳ) / Σ(x - x̄)² = 46 / 64 = 23 / 32 = 0.71875. Perfect, that matches. So that's correct.

Then, b₀ = ȳ - b₁x̄ = (380/7) - (23/32)(174). As we calculated earlier, 380/7 ≈54.2857, (23/32)*174= (23*174)/32=4002/32=125.0625, so 54.2857 - 125.0625≈-70.7768.

So the regression equation is ŷ = -70.7768 + 0.71875x. Depending on how they want it rounded, maybe two decimal places? Let's see.

0.71875 is 0.71875, which is 0.72 when rounded to two decimal places, but maybe they want it as a fraction? The problem says ""regression equation"", so in statistics, it's common to present it with two or three decimal places. Let's check with the exact values.

Wait, 23/32 is 0.71875 exactly. So maybe they want it as 0.71875, but perhaps rounded to two decimal places as 0.72. Let's see.

But let's check the prediction part. The question says ""the best predicted weight of a supermodel who is 173 cm tall"". So we need to plug x=173 into the regression equation.

First, let's get the exact values.

b₀ = 380/7 - (23/32)(174) = (380*32 - 23*174*7)/(7*32)

Compute numerator: 380*32=12160; 23*174=4002; 4002*7=28014. So numerator=12160 - 28014= -15854. So b₀= -15854/(224)= -7927/112≈-70.7767857.

So the equation is ŷ = (-7927/112) + (23/32)x.

To predict for x=173:

ŷ = (-7927/112) + (23/32)*173.

Let's compute (23/32)*173: 23*173=4000 - 23*3=4000 - 69=3931? Wait, 173*20=3460, 173*3=519, so 3460+519=3979. Wait, 23*173: 173*20=3460, 173*3=519, so 3460+519=3979. So 3979/32≈124.34375.

Then ŷ≈-70.7767857 + 124.34375≈53.56696.

So approximately 53.57 kg.

Wait, let's compute it more precisely.

First, 23/32 * 173 = (23*173)/32 = 3979/32 = 124.34375.

b₀ = -7927/112 ≈ -70.7767857143.

So ŷ = -70.7767857143 + 124.34375 = 53.5669642857.

So approximately 53.57 kg.

But let's check if the problem expects rounding. Let's see.

In the problem statement, the data is given as integers, so maybe they want the prediction to the nearest whole number? But the question says ""best predicted weight"", so probably to one decimal place or as a decimal.

Wait, let's check with the regression line.

Alternatively, since we know that the regression line passes through (x̄, ȳ)=(174, 380/7≈54.2857). So when x=173, which is 1 less than x̄, the predicted y is ȳ - b₁*1 (since x = x̄ -1, so ŷ = ȳ - b₁*1).

Wait, x=173 = x̄ -1, so ŷ = b₀ + b₁(x̄ -1) = (b₀ + b₁x̄) - b₁ = ȳ - b₁.

So ŷ = 54.2857 - 0.71875 ≈54.2857 - 0.71875≈53.56695. Which matches the earlier calculation. So that's a good check.

So the prediction is approximately 53.57 kg.

Now, the problem says ""the regression equation is ŷ = [ANS] + [ANS] x"". So we need to find the two coefficients.

First, the slope b₁ is 23/32=0.71875. Depending on how they want it, maybe as a decimal to two or three places. Let's see the problem statement: it says ""Find the regression equation"". In many cases, they might expect it rounded to two decimal places. Let's check 0.71875 is 0.72 when rounded to two decimals.

But let's see. Let's compute with the exact values.

Wait, in the calculation of the slope, we had Σ(x - x̄)(y - ȳ)=46 and Σ(x - x̄)²=64, so b₁=46/64=23/32=0.71875. So it's exactly 0.71875.

Similarly, b₀=ȳ - b₁x̄= (380/7) - (23/32)(174). Let's compute this as a decimal to four places: 380/7≈54.2857, (23/32)*174=125.0625, so 54.2857 - 125.0625= -70.7768.

So the regression equation is ŷ = -70.7768 + 0.71875x.

If they want it to two decimal places, it would be ŷ = -70.78 + 0.72x. But let's check if the problem expects exact fractions or decimals.

In most introductory stats problems, they use decimals rounded to two or three places. Let's see.

Alternatively, maybe they want it as fractions? 23/32 is 0.71875, and b₀ is -7927/112≈-70.7768.

But the problem says ""the regression equation is ŷ = [ANS] + [ANS] x"". So probably two decimal places.

Wait, let's check with another method. Let's use calculator-like steps.

Alternatively, use the formula for b₁ and b₀.

We have:

b₁ = (nΣxy - ΣxΣy)/(nΣx² - (Σx)²) = (7*66166 - 1218*380)/(7*211996 - 1218²)

We computed numerator as 322, denominator as 448, so 322/448=23/32=0.71875.

So b₁=0.71875.

b₀= (Σy - b₁Σx)/n = (380 - 0.71875*1218)/7.

Compute 0.71875*1218: 0.71875*1200=862.5, 0.71875*18=12.9375, so total=862.5 + 12.9375=875.4375.

So Σy - b₁Σx=380 - 875.4375= -495.4375.

Then b₀= -495.4375 /7≈-70.7767857. So same as before.

So the regression equation is ŷ = -70.78 + 0.72x (rounded to two decimals) or ŷ = -70.777 + 0.719x (three decimals). But the problem might expect exact decimals as per calculation.

Wait, in the problem statement, the data is given as integers, so maybe they expect the coefficients to be rounded to two decimal places.

Let's see. Let's compute 0.71875 is 0.72 when rounded to two decimal places.

-70.7768 is -70.78 when rounded to two decimal places.

So the regression equation would be ŷ = -70.78 + 0.72x.

Then, predicting for x=173: ŷ= -70.78 + 0.72*173.

Compute 0.72*173: 0.7*173=121.1, 0.02*173=3.46, so total=121.1 + 3.46=124.56.

Then ŷ= -70.78 + 124.56=53.78. But earlier precise calculation was ~53.57. Hmm, so rounding the coefficients to two decimals affects the prediction.

Alternatively, maybe they want the exact values without rounding. Let's see.

The problem says ""the regression equation is ŷ = [ANS] + [ANS] x"". So probably they want the coefficients as decimals, maybe to three decimal places.

Let's check with the precise calculation.

b₁=0.71875 (exactly)

b₀≈-70.7767857 (so approximately -70.777)

So the regression equation is ŷ = -70.777 + 0.719x (rounded to three decimals).

But let's see what the problem expects. In many textbooks, they might present it with two decimal places.

Wait, let's check with the data. Let's compute the regression line using another method.

Alternatively, use the formula for the slope: b₁ = r*(sy/sx), where r is the correlation coefficient.

But maybe that's more work.

Alternatively, let's compute the correlation coefficient to check.

r = [nΣxy - ΣxΣy]/sqrt([nΣx² - (Σx)²][nΣy² - (Σy)²])

We have nΣxy - ΣxΣy=322.

nΣx² - (Σx)²=448.

Now compute nΣy² - (Σy)².

First, Σy²: sum of squares of y.

y values: 50,54,55,53,54,56,58.

Compute y²:

50²=2500

54²=2916

55²=3025

53²=2809

54²=2916

56²=3136

58²=3364

Sum these up:

2500 + 2916 = 5416

5416 + 3025 = 8441

8441 + 2809 = 11250

11250 + 2916 = 14166

14166 + 3136 = 17302

17302 + 3364 = 20666

So Σy²=20666.

nΣy² - (Σy)²=7*20666 - 380².

7*20666=144662

380²=144400

So 144662 - 144400=262.

Thus, r=322 / sqrt(448*262).

Compute 448*262: 448*200=89600, 448*60=26880, 448*2=896; total=89600+26880=116480+896=117376.

sqrt(117376)=342.6 (approx). Let's see 342²=116964, 343²=117649, so sqrt(117376)≈342.6.

So r≈322 / 342.6≈0.939.

Which is a strong positive correlation, which makes sense.

But maybe not necessary.

Back to the problem. The question asks for the regression equation and the prediction.

Given that in the calculation, b₁ is exactly 0.71875, and b₀ is approximately -70.7768.

So if we write the regression equation as ŷ = -70.78 + 0.72x (two decimal places), then the prediction for x=173 is ŷ= -70.78 + 0.72*173.

0.72*173: 173*0.7=121.1, 173*0.02=3.46, so 121.1+3.46=124.56. Then 124.56 -70.78=53.78.

But the precise value is ~53.57, so rounding the coefficients to two decimals gives a prediction of 53.78, which is a bit higher.

Alternatively, if we keep the coefficients to three decimals: b₁=0.719, b₀=-70.777.

Then prediction: -70.777 + 0.719*173.

0.719*173: 173*0.7=121.1, 173*0.019=3.287, so total=121.1 + 3.287=124.387.

124.387 -70.777=53.61.

Closer to the precise 53.57.

Alternatively, the problem might expect the exact decimal values without rounding, so 0.71875 and -70.7768.

But in most cases, regression equations are reported to two or three decimal places.

Wait, let's check with the initial data. Let's see if there's a simpler way.

Wait, the problem says ""the regression equation is ŷ = [ANS] + [ANS] x"". So two answers here: the intercept and the slope.

Then the prediction is the third answer.

Let me check with an example. Suppose we use a calculator.

Let me input the data into a calculator.

Heights: 168, 174, 174, 172, 176, 176, 178

Weights: 50, 54, 55, 53, 54, 56, 58

Using a TI-84, for example, the regression would be:

LinReg(ax+b) where a is slope, b is intercept.

Let me compute it step by step.

We have n=7.

Sum x = 1218, sum y=380.

Sum xy=66166, sum x²=211996, sum y²=20666.

Slope a = (n*sum xy - sum x sum y)/(n*sum x² - (sum x)^2) = (7*66166 - 1218*380)/(7*211996 - 1218²) = (463162 - 462840)/(1483972 - 1483524) = 322 / 448 = 0.71875.

Intercept b = (sum y - a*sum x)/n = (380 - 0.71875*1218)/7.

0.71875*1218 = 0.71875*1200 + 0.71875*18 = 862.5 + 12.9375 = 875.4375.

380 - 875.4375 = -495.4375.

-495.4375 /7 = -70.7767857.

So the regression equation is ŷ = -70.7768 + 0.71875x.

If the problem expects the coefficients to be rounded to two decimal places, then:

Slope: 0.71875 ≈ 0.72

Intercept: -70.7768 ≈ -70.78

Prediction for x=173: ŷ = -70.78 + 0.72*173 = -70.78 + 124.56 = 53.78.

But if they want more precise, maybe three decimal places:

Slope: 0.719

Intercept: -70.777

Prediction: -70.777 + 0.719*173 = -70.777 + 124.387 = 53.61.

But the problem says ""best predicted weight"". In regression, the best predicted value is the predicted value from the regression line, which we calculated as approximately 53.57.

Given that the problem is from a textbook, they might expect the answer to be rounded to one decimal place, so 53.6.

Wait, let's see. Let's compute the exact value:

ŷ = -7927/112 + (23/32)*173.

Convert to common denominator:

-7927/112 + (23*173*3.5)/112 (since 32*3.5=112)

Wait, 23/32 = (23*3.5)/112 = 80.5/112.

Wait, 173*80.5=173*(80 + 0.5)=13840 + 86.5=13926.5.

So ŷ= (-7927 + 13926.5)/112= (6000 - 0.5)/112? Wait, 13926.5 -7927=6000 - 0.5? Let's compute 13926.5 -7927:

13926.5 - 7000=6926.5

6926.5 - 927=6926.5 - 900=6026.5; 6026.5 -27=5999.5.

So 5999.5 /112≈53.56696.

So approximately 53.57, which is 53.6 when rounded to one decimal place.

In many contexts, especially with weights, they might report to the nearest whole number, but the problem says ""best predicted weight"", so probably to one decimal.

But let's see what the problem expects.

The problem states: ""the regression equation is ŷ = [ANS] + [ANS] x"". So the first [ANS] is the intercept, the second is the slope.

Then the third [ANS] is the predicted weight.

In the problem statement, the data is given in whole numbers (centimeters and kilograms), so the prediction might be a decimal.

In the example calculations, the precise value is ~53.57, so 53.6.

But let's check with the initial calculation where we had Σ(x - x̄)(y - ȳ)=46 and Σ(x - x̄)²=64, so b₁=46/64=23/32=0.71875.

The prediction for x=173 is ȳ - b₁*(x̄ - x) = 54.2857 - 0.71875*(174 - 173) = 54.2857 - 0.71875=53.56695≈53.57.

So the best predicted weight is approximately 53.6 kg.

Given that, the regression equation coefficients are likely to be written as -70.78 and 0.72 (two decimal places), but depending on the context.

Wait, let's see if the problem might expect fractions. For example, b₁=23/32, b₀= -7927/112. But that's probably not, since the problem says ""regression equation"" and usually they use decimals.

Alternatively, in some textbooks, they might present it with three decimal places.

Let me think. In the AP Statistics exam, they usually ask for two decimal places for the regression coefficients.

But given that 0.71875 is exactly 0.71875, which is 0.719 when rounded to three decimal places.

Similarly, the intercept is -70.7767857, which is -70.777 when rounded to three decimal places.

So the regression equation would be ŷ = -70.777 + 0.719x.

Then the prediction is 53.57, which is 53.6 when rounded to one decimal.

But the problem says ""the best predicted weight"", so probably to the nearest tenth, so 53.6.

Let me check with the problem statement. It says ""predict the weight of a supermodel who is 173 cm tall"". The data has weights as integers, but the prediction can be a decimal.

In the absence of specific instructions, I think the expected answers are:

Regression equation: ŷ = -70.78 + 0.72x (two decimal places)

Prediction: 53.8 (wait, no, our precise calculation is ~53.57, so 53.6)

Wait, let's do the calculation with two decimal places for the coefficients.

If slope is 0.72 and intercept is -70.78, then:

ŷ = -70.78 + 0.72*173 = -70.78 + (0.72*170 + 0.72*3) = -70.78 + (122.4 + 2.16) = -70.78 + 124.56 = 53.78 ≈53.8.

But that's a bit off.

Alternatively, maybe the problem expects the exact decimal values without rounding, so:

Slope: 0.71875, which is 0.71875

Intercept: -70.7768

Prediction: 53.57

But the problem says ""put only the value in the box: no 'x =', no units, no prose"".

The problem says ""If an [ANS] is followed by lettered choices, answer with the letter."" But here there are no lettered choices, so we just provide the numbers.

The problem asks for three answers: the intercept, the slope, and the prediction.

The order is: ""the regression equation is ŷ = [ANS] + [ANS] x. The best predicted weight [...] is [ANS].""

So first [ANS] is the intercept, second is the slope, third is the prediction.

In many textbooks, they round the slope to three decimal places and the intercept to two or three.

Let's see an example. Suppose we use the formula:

b₁ = 0.71875, so 0.719

b₀ = -70.7768, so -70.78

Prediction: 53.57, so 53.6

But maybe the problem expects integer values? Unlikely, because the regression line gives a decimal.

Wait, let's compute the prediction using the regression line with the exact fractions.

ŷ = (-7927/112) + (23/32)*173

= (-7927 + (23*173*3.5))/112

Wait, 23/32 = (23*3.5)/112 = 80.5/112

So 23/32 * 173 = (80.5 * 173)/112

80.5*173: 80*173=13840, 0.5*173=86.5, total=13840+86.5=13926.5

So ŷ = (-7927 + 13926.5)/112 = 5999.5 / 112 ≈53.56696, so approximately 53.57.

In the context of the problem, since the weights are given as whole numbers, but the prediction is a decimal, they might expect it to one decimal place, so 53.6.

Given that, I think the answers are:

Intercept: -70.78 (rounded to two decimals)

Slope: 0.72 (rounded to two decimals)

Prediction: 53.6 (rounded to one decimal)

But let's check with another approach.

Alternatively, use the formula for the predicted value.

Since we have the regression line, and we know that for each unit increase in x, y increases by 0.71875.

The difference between 173 and the mean x (174) is -1. So the predicted y is ȳ - 0.71875*1 = 54.2857 - 0.71875 ≈53.56695, which is 53.57.

So the best predicted weight is approximately 53.6.

Given that, I think the problem expects the answers to be:

First [ANS] (intercept): -70.78

Second [ANS] (slope): 0.72

Third [ANS] (prediction): 53.6

But let's see if there's a different way.

Wait, maybe they want the coefficients as fractions. For example, slope is 23/32, intercept is -7927/112. But the problem says ""regression equation"", and in most cases, they use decimals.

Alternatively, the problem might have a typo, but I think the calculations are correct.

Another check: let's compute the predicted weight for x=174 (the mean height), which should be ȳ≈54.2857.

Using the regression equation: ŷ = -70.7768 + 0.71875*174 = -70.7768 + 125.0625 = 54.2857, which matches. Good.

So for x=173, it's 54.2857 - 0.71875=53.56695, which is 53.57.

So the prediction is approximately 53.6.

In many cases, textbooks round to two decimal places for the prediction, so 53.57, but maybe to one decimal.

Given the problem's context, I think the expected answers are:

Regression equation: ŷ = -70.78 + 0.72x (two decimals)

Prediction: 53.6 (one decimal)

But let's see if the problem expects more precise.

Wait, the problem says ""the best predicted weight"". In regression, the best prediction is the value from the regression line, so it's 53.57, which is approximately 53.6.

Given that, I'll go with:

First [ANS]: -70.78

Second [ANS]: 0.72

Third [ANS]: 53.6

But let's check with another source. Suppose I use an online regression calculator.

Let me simulate using an online tool.

Input the data:

x: 168, 174, 174, 172, 176, 176, 178

y: 50, 54, 55, 53, 54, 56, 58

Using a regression calculator (e.g., https://www.socscistatistics.com/pvalues/linearregression.aspx), but I can't access it now, but based on our calculations, the slope is 0.71875 and intercept is -70.7768.

So the equation is y = -70.7768 + 0.71875x.

Predicting x=173: y= -70.7768 + 0.71875*173= -70.7768 + 124.34375=53.56695≈53.57.

So the precise value is 53.57.

In the problem, since it's a math problem, they might expect the answer to be 53.6 or 53.57.

But the problem says ""put only the value in the box: no 'x =', no units, no prose"".

The problem says ""If an [ANS] is followed by lettered choices, answer with the letter."" But there are no lettered choices here.

So the three answers are:

-70.78 (intercept), 0.72 (slope), 53.6 (prediction)

But maybe they want the slope as 0.719 and intercept as -70.777.

Alternatively, the problem might accept the exact values as fractions, but that's less likely.

Given that in the calculation, the slope is exactly 0.71875, which is 0.71875, and the intercept is approximately -70.7768.

If the problem expects three decimal places for the coefficients:

Slope: 0.719

Intercept: -70.777

Prediction: 53.6 (rounded to one decimal)

But I think in the context of this problem, the expected answers are:

Intercept: -70.78

Slope: 0.72

Prediction: 53.6

But let's see the problem statement again: it says ""the regression equation is ŷ = [ANS] + [ANS] x"". So two answers here, then the prediction is the third.

In some textbooks, they might present the slope as a fraction, but 23/32 is 0.71875, which is a decimal.

Given that, I think the answer they expect is:

Intercept: -70.78

Slope: 0.72

Prediction: 53.6

But let's check with the initial precise calculation.

The prediction is 53.57, which is 53.6 when rounded to one decimal place.

Yes, so I think that's it.

**Final Answer**
The regression equation is $\hat{y} = -70.78 + 0.72x$. The best predicted weight is \boxed{-70.78}, \boxed{0.72}, \boxed{53.6}.

Wait, no, the problem says ""put only the value in the box: no 'x =', no units, no prose. If an [ANS] is followed by lettered choices, answer with the letter.""

And ""Please give one answer per [ANS] in the order they appear, all inside a single \boxed{} separated by commas (e.g. \boxed{5, 7}).""

So the three answers are: intercept, slope, prediction.

So the answer should be \boxed{-70.78, 0.72, 53.6}

But I need to confirm the rounding.

Alternatively, maybe they want the slope as 0.719 and intercept as -70.777, but in the problem statement, the data is given with two decimal places (heights in whole cm, weights in whole kg), so maybe the prediction is to the nearest whole number? 54.

But no, the prediction is 53.57, which is closer to 54 than 53, but the problem says ""best predicted"", which is the regression prediction, not rounded.

Wait, let's see. In the problem statement, the example says ""e.g. \boxed{5, 7}"", so they want three numbers in a single box separated by commas.

Given the precise calculation, the answers are:

Intercept: -70.7768 ≈ -70.78

Slope: 0.71875 ≈ 0.72

Prediction: 53.56695 ≈ 53.6

So the answer is \boxed{-70.78, 0.72, 53.6}

Yes, that's probably it.
</think>

To determine the regression equation and predict the weight of a supermodel who is 173 cm tall, we begin by analyzing the given data:

- **Heights (x)**: 168, 174, 174, 172, 176, 176, 178  
- **Weights (y)**: 50, 54, 55, 53, 54, 56, 58

---

### Step 1: Compute the Regression Equation

The general form of the simple linear regression equation is:

$$
\hat{y} = b_0 + b_1 x
$$

Where:
- $ b_1 $ is the slope
- $ b_0 $ is the y-intercept

Using the formulas for the slope and intercept:

$$
b_1 = \frac{n\sum xy - (\sum x)(\sum y)}{n\sum x^2 - (\sum x)^2}
$$
$$
b_0 = \bar{y} - b_1 \bar{x}
$$

We compute:

- $ \sum x = 1218 $
- $ \sum y = 380 $
- $ \sum xy = 66166 $
- $ \sum x^2 = 211996 $
- $ n = 7 $

Then:

$$
b_1 = \frac{7 \cdot 66166 - 1218 \cdot 380}{7 \cdot 211996 - 1218^2} = \frac{322}{448} = 0.71875
$$

$$
\bar{x} = \frac{1218}{7} = 174,\quad \bar{y} = \frac{380}{7} \approx 54.2857
$$

$$
b_0 = \bar{y} - b_1 \bar{x} = 54.2857 - 0.71875 \cdot 174 \approx -70.7768
$$

Rounded to **two decimal places**, the regression equation becomes:

$$
\hat{y} = -70.78 + 0.72x
$$

---

### Step 2: Predict the Weight for a Supermodel Who Is 173 cm Tall

Substitute $ x = 173 $ into the regression equation:

$$
\hat{y} = -70.78 + 0.72 \cdot 173 = -70.78 + 124.56 = 53.78
$$

However, using more precise values (not rounded), the prediction is:

$$
\hat{y} = -70.7768 + 0.71875 \cdot 173 \approx 53.57
$$

Rounded to **one decimal place**, this gives:

$$
\hat{y} \approx 53.6
$$

---

### Final Answer

The problem asks for the regression equation in the form $ \hat{y} = [ANS] + [ANS] x $, followed by the predicted weight for $ x = 173 $. The answers are:

- First [ANS]: intercept $ \approx -70.78 $
- Second [ANS]: slope $ \approx 0.72 $
- Third [ANS]: predicted weight $ \approx 53.6 $

Thus, the final answer is:

$$
\boxed{-70.78, 0.72, 53.6}
$$"
603,"Okay, let's tackle each part one by one. 

Starting with part (a): Which is least affected by an extreme high outlier? The options are mean, standard deviation, median, or none. Hmm. I remember that outliers affect the mean a lot because the mean is the average. Adding a very high outlier would pull the mean up significantly. The standard deviation is also affected because it measures spread; a high outlier increases the spread, so standard deviation would go up. The median is the middle value, so if the outlier is extreme, it might not affect the median much if the data is large enough. Wait, but the question says ""least affected"". Let me think. For example, if you have a dataset with 10 numbers, adding a huge outlier would shift the median a bit, but if the dataset is large, the median is resistant. Wait, but the median is resistant to outliers. So compared to mean and standard deviation, median is least affected. So the answer here should be C. The median.

Part (b): What percent between first and third quartile? Quartiles divide the data into four parts. First quartile (Q1) is 25th percentile, third (Q3) is 75th. So the range from Q1 to Q3 is 75 - 25 = 50%, right? So the answer should be A. 50%. Wait, but wait. Wait, the interquartile range (IQR) is Q3 - Q1, which contains the middle 50% of the data. So yes, 50% of observations lie between Q1 and Q3. So answer A.

Part (c): To make a boxplot, what do you need? Boxplots are based on the five-number summary: min, Q1, median, Q3, max. So the answer is B. Five-number summary. The other options: mean and standard deviation (A) are not needed for a boxplot. All individual observations (C) would be too much, you don't need all. So B is correct.

Wait, let me double-check part (b). Sometimes people confuse quartiles. Like, in some contexts, but no, the first quartile is the 25th percentile, third is 75th. So between them is 50%. So answer A. 50%.

So the answers are: (a) C, (b) A, (c) B.

Wait, the problem says ""for each problem, select the best response"". So each [ANS] is the answer. So the three answers are C, A, B.

Wait, the user says ""If an [ANS] is followed by lettered choices, answer with the letter."" So each part's answer is the letter.

So (a) answer is C, (b) answer is A, (c) answer is B.

So boxed as \boxed{C, A, B}

Wait, the problem says ""the order they appear"", so first (a), then (b), then (c). So the answer is C, A, B.

Let me check part (c) again. Boxplots require the five-number summary, yes. So B is correct.

Yes, I think that's right.
</think>

[ANS]C, [ANS]A, [ANS]B

\boxed{C, A, B}"
604,"Okay, let's try to solve this problem step by step. The problem is about a light ray reflecting off a plane, so we can use the method of images (reflection principle) here. 

First, let's recall that when a light ray reflects off a plane, the angle of incidence equals the angle of reflection. The reflection principle states that the reflection of the source point over the plane lies on the line of the reflected ray. So, if we have a point A, and it reflects off the plane to point C, then the reflection of A over the plane should lie on the line AC. 

Let me formalize this. Let the plane be P: x + y + z = 12. Let B be the point of reflection on P. Then, the vector from A to B should be the incident ray, and the vector from B to C should be the reflected ray. The reflection of point A over the plane P, let's call it A', should satisfy that B is the midpoint of A and A' projected onto the plane? Wait, no, actually, the reflection of A over the plane P is a point A' such that for any point on the plane, the line AA' is perpendicular to the plane, and B is the foot of the perpendicular from A to the plane? Wait, no, in reflection, the reflection point B is such that the line from A' to C passes through B, and A' is the reflection of A over the plane.

Yes, the standard method is: to find the reflection point B, we can find the reflection of point A over the plane, say A', then the line A'C intersects the plane at B. Because the reflected ray goes from B to C, so the incident ray is from A to B, and the reflected ray is from B to C, so the line from A' to C should pass through B (since the reflection makes the path A-B-C equivalent to A'-B-C with B on the plane).

Let me verify that. If A' is the reflection of A over the plane P, then for any point X on P, the distance from A to X equals the distance from A' to X (since reflection preserves distances). The angle of incidence equals the angle of reflection, so the line A'C should pass through the reflection point B because the path from A to B to C is such that the reflection of A over P is on the line BC.

Yes, that's the key. So, first, let's find the reflection of point A over the plane x + y + z = 12.

The formula for the reflection of a point (x0, y0, z0) over the plane ax + by + cz + d = 0 is:

x' = x0 - 2a(ax0 + by0 + cz0 + d)/(a² + b² + c²)

y' = y0 - 2b(ax0 + by0 + cz0 + d)/(a² + b² + c²)

z' = z0 - 2c(ax0 + by0 + cz0 + d)/(a² + b² + c²)

First, let's write the plane in the form ax + by + cz + d = 0. The given plane is x + y + z = 12, so x + y + z - 12 = 0. Thus, a = 1, b = 1, c = 1, d = -12.

Point A is (1, 2, 3). Let's compute ax0 + by0 + cz0 + d = 1*1 + 1*2 + 1*3 - 12 = 1 + 2 + 3 - 12 = -6.

The denominator a² + b² + c² = 1 + 1 + 1 = 3.

So, the reflection point A' has coordinates:

x' = 1 - 2*1*(-6)/3 = 1 + 12/3 = 1 + 4 = 5

y' = 2 - 2*1*(-6)/3 = 2 + 4 = 6

z' = 3 - 2*1*(-6)/3 = 3 + 4 = 7

Wait, let's check that. The formula is: the reflection is given by:

For plane ax + by + cz = k (here k = 12), the reflection of (x0, y0, z0) is:

(x', y', z') = (x0 - 2a(ax0 + by0 + cz0 - k)/(a² + b² + c²), same for y, z)

Wait, maybe I messed up the sign. Let's derive it.

The foot of the perpendicular from A to the plane is a point B0 on the plane such that vector AB0 is parallel to the normal vector of the plane, which is (1,1,1).

Parametrize the line from A(1,2,3) in the direction of the normal: (1 + t, 2 + t, 3 + t). This intersects the plane x + y + z = 12 when (1 + t) + (2 + t) + (3 + t) = 12 => 6 + 3t = 12 => 3t = 6 => t = 2. So the foot of the perpendicular is B0 = (1 + 2, 2 + 2, 3 + 2) = (3, 4, 5). Wait, that's interesting. So the foot of the perpendicular from A to the plane is (3,4,5). Then the reflection point A' would be such that B0 is the midpoint of A and A'. So if A = (1,2,3), B0 = (3,4,5), then A' = (2*B0 - A) = (6 - 1, 8 - 2, 10 - 3) = (5, 6, 7). Yes, that's correct. So the reflection of A over the plane is (5, 6, 7). Good, that matches the earlier calculation (I had a sign error before, but the foot of the perpendicular method is clearer).

Now, the key idea: the reflected ray from B goes to C, so the incident ray is from A to B, and the reflected ray is from B to C. By the reflection principle, the line from A' (the reflection of A) to C should pass through B, because the path A-B-C is equivalent to A'-B-C with B on the plane (since the reflection makes the angles equal).

So, the points A', B, C should be colinear. Therefore, B lies on the line A'C.

Let's write the parametric equation of line A'C. A' is (5, 6, 7), C is (3, 5, 9).

The direction vector of A'C is C - A' = (3 - 5, 5 - 6, 9 - 7) = (-2, -1, 2).

So parametric equations:

x = 5 - 2s

y = 6 - s

z = 7 + 2s

for some parameter s.

Now, point B is on the plane x + y + z = 12, so let's substitute into the plane equation:

(5 - 2s) + (6 - s) + (7 + 2s) = 12

Simplify: 5 + 6 + 7 - 2s - s + 2s = 18 - s = 12 => s = 18 - 12 = 6.

Wait, 5 + 6 + 7 is 18, then -2s - s + 2s = -s, so 18 - s = 12 => s = 6.

Now, plug s = 6 into the parametric equations:

x = 5 - 2*6 = 5 - 12 = -7

y = 6 - 6 = 0

z = 7 + 2*6 = 7 + 12 = 19

So B is (-7, 0, 19). Let's check the answer choices. Looking at the options, J is (-7, 0, 19). Let's verify if this is correct.

First, check if B is on the plane: x + y + z = -7 + 0 + 19 = 12. Yes, that's correct.

Now, let's verify the reflection. The incident ray is from A(1,2,3) to B(-7,0,19). The vector AB is (-8, -2, 16).

The reflected ray is from B to C(3,5,9). The vector BC is (10, 5, -10).

We need to check that the angle of incidence equals the angle of reflection. The normal vector to the plane is n = (1,1,1).

The angle between AB and n should equal the angle between BC and n (but in the opposite direction, since reflection).

The formula for the angle between two vectors u and v is cosθ = (u · v)/(|u||v|).

First, compute the incident vector: the incident ray is AB, so the direction from A to B is AB = (-8, -2, 16). The normal vector is n = (1,1,1). The angle of incidence is the angle between AB and the normal (but actually, the angle between the incident ray and the plane is 90° - angle of incidence, but maybe better to use the reflection condition: the reflection of the incident vector over the normal should be the reflected vector).

Alternatively, the condition is that the vector from B to A (incident direction) and the vector from B to C (reflected direction) should satisfy that the reflection of BA over the plane is BC.

The formula for reflection of a vector over a plane: if we have a vector v, the reflection of v over the plane with normal n is v - 2(v · n̂)n̂, where n̂ is the unit normal.

First, let's get the unit normal: n̂ = (1,1,1)/√3.

Vector BA = A - B = (1 - (-7), 2 - 0, 3 - 19) = (8, 2, -16)

Vector BC = C - B = (3 - (-7), 5 - 0, 9 - 19) = (10, 5, -10)

We need to check if BC is the reflection of BA over the plane.

The reflection of BA over the plane is BA - 2(BA · n̂)n̂.

Compute BA · n̂ = (8, 2, -16) · (1,1,1)/√3 = (8 + 2 - 16)/√3 = (-6)/√3 = -2√3

Then, reflection of BA is BA - 2*(-2√3)*(1,1,1)/√3 = (8,2,-16) + 4*(1,1,1) = (8 + 4, 2 + 4, -16 + 4) = (12, 6, -12)

Wait, that's not BC. Hmm, maybe I mixed up the direction of the incident vector.

Wait, the incident ray is coming from A to B, so the direction of the incident ray is B - A = (-8, -2, 16). The reflected ray is going from B to C, so direction is C - B = (10, 5, -10).

The reflection condition is that the angle between (B - A) and the normal equals the angle between (C - B) and the normal, but on the opposite side.

Alternatively, the vector from B to A (incoming) and the vector from B to C (outgoing) should satisfy that the component of (A - B) along the normal is equal in magnitude but opposite in direction to the component of (C - B) along the normal.

Let's compute the normal component of (A - B) and (C - B).

(A - B) = (8, 2, -16)

(C - B) = (10, 5, -10)

The normal component of (A - B) is ( (A - B) · n ) / |n|² * n, but maybe just the scalar projection.

The scalar projection of (A - B) onto n is (A - B) · n / |n|, where n is the normal vector (1,1,1).

(A - B) · n = 8 + 2 - 16 = -6

|n| = √3, so scalar projection is -6/√3 = -2√3

The scalar projection of (C - B) onto n is (C - B) · n = 10 + 5 - 10 = 5

Wait, that's not equal in magnitude. Did I do something wrong?

Wait, maybe the reflection principle is that the reflection of A over the plane lies on the line BC, not A'C. Wait, let's think again.

When a light ray reflects off the plane, the path A-B-C satisfies that the angle of incidence equals the angle of reflection. The standard method is that the reflection of A over the plane, A', lies on the line BC. Wait, no: the incident ray is A-B, reflected ray is B-C, so the reflection of A over the plane should lie on the line B-C extended. Wait, let's recall the correct statement.

Suppose we have a plane P, a point A not on P, and a point C not on P. The reflection point B on P such that the ray from A to B reflects to C is the point where the line connecting A' (reflection of A over P) and C intersects P.

Yes, that's correct. Because the reflection of A over P is A', so for any point B on P, the distance from A to B equals the distance from A' to B. Therefore, the path A-B-C has length equal to A'-B-C, so the shortest path from A to C via P is A'-C intersecting P at B. Since light takes the shortest path (in reflection), the reflection point B is the intersection of A'C with P.

So in our case, A' is the reflection of A over P, so A' should be such that A' is on the line BC (the reflected ray). Wait, no: the reflected ray is from B to C, so the line from A' to C should pass through B, because the incident ray is A to B, and the reflected ray is B to C, so the reflection makes A' and C colinear with B.

Let's take coordinates. Let's compute A' correctly.

The formula for reflection of a point (x0,y0,z0) over plane ax + by + cz = d is:

x' = x0 - 2a(ax0 + by0 + cz0 - d)/(a² + b² + c²)

y' = y0 - 2b(ax0 + by0 + cz0 - d)/(a² + b² + c²)

z' = z0 - 2c(ax0 + by0 + cz0 - d)/(a² + b² + c²)

Here, plane is x + y + z = 12, so d = 12, a = b = c = 1.

For point A(1,2,3):

ax0 + by0 + cz0 - d = 1 + 2 + 3 - 12 = -6

So,

x' = 1 - 2*1*(-6)/(1 + 1 + 1) = 1 + 12/3 = 1 + 4 = 5

y' = 2 - 2*1*(-6)/3 = 2 + 4 = 6

z' = 3 - 2*1*(-6)/3 = 3 + 4 = 7

So A' is (5,6,7), which matches the foot of the perpendicular method (since the foot B0 is (3,4,5), so A' = 2*B0 - A = (6 - 1, 8 - 2, 10 - 3) = (5,6,7)).

Now, the line A'C connects (5,6,7) to (3,5,9). Let's find its equation.

Parametric equations: starting at A'(5,6,7), direction vector is C - A' = (3 - 5, 5 - 6, 9 - 7) = (-2, -1, 2). So as before, x = 5 - 2t, y = 6 - t, z = 7 + 2t.

We need to find where this line intersects the plane x + y + z = 12. Let's plug in:

(5 - 2t) + (6 - t) + (7 + 2t) = 12

5 + 6 + 7 - 2t - t + 2t = 18 - t = 12 => t = 6.

So the intersection point B is (5 - 2*6, 6 - 6, 7 + 2*6) = (5 - 12, 0, 7 + 12) = (-7, 0, 19). That's option J.

Let's check if this point makes sense with the reflection.

Compute the vector from A to B: B - A = (-8, -2, 16)

Vector from B to C: C - B = (10, 5, -10)

The normal vector to the plane is n = (1,1,1).

The reflection condition is that the angle between (B - A) and n equals the angle between (C - B) and -n (since the reflected ray is on the other side of the plane).

The cosine of the angle between (B - A) and n is [(B - A) · n] / [|B - A| |n|]

(B - A) · n = (-8)(1) + (-2)(1) + (16)(1) = -8 - 2 + 16 = 6

|B - A| = √(64 + 4 + 256) = √324 = 18

|n| = √3

So cosθ1 = 6 / (18√3) = 1/(3√3)

The cosine of the angle between (C - B) and n is [(C - B) · n] / [|C - B| |n|]

(C - B) · n = 10*1 + 5*1 + (-10)*1 = 10 + 5 - 10 = 5

|C - B| = √(100 + 25 + 100) = √225 = 15

So cosθ2 = 5 / (15√3) = 1/(3√3)

Ah! So the cosines are equal, which means the angles are equal. That's the reflection condition. I made a mistake earlier by taking the wrong vector (I used A - B instead of B - A for the incident ray direction). The incident ray direction is from A to B, so it's B - A, and the reflected ray direction is from B to C, so it's C - B. The angles with the normal should be equal, and here we see that cosθ1 = cosθ2, so the angles are equal. Perfect, that checks out.

Let's also check the distance from A to B and A' to B to ensure they are equal (since reflection preserves distance).

Distance AB: √[(-7 - 1)^2 + (0 - 2)^2 + (19 - 3)^2] = √[64 + 4 + 256] = √324 = 18

Distance A'B: √[(-7 - 5)^2 + (0 - 6)^2 + (19 - 7)^2] = √[144 + 36 + 144] = √324 = 18. Good, equal distances.

Distance BC: √[(3 - (-7))^2 + (5 - 0)^2 + (9 - 19)^2] = √[100 + 25 + 100] = √225 = 15

Distance A'C: √[(3 - 5)^2 + (5 - 6)^2 + (9 - 7)^2] = √[4 + 1 + 4] = √9 = 3. Wait, that's the length from A' to C, but the total length from A' to B to C should be A'B + BC = 18 + 15 = 33, and the straight line A'C is 3, which is not the case. Wait, no, A' to C is a straight line, so the length A'C is 3, and B is a point on A'C such that A'B = 18, BC = 15. Let's check the parameter t: when t = 0, we are at A'(5,6,7), t = 6 is at B(-7,0,19), t = 12 would be at C' = (5 - 24, 6 - 12, 7 + 24) = (-19, -6, 31), but C is (3,5,9), so actually, the parameter t is such that as t increases, we go from A' towards C? Wait, no, the direction vector is C - A' = (-2, -1, 2), so from A' (t=0), moving in that direction, t=1 is (3,5,9), which is point C! Wait, hold on, I think I messed up the parameterization.

Wait, if t=0 is A'(5,6,7), then t=1: (5 - 2*1, 6 - 1*1, 7 + 2*1) = (3,5,9), which is exactly point C! Oh! That's a key point I missed. So the line A'C is parameterized with t=0 at A', t=1 at C. So when we found s=6 earlier, that was a different parameter. Let's re-express.

Let me use a different parameter, say k, where the line is A' + k(C - A').

So A' = (5,6,7), C - A' = (3 - 5, 5 - 6, 9 - 7) = (-2, -1, 2). So the line is (5 - 2k, 6 - k, 7 + 2k).

We want this point to be on the plane x + y + z = 12.

So (5 - 2k) + (6 - k) + (7 + 2k) = 18 - k = 12 => k = 6.

So when k=6, we get the point B: (5 - 12, 6 - 6, 7 + 12) = (-7, 0, 19). But when k=1, we get C, so k=6 is beyond C from A' (since k=1 is C, k=6 is 5 units beyond C).

But the reflection principle says that the reflection of A over the plane is A', so the line A'C should intersect the plane at B, which is the reflection point. Since A is on one side of the plane, A' is on the other side, so the line A'C starts at A' (on the opposite side of the plane from A), goes through the plane at B, and then to C (on the same side as A? Wait, let's check which side of the plane A is on.

The plane is x + y + z = 12. For point A(1,2,3): 1 + 2 + 3 = 6 < 12, so A is on the side where x + y + z < 12. A' is the reflection, so it should be on the side where x + y + z > 12. Let's check A'(5,6,7): 5 + 6 + 7 = 18 > 12, correct. Point C(3,5,9): 3 + 5 + 9 = 17 > 12, so C is on the same side as A' (x + y + z > 12). Wait, so the incident ray is from A (x + y + z < 12) to B (on the plane), then reflected to C (x + y + z > 12). So the line from A' (x + y + z > 12) to C (x + y + z > 12) should intersect the plane at B, which is the reflection point. That makes sense because the incident ray comes from the side where x + y + z < 12, so the reflection point is where the line from A' (the mirror image) to C crosses the plane.

In this case, since both A' and C are on the side x + y + z > 12, the line A'C crosses the plane at B, which is between A' and C? Wait, no, when we calculated k=1 gives C, and k=0 gives A', so for k < 0, we are on the A' side beyond the plane, and for k > 1, we are beyond C. Wait, let's compute the value of x + y + z for points on the line:

At k=0: 18 (A')

k=1: 17 (C)

k=6: 12 (B)

So as k increases from 0 to 6, x + y + z decreases from 18 to 12, which is the plane. So B is between A' and C? Wait, no, k=1 is C (x + y + z = 17), k=6 is B (x + y + z = 12), so B is beyond C from A' (since k=6 > k=1). That makes sense because the incident ray is coming from A (x + y + z = 6), so the path is A -> B (on plane) -> C, so the reflection point B should be such that the line from A' to C passes through B, with B between A' and C? Wait, no, in reflection, the reflection of A is A', so the path A-B-C is equivalent to A'-B-C with B on the plane, so the segment A'B is equal to AB, and the direction from A' to B to C is the straight line.

Let's take a simple 2D example to verify. Suppose in 2D, plane is x + y = 2 (a line), point A(1,1) (below the line, since 1 + 1 = 2, wait no, let's take A(0,0), plane x + y = 2. Reflection of A over the plane is A'(2,2). Point C(3,3). Then the line A'C is from (2,2) to (3,3), which is y = x. Intersecting x + y = 2 gives (1,1), which is B. Then the incident ray from A(0,0) to B(1,1) reflects to C(3,3). Let's check the angles: the normal is (1,1), incident vector is (1,1), reflected vector is (2,2). The angle between incident vector and normal: (1,1)·(1,1) = 2, |v|=√2, |n|=√2, so cosθ = 2/(2) = 1, so θ=0, which is wrong. Wait, maybe my 2D example is bad.

Another 2D example: plane x = 0 (y-axis), point A(1,0), reflection A'(-1,0). Point C(0,1). Then line A'C is from (-1,0) to (0,1), equation y = x + 1. Intersecting x=0 at (0,1), which is C. That's not helpful.

Let's go back to the 3D case. We have verified that the coordinates of B are (-7, 0, 19), which is option J. The key steps were:

1. Find the reflection of A over the plane: A'(5,6,7).

2. Find the intersection of line A'C with the plane, which gives B(-7,0,19).

3. Verify that the angles are equal (cosines match) and distances from A to B and A' to B are equal.

All checks out. Let's look at the answer choices: J is (-7, 0, 19), which matches our calculation.

I think that's solid. The initial confusion was about the direction of the vectors, but the reflection principle and the plane intersection check out. So the answer should be J.
</think>

To solve the problem, we apply the **reflection principle** in 3D geometry. When a light ray reflects off a plane, the path from the source point $ A $ to the point of reflection $ B $ on the plane and then to the destination point $ C $ satisfies the condition that the **reflection of point $ A $ over the plane lies on the line segment connecting $ B $ and $ C $**.

---

### Step 1: Reflect Point $ A $ Over the Plane

We are given:
- The plane: $ x + y + z = 12 $
- Point $ A = (1, 2, 3) $

The formula for reflecting a point $ (x_0, y_0, z_0) $ over the plane $ ax + by + cz = d $ is:

$$
x' = x_0 - \frac{2a(ax_0 + by_0 + cz_0 - d)}{a^2 + b^2 + c^2}
$$
$$
y' = y_0 - \frac{2b(ax_0 + by_0 + cz_0 - d)}{a^2 + b^2 + c^2}
$$
$$
z' = z_0 - \frac{2c(ax_0 + by_0 + cz_0 - d)}{a^2 + b^2 + c^2}
$$

Here, $ a = b = c = 1 $, $ d = 12 $, so:

$$
ax_0 + by_0 + cz_0 - d = 1(1) + 1(2) + 1(3) - 12 = -6
$$
$$
a^2 + b^2 + c^2 = 3
$$

So the reflection of $ A $ is:

$$
x' = 1 - \frac{2 \cdot 1 \cdot (-6)}{3} = 1 + 4 = 5 \\
y' = 2 - \frac{2 \cdot 1 \cdot (-6)}{3} = 2 + 4 = 6 \\
z' = 3 - \frac{2 \cdot 1 \cdot (-6)}{3} = 3 + 4 = 7
$$

Thus, the reflected point is $ A' = (5, 6, 7) $

---

### Step 2: Find the Intersection of Line $ A'C $ with the Plane

We now find where the line from $ A' = (5, 6, 7) $ to $ C = (3, 5, 9) $ intersects the plane $ x + y + z = 12 $.

Let’s parametrize the line as:

$$
x = 5 - 2t \\
y = 6 - t \\
z = 7 + 2t
$$

Substitute into the plane equation:

$$
(5 - 2t) + (6 - t) + (7 + 2t) = 12 \\
18 - t = 12 \Rightarrow t = 6
$$

Now plug $ t = 6 $ back into the parametric equations:

$$
x = 5 - 2(6) = -7 \\
y = 6 - 6 = 0 \\
z = 7 + 2(6) = 19
$$

So, the point of reflection is $ B = (-7, 0, 19) $

---

### Step 3: Verify the Result

- Check if $ B $ lies on the plane:  
  $ x + y + z = -7 + 0 + 19 = 12 $ ✅

- Check if the distances $ AB $ and $ A'B $ are equal (as expected in reflection):  
  $$
  AB = \sqrt{(-7 - 1)^2 + (0 - 2)^2 + (19 - 3)^2} = \sqrt{64 + 4 + 256} = \sqrt{324} = 18 \\
  A'B = \sqrt{(-7 - 5)^2 + (0 - 6)^2 + (19 - 7)^2} = \sqrt{144 + 36 + 144} = \sqrt{324} = 18
  $$

- Also verify that the angle of incidence equals the angle of reflection using dot products with the normal vector $ \vec{n} = (1,1,1) $. Both cosines match, confirming the reflection condition.

All checks confirm that the coordinates of point $ B $ are $ (-7, 0, 19) $

---

### Final Answer

$$
\boxed{J}
$$"
605,"Okay, let's see. The problem says a mountain moves toward the west by 7.6 millimeters per year. We need to find out how many kilometers it moved in the past 6 million years.

First, I need to convert the movement per year into kilometers per year, and then multiply by the number of years. Let's break it down step by step.

First, the movement per year is 7.6 millimeters. We need to convert millimeters to kilometers. I remember that 1 kilometer is 1,000,000 millimeters (since 1 meter is 1000 millimeters, and 1 kilometer is 1000 meters, so 1000 * 1000 = 1,000,000 mm). Wait, let me confirm: 1 km = 1000 m, 1 m = 1000 mm, so 1 km = 1000 * 1000 = 1,000,000 mm. Yes, that's right.

So, 7.6 mm per year is equal to how many kilometers per year? Let's divide 7.6 by 1,000,000 to get kilometers. Because 1 km is 1,000,000 mm, so 1 mm is 1/1,000,000 km.

So 7.6 mm = 7.6 / 1,000,000 km = 0.0000076 km per year.

Now, the time period is 6 million years. 6 million years is 6,000,000 years.

So total movement is 0.0000076 km/year * 6,000,000 years.

Let me calculate that. Let's write it out:

0.0000076 * 6,000,000.

First, 6,000,000 is 6 * 10^6.

0.0000076 is 7.6 * 10^-6.

Multiplying them together: 7.6 * 10^-6 * 6 * 10^6 = (7.6 * 6) * (10^-6 * 10^6) = 45.6 * 10^0 = 45.6.

Wait, that's nice. The exponents cancel out. Let me check that again.

7.6 mm/year * 6,000,000 years.

First, total millimeters: 7.6 mm/year * 6,000,000 years = 7.6 * 6,000,000 mm.

7.6 * 6,000,000 = 45,600,000 mm.

Now, convert millimeters to kilometers. Since 1 km = 1,000,000 mm, so 45,600,000 mm / 1,000,000 mm/km = 45.6 km.

Oh, that's a simpler way. So 45,600,000 mm divided by 1,000,000 is 45.6 km. That makes sense.

Let me verify. 1 million mm is 1 km (since 1,000,000 mm = 1 km). So 45,600,000 mm is 45.6 km. Yep, that's correct.

So the answer is 45.6 kilometers.

Wait, let me check the units again to be sure.

7.6 mm/year * 6,000,000 years = (7.6 * 6,000,000) mm.

7.6 * 6 = 45.6, and 6,000,000 is 6 * 10^6, so 7.6 * 6 * 10^6 = 45.6 * 10^6 mm.

Then, 45.6 * 10^6 mm = 45.6 km (since 10^6 mm = 1 km). Wait, no: 1 km = 10^6 mm, so 45.6 * 10^6 mm = 45.6 km. Exactly. So that's correct.

Yes, so the mountain moved 45.6 kilometers toward the west in 6 million years.
</think>

[ANS]45.6

\boxed{45.6}"
606,"This is a complex or challenging question, and it is difficult to provide a direct and correct answer. I need to think about it.
Well, so I need to find the smallest odd prime factor of y₂₅, where this sequence is defined by y₀=1, y₁=2, and a linear recurrence yₐ=4yₐ₋₁ - yₐ₋₂ for a≥2. Hmm, linear recursions... Maybe I can compute terms up to y₂₅? Wait, but 25 terms might be tedious, and maybe there's a smarter way using properties of linear recursions, like modular arithmetic to check for prime factors without computing the whole thing. Let's see.

First, let's recall that for linear recursions with constant coefficients, especially second-order, the terms can be related to Lucas sequences or maybe expressed in closed form. Let's try to find a closed formula first, that might help. The characteristic equation for yₐ - 4yₐ₋₁ + yₐ₋₂ = 0 is r² - 4r + 1 = 0. Solving that: r = [4 ± √(16 - 4)]/2 = [4 ± √12]/2 = [4 ± 2√3]/2 = 2 ± √3. Oh, nice, so the closed form should be yₐ = A(2 + √3)ᵃ + B(2 - √3)ᵃ, where A and B are constants determined by initial conditions.

Let's plug in a=0 and a=1 to find A and B. For a=0: y₀=1 = A + B. For a=1: y₁=2 = A(2 + √3) + B(2 - √3). Let's write the second equation as 2(A + B) + √3(A - B) = 2. But we know A + B = 1, so substitute that in: 2(1) + √3(A - B) = 2 ⇒ √3(A - B) = 0 ⇒ A - B = 0? Wait, no, wait, hold on, that can't be right because then A=B=1/2, but let's check. Wait, no, wait, maybe I miscalculated the second equation.

Wait, y₁=2 = A(2 + √3) + B(2 - √3). Let's expand that: 2A + 2B + A√3 - B√3 = 2. Yes, so (2A + 2B) + (A - B)√3 = 2. Since √3 is irrational, the rational and irrational parts must be equal. So rational part: 2(A + B) = 2 ⇒ A + B = 1, which matches y₀. Irrational part: (A - B)√3 = 0 ⇒ A - B = 0? Wait, but then A = B = 1/2, so let's check y₂ with that: y₂ should be 4y₁ - y₀ = 8 - 1 = 7. Closed form: (1/2)(2 + √3)² + (1/2)(2 - √3)². Let's compute (2 + √3)² = 4 + 4√3 + 3 = 7 + 4√3, similarly (2 - √3)² = 7 - 4√3, so adding them: 14, times 1/2 is 7. Okay, that works! So y₂=7, which is correct. Wait, so actually A=B=1/2? Wait, but then why did I think maybe not? Wait, no, the closed form is yₐ = [(2 + √3)ᵃ + (2 - √3)ᵃ]/2. Let's verify with a=0: [1 + 1]/2 = 1, good; a=1: [(2+√3)+(2-√3)]/2 = 4/2 = 2, perfect; a=2: [7+4√3 + 7-4√3]/2 = 14/2=7, yes! Great, so that's a better way to write it: yₐ = [(2 + √3)ᵃ + (2 - √3)ᵃ]/2. That's a nice closed form, similar to Chebyshev polynomials or Lucas sequences, maybe related to Pell equations? Wait, 2 + √3 and 2 - √3 are conjugates, and their product is (2)^2 - (√3)^2 = 4 - 3 = 1, so they are reciprocals! That's useful: (2 - √3) = 1/(2 + √3), so for integer a, (2 - √3)ᵃ is the reciprocal of (2 + √3)ᵃ, which is why the closed form is an integer, as we saw.

So maybe instead of computing y₂₅ directly, we can compute y₂₅ mod p for various primes p (starting from the smallest odd primes, since we need the smallest odd prime factor) and see when y₂₅ ≡ 0 mod p. That sounds like a plan. Let's list the odd primes in order and check if y₂₅ ≡ 0 mod p. Wait, but the answer choices are specific primes: 199,197,191,193,181. Wait, but the problem says ""smallest odd prime factor"", so maybe the smallest one is among these? Wait, no, the problem says ""determine the smallest odd prime factor"", and gives these choices, so probably the answer is one of these, so maybe we don't have to check all primes below 181? Wait, but maybe some small primes divide y₂₅? Let's first check small primes to see if y₂₅ is divisible by small primes, just to be sure.

Let's compute the sequence modulo small primes step by step, using the recurrence yₐ = 4yₐ₋₁ - yₐ₋₂ mod p, with y₀=1, y₁=2.

Start with p=3: compute terms mod 3.

y₀=1

y₁=2

y₂=4*2 -1=8-1=7≡1 mod3

y₃=4*1 -2=4-2=2 mod3

y₄=4*2 -1=8-1=7≡1 mod3

y₅=4*1 -2=2 mod3

Wait a second, it's periodic with period 2: 1,2,1,2,1,2,... So yₐ ≡1 if a even, 2 if a odd mod3. So y₂₅ is odd a, so y₂₅≡2 mod3≠0. So 3 doesn't divide y₂₅.

p=5:

y₀=1

y₁=2

y₂=4*2 -1=7≡2 mod5

y₃=4*2 -2=8-2=6≡1 mod5

y₄=4*1 -2=4-2=2 mod5

y₅=4*2 -1=8-1=7≡2 mod5

y₆=4*2 -2=6≡1 mod5

Wait, period 3? y₀=1, y₁=2, y₂=2, y₃=1, y₄=2, y₅=2, y₆=1,... So period 3 starting from y₀? Let's check: y₃=1, y₄=2, y₅=2, y₆=4*y₅ - y₄=8 -2=6≡1, yes, so period 3. So yₐ mod5: a=0:1,1:2,2:2,3:1,4:2,5:2,6:1,... So a=25: 25 mod3=1, so y₂₅≡y₁=2 mod5≠0.

p=7:

We know y₂=7, so y₂≡0 mod7. Let's see the period mod7. Compute terms:

y₀=1

y₁=2

y₂=4*2 -1=7≡0 mod7

y₃=4*0 -2=-2≡5 mod7

y₄=4*5 -0=20≡6 mod7

y₅=4*6 -5=24-5=19≡5 mod7

y₆=4*5 -6=20-6=14≡0 mod7

y₇=4*0 -5=-5≡2 mod7

y₈=4*2 -0=8≡1 mod7

y₉=4*1 -2=2 mod7

Wait a second! y₈=1, y₉=2, which is y₀=1, y₁=2. So the period mod7 is 8? Let's check the sequence from y₈ onwards: y₈=1=y₀, y₉=2=y₁, so yes, period 8. So the period mod7 is 8. Therefore, yₐ ≡ yₐ₊₈ mod7. So y₂₅: 25 divided by 8 is 3*8=24, remainder 1, so y₂₅≡y₁=2 mod7≠0. So 7 doesn't divide y₂₅ (we knew y₂=7, but y₂₅ isn't multiple of 7).

p=11:

Compute terms mod11:

y₀=1

y₁=2

y₂=4*2 -1=7

y₃=4*7 -2=28-2=26≡4 mod11 (26-22=4)

y₄=4*4 -7=16-7=9 mod11

y₅=4*9 -4=36-4=32≡10 mod11 (32-22=10)

y₆=4*10 -9=40-9=31≡9 mod11 (31-22=9)

y₇=4*9 -10=36-10=26≡4 mod11

y₈=4*4 -9=16-9=7 mod11

y₉=4*7 -4=28-4=24≡2 mod11

y₁₀=4*2 -7=8-7=1 mod11

y₁₁=4*1 -2=2 mod11

Oh! y₁₀=1, y₁₁=2, which is y₀=1, y₁=2, so period mod11 is 10. That's good to know. So yₐ mod11 has period 10. Therefore, y₂₅: 25 mod10=5, so y₂₅≡y₅=10 mod11≠0.

p=13:

Compute terms mod13:

y₀=1

y₁=2

y₂=4*2 -1=7

y₃=4*7 -2=28-2=26≡0 mod13

y₄=4*0 -7=-7≡6 mod13

y₅=4*6 -0=24≡11 mod13

y₆=4*11 -6=44-6=38≡12 mod13 (38-26=12)

y₇=4*12 -11=48-11=37≡11 mod13 (37-26=11)

y₈=4*11 -12=44-12=32≡6 mod13

y₉=4*6 -11=24-11=13≡0 mod13

y₁₀=4*0 -6=-6≡7 mod13

y₁₁=4*7 -0=28≡2 mod13

y₁₂=4*2 -7=8-7=1 mod13

y₁₃=4*1 -2=2 mod13

Wait, y₁₂=1=y₀, y₁₃=2=y₁, so period mod13 is 12. Let's check: y₁₂=1, y₁₃=2, yes, so period 12. Then y₂₅: 25 mod12=1, so y₂₅≡y₁=2 mod13≠0.

p=17:

Compute mod17:

y₀=1

y₁=2

y₂=4*2-1=7

y₃=4*7-2=28-2=26≡9

y₄=4*9-7=36-7=29≡12

y₅=4*12-9=48-9=39≡5 (39-34=5)

y₆=4*5-12=20-12=8

y₇=4*8-5=32-5=27≡10

y₈=4*10-8=40-8=32≡15

y₉=4*15-10=60-10=50≡16 (50-34=16)

y₁₀=4*16-15=64-15=49≡15 (49-34=15)

y₁₁=4*15-16=60-16=44≡44-34=10

y₁₂=4*10-15=40-15=25≡8

y₁₃=4*8-10=32-10=22≡5

y₁₄=4*5-8=20-8=12

y₁₅=4*12-5=48-5=43≡43-34=9

y₁₆=4*9-12=36-12=24≡7

y₁₇=4*7-9=28-9=19≡2 mod17

y₁₈=4*2-7=8-7=1 mod17

Oh! y₁₈=1, y₁₇=2? Wait, no, y₁₇=2, y₁₈=1, but we need y₀=1, y₁=2. Wait, y₁₈=1, so let's check y₁₉=4*y₁₈ - y₁₇=4*1 -2=2, yes! So y₁₈=1=y₀, y₁₉=2=y₁, so period mod17 is 18. Okay, so period 18. Then y₂₅: 25 mod18=7, so y₂₅≡y₇=10 mod17≠0.

p=19:

Compute mod19:

y₀=1

y₁=2

y₂=4*2-1=7

y₃=4*7-2=26≡7 (26-19=7)

y₄=4*7-7=28-7=21≡2

y₅=4*2-7=8-7=1

y₆=4*1-2=2

y₇=4*2-1=7

y₈=4*7-2=26≡7

y₉=4*7-7=21≡2

y₁₀=4*2-7=1

Wait a second, y₅=1, y₆=2, which is y₀=1, y₁=2. So period mod19 is 5. Let's confirm: y₅=1, y₆=2, so yes, period 5. Then yₐ mod19 has period 5. So y₂₅: 25 is multiple of 5, so y₂₅≡y₀=1 mod19≠0.

p=23:

Compute mod23:

y₀=1

y₁=2

y₂=4*2-1=7

y₃=4*7-2=26≡3

y₄=4*3-7=12-7=5

y₅=4*5-3=20-3=17

y₆=4*17-5=68-5=63≡63-46=17 (63-2*23=17)

y₇=4*17-17=68-17=51≡51-46=5

y₈=4*5-17=20-17=3

y₉=4*3-5=12-5=7

y₁₀=4*7-3=28-3=25≡2

y₁₁=4*2-7=8-7=1

y₁₂=4*1-2=2

y₁₃=4*2-1=7

Wait, y₁₁=1, y₁₂=2, so period mod23 is 11? Let's check: y₁₁=1=y₀, y₁₂=2=y₁, yes, so period 11. Then y₂₅: 25 mod11=3 (11*2=22, 25-22=3), so y₂₅≡y₃=3 mod23≠0.

p=29:

This might take a while, but let's try to see if we can find a pattern or maybe use the closed form modulo p to simplify? Wait, the closed form is yₐ = [(2 + √3)ᵃ + (2 - √3)ᵃ]/2. So modulo prime p, if p≠2,3, then we can consider the field extension GF(p²) if 3 is a quadratic non-residue mod p, or GF(p) if it's a residue. For yₐ ≡0 mod p, we need (2 + √3)ᵃ + (2 - √3)ᵃ ≡0 mod p, so [(2 + √3)ᵃ] = -[(2 - √3)ᵃ]. Let's let α = 2 + √3, so α is in GF(p²) if 3 is not a square mod p, and α = 2 + √3 is in GF(p) if 3 is a square mod p (since then √3 ∈ GF(p)). Then the condition is αᵃ = -ᾱᵃ, where ᾱ is the conjugate (2 - √3). So (α/ᾱ)ᵃ = -1. But α/ᾱ = (2 + √3)/(2 - √3) = (2 + √3)² / (4 - 3) = (7 + 4√3) = let's compute its norm: (α/ᾱ)(ᾱ/α) = 1, so norm is 1. Wait, maybe better to compute α * ᾱ = (2)^2 - (√3)^2 = 1, so ᾱ = 1/α, since α * ᾱ = 1. Oh! That's a key point I missed earlier: since (2 + √3)(2 - √3) = 1, so ᾱ = α⁻¹. Therefore, the closed form simplifies to yₐ = (αᵃ + α⁻ᵃ)/2, where α = 2 + √3 (with αᾱ=1).

Therefore, yₐ ≡0 mod p iff αᵃ + α⁻ᵃ ≡0 mod p iff α²ᵃ ≡ -1 mod p (multiplying both sides by αᵃ, assuming α≠0 mod p, which it isn't since αᾱ=1). So α²ᵃ ≡ -1 mod p, which implies that α⁴ᵃ ≡1 mod p. Therefore, the order of α in the multiplicative group of the field (GF(p) or GF(p²)) divides 4a but does not divide 2a. Since α is in GF(p²)* (if 3 is a non-residue mod p) or GF(p)* (if 3 is a residue), the multiplicative group has order p-1 or p²-1.

Wait, let's formalize this. Let’s denote that for prime p ≠ 2,3, we can consider the equation yₐ ≡0 mod p. As yₐ = (αᵃ + α⁻ᵃ)/2, so 2yₐ = αᵃ + α⁻ᵃ = 0 ⇒ α²ᵃ = -1 ⇒ α⁴ᵃ = 1. Therefore, the order of α in the multiplicative group of the field containing α divides 4a but not 2a, so the order is exactly 4d where d divides a and d is odd? Wait, maybe better to say that the order of α is 4k, where k divides a, but since α⁴ᵃ=1, the order divides 4a, and since α²ᵃ=-1≠1, order does not divide 2a, so order is 4m where m divides a, and m is minimal such that α⁴ᵐ=1.

But maybe more practically: for the recurrence yₐ = 4yₐ₋₁ - yₐ₋₂, this is a linear recurrence, so the period modulo p (the Pisano period for this recurrence) divides p² - 1 or p - 1, depending on whether the characteristic equation has roots in GF(p) or not. The characteristic equation is r² -4r +1=0, discriminant D=16-4=12. So roots exist in GF(p) iff 12 is a quadratic residue mod p, i.e., 3 is a quadratic residue mod p (since 12=4*3, and 4 is a square). By quadratic reciprocity, 3 is a quadratic residue mod p iff p≡±1 mod12 (for odd primes p≠3). Wait, maybe not necessary right now.

But the key equation from y₂₅≡0 mod p is that α⁴*25 = α¹⁰⁰ ≡1 mod p (from α²*25=α⁵⁰≡-1 ⇒ α¹⁰⁰≡1), and α⁵⁰≢1 mod p. So the order of α in the multiplicative group is 100 or a divisor of 100 but not 50? Wait, no: order d divides 100, d does not divide 50 (since α⁵⁰=-1≠1), so d must be a multiple of 4? Wait, 100=2²*5², 50=2*5², so divisors of 100 not dividing 50 are those with higher power of 2, i.e., 4, 20, 100. So order d of α is 4,20,100 (since d|100, d∤50). But α is in GF(p²)*, so order d divides p² -1 (if 3 is a non-residue mod p, so α not in GF(p), so order divides p² -1 but not p -1). If 3 is a residue mod p, then α ∈ GF(p)*, so order divides p -1.

Wait, maybe let's test the answer choices since they are given, and they are all primes around 180-200, so maybe the smallest odd prime factor is one of these, so we don't have to check all primes below 181 (though we did up to 23, didn't find any, so maybe the smallest is among the choices). Let's list the answer choices with their values:

A. 199 (prime)

B. 197 (prime)

C. 191 (prime)

D. 193 (prime)

E. 181 (prime)

Let's check each one by computing y₂₅ mod p for p=181,191,193,197,199 in order (smallest to largest, so we can stop at the first one that works).

First, let's recall that for linear recursions, we can compute terms mod p using the recurrence, which is efficient if we do it step by step, keeping track modulo p. Let's make a table for each prime, compute y₀ to y₂₅ mod p.

Start with p=181 (option E, smallest choice).

Compute yₐ mod 181 for a=0 to 25:

y₀ = 1

y₁ = 2

y₂ = 4*y₁ - y₀ = 8 - 1 = 7

y₃ = 4*y₂ - y₁ = 28 - 2 = 26

y₄ = 4*y₃ - y₂ = 104 - 7 = 97

y₅ = 4*y₄ - y₃ = 388 - 26 = 362; 362 mod181: 181*2=362, so 0. Wait, y₅≡0 mod181? Wait, hold on, is that right? Let's check calculations again, maybe I messed up.

y₀=1 (correct)

y₁=2 (correct)

y₂=4*2 -1=8-1=7 (correct)

y₃=4*7 -2=28-2=26 (correct)

y₄=4*26 -7=104-7=97 (yes, 4*26=104, 104-7=97, correct)

y₅=4*97 -26. Wait! Oh my gosh, here's the mistake! I wrote 4*y₄ - y₃, which is 4*97 -26, not 4*y₄ - y₄ or something. 4*97: 100*4=400, 3*4=12, so 400-12=388? Wait, 97*4: 90*4=360, 7*4=28, so 360+28=388, yes, that's correct. Then 388 -26=362. 181*2=362, so 362-362=0, so y₅≡0 mod181. Wait, but hold on, is y₅ really 0 mod181? Wait, but the problem says ""smallest odd prime factor of y₂₅"", so if 181 divides y₅, then it divides y₂₅? Wait, no! Wait, if a prime p divides yₖ, does it divide yₘ for m multiple of k? Not necessarily, unless the sequence has some periodicity or divisibility properties.

Wait, hold on, let's compute y₅ first to check the actual value. y₀=1, y₁=2, y₂=4*2-1=7, y₃=4*7-2=26, y₄=4*26-7=104-7=97, y₅=4*97-26=388-26=362. Yes! y₅=362, which is 2*181, so y₅=362=2*181, so 181 divides y₅. Then does 181 divide y₂₅? Let's see if the sequence has a property that if p divides yₖ, then p divides yₖ₊ₙ for some n? Wait, for linear recursions, the terms modulo p have period dividing p²-1 or p-1, but more importantly, if yₖ ≡0 mod p, then the recurrence can be used to find the next terms.

Wait, let's compute the sequence mod181 up to y₂₅ to be sure, because maybe I made a mistake in the recurrence direction. Wait, the problem says yₐ=4yₐ₋₁ - yₐ₋₂ for a≥2, so yes, y₂=4y₁ - y₀, y₃=4y₂ - y₁, etc., so my calculations for y₅ are correct: y₅=362=2*181, so y₅≡0 mod181.

But let's compute the next terms mod181 to see the behavior:

y₅=0

y₆=4y₅ - y₄=0 -97= -97≡181-97=84 mod181

y₇=4y₆ - y₅=4*84 -0=336; 336-181=155, so 155 mod181

y₈=4y₇ - y₆=4*155 -84=620 -84=536; 536 divided by 181: 181*2=362, 536-362=174, so 174 mod181

y₉=4y₈ - y₇=4*174 -155=696 -155=541; 541-2*181=541-362=179 mod181

y₁₀=4y₉ - y₈=4*179 -174=716 -174=542; 542-3*181=542-543=-1≡180 mod181

y₁₁=4y₁₀ - y₉=4*180 -179=720 -179=541; 541-3*181=541-543=-2≡179 mod181

y₁₂=4y₁₁ - y₁₀=4*179 -180=716 -180=536; 536-2*181=536-362=174 mod181 (same as y₈)

y₁₃=4y₁₂ - y₁₁=4*174 -179=696 -179=517; 517-2*181=517-362=155 mod181 (same as y₇)

y₁₄=4y₁₃ - y₁₂=4*155 -174=620 -174=446; 446-2*181=446-362=84 mod181 (same as y₆)

y₁₅=4y₁₄ - y₁₃=4*84 -155=336 -155=181≡0 mod181

Oh! y₁₅≡0 mod181. Interesting, so y₅≡0, y₁₅≡0. Let's check y₂₅: from the pattern above, let's list the terms we have mod181 with their indices:

a : yₐ mod181

0 : 1

1 : 2

2 : 7

3 : 26

4 : 97

5 : 0

6 : 84

7 : 155

8 : 174

9 : 179

10: 180

11: 179

12: 174

13: 155

14: 84

15: 0

Wait a second, from a=5 to a=15, the terms from a=6 to a=14 are the same as a=1 to a=10? Wait, y₆=84, y₁₄=84; y₇=155, y₁₃=155; y₈=174, y₁₂=174; y₉=179, y₁₁=179; y₁₀=180, y₁₀=180 (wait, y₁₀=180, then y₁₅=0, same as y₅=0). So the sequence from a=5 onward: y₅=0, y₆=84, y₇=155, y₈=174, y₉=179, y₁₀=180, y₁₁=179, y₁₂=174, y₁₃=155, y₁₄=84, y₁₅=0. So the period from y₅ to y₁₅ is 10 terms? Wait, y₁₅=0=y₅, so the period starting at a=5 is 10? Let's check y₁₆: y₁₆=4y₁₅ - y₁₄=0 -84= -84≡97 mod181 (since 181-84=97). Wait, y₁₆=97, which was y₄=97. y₁₇=4y₁₆ - y₁₅=4*97 -0=388≡0 mod181? Wait no, 388 mod181=388-2*181=388-362=26, which is y₃=26. Oh! Wait, let's do this carefully, step by step, writing all terms with their actual mod181 values (not skipping):

1. a=0: y₀=1 (given)

2. a=1: y₁=2 (given)

3. a=2: y₂=4*y₁ - y₀ = 4*2 -1 = 8 -1 = 7 ✔️

4. a=3: y₃=4*y₂ - y₁ = 4*7 -2 = 28 -2 = 26 ✔️

5. a=4: y₄=4*y₃ - y₂ = 4*26 -7 = 104 -7 = 97 ✔️

6. a=5: y₅=4*y₄ - y₃ = 4*97 -26 = 388 -26 = 362; 362 ÷ 181 = 2, remainder 0 ⇒ y₅ ≡ 0 mod181 ✔️

7. a=6: y₆=4*y₅ - y₄ = 4*0 -97 = -97 ≡ 181 -97 = 84 mod181 ✔️

8. a=7: y₇=4*y₆ - y₅ = 4*84 -0 = 336; 336 - 181 = 155 ⇒ 155 mod181 ✔️

9. a=8: y₈=4*y₇ - y₆ = 4*155 -84 = 620 -84 = 536; 536 - 2*181 = 536 - 362 = 174 ⇒ 174 mod181 ✔️

10. a=9: y₉=4*y₈ - y₇ = 4*174 -155 = 696 -155 = 541; 541 - 2*181 = 541 - 362 = 179 ⇒ 179 mod181 ✔️

11. a=10: y₁₀=4*y₉ - y₈ = 4*179 -174 = 716 -174 = 542; 542 - 3*181 = 542 - 543 = -1 ⇒ 180 mod181 ✔️ (since -1 + 181 = 180)

12. a=11: y₁₁=4*y₁₀ - y₉ = 4*180 -179 = 720 -179 = 541; 541 - 2*181 = 541 - 362 = 179 ⇒ 179 mod181 ✔️ (same as y₉)

13. a=12: y₁₂=4*y₁₁ - y₁₀ = 4*179 -180 = 716 -180 = 536; 536 - 2*181 = 536 - 362 = 174 ⇒ 174 mod181 ✔️ (same as y₈)

14. a=13: y₁₃=4*y₁₂ - y₁₁ = 4*174 -179 = 696 -179 = 517; 517 - 2*181 = 517 - 362 = 155 ⇒ 155 mod181 ✔️ (same as y₇)

15. a=14: y₁₄=4*y₁₃ - y₁₂ = 4*155 -174 = 620 -174 = 446; 446 - 2*181 = 446 - 362 = 84 ⇒ 84 mod181 ✔️ (same as y₆)

16. a=15: y₁₅=4*y₁₄ - y₁₃ = 4*84 -155 = 336 -155 = 181 ⇒ 181 ≡ 0 mod181 ✔️ (same as y₅)

17. a=16: y₁₆=4*y₁₅ - y₁₄ = 4*0 -84 = -84 ≡ 181 -84 = 97 mod181 ✔️ (same as y₄)

18. a=17: y₁₇=4*y₁₆ - y₁₅ = 4*97 -0 = 388 ≡ 388 - 2*181 = 26 mod181 ✔️ (same as y₃)

19. a=18: y₁₈=4*y₁₇ - y₁₆ = 4*26 -97 = 104 -97 = 7 mod181 ✔️ (same as y₂)

20. a=19: y₁₉=4*y₁₈ - y₁₇ = 4*7 -26 = 28 -26 = 2 mod181 ✔️ (same as y₁)

21. a=20: y₂₀=4*y₁₉ - y₁₈ = 4*2 -7 = 8 -7 = 1 mod181 ✔️ (same as y₀)

Oh my goodness! At a=20, y₂₀≡1 mod181, and a=19, y₁₉≡2 mod181, which is exactly y₀ and y₁. Therefore, the sequence modulo 181 has period 20! Let's confirm the last two steps:

y₁₉=2=y₁, y₂₀=1=y₀, so yes, the period mod181 is 20. That's a key insight. So the sequence repeats every 20 terms modulo 181.

Therefore, yₐ mod181 = yₐ₊₂₀ mod181 for all a≥0.

Now, we need y₂₅ mod181. Since period is 20, 25 mod20=5, so y₂₅≡y₅ mod181. But we computed y₅≡0 mod181! Wait, that's incredible. So y₂₅≡y₅≡0 mod181. But hold on, y₅=362=2*181, so 181 divides y₅, hence divides y₂₅ (since y₂₅≡y₅ mod181, as period 20, 25=20+5, so yes, y₂₅≡y₅≡0).

But wait, the problem says ""smallest odd prime factor of y₂₅"". We checked primes up to 23 and none divided y₂₅, but does 181 divide y₂₅? According to this, yes, because y₂₅≡y₅≡0 mod181. But hold on, is 181 the smallest? Wait, but we didn't check primes between 23 and 181, but the answer choices start at 181, so maybe 181 is the answer? Wait, but wait, let's make sure we didn't make a mistake in the period.

Wait, when we computed up to a=20, we got y₂₀=1=y₀, y₁₉=2=y₁, so the period is indeed 20. Let's verify y₁₈ and y₁₉ again to be sure:

a=16: y₁₆=97 (matches y₄=97)

a=17: y₁₇=4*y₁₆ - y₁₅=4*97 -0=388≡26 (y₃=26, correct)

a=18: y₁₈=4*y₁₇ - y₁₆=4*26 -97=104-97=7 (y₂=7, correct)

a=19: y₁₉=4*y₁₈ - y₁₇=4*7 -26=28-26=2 (y₁=2, correct)

a=20: y₂₀=4*y₁₉ - y₁₈=4*2 -7=8-7=1 (y₀=1, correct)

Yes! Perfect, so the period mod181 is exactly 20. Therefore, the sequence repeats every 20 terms, so y₂₅ = y₂₀₊₅ = y₅ mod181, and y₅=362=2*181, so y₅≡0 mod181, hence y₂₅≡0 mod181.

But wait, before concluding, let's check if there is a smaller prime factor than 181 that we missed. We checked primes up to 23, but let's check a few more primes between 23 and 181 to be safe, maybe we made a mistake in the earlier checks.

Wait, earlier for p=7, we saw period 8, y₂₅≡y₁=2 mod7≠0. p=11, period 10, y₂₅≡y₅=10 mod11≠0. p=13, period 12, y₂₅≡y₁=2 mod13≠0. p=17, period 18, y₂₅≡y₇=10 mod17≠0. p=19, period 5, y₂₅≡y₀=1 mod19≠0. p=23, period 11, y₂₅≡y₃=3 mod23≠0. p=29: let's try p=29 quickly.

Compute yₐ mod29:

y₀=1

y₁=2

y₂=4*2-1=7

y₃=4*7-2=26

y₄=4*26-7=104-7=97≡97-3*29=97-87=10

y₅=4*10-26=40-26=14

y₆=4*14-10=56-10=46≡17

y₇=4*17-14=68-14=54≡54-29=25

y₈=4*25-17=100-17=83≡83-2*29=83-58=25

y₉=4*25-25=75≡75-2*29=17

y₁₀=4*17-25=68-25=43≡14

y₁₁=4*14-17=56-17=39≡10

y₁₂=4*10-14=40-14=26

y₁₃=4*26-10=104-10=94≡94-3*29=94-87=7

y₁₄=4*7-26=28-26=2

y₁₅=4*2-7=8-7=1

y₁₆=4*1-2=2

Oh! y₁₅=1, y₁₆=2, so period mod29 is 15. Then y₂₅: 25 mod15=10, so y₂₅≡y₁₀=14 mod29≠0.

p=31:

Compute mod31:

y₀=1

y₁=2

y₂=7

y₃=4*7-2=26

y₄=4*26-7=104-7=97≡97-3*31=97-93=4

y₅=4*4-26=16-26=-10≡21

y₆=4*21-4=84-4=80≡80-2*31=18

y₇=4*18-21=72-21=51≡51-31=20

y₈=4*20-18=80-18=62≡0 mod31

y₉=4*0-20=-20≡11

y₁₀=4*11-0=44≡13

y₁₁=4*13-11=52-11=41≡10

y₁₂=4*10-13=40-13=27

y₁₃=4*27-10=108-10=98≡98-3*31=98-93=5

y₁₄=4*5-27=20-27=-7≡24

y₁₅=4*24-5=96-5=91≡91-2*31=29

y₁₆=4*29-24=116-24=92≡92-3*31=92-93=-1≡30

y₁₇=4*30-29=120-29=91≡29 (wait, y₁₅=29, y₁₆=30, y₁₇=4*y₁₆ - y₁₅=4*30 -29=120-29=91≡91-2*31=29)

y₁₈=4*29 -30=116-30=86≡86-2*31=24

y₁₉=4*24 -29=96-29=67≡67-2*31=5

y₂₀=4*5 -24=20-24=-4≡27

y₂₁=4*27 -5=108-5=103≡103-3*31=10

y₂₂=4*10 -27=40-27=13

y₂₃=4*13 -10=52-10=42≡11

y₂₄=4*11 -13=44-13=31≡0

y₂₅=4*0 -11=-11≡20 mod31≠0. Okay, so 31 doesn't divide y₂₅.

p=37:

This might take time, but let's see if we can use the closed form idea for y₂₅≡0 mod p. From earlier, yₐ=(αᵃ + α⁻ᵃ)/2≡0 mod p ⇒ α²ᵃ≡-1 mod p ⇒ α⁴ᵃ≡1 mod p. So the order of α in the multiplicative group is 4a or a divisor of 4a but not 2a. For a=25, order d divides 100, d∤50, so d=4,20,100 as before.

For p=181, we saw that y₅≡0, so α¹⁰≡-1 mod181 (since y₅=(α⁵ + α⁻⁵)/2=0 ⇒ α¹⁰≡-1), so α²⁰≡1 mod181, so order of α is 20, which divides 100 (20|100) and 20∤50, so that's consistent (since 50=2*25, 20∤50). Wait, but for y₂₅, we need α⁵⁰≡-1 mod p (since y₂₅=(α²⁵ + α⁻²⁵)/2=0 ⇒ α⁵⁰≡-1). Let's check α²⁰≡1, so α⁵⁰=α^(20*2 +10)= (α²⁰)² * α¹⁰ ≡1²*(-1)=-1 mod181, yes! So α⁵⁰≡-1, which is exactly the condition for y₂₅≡0 mod181. That's a good consistency check.

But back to smaller primes: let's check p=41, maybe.

p=41:

y₀=1

y₁=2

y₂=7

y₃=26

y₄=4*26-7=104-7=97≡97-2*41=15

y₅=4*15-26=60-26=34

y₆=4*34-15=136-15=121≡121-2*41=39

y₇=4*39-34=156-34=122≡122-2*41=40

y₈=4*40-39=160-39=121≡39

y₉=4*39-40=156-40=116≡116-2*41=34

y₁₀=4*34-39=136-39=97≡15

y₁₁=4*15-34=60-34=26

y₁₂=4*26-15=104-15=89≡89-2*41=7

y₁₃=4*7-26=28-26=2

y₁₄=4*2-7=8-7=1

y₁₅=4*1-2=2

Wait, y₁₄=1=y₀, y₁₅=2=y₁, so period mod41 is 14. Then y₂₅: 25 mod14=11, so y₂₅≡y₁₁=26 mod41≠0.

p=43:

y₀=1, y₁=2, y₂=7, y₃=26, y₄=4*26-7=97≡97-2*43=11, y₅=4*11-26=44-26=18, y₆=4*18-11=72-11=61≡18, y₇=4*18-18=54≡11, y₈=4*11-18=44-18=26, y₉=4*26-11=104-11=93≡93-2*43=7, y₁₀=4*7-26=28-26=2, y₁₁=4*2-7=1, y₁₂=4*1-2=2. Wait, y₁₁=1=y₀, y₁₂=2=y₁, so period mod43 is 11. Then y₂₅: 25 mod11=3, so y₂₅≡y₃=26 mod43≠0.

p=47:

This is getting tedious, but maybe the key is that when we computed for p=181, we found that y₂₅≡y₅≡0 mod181, and we checked all primes below 181 (well, not all, but up to 47 and some others) and none divided y₂₅, but wait—wait a second! In the problem statement, it says ""smallest odd prime factor"". 2 is an even prime, but y₀=1, y₁=2, y₂=7 (odd), y₃=26 (even), y₄=97 (odd), y₅=362 (even), so the sequence alternates even, odd starting from y₁? Wait, y₁=2 (even), y₂=7 (odd), y₃=26 (even), y₄=97 (odd), y₅=362 (even), yes! So for a≥1, yₐ is even when a is odd? Wait, y₁=2 (odd a=1? Wait, a=1 is odd, y₁=2 even; a=2 even, y₂=7 odd; a=3 odd, y₃=26 even; a=4 even, y₄=97 odd; a=5 odd, y₅=362 even. Yes, so for a≥1, yₐ is even iff a is odd. Therefore, y₂₅ is odd (since 25 is odd), so 2 is not a factor (which we already knew, since we're looking for odd prime factors). So all prime factors are odd, which is fine.

But back to 181: we have a concrete computation showing that y₂₅≡0 mod181, and we checked several small primes (up to 47) and none divide y₂₅. Wait, but let's check p=53 to be thorough.

p=53:

y₀=1, y₁=2, y₂=7, y₃=26, y₄=4*26-7=97≡97-53=44, y₅=4*44-26=176-26=150≡150-2*53=44, y₆=4*44-44=132≡132-2*53=26, y₇=4*26-44=104-44=60≡7, y₈=4*7-26=28-26=2, y₉=4*2-7=1, y₁₀=4*1-2=2. Wait, y₉=1=y₀, y₁₀=2=y₁, so period mod53 is 9. Then y₂₅: 25 mod9=7, so y₂₅≡y₇=7 mod53≠0.

p=59:

y₀=1, y₁=2, y₂=7, y₃=26, y₄=4*26-7=97≡97-59=38, y₅=4*38-26=152-26=126≡126-2*59=8, y₆=4*8-38=32-38=-6≡53, y₇=4*53-8=212-8=204≡204-3*59=204-177=27, y₈=4*27-53=108-53=55, y₉=4*55-27=220-27=193≡193-3*59=193-177=16, y₁₀=4*16-55=64-55=9, y₁₁=4*9-16=36-16=20, y₁₂=4*20-9=80-9=71≡12, y₁₃=4*12-20=48-20=28, y₁₄=4*28-12=112-12=100≡41, y₁₅=4*41-28=164-28=136≡136-2*59=18, y₁₆=4*18-41=72-41=31, y₁₇=4*31-18=124-18=106≡106-59=47, y₁₈=4*47-31=188-31=157≡157-2*59=39, y₁₉=4*39-47=156-47=109≡109-59=50, y₂₀=4*50-39=200-39=161≡161-2*59=43, y₂₁=4*43-50=172-50=122≡122-2*59=4, y₂₂=4*4-43=16-43=-27≡32, y₂₃=4*32-4=128-4=124≡124-2*59=6, y₂₄=4*6-32=24-32=-8≡51, y₂₅=4*51-6=204-6=198≡198-3*59=198-177=21 mod59≠0.

Okay, so far, all primes we checked (3,5,7,11,13,17,19,23,29,31,37,41,43,47,53,59) do not divide y₂₅. The next prime after 59 is 61, but this is time-consuming. However, the problem gives answer choices starting at 181, and in our computation for p=181, we found that y₂₅≡0 mod181, and the period is 20, so y₂₅=y₅ mod181, and y₅=362=2*181, so yes, 181 divides y₅, hence divides y₂₅ (since 25=20+5, and period 20).

Wait, but hold on a second: is it true that if a prime p divides yₖ, then p divides yₖ₊ₙ where n is the period? Yes, because the sequence modulo p is periodic, so if the period is T, then yₖ₊ₘT ≡ yₖ mod p for any m≥0. So in this case, period T=20 mod181, so y₂₅=y₅ mod181, and y₅≡0, so y₂₅≡0.

But let's make sure that 181 is indeed a prime factor (we know 181 is prime, yes, it's a well-known prime, not divisible by 2,3,5,7,11; 13²=169, 17²=289>181, so check up to 13: 181/2=90.5, /3≈60.3, /5=36.2, /7≈25.85, /11≈16.45, /13≈13.92, so yes, prime).

Now, the question is: is there a prime factor smaller than 181 that we missed? The problem is from a competition, likely the answer is one of the choices, and since we computed for p=181 that it works, and the choices start at 181, and we didn't find any smaller primes dividing y₂₅ (and the problem says ""smallest odd prime factor"", so if 181 is a factor, and all smaller odd primes don't divide it, then it's the answer).

Wait, but let's check p=101 just in case, maybe I missed a small prime.

p=101:

Compute yₐ mod101:

y₀=1

y₁=2

y₂=7

y₃=26

y₄=4*26-7=97

y₅=4*97-26=388-26=362≡362-3*101=362-303=59

y₆=4*59-97=236-97=139≡139-101=38

y₇=4*38-59=152-59=93

y₈=4*93-38=372-38=334≡334-3*101=334-303=31

y₉=4*31-93=124-93=31

y₁₀=4*31-31=124-31=93

y₁₁=4*93-31=372-31=341≡341-3*101=341-303=38

y₁₂=4*38-93=152-93=59

y₁₃=4*59-38=236-38=198≡198-101=97

y₁₄=4*97-59=388-59=329≡329-3*101=329-303=26

y₁₅=4*26-97=104-97=7

y₁₆=4*7-26=28-26=2

y₁₇=4*2-7=1

y₁₈=4*1-2=2

Wait, y₁₇=1=y₀, y₁₈=2=y₁, so period mod101 is 17. Then y₂₅: 25 mod17=8, so y₂₅≡y₈=31 mod101≠0.

p=103:

y₀=1, y₁=2, y₂=7, y₃=26, y₄=97, y₅=4*97-26=362≡362-3*103=362-309=53, y₆=4*53-97=212-97=115, y₇=4*115-53=460-53=407≡407-3*103=407-309=98, y₈=4*98-115=392-115=277≡277-2*103=71, y₉=4*71-98=284-98=186≡186-103=83, y₁₀=4*83-71=332-71=261≡261-2*103=55, y₁₁=4*55-83=220-83=137≡137-103=34, y₁₂=4*34-55=136-55=81, y₁₃=4*81-34=324-34=290≡290-2*103=84, y₁₄=4*84-81=336-81=255≡255-2*103=49, y₁₅=4*49-84=196-84=112≡112-103=9, y₁₆=4*9-49=36-49=-13≡90, y₁₇=4*90-9=360-9=351≡351-3*103=351-309=42, y₁₈=4*42-90=168-90=78, y₁₉=4*78-42=312-42=270≡270-2*103=64, y₂₀=4*64-78=256-78=178≡178-103=75, y₂₁=4*75-64=300-64=236≡236-2*103=30, y₂₂=4*30-75=120-75=45, y₂₃=4*45-30=180-30=150≡150-103=47, y₂₄=4*47-45=188-45=143≡143-103=40, y₂₅=4*40-47=160-47=113≡113-103=10 mod103≠0.

Okay, so far, no luck with smaller primes. Let's think back to the closed form: yₐ = [(2 + √3)ᵃ + (2 - √3)ᵃ]/2. For y₂₅ to be divisible by p, we need (2 + √3)⁵⁰ ≡ -1 mod p (in some extension field). As we saw for p=181, (2 + √3)¹⁰ ≡ -1 mod181 (since y₅=0 ⇒ (2 + √3)¹⁰ + (2 - √3)¹⁰=0 ⇒ (2 + √3)¹⁰=-(2 - √3)¹⁰, and since (2 + √3)(2 - √3)=1, (2 - √3)=1/(2 + √3), so (2 + √3)¹⁰= -1/(2 + √3)¹⁰ ⇒ (2 + √3)²⁰= -1, which is what we had). Then (2 + √3)⁵⁰=(2 + √3)^(20*2 +10)= [(-1)²]*(2 + √3)¹⁰= (2 + √3)¹⁰= -1 mod181, so yes, y₂₅=0 mod181.

Now, the problem is from a competition, and the answer choices are given, so likely 181 is the answer. Wait, but let's check the other choices quickly to make sure we didn't miscompute for p=181.

Wait, when we computed y₂₅ mod181, we said it's equal to y₅ mod181 because the period is 20. Let's confirm the period again with the computed terms:

a : yₐ mod181

0 : 1

1 : 2

2 : 7

3 : 26

4 : 97

5 : 0

6 : 84

7 : 155

8 : 174

9 : 179

10: 180

11: 179

12: 174

13: 155

14: 84

15: 0

16: 97

17: 26

18: 7

19: 2

20: 1

21: 2 (wait, no, we computed up to a=20 as y₂₀=1, y₁₉=2, so a=20 is y₀, a=21 is y₁, etc.)

Yes, so the sequence from a=0 to a=19 is the same as a=20 to a=39, so period 20. Therefore, y₂₅ corresponds to a=25, which is 25-20=5, so same as a=5, which is 0 mod181. Perfect, that's solid.

Is there a prime smaller than 181 that divides y₂₅? Let's think about the recurrence relation and properties of such sequences. This sequence is similar to the sequence defined by yₐ = 4yₐ₋₁ - yₐ₋₂, which is a second-order linear recurrence with constant coefficients, and it's known that such sequences can be related to Pell numbers or Chebyshev polynomials.

Wait, another approach: the recurrence yₐ - 4yₐ₋₁ + yₐ₋₂ = 0 has characteristic roots 2±√3, as we had, so the sequence satisfies yₐ = yₐ₋₁ + 2yₐ₋₂ + ... no, better to use the fact that for such recursions, the terms satisfy yₘₙ = yₘyₙ - yₘ₋ₙ or something? Wait, for Lucas"
607,"Okay, let's tackle this problem step by step. First, I need to recall some basics about spheres and their centers. 

Starting with the first question: ""What center should a sphere of radius 4 have so that it sits on the xy plane with its bottom (lowest point in the z direction) just touching the origin?""

If a sphere sits on the xy plane, that means the distance from the center to the xy plane is equal to the radius. The xy plane is z=0, so the z-coordinate of the center should be equal to the radius. Wait, but the bottom point is the lowest point in the z direction. For a sphere, the lowest point is the center minus the radius in the z-direction. So if the bottom point is at (0,0,0), then the center's z-coordinate is 0 + radius = 4. Because the distance from the center to the bottom point is the radius. So if the bottom point is (0,0,0), then the center is (h, k, 4) where the distance from (h,k,4) to (0,0,0) is 4. Wait, no: the bottom point is the lowest z, so for a sphere centered at (x0, y0, z0), the lowest z is z0 - radius. We want that lowest z to be 0 (touching the origin, which is (0,0,0)). So z0 - radius = 0 => z0 = radius = 4. Also, the bottom point is the origin, so the point (0,0,0) is on the sphere. Therefore, the distance from the center (x0, y0, z0) to (0,0,0) is equal to the radius. So sqrt((x0 - 0)^2 + (y0 - 0)^2 + (z0 - 0)^2) = radius. But we know z0 = 4, so sqrt(x0^2 + y0^2 + 16) = 4. Wait, that can't be, because the left side is at least 4 (since sqrt(0 + 0 + 16) = 4), so equality holds when x0 = 0 and y0 = 0. Oh! Right, because if the sphere is sitting on the xy plane with its bottom point at the origin, then the origin is the lowest point, so the center must be directly above the origin. Because otherwise, the sphere would extend below the xy plane or not have the origin as the lowest point. Wait, no: the xy plane is z=0, so the sphere sits on the xy plane, meaning it touches the xy plane at some point. The problem says ""its bottom (lowest point in the z direction) just touching the origin"". So the lowest point of the sphere (in z) is the origin. The lowest z of the sphere is z_center - radius. So z_center - radius = 0 (since the lowest z is 0, the origin's z is 0). Therefore, z_center = radius = 4. Also, the origin is the lowest point, so the origin is the point on the sphere with the smallest z, which is z_center - radius = 0. But the origin is (0,0,0), so the center must be (0,0,4), because if the center were (a,b,4), then the lowest z is 4 - 4 = 0, which is correct, but the x and y coordinates of the lowest point would be a and b. Wait, the problem says ""its bottom (lowest point in the z direction) just touching the origin"". So the lowest point (the point on the sphere with the smallest z) is exactly the origin (0,0,0). For a sphere, the lowest point in z is the point where the z-coordinate is minimized, which occurs at the center's z-coordinate minus the radius (since the sphere extends radius in all directions). So the z-coordinate of the lowest point is z_center - radius. We want this to be 0 (the origin's z-coordinate). So z_center - radius = 0 => z_center = radius = 4. Now, the x and y coordinates of the lowest point: since the sphere is symmetric around the center, the lowest point in z has the same x and y as the center, right? Wait, no. Wait, the sphere is defined by (x - x0)^2 + (y - y0)^2 + (z - z0)^2 = r^2. The minimum z on the sphere is z0 - r, achieved when (x - x0)^2 + (y - y0)^2 = 0, i.e., at (x0, y0, z0 - r). So the lowest point is (x0, y0, z0 - r). The problem says this lowest point is the origin (0,0,0). Therefore, x0 = 0, y0 = 0, z0 - r = 0 => z0 = r. So for radius 4, center is (0, 0, 4). That makes sense. So first answer: (0, 0, 4).

Second question: ""What center should a sphere of radius 6 have so that it sits on top of the previous sphere (that is, higher in the z direction, touching the previous sphere at just one point)?""

The previous sphere has center (0,0,4) and radius 4. The new sphere has radius 6, sits on top of it, so they touch at one point, and the new sphere is higher in z. The distance between the centers should be equal to the sum of the radii (since they are externally tangent; wait, no: if one is sitting on top of the other, they are tangent, so the distance between centers is r1 + r2. Wait, the previous sphere is below, so the new sphere is above, so the distance between centers is 4 + 6 = 10. Also, since they are both centered along the z-axis (because the first sphere is centered at (0,0,4), and the problem says ""sits on top"", which I assume is directly above, so same x and y coordinates), so the centers are (0,0, z1) and (0,0,4). The distance between them is |z1 - 4| = 4 + 6 = 10. Since it's higher in z, z1 > 4, so z1 = 4 + 10 = 14. Wait, let's check: the top of the previous sphere is at z = 4 + 4 = 8 (since center is z=4, radius 4, so top is z=8). The new sphere has radius 6, so its bottom point (lowest z) is z1 - 6. Since it sits on top of the previous sphere, the bottom point of the new sphere should be the top point of the previous sphere? Wait, no: ""sits on top of the previous sphere (that is, higher in the z direction, touching the previous sphere at just one point)"". So they touch at one point, which is the top of the lower sphere and the bottom of the upper sphere. So the point of contact is on both spheres. Let's denote the lower sphere center as C1 = (0,0,4), radius r1=4. Upper sphere center C2 = (x,y,z), radius r2=6. The distance between C1 and C2 is r1 + r2 = 10 (since they are externally tangent; if one is on top of the other, they are externally tangent, not one inside the other). Wait, is it externally tangent? Yes, because they touch at one point and don't overlap. So distance between centers is r1 + r2 = 4 + 6 = 10. Also, since the problem says ""sits on top"", it's likely along the vertical line (same x,y), so x=0, y=0. Then the z-coordinate of C2 is 4 + 10 = 14 (since it's higher). Let's verify: the top of the lower sphere is at z=4 + 4 = 8. The bottom of the upper sphere is at z=14 - 6 = 8. So they touch at (0,0,8), which is correct. So center is (0,0,14).

Third question: ""What are the two opposite corners of a box that tightly contains the previous two spheres (and whose edges are parallel to the axes)? First give the corner with all positive coordinates: ([ANS], [ANS], [ANS]) Then give the corner opposite that one: ([ANS], [ANS], [ANS])""

A box with edges parallel to the axes that tightly contains the two spheres will have its faces at the minimum and maximum x, y, z coordinates of the spheres.

First sphere (radius 4, center (0,0,4)): the x-coordinates range from 0 - 4 = -4 to 0 + 4 = 4; same for y: -4 to 4; z: 4 - 4 = 0 to 4 + 4 = 8.

Second sphere (radius 6, center (0,0,14)): x: 0 - 6 = -6 to 0 + 6 = 6; y: -6 to 6; z: 14 - 6 = 8 to 14 + 6 = 20.

So the tightest box will have x from min(-4, -6) = -6 to max(4, 6) = 6; y from min(-4, -6) = -6 to max(4, 6) = 6; z from min(0, 8) = 0 to max(8, 20) = 20.

Wait, the first sphere's z goes from 0 to 8, the second from 8 to 20. So the combined z range is 0 to 20. x and y ranges: first sphere x: -4 to 4, second: -6 to 6, so combined x: -6 to 6, same for y.

The corner with all positive coordinates is the maximum x, y, z: (6, 6, 20). The opposite corner is the minimum x, y, z: (-6, -6, 0).

Wait, let's confirm. The box must contain all points of both spheres. A point on the first sphere has x between -4 and 4, so to contain it, the box's x must go from at least -4 to at least 4. But the second sphere has x between -6 and 6, so the box's x must go from -6 to 6 to contain both. Similarly for y. For z, first sphere goes up to 8, second sphere goes up to 20, and the first sphere starts at 0, second starts at 8 (since center z=14, radius 6, so z=14-6=8). So the z range is from 0 (first sphere's bottom) to 20 (second sphere's top). So the box has x: -6 to 6, y: -6 to 6, z: 0 to 20. Therefore, the corner with all positive coordinates is (6,6,20), and the opposite is (-6,-6,0).

Fourth question: ""What center should a sphere of radius 9 have so that it sits on top of the point (-4,-4,1)?""

Wait, ""sits on top of the point (-4,-4,1)"". So the sphere touches the point (-4,-4,1), and the point is the lowest point of the sphere (since it's ""sitting on top of"" the point, meaning the point is the bottom of the sphere). Wait, the problem says ""sits on top of the point"", which might be a bit confusing. Wait, the wording is: ""sits on top of the point (-4,-4,1)"". Maybe it's that the point is the point of contact with something, but the problem says ""sits on top of"", so probably the point is the lowest point of the sphere (since it's sitting on that point). Let's read carefully: ""a sphere of radius 9 have so that it sits on top of the point (-4,-4,1)"". Wait, ""sits on top of"" usually means that the point is below the sphere, so the sphere is resting on that point, meaning the point is the lowest point of the sphere. So the lowest point of the sphere is (-4,-4,1). For a sphere, the lowest point in z is center z - radius. But the point (-4,-4,1) has coordinates (x,y,z) = (-4,-4,1). So the lowest point of the sphere is (-4,-4,1), which means that the center is directly above this point by the radius. Wait, no: the lowest point of the sphere is the point on the sphere with the smallest z-coordinate. If the sphere sits on the point (-4,-4,1), that point is the lowest point (since it's ""sitting on"" it), so the z-coordinate of the lowest point is 1, and the center's z-coordinate is 1 + radius = 1 + 9 = 10. Also, the x and y coordinates of the lowest point are the same as the center's x and y, because the lowest point is directly below the center (since it's the minimum z, so the horizontal distance is zero). Wait, yes: for a sphere, the point with minimum z is (x0, y0, z0 - r), where (x0, y0, z0) is the center. So if the lowest point is (-4, -4, 1), then:

x0 = -4 (since the x-coordinate of the lowest point is x0)

y0 = -4 (same for y)

z0 - r = 1 => z0 = 1 + r = 1 + 9 = 10

Therefore, center is (-4, -4, 10). Let's check: the distance from center (-4,-4,10) to (-4,-4,1) is 9, which is the radius, so that point is on the sphere, and it's the lowest point (since z=1 is the smallest z on the sphere, as the center is at z=10, radius 9, so z goes from 1 to 19).

Fifth question: ""What center should a sphere of radius 13 have so that it hangs just below the previous sphere, touching it at just one point?""

The previous sphere has radius 9, center at (-4,-4,10). The new sphere (radius 13) hangs just below the previous sphere, so they touch at one point, and the new sphere is lower in z (since it's hanging below). The distance between centers should be equal to the sum of the radii? Wait, no: if one is hanging below the other, they are externally tangent, so distance between centers is r1 + r2. Wait, but ""hangs just below"" means the new sphere is below the previous one, so the point of contact is the top of the new sphere and the bottom of the previous sphere? Wait, no: ""hangs just below"" implies that the new sphere is touching the previous sphere from below, so the previous sphere is above, new sphere is below, and they touch at one point. So the distance between centers is r1 + r2 (since they are externally tangent). Wait, but let's think: if two spheres touch externally, the distance between centers is r1 + r2. If one is inside the other, it's |r1 - r2|, but here they are touching at one point and not overlapping, so external tangent, so distance is sum.

But let's get coordinates. The previous sphere center is C1 = (-4, -4, 10), radius r1 = 9. The new sphere has center C2 = (x, y, z), radius r2 = 13. They touch at one point, so distance between C1 and C2 is r1 + r2 = 9 + 13 = 22. Also, since the new sphere hangs just below the previous one, they should be aligned vertically (same x and y coordinates), because otherwise, the problem would specify otherwise (it's a ""tight"" box before, but here it's just ""hangs just below"", so probably along the vertical line through the previous sphere's center). Wait, the previous sphere's center is (-4,-4,10), so the new sphere should be centered along the same vertical line (x=-4, y=-4) to touch it at one point. Let's confirm: if they are not aligned, there could be multiple points, but the problem says ""touching it at just one point"", so they must be tangent, so the line connecting centers is perpendicular to the tangent plane at the contact point. Since the problem is likely symmetric (as the previous spheres were on the z-axis), here it's also symmetric in x and y.

So x-coordinate of C2 is -4, y-coordinate is -4. The distance between C1 and C2 is 22. Since the new sphere is below the previous one, z-coordinate of C2 is less than z-coordinate of C1. So z2 = z1 - 22 = 10 - 22 = -12. Wait, let's check: the top of the new sphere is z2 + r2 = (-12) + 13 = 1, and the bottom of the previous sphere is z1 - r1 = 10 - 9 = 1. So they touch at (x=-4, y=-4, z=1), which is the point where the new sphere's top meets the previous sphere's bottom. That makes sense. Let's verify the distance: distance between (-4,-4,10) and (-4,-4,-12) is |10 - (-12)| = 22, which is 9 + 13 = 22. Perfect.

Let me recap all answers to make sure:

1. First sphere (radius 4, bottom at origin): center (0,0,4). Correct, because lowest z is 4 - 4 = 0, which is the origin (0,0,0).

2. Second sphere (radius 6, sits on top of first): centers are (0,0,4) and (0,0,z2). Distance between centers is 4 + 6 = 10, so z2 = 4 + 10 = 14. Correct, since the top of first sphere is at z=4+4=8, bottom of second sphere is z=14-6=8, so they touch at (0,0,8).

3. Box corners: first sphere x: -4 to 4, y: -4 to 4, z: 0 to 8. Second sphere x: -6 to 6, y: -6 to 6, z: 8 to 20. So combined x: -6 to 6, y: -6 to 6, z: 0 to 20. Positive corner: (6,6,20); opposite: (-6,-6,0).

4. Third sphere (radius 9, sits on top of (-4,-4,1)): the point (-4,-4,1) is the lowest point of the sphere, so center is (-4,-4,1 + 9) = (-4,-4,10). Correct, since the lowest z is 10 - 9 = 1, which matches.

5. Fourth sphere (radius 13, hangs below third sphere): centers are (-4,-4,10) and (-4,-4,z2). Distance between centers is 9 + 13 = 22, so z2 = 10 - 22 = -12. Correct, because the top of the fourth sphere is z2 + 13 = -12 + 13 = 1, which is the bottom of the third sphere (10 - 9 = 1), so they touch at ( -4, -4, 1).

Let me check the box again. The first sphere has z from 0 (center z=4, radius 4, so 4-4=0) to 8 (4+4=8). The second sphere has z from 8 (14-6=8) to 20 (14+6=20). So the z-range is 0 to 20. x-range: first sphere x from -4 to 4, second from -6 to 6, so x from -6 to 6. Same for y. So the box corners are (6,6,20) and (-6,-6,0). That seems right.

Another check for the fourth sphere: ""sits on top of the point (-4,-4,1)"". If ""sits on top"" means the point is the top, but that doesn't make sense because ""sits on"" usually means the point is the contact point below. Wait, the problem says ""sits on top of the point"", which is a bit odd. Maybe ""sits on top"" here means that the sphere is positioned such that the point is the lowest point (i.e., the sphere is resting on that point), so the point is the bottom of the sphere. That's the standard interpretation for ""a sphere sits on a point"" – the point is the lowest point of the sphere. So that makes sense.

For the fifth sphere: ""hangs just below the previous sphere, touching it at just one point"". So the previous sphere is above, this one is below, touching at one point. So the distance between centers is sum of radii (since they are externally tangent). If it were one inside the other, it would be difference, but since it's hanging below, they are separate, so sum. So 9 + 13 = 22. The center is directly below the previous center, so same x and y, z-coordinate is previous z minus 22 (since it's below), which is 10 - 22 = -12. Correct.

I think that's all. Let's list the answers in order:

1. (0, 0, 4)

2. (0, 0, 14)

3. (6, 6, 20), (-6, -6, 0)

4. (-4, -4, 10)

5. (-4, -4, -12)

The problem says ""Answer: ([ANS], [ANS], [ANS])"" for each part. Let's confirm the order:

- First answer: (0, 0, 4)

- Second: (0, 0, 14)

- Third: two corners: (6,6,20) then (-6,-6,0)

- Fourth: (-4, -4, 10)

- Fifth: (-4, -4, -12)

Yes, that's the order.

Let me write them as per the problem's request:

Problem asks for each answer in the order they appear:

1. What center should a sphere of radius 4... Answer: (0, 0, 4)

2. What center should a sphere of radius 6... Answer: (0, 0, 14)

3. What are the two opposite corners... First: (6, 6, 20); then: (-6, -6, 0)

4. What center should a sphere of radius 9... Answer: (-4, -4, 10)

5. What center should a sphere of radius 13... Answer: (-4, -4, -12)

The problem says ""end with the required boxed answer"" with one answer per [ANS] in order. Wait, the problem says ""If an [ANS] is followed by lettered choices, answer with the letter."" But here there are no lettered choices, so we just give the coordinates.

Wait, the problem says: ""Please Give one answer per [ANS] in the order they appear, all inside a single \boxed{} separated by commas (e.g. \boxed{5, 7}).""

Wait, how many [ANS] are there? Let's count:

- First answer: 3 numbers (0,0,4)

- Second: 3 numbers (0,0,14)

- Third: two answers, each 3 numbers: (6,6,20) and (-6,-6,0) → 6 numbers

- Fourth: 3 numbers (-4,-4,10)

- Fifth: 3 numbers (-4,-4,-12)

Total [ANS]s: 3 + 3 + 6 + 3 + 3 = 18.

Wait, but the problem says ""one answer per [ANS] in the order they appear"". The problem statement has:

""What center should a sphere of radius 4 have so that it sits on the xy plane with its bottom (lowest point in the z direction) just touching the origin? Answer: ([ANS], [ANS], [ANS]) What center should a sphere of radius 6 have so that it sits on top of the previous sphere (that is, higher in the z direction, touching the previous sphere at just one point)? Answer: ([ANS], [ANS], [ANS]) What are the two opposite corners of a box that tightly contains the previous two spheres (and whose edges are parallel to the axes)? First give the corner with all positive coordinates: ([ANS], [ANS], [ANS]) Then give the corner opposite that one: ([ANS], [ANS], [ANS]) What center should a sphere of radius 9 have so that it sits on top of the point $(-4,-4,1)$? Answer: ([ANS], [ANS], [ANS]) What center should a sphere of radius 13 have so that it hangs just below the previous sphere, touching it at just one point? Answer: ([ANS], [ANS], [ANS])""

So the order of [ANS] is:

1. (0,0,4) → [ANS1], [ANS2], [ANS3]

2. (0,0,14) → [ANS4], [ANS5], [ANS6]

3. (6,6,20) → [ANS7], [ANS8], [ANS9]

4. (-6,-6,0) → [ANS10], [ANS11], [ANS12]

5. (-4,-4,10) → [ANS13], [ANS14], [ANS15]

6. (-4,-4,-12) → [ANS16], [ANS17], [ANS18]

So the answer should be \boxed{0,0,4,0,0,14,6,6,20,-6,-6,0,-4,-4,10,-4,-4,-12}

Let me check each:

1. 0,0,4 → correct

2. 0,0,14 → correct

3. 6,6,20 → correct (positive corner)

4. -6,-6,0 → correct (opposite corner)

5. -4,-4,10 → correct (radius 9 sphere)

6. -4,-4,-12 → correct (radius 13 sphere)

Yes, that's 18 numbers. The problem says ""one answer per [ANS] in the order they appear"", so each coordinate is an [ANS] in order.

Let me confirm the box: the problem says ""Put only the value in the box: no 'x =', no units, no prose. If an [ANS] is followed by lettered choices, answer with the letter."" Since there are no lettered choices, we just list the numbers.

So the final answer is \boxed{0,0,4,0,0,14,6,6,20,-6,-6,0,-4,-4,10,-4,-4,-12}
</think>

\boxed{0,0,4,0,0,14,6,6,20,-6,-6,0,-4,-4,10,-4,-4,-12}"
608,"Okay, let's tackle each part step by step.

Starting with part a: ""Is the time a function of the year?"" 

A function requires that each input (year) has exactly one output (time). Let's check the table. Looking at the years: 1954 appears twice (with times 3:59.4 and 3:58.0), 1957 has 3:57.2, 1958 has 3:54.5, etc. Wait, in the table, for each year, there might be multiple times? Wait, the table is structured as ""Year & Time"" with some rows having the same year but different times. For example, 1954 has two entries: 3:59.4 and 3:58.0. So in 1954, there are two different times recorded. 

Wait, the question is: ""Is the time a function of the year?"" So time as a function of year would mean that for a given year, there's only one time. But here, in 1954, there are two different times (3:59.4 and 3:58.0). So if you take the year as the input, the time could have multiple outputs. Therefore, time is not a function of the year because a single year has multiple times. So the answer is B. NO.

Part b: ""Is the year a function of the time?"" 

Here, we need to check if each time corresponds to exactly one year. Let's look for duplicate times. Let's list the times:

From the table:

1954: 3:59.4, 3:58.0

1957: 3:57.2

1958: 3:54.5

1962: 3:54.4

1964: 3:54.1

1965: 3:53.6

1966: 3:51.3

1967: 3:51.1

1975: 3:51.0, 3:49.4

1979: 3:49.0

1980: 3:48.8

1981: 3:48.53, 3:48.40, 3:47.33

1985: 3:46.32

1993: 3:44.39

1999: 3:43.13

Wait, looking at the times, are there any duplicates? For example, 3:48.40 is in 1981, and 3:48.53 is also in 1981. The times here are all different except maybe some? Let's check:

Looking at the times as written: 3:59.4 (1954), 3:58.0 (1954), 3:57.2 (1957), 3:54.5 (1958), 3:54.4 (1962), 3:54.1 (1964), 3:53.6 (1965), 3:51.3 (1966), 3:51.1 (1967), 3:51.0 (1975), 3:49.4 (1975), 3:49.0 (1979), 3:48.8 (1980), 3:48.53 (1981), 3:48.40 (1981), 3:47.33 (1981), 3:46.32 (1985), 3:44.39 (1993), 3:43.13 (1999).

Wait, all the times here seem to be unique. Wait, 3:48.53 and 3:48.40 are different (one has 53 hundredths, the other 40 hundredths), 3:47.33 is different. So each time is unique to a year? Wait, but in the table, for 1981, there are three times, but each time is different. So if you take a specific time (e.g., 3:48.40), is there only one year associated with it? Let's see. The problem is asking if the year is a function of the time, meaning for a given time, is there only one year. 

In the table, each time listed is associated with a specific year. For example, 3:59.4 is in 1954, 3:58.0 is also in 1954. Wait, no, the table is structured with two columns: Year and Time, with multiple rows. So each row is a record. So for each record, there's a year and a time. So the time could be the same across different years? Wait, but in the given data, do we have any time that appears in two different years?

Let's check the times:

Looking at the times as written (in min:sec format):

- 3:59.4 (1954)
- 3:58.0 (1954)
- 3:57.2 (1957)
- 3:54.5 (1958)
- 3:54.4 (1962)
- 3:54.1 (1964)
- 3:53.6 (1965)
- 3:51.3 (1966)
- 3:51.1 (1967)
- 3:51.0 (1975)
- 3:49.4 (1975)
- 3:49.0 (1979)
- 3:48.8 (1980)
- 3:48.53 (1981)
- 3:48.40 (1981)
- 3:47.33 (1981)
- 3:46.32 (1985)
- 3:44.39 (1993)
- 3:43.13 (1999)

So each time here is unique. For example, 3:51.0 is only in 1975, 3:49.4 is in 1975, etc. So if you take a time (e.g., 3:51.0), it's only associated with 1975. Therefore, each time corresponds to exactly one year. Wait, but wait: the problem says ""the year a function of the time"". So if a time is given, does it have one year? Since in the table, all times listed are unique (no two different records have the same time), then yes, each time has exactly one year. Wait, but the problem says ""the year in which each new world record... was set"". So each record is a new world record, so each time is a unique record. Therefore, each time corresponds to exactly one year. So the answer would be A. YES.

Wait, but wait: the question is ""Is the year a function of the time?"" So if you have a time, can you determine the year? Since each time is unique (as per the table), then yes. For example, if someone says ""the time was 3:51.0"", you know it's 1975. So the year is a function of the time. So part b answer is A. YES.

Wait, but let me confirm. Let's see if there's any duplicate time. For example, 3:48.40 and 3:48.53 are different. The times are given with varying decimal places (e.g., 3:59.4 vs 3:58.0), so they are different. So all times are unique. Therefore, each time has exactly one year. So yes, the year is a function of the time. So part b is A. YES.

Moving to part c: ""Which of the following statements best describes the meaning of the expression y(3:47.33)=1981?""

The function y(r) is defined as ""the year in which the world record, r, was set"". So y(3:47.33) means when the world record of time 3:47.33 was set, the year is 1981. So the statement is: A record of 3:47.33 was set in 1981. Let's check the options:

A. A record of 3:47.33 was set in 1981

B. 1981 people ran the mile under a time of 3:47.33

C. The record was lowered by almost 4 seconds in 1981

D. Just after 3:47 PM the record was set in 1981

E. None of the above

Option A seems correct. The function y(r) takes the record time r and gives the year. So y(3:47.33)=1981 means that the record time 3:47.33 was set in 1981. So A is correct.

Part d: ""Evaluate y(3:48.40)= [ANS]""

From the table, looking for the time 3:48.40. In the table, under 1981, there's a time of 3:48.40. Let's check:

The table has:

1981 & 3:48.53

1981 & 3:48.40

1981 & 3:47.33

So the time 3:48.40 is associated with the year 1981. Therefore, y(3:48.40) = 1981.

Let me confirm: the problem says ""Let y(r) be the year in which the world record, r, was set."" So r is the time, and y(r) is the year. So for r = 3:48.40, the year is 1981. So answer is 1981.

Let me recap:

a) Time as a function of year: NO (since 1954 has two times), so B.

b) Year as a function of time: YES (since each time is unique), so A.

c) A.

d) 1981.

Wait, let me double-check part a. The question is ""Is the time a function of the year?"" So time is the dependent variable, year is the independent. For a function, each input (year) must have exactly one output (time). But in the table, 1954 has two different times (3:59.4 and 3:58.0), so if you input 1954, you get two times. Therefore, time is not a function of year. So answer is B. NO.

Part b: ""Is the year a function of the time?"" So year is dependent, time is independent. For each time, is there exactly one year? Since in the table, each time listed is unique (no two different records have the same time), then yes. For example, if you have a time of 3:58.0, it's only from 1954. So each time maps to one year. Therefore, the year is a function of the time. So answer is A. YES.

Part c: The expression y(3:47.33)=1981 means that the time 3:47.33 was set in 1981. So option A is correct.

Part d: Looking for y(3:48.40). In the table, 3:48.40 is listed under 1981, so the answer is 1981.

I think that's all.
</think>

[ANS]B, A, A, 1981

\boxed{B, A, A, 1981}"
609,"Okay, let's see. So the problem is about a convertible and a minivan leaving a highway junction at the same time. The convertible goes west at 70 mph, and the minivan goes north at 60 mph. We need to find how far apart they are after 3 hours. Hmm, right. 

First, I remember that when two objects move in perpendicular directions, the distance between them can be found using the Pythagorean theorem. Because their paths form a right angle, right? So west and north are perpendicular, so the triangle formed by their paths is a right triangle. 

Let me think. After 3 hours, the convertible has traveled west for 3 hours at 70 mph. So distance covered by convertible is speed multiplied by time. That would be 70 miles per hour times 3 hours. Let me calculate that: 70 * 3 = 210 miles. So the convertible is 210 miles west of the junction.

Similarly, the minivan is going north at 60 mph for 3 hours. So its distance is 60 * 3 = 180 miles north of the junction.

Now, since they're moving in perpendicular directions, the distance between them is the hypotenuse of a right triangle where the legs are 210 miles and 180 miles. So we need to find the hypotenuse. 

Pythagorean theorem: a² + b² = c². So here, a is 210, b is 180. Let's compute c.

First, square 210: 210² = 44100. Then square 180: 180² = 32400. Add them together: 44100 + 32400 = 76500. Then c is the square root of 76500. Let me compute that.

What's the square root of 76500? Let's see. Let's factor it. 76500 = 100 * 765. So sqrt(100 * 765) = 10 * sqrt(765). Now, 765 can be simplified. Let's see, 765 divided by 5 is 153. 153 is 9*17. So 765 = 5*9*17 = 45*17. So sqrt(765) = sqrt(45*17) = sqrt(9*5*17) = 3*sqrt(85). Wait, maybe that's not helpful. Let me just compute sqrt(76500).

Alternatively, let's compute 276²: 276*276. Let's see, 270²=72900, 6²=36, 2*270*6=3240. So (270+6)²=72900+3240+36=76176. That's 276²=76176. Then 277²=276² + 2*276 +1=76176 +552 +1=76729. Oh, so 76500 is between 276² and 277². Let's see, 276.5²? Maybe not necessary. Wait, but the problem probably expects an exact value or a decimal?

Wait, the problem says ""how far apart are they after 3 hours"". Let me check if I did the calculations right.

Convertor: 70 mph * 3 h = 210 miles west.

Minivan: 60 mph * 3 h = 180 miles north.

So the distance between them is sqrt(210² + 180²) = sqrt(44100 + 32400) = sqrt(76500). Let's compute sqrt(76500). Let's divide 76500 by 100: 765. So sqrt(76500) = 10*sqrt(765). Let's compute sqrt(765). 27²=729, 28²=784, so sqrt(765) is between 27 and 28. 27.6²= (27 + 0.6)²=27² + 2*27*0.6 +0.6²=729 +32.4 +0.36=761.76. 27.7²=27.6² + 2*27.6*0.1 +0.1²=761.76 +5.52 +0.01=767.29. So 765 is between 27.6² and 27.7². 765 -761.76=3.24. So 3.24/(767.29 -761.76)=3.24/5.53≈0.586. So sqrt(765)≈27.6 +0.586*0.1≈27.6586. So sqrt(76500)=10*27.6586≈276.586 miles. So approximately 276.6 miles.

But maybe the problem expects an exact value? Wait, the problem says ""how far apart are they"". In real problems like this, they might want the exact value, but since it's a distance, probably a decimal. Let me check if 76500 is a perfect square. Wait, 76500=100*765=100*5*153=100*5*9*17=900*85. So sqrt(900*85)=30*sqrt(85). Oh! Wait, that's a better way. Let's see:

210² + 180² = (210)^2 + (180)^2 = (21*10)^2 + (18*10)^2 = 100*(21² + 18²) = 100*(441 + 324) = 100*765. So sqrt(100*765)=10*sqrt(765). But 765=9*85, so sqrt(765)=sqrt(9*85)=3*sqrt(85). Therefore, sqrt(100*765)=10*3*sqrt(85)=30*sqrt(85). So the exact distance is 30√85 miles. But maybe they want a numerical value. Let's compute 30*sqrt(85). sqrt(85)≈9.2195. So 30*9.2195≈276.585. So approximately 277 miles if rounded to the nearest whole number, but maybe the problem expects the exact value? Wait, the problem says ""how far apart are they after 3 hours"". In typical math problems like this, unless specified, they might want the exact value or the approximate. Let me check the problem statement again.

The problem says ""Distance Apart=[ANS]"". It's a problem likely from a textbook where they expect the numerical value. Let's see, 210 and 180. Let's see, 210-180-? Maybe 30√85 is the exact, but in the context of the problem, since it's a distance after 3 hours, they probably want a decimal. Let me compute sqrt(76500) more accurately.

Let me use a calculator approach. Let's see, 276.5^2 = (276 + 0.5)^2 = 276^2 + 2*276*0.5 +0.25 = 76176 + 276 +0.25=76452.25. That's less than 76500. 276.5^2=76452.25. 276.6^2= (276.5 +0.1)^2=276.5² + 2*276.5*0.1 +0.1²=76452.25 +55.3 +0.01=76507.56. Oh! So 276.6^2=76507.56, which is a bit more than 76500. So 76500 is between 276.5^2 and 276.6^2. The difference between 76500 and 76452.25 is 47.75. The interval between 276.5 and 276.6 is 0.1 in x, which corresponds to 76507.56 -76452.25=55.31 in x². So 47.75 /55.31 ≈0.863. So approximate x=276.5 +0.863*0.1≈276.586. So approximately 276.6 miles. So probably 277 miles if rounded, but maybe the problem expects the exact value. Wait, let's check if 30√85 is the answer, but the problem says ""how far apart"", so in the context of a problem like this, they might want the numerical value. Let me see if 210 and 180 have a common factor. 210 and 180 are both divisible by 30. 210=30*7, 180=30*6. So the distance is sqrt( (30*7)^2 + (30*6)^2 )=30*sqrt(49 +36)=30*sqrt(85). So that's the exact value. But maybe the problem expects a decimal. Let's see, in many standard problems, they might present it as 30√85, but since the problem says ""how far apart"", and it's a real-world problem, they probably want the numerical value. Let's compute sqrt(85)≈9.2195, so 30*9.2195≈276.585, so approximately 277 miles. But maybe they want it to the nearest mile. Let me check with the problem statement. The problem says ""how far apart are they after 3 hours"". It doesn't specify, but in math problems like this, sometimes they expect the exact value, but given that it's a distance, probably a number. Wait, let's see, if I was to answer this in a standard math class, maybe they want the exact value, but the problem says ""Distance Apart=[ANS]"". Let me think. Let's see, 70*3=210, 60*3=180. Then distance is sqrt(210² + 180²)=sqrt(44100+32400)=sqrt(76500)=sqrt(100*765)=10*sqrt(765)=10*sqrt(9*85)=10*3*sqrt(85)=30*sqrt(85). So 30√85 is the exact distance. But maybe the problem expects a numerical value. Let me check if 30√85 is approximately 276.58, so 277 miles. But the problem might want the exact value. Wait, the problem says ""how far apart are they after 3 hours"". In the context of the problem, since it's a math problem, maybe they want the exact value, but in the way the question is phrased, it's probably expecting a numerical answer. Let me see if there's a standard way. For example, in the SAT or similar tests, they might ask for the numerical value. Let me compute 30*sqrt(85). Let's use calculator steps: sqrt(85)≈9.219544457. Multiply by 30: 9.219544457*30≈276.5863337. So approximately 277 miles. But maybe they want it to the nearest mile, so 277. Alternatively, if they want it to one decimal place, 276.6. But the problem says ""how far apart"", and in the problem statement, the speeds are given as whole numbers, time is 3 hours (whole number), so maybe they expect a whole number. Let's see, 276.586 is approximately 277. So I think the answer is 277. Wait, but let me confirm. Let's do 276.586 miles. If the problem is from a textbook, maybe they have a specific answer. Let me check with another approach. Let's see, 210 and 180. The ratio is 7:6 (since 210/30=7, 180/30=6). So the distance is 30*sqrt(7² +6²)=30*sqrt(85), which is the same as before. So sqrt(85) is irrational, so the exact value is 30√85, but the problem probably wants a numerical approximation. Given that, I think the answer is approximately 277 miles. Let me see if 276.586 is closer to 277 than 276, yes, because 0.586 is more than 0.5, so rounds up to 277. So I think the answer is 277.

Wait, but let me check once more. Maybe the problem expects the exact value, but the instruction says ""put only the value in the box: no units, no 'x =', etc."" So if it's a decimal, we need to write it. But in many math problems like this, especially in basic algebra, they might present the answer as the exact value, but since it's a distance after 3 hours, and the problem is likely expecting a numerical answer, I think 277 is the answer. Alternatively, maybe they want it as 30√85, but the problem says ""Distance Apart=[ANS]"" and the user says ""If an [ANS] is followed by lettered choices, answer with the letter."" But here there are no lettered choices, so we have to give the numerical value. Let me check with the calculation again. 70*3=210, 60*3=180. Distance=√(210²+180²)=√(44100+32400)=√76500≈276.586. So if we round to the nearest whole number, it's 277. So I think the answer is 277.
</think>

[ANS]277"
610,"This is a complex or challenging question, and it is difficult to provide a direct and correct answer. I need to think about it.
Well, so the problem says we have a curve in the complex plane given by f(θ) = e^(iθ) + e^(2iθ) + (1/3)e^(3iθ) for θ from 0 to 2π, and we need to find the perimeter of the region R enclosed by this curve. Wait, hold on, first, is this curve simple? Like, does it cross itself? Because if it's not simple, the perimeter might be tricky, but maybe for this particular function, it's a simple closed curve? Let's think about the form of f(θ). It's a sum of complex exponentials, so maybe we can write it in polar coordinates or find its real and imaginary parts to see what the curve looks like.

Let me recall that e^(ikθ) = cos(kθ) + i sin(kθ) for integer k, so let's expand f(θ) into real and imaginary parts to get parametric equations for x(θ) and y(θ). Let's do that step by step.

Let x(θ) = Re[f(θ)] = cosθ + cos2θ + (1/3)cos3θ

y(θ) = Im[f(θ)] = sinθ + sin2θ + (1/3)sin3θ

Okay, so now we have a parametric curve (x(θ), y(θ)) with θ ∈ [0, 2π]. To find the perimeter, we need to compute the arc length of this curve from θ=0 to θ=2π, right? Wait, but hold on: the problem says ""the region R enclosed by the curve"". So first, we need to make sure that this curve is a simple closed curve, so that it encloses a single region, and then the perimeter is just the total arc length of the curve. If it were self-intersecting, we'd have to be careful, but maybe for this function, since it's a trigonometric polynomial with positive coefficients (wait, no, coefficients are complex? Wait, no, in the expansion, the coefficients for the cosines and sines are real numbers: 1, 1, 1/3 for the cosines, same for sines). Wait, actually, the function f(θ) is a complex-valued function, but as a parametric curve, it's a closed curve because when θ goes from 0 to 2π, e^(iθ) goes around the unit circle once, so all the terms are periodic with period 2π, so f(2π) = f(0), so it's a closed curve.

Now, is it simple? Let's check if it's a convex curve or something, or maybe we can use the fact that it's a sum of complex exponentials to find the derivative, which we'll need for arc length. Wait, arc length of a parametric curve (x(θ), y(θ)) from a to b is ∫√[(dx/dθ)² + (dy/dθ)²] dθ. So maybe instead of dealing with x and y, since f(θ) is complex, we can compute the magnitude of the derivative f'(θ), because |f'(θ)| = √[(dx/dθ)² + (dy/dθ)²], right? Yes! That's a good point. For a complex function z(θ) = x(θ) + iy(θ), the arc length is ∫|z'(θ)| dθ from 0 to 2π. That should simplify calculations.

Let's verify that quickly: z'(θ) = x'(θ) + iy'(θ), so |z'(θ)|² = x'(θ)² + y'(θ)², so yes, √|z'(θ)|² = |z'(θ)|, so arc length is indeed ∫₀²π |z'(θ)| dθ where z(θ) = f(θ). Perfect, so let's compute z'(θ) first.

Given z(θ) = e^(iθ) + e^(2iθ) + (1/3)e^(3iθ), so derivative with respect to θ is:

z'(θ) = i e^(iθ) + 2i e^(2iθ) + (1/3)(3i) e^(3iθ) = i e^(iθ) + 2i e^(2iθ) + i e^(3iθ)

Oh, nice, the 1/3 and 3 cancel to give i for the last term. Let's factor out the i to make it simpler:

z'(θ) = i [ e^(iθ) + 2 e^(2iθ) + e^(3iθ) ]

Wait a second, the expression in the brackets looks familiar. Let's see: e^(iθ) + 2 e^(2iθ) + e^(3iθ) = (e^(iθ) + e^(3iθ)) + 2 e^(2iθ) = e^(iθ)(1 + e^(2iθ)) + 2 e^(2iθ). Hmm, maybe factor as a quadratic in e^(iθ)? Let's let w = e^(iθ), so the bracket is w + 2w² + w³ = w³ + 2w² + w = w(w² + 2w + 1) = w(w + 1)². Oh, that's a nice factorization! Let's check: w(w + 1)² = w(w² + 2w + 1) = w³ + 2w² + w, yes! Perfect, so that's a perfect square times w.

So substituting back w = e^(iθ), we have:

e^(iθ) + 2 e^(2iθ) + e^(3iθ) = e^(iθ)(e^(iθ) + 1)²

Let me just verify with θ=0: left side is 1 + 2 + 1 = 4; right side is e^0(1 + 1)^2 = 1*4 = 4, correct. θ=π/2: left side is e^(iπ/2) + 2e^(iπ) + e^(i3π/2) = i + 2*(-1) + (-i) = -2; right side is e^(iπ/2)(e^(iπ/2) + 1)^2 = i(i + 1)^2 = i(i² + 2i + 1) = i(-1 + 2i + 1) = i(2i) = 2i² = -2, correct. Great, so that factorization works.

So going back to z'(θ):

z'(θ) = i * [e^(iθ)(e^(iθ) + 1)²] = i e^(iθ) (e^(iθ) + 1)²

Now, we need |z'(θ)|, the magnitude of this complex number. Let's compute the magnitude step by step. Remember that for complex numbers, |ab| = |a||b|, so we can take magnitudes of each factor.

First, |i| = 1, since i is on the unit circle.

Second, |e^(iθ)| = 1, since it's a unit complex number.

Third, |e^(iθ) + 1| is a modulus we can compute explicitly. Let's recall that |e^(iθ) + 1|² = (cosθ + 1)² + (sinθ)² = cos²θ + 2cosθ + 1 + sin²θ = (cos²θ + sin²θ) + 2cosθ + 1 = 1 + 2cosθ + 1 = 2 + 2cosθ = 4cos²(θ/2), using the double-angle formula: 1 + cosθ = 2cos²(θ/2), so yes, 2 + 2cosθ = 4cos²(θ/2), so |e^(iθ) + 1| = 2|cos(θ/2)|. That's a standard result, maybe good to remember.

But let's not get ahead of ourselves. Let's write |z'(θ)| = |i| * |e^(iθ)| * |e^(iθ) + 1|² = 1 * 1 * |e^(iθ) + 1|² = |e^(iθ) + 1|². Wait, hold on! Wait, no: z'(θ) = i * e^(iθ) * (e^(iθ) + 1)², so the entire expression is i times e^(iθ) times (e^(iθ)+1) squared. So when taking magnitude, it's |i| * |e^(iθ)| * |e^(iθ) + 1|². Since |i|=1, |e^(iθ)|=1, so yes, |z'(θ)| = |e^(iθ) + 1|². Wait, is that right? Wait, (e^(iθ)+1) squared has magnitude |e^(iθ)+1| squared, yes, because |w²|=|w|² for any complex w. So yes, that's correct.

Wait, but earlier we computed |e^(iθ) + 1|² = 2 + 2cosθ, right? Let's confirm with the expansion: |e^(iθ) + 1|² = (cosθ + 1)^2 + sin²θ = cos²θ + 2cosθ + 1 + sin²θ = 2 + 2cosθ, yes, that's simpler than the double-angle, though both are equivalent. So |e^(iθ) + 1|² = 2(1 + cosθ) = 4cos²(θ/2), as we had before, but maybe we can just keep it as 2(1 + cosθ) for integration purposes, since we need to integrate |z'(θ)| from 0 to 2π, which is ∫₀²π |e^(iθ) + 1|² dθ = ∫₀²π 2(1 + cosθ) dθ.

Wait, hold on, is that all? Let me make sure I didn't make a mistake in the magnitude calculation, because that seems almost too straightforward, but let's retrace the steps carefully.

z(θ) = e^(iθ) + e^(2iθ) + (1/3)e^(3iθ)

z'(θ) = i e^(iθ) + 2i e^(2iθ) + (1/3)(3i)e^(3iθ) = i e^(iθ) + 2i e^(2iθ) + i e^(3iθ). Correct, derivative of e^(ikθ) is ik e^(ikθ), so yes, for k=1: i e^(iθ), k=2: 2i e^(2iθ), k=3: 3i*(1/3)e^(3iθ)=i e^(3iθ). Good.

Then factoring z'(θ): i e^(iθ) + 2i e^(2iθ) + i e^(3iθ) = i [e^(iθ) + 2 e^(2iθ) + e^(3iθ)]. Correct, factored out i.

Then inside the brackets: e^(iθ) + 2 e^(2iθ) + e^(3iθ). Let's write all terms with e^(iθ): e^(iθ)(1 + 2 e^(iθ) + e^(2iθ)) = e^(iθ)(1 + e^(iθ))². Oh! Wait a second, here's a better way to factor that quadratic: 1 + 2w + w² = (1 + w)² where w = e^(iθ), so yes, e^(iθ) + 2 e^(2iθ) + e^(3iθ) = e^(iθ)(1 + e^(iθ))². That's exactly what I had before, but writing it as e^(iθ)(e^(iθ) + 1)² is the same as e^(iθ)(1 + e^(iθ))², just order doesn't matter for multiplication.

So z'(θ) = i * e^(iθ) * (1 + e^(iθ))². Therefore, |z'(θ)| = |i| * |e^(iθ)| * |1 + e^(iθ)|² = 1 * 1 * |1 + e^(iθ)|², since |ab| = |a||b| and |w²| = |w|². Correct.

Then |1 + e^(iθ)|² = (1 + cosθ)^2 + (sinθ)^2 = 1 + 2cosθ + cos²θ + sin²θ = 2 + 2cosθ, yes, that's a standard trigonometric identity, no mistakes there.

So now, the arc length we want is ∫₀²π |z'(θ)| dθ = ∫₀²π (2 + 2cosθ) dθ. Wait, is that right? Wait, hold on! Wait a second, the problem says ""the region R enclosed by the curve"". But is the curve traversed once without crossing itself? If it's self-intersecting, the arc length we compute is still the length of the curve, but the problem says ""the perimeter of R"", so we need to make sure that R is a single region, so the curve must be simple and closed, otherwise perimeter might not be well-defined or we'd have to consider the total length of the simple closed curves it forms, but let's check if this curve is simple.

Wait, but maybe first let's compute the integral, see what we get, and then verify if the curve is simple. Let's compute the integral first.

∫₀²π (2 + 2cosθ) dθ = 2∫₀²π dθ + 2∫₀²π cosθ dθ = 2*(2π) + 2*[sinθ]₀²π = 4π + 2*(0 - 0) = 4π.

Wait, that's nice! The cosine integral vanishes over a full period, so we get 4π. But hold on, is this the perimeter? Wait, but let's think again: when we have a parametric curve, the arc length is always the integral of |z'(θ)| dθ, which gives the total length of the curve as it's traversed from θ=0 to θ=2π. But if the curve is self-intersecting, then this integral would count the length of the self-intersecting path, but the problem says ""the region R enclosed by the curve"". So we need to ensure that the curve is a simple closed curve, so that it encloses exactly one region, and then the perimeter is the length of the curve.

Let me try to sketch the curve or find some points to see if it's simple. Let's compute z(θ) at some key angles.

θ=0: z(0) = e^0 + e^0 + (1/3)e^0 = 1 + 1 + 1/3 = 7/3 ≈ 2.333, so (7/3, 0) in complex plane.

θ=π/2: z(π/2) = e^(iπ/2) + e^(iπ) + (1/3)e^(i3π/2) = i + (-1) + (1/3)(-i) = (-1) + (2/3)i ≈ (-1, 0.666)

θ=π: z(π) = e^(iπ) + e^(i2π) + (1/3)e^(i3π) = (-1) + 1 + (1/3)(-1) = (-1/3) ≈ -0.333, so (-1/3, 0)

θ=3π/2: z(3π/2) = e^(i3π/2) + e^(i3π) + (1/3)e^(i9π/2) = (-i) + (-1) + (1/3)(e^(iπ/2)) = (-1) + (-i) + (1/3)i = (-1) + (-2/3)i ≈ (-1, -0.666)

θ=2π: same as θ=0, 7/3, 0.

Hmm, so at θ=0, it's at (7/3, 0) on the positive real axis; at θ=π/2, it's in the second quadrant (real negative, imaginary positive); at θ=π, it's on the negative real axis at -1/3; at θ=3π/2, third quadrant (real negative, imaginary negative); back to θ=2π, positive real axis.

Let's check another point, θ=π/3: e^(iπ/3) = 1/2 + i√3/2, e^(i2π/3) = -1/2 + i√3/2, e^(iπ) = -1, so z(π/3) = (1/2 + i√3/2) + (-1/2 + i√3/2) + (1/3)(-1) = (0 + i√3) - 1/3 = -1/3 + i√3 ≈ (-0.333, 0.577), so in second quadrant, above the real axis.

θ=2π/3: e^(i2π/3) = -1/2 + i√3/2, e^(i4π/3) = -1/2 - i√3/2, e^(i2π) = 1, so z(2π/3) = (-1/2 + i√3/2) + (-1/2 - i√3/2) + (1/3)(1) = (-1) + 1/3 = -2/3 ≈ -0.666, so on the negative real axis, between -1 and 0.

Wait, θ=π we had -1/3, θ=2π/3 is -2/3, so it's moving left along the real axis from θ=0 to θ=π? Wait, at θ=0: 7/3, θ=π/3: ~(-0.333, 0.577), θ=π/2: (-1, 0.666), θ=2π/3: (-2/3, 0), θ=π: (-1/3, 0). Wait, so from θ=0 to θ=π, the real part goes from 7/3 down to -1/3, imaginary part starts at 0, goes up to a max, then back down to 0 at θ=π.

Maybe we can check if the curve is convex or has no self-intersections by looking at the derivative or the second derivative, but maybe another approach: since z(θ) is a trigonometric polynomial of degree 3, it's a rational function? Wait, no, it's a sum of exponentials, so it's a periodic function with period 2π, and as a complex function, it's analytic in the complex plane (since it's a finite sum of exponentials), but we're looking at its image as a curve.

Wait, another thought: the problem says ""the region R enclosed by the curve"". For a closed curve in the complex plane, if it's simple (no self-intersections), it encloses a single region, and the perimeter is the length of the curve. If it's not simple, it might enclose multiple regions, but the problem states ""the region R"", implying a single region, so we can assume it's simple. Maybe for this particular function, since all the coefficients are positive real numbers (wait, in the complex expansion, the coefficients for each exponential term are positive reals: 1, 1, 1/3), so maybe the curve is star-shaped or convex?

Wait, let's think about the function z(θ) = sum_{k=1}^3 c_k e^(ikθ) with c_k > 0. These are called ""trigonometric polynomials"" of the form sum c_k e^(ikθ), which are related to Fourier series, but finite. For such functions, when c_k are positive, does the curve enclose a single region? Maybe we can use the argument principle or check the winding number, but maybe overcomplicating.

Wait, but hold on! Wait a second, when I computed |z'(θ)|, I got |e^(iθ) + 1|², which is 2 + 2cosθ, and integrated to 4π. But let's make sure we didn't misinterpret the problem. The problem says ""the region R in the complex plane enclosed by the curve"". So first, is the curve a simple closed curve? Let's check if z(θ) = z(φ) for some 0 < θ < φ < 2π.

Suppose z(θ) = z(φ), θ ≠ φ. Then e^(iθ) + e^(2iθ) + (1/3)e^(3iθ) = e^(iφ) + e^(2iφ) + (1/3)e^(3iφ). Let's set w = e^(i(θ - φ)), but maybe better to consider the function g(θ) = z(θ) - z(0) or something, but maybe test if it's injective on [0, 2π).

Wait, let's compute the derivative of z(θ) to see if the curve is monotonic in some sense, but derivative is complex, so we can't say monotonic, but maybe the magnitude of the derivative is always positive, which would mean the curve is smooth and never stationary, which it isn't here: |z'(θ)| = 2 + 2cosθ, which is zero when cosθ = -1, i.e., θ = π. Wait, at θ=π, |z'(θ)| = 0? Wait, hold on! That's a critical point! At θ=π, the derivative is zero, so the curve has a cusp or a point of inflection? Wait, no, in parametric terms, if |z'(θ)| = 0 at some point, that's a singular point where the curve might have a self-intersection or a cusp.

Wait, let's check z'(π): z'(θ) = i e^(iθ) + 2i e^(2iθ) + i e^(3iθ), so z'(π) = i e^(iπ) + 2i e^(i2π) + i e^(i3π) = i*(-1) + 2i*(1) + i*(-1) = -i + 2i - i = 0. Oh! So at θ=π, the derivative is zero, so the curve has a critical point there. That means the curve is not smooth at θ=π? Wait, but in complex analysis, a smooth curve requires the derivative to be non-vanishing, but here it vanishes at θ=π, so it's a singular point. But does that cause a self-intersection?

Let's compute z(π) = e^(iπ) + e^(i2π) + (1/3)e^(i3π) = (-1) + 1 + (1/3)(-1) = -1/3, as we had before. Now, let's check the behavior near θ=π. Let θ = π + t, where t is small (t ∈ (-π, π) for θ ∈ (0, 2π)). Then compute z(π + t):

e^(i(π + t)) = e^(iπ)e^(it) = -e^(it) = -cos t - i sin t

e^(i2(π + t)) = e^(i2π)e^(i2t) = e^(i2t) = cos 2t + i sin 2t

e^(i3(π + t)) = e^(i3π)e^(i3t) = e^(iπ)e^(i3t) = -e^(i3t) = -cos 3t - i sin 3t

So z(π + t) = [-cos t - i sin t] + [cos 2t + i sin 2t] + (1/3)[-cos 3t - i sin 3t]

Let's compute real and imaginary parts separately for small t (using Taylor series up to t², since higher terms might be negligible):

Real part: -cos t + cos 2t - (1/3)cos 3t

cos t ≈ 1 - t²/2 + t⁴/24

cos 2t ≈ 1 - (2t)²/2 + (2t)^4/24 = 1 - 2t² + (2/3)t⁴

cos 3t ≈ 1 - (3t)²/2 + (3t)^4/24 = 1 - (9/2)t² + (27/8)t⁴

So real part ≈ -[1 - t²/2] + [1 - 2t²] - (1/3)[1 - (9/2)t²] = -1 + t²/2 + 1 - 2t² - 1/3 + (3/2)t²

Combine constants: -1 + 1 - 1/3 = -1/3

t² terms: (1/2 - 2 + 3/2)t² = ( (1/2 + 3/2) - 2 )t² = (2 - 2)t² = 0

t⁴ terms: higher order, so for small t, real part ≈ -1/3 + O(t⁴)

Imaginary part: -sin t + sin 2t - (1/3)sin 3t

sin t ≈ t - t³/6

sin 2t ≈ 2t - (2t)^3/6 = 2t - (4t³)/3

sin 3t ≈ 3t - (3t)^3/6 = 3t - (9t³)/2

So imaginary part ≈ -[t - t³/6] + [2t - 4t³/3] - (1/3)[3t - 9t³/2] = -t + t³/6 + 2t - 4t³/3 - t + (3t³)/2

Combine constants (t terms): -t + 2t - t = 0

t³ terms: (1/6 - 4/3 + 3/2)t³ = convert to sixths: (1/6 - 8/6 + 9/6)t³ = (2/6)t³ = (1/3)t³

So imaginary part ≈ (1/3)t³ + O(t⁵)

Ah, interesting! So near θ=π (t=0), the curve has real part approximately constant at -1/3, and imaginary part approximately (1/3)t³, which for small t is a cubic function, so the curve is ""folding"" over itself at θ=π? Wait, but t is the deviation from θ=π, so when t is positive (θ > π), imaginary part is positive (since t³ > 0), and when t is negative (θ < π), imaginary part is negative (t³ < 0). Wait, so does that mean the curve passes through z(π) = -1/3 + 0i, and for θ slightly less than π (t negative), it's below the real axis, and for θ slightly more than π (t positive), it's above the real axis? Wait, but at θ=π/2 < π, we had z(π/2) = -1 + (2/3)i, which is above the real axis, and at θ=3π/2 > π, z(3π/2) = -1 - (2/3)i, which is below the real axis. Wait, so at θ=π, it's at (-1/3, 0), and as θ increases through π, it goes above the real axis, and as θ decreases through π, it goes below the real axis? Wait, but in the parametric curve, θ goes from 0 to 2π, so we traverse the curve starting at (7/3, 0) at θ=0, going through θ=π/2 (second quadrant), θ=π (on negative real axis), θ=3π/2 (third quadrant), back to θ=2π (positive real axis).

Wait, let's plot approximate points:

θ=0: (7/3, 0) ≈ (2.333, 0)

θ=π/4: e^(iπ/4)=√2/2 + i√2/2, e^(iπ/2)=i, e^(i3π/4)= -√2/2 + i√2/2, so z(π/4)= (√2/2 - √2/2) + i(√2/2 + 1 + √2/2 /3)? Wait, no, better to compute numerically:

e^(iπ/4) ≈ 0.7071 + 0.7071i

e^(iπ/2) = 0 + 1i

e^(i3π/4) ≈ -0.7071 + 0.7071i

So z(π/4) = 0.7071 + 0.7071i + 0 + 1i + (1/3)(-0.7071 + 0.7071i) ≈ (0.7071 - 0.2357) + i(0.7071 + 1 + 0.2357) ≈ 0.4714 + i(1.9428)

θ=π/2: as before, -1 + (2/3)i ≈ (-1, 0.6667)

θ=3π/4: e^(i3π/4)≈-0.7071+0.7071i, e^(i3π/2)=-i, e^(i9π/4)=e^(iπ/4)≈0.7071+0.7071i, so z(3π/4)= (-0.7071+0.7071i) + (-i) + (1/3)(0.7071+0.7071i) ≈ (-0.7071 + 0.2357) + i(0.7071 - 1 + 0.2357) ≈ (-0.4714) + i(-0.0572)

θ=π: (-1/3, 0) ≈ (-0.3333, 0)

θ=5π/4: e^(i5π/4)≈-0.7071-0.7071i, e^(i5π/2)=e^(iπ/2)=i, e^(i15π/4)=e^(i3π/4)≈-0.7071+0.7071i, so z(5π/4)= (-0.7071-0.7071i) + i + (1/3)(-0.7071+0.7071i) ≈ (-0.7071 - 0.2357) + i(-0.7071 + 1 + 0.2357) ≈ (-0.9428) + i(0.5286)

Wait, hold on, at θ=3π/4, we have z≈(-0.4714, -0.0572), which is just below the real axis (very close to real axis), at θ=π, z≈(-0.3333, 0), so from θ=3π/4 to θ=π, it's moving from below the real axis up to the real axis at θ=π. Then from θ=π to θ=5π/4, it's moving from the real axis up to (-0.9428, 0.5286), which is in the second quadrant (real negative, imaginary positive). Wait, so at θ=π, it's a point where the curve crosses from below the real axis to above the real axis? Wait, but earlier when we did the Taylor expansion near θ=π, we saw that imaginary part is proportional to t³, so for t < 0 (θ < π), Im(z) < 0, and t > 0 (θ > π), Im(z) > 0, so yes, it's crossing the real axis at θ=π from below to above? Wait, but at θ=3π/4 < π, Im(z)≈-0.0572 < 0, at θ=π, Im=0, at θ=5π/4 > π, Im≈0.5286 > 0, so yes, it's a smooth crossing of the real axis at θ=π? But wait, the derivative at θ=π is zero, so it's a critical point, but not a self-intersection, just a point where the tangent is vertical or something?

Wait, in the Taylor expansion, the imaginary part is cubic in t, so the curve has a point of inflection at θ=π? Wait, no, the first derivative (with respect to t) of Im(z) is proportional to t², which is zero at t=0, so the curve has a horizontal tangent? Wait, maybe better not to get bogged down here.

The key point is: does the curve self-intersect? Let's suppose for contradiction that z(θ) = z(φ) for some 0 ≤ θ < φ ≤ 2π, θ ≠ φ. Then:

e^(iθ) + e^(2iθ) + (1/3)e^(3iθ) = e^(iφ) + e^(2iφ) + (1/3)e^(3iφ)

Let’s set ψ = φ - θ, so 0 < ψ ≤ 2π, and write the equation as:

e^(iθ)(1 + e^(iθ) + (1/3)e^(2iθ)) = e^(i(θ + ψ))(1 + e^(i(θ + ψ)) + (1/3)e^(i2(θ + ψ)))

Let’s denote u = e^(iθ), so |u|=1, and the equation becomes:

u(1 + u + (1/3)u²) = u e^(iψ)(1 + u e^(iψ) + (1/3)u² e^(i2ψ))

Divide both sides by u (u ≠ 0):

1 + u + (1/3)u² = e^(iψ)(1 + u e^(iψ) + (1/3)u² e^(i2ψ))

Let’s denote v = u e^(iψ), so |v|=1, then the right-hand side is e^(iψ)(1 + v + (1/3)v²) = e^(iψ) * [ (1 + v + (1/3)v²) ]

Wait, maybe not helpful. Alternatively, consider the function h(θ) = z(θ) - z(0), but z(0)=7/3, so h(θ) = e^(iθ) + e^(2iθ) + (1/3)e^(3iθ) - 7/3. Not sure.

Wait, another approach: for trigonometric polynomials of the form sum_{k=1}^n c_k e^(ikθ) with c_k > 0, the curve is called a ""circular"" or ""elliptic"" curve? Wait, no, actually, such functions are related to the roots of unity or can be expressed as sums of complex exponentials, but maybe for n=3, it's a closed curve that doesn't self-intersect.

Wait, let's compute the area enclosed by the curve using Green's theorem, just for fun, to see if it's a simple curve. The area A = (1/2) ∫(x dy - y dx) from 0 to 2π. For a complex function z(θ) = x + iy, this is (1/2) ∫ Im(z(θ) \overline{z'(θ)}) dθ or something? Wait, maybe easier: x dy - y dx = Im(z \overline{z'}) dθ? Wait, z = x + iy, z' = x' + iy', so \overline{z'} = x' - iy', so z \overline{z'} = (x + iy)(x' - iy') = x x' + y y' + i(y x' - x y'). Therefore, Im(z \overline{z'}) = y x' - x y', so x dy - y dx = -Im(z \overline{z'}) dθ? Wait, maybe better to just compute the integral.

But maybe we don't need the area, but let's recall that in our arc length calculation, we got 4π, but let's check with another method to be safe.

Alternative method: write z(θ) = e^(iθ) + e^(2iθ) + (1/3)e^(3iθ) = e^(iθ)(1 + e^(iθ) + (1/3)e^(2iθ)). Let's set w = e^(iθ), so as θ goes from 0 to 2π, w goes around the unit circle |w|=1 once. Then z = w(1 + w + (1/3)w²) = (1/3)w³ + w² + w. Ah! Wait a second! That's a polynomial in w! Specifically, z = (1/3)w³ + w² + w where w = e^(iθ), |w|=1.

Oh my goodness, that's a key insight I missed earlier! So the curve is the image of the unit circle under the polynomial map P(w) = (1/3)w³ + w² + w. Since w is on the unit circle, we can think of this as a rational function (but it's a polynomial) mapping the unit circle to the complex plane, and we need the length of the image curve.

Now, for a polynomial map P(w) from the unit circle to the complex plane, the arc length of the image curve can be computed by parametrizing w = e^(iθ), so P(e^(iθ)) = z(θ), which is exactly what we have, and then arc length is ∫₀²π |P'(e^(iθ))| dθ, which is exactly what we computed earlier! Because P'(w) = w² + 2w + 1 = (w + 1)², so P'(e^(iθ)) = (e^(iθ) + 1)², therefore |P'(e^(iθ))| = |e^(iθ) + 1|² = 2 + 2cosθ, so arc length is ∫₀²π |P'(e^(iθ))| dθ = ∫₀²π (2 + 2cosθ) dθ = 4π, same as before.

Wait, hold on! Earlier, we had z(θ) = P(e^(iθ)) where P(w) = (1/3)w³ + w² + w, so yes, that's correct. Then z'(θ) = P'(e^(iθ)) * i e^(iθ), so |z'(θ)| = |P'(e^(iθ))| * |i e^(iθ)| = |P'(e^(iθ))| * 1, since |i e^(iθ)| = 1. Wait, that's a simpler way to see |z'(θ)| = |P'(w)| where w = e^(iθ). Let's verify:

P(w) = (1/3)w³ + w² + w, so P'(w) = w² + 2w + 1 = (w + 1)², yes! So P'(w) = (w + 1)², so |P'(w)| = |w + 1|² = (w + 1)(\overline{w} + 1) = (w + 1)(1/w + 1) since |w|=1 (w \overline{w}=1), so |w + 1|² = (w + 1)(1 + \overline{w}) = 1 + w + \overline{w} + 1 = 2 + 2 Re(w) = 2 + 2cosθ, which matches.

Therefore, arc length = ∫₀²π |P'(e^(iθ))| dθ = ∫₀²π |w + 1|² dθ where w = e^(iθ), which is the integral we did.

Now, why is this helpful? Because for polynomial maps from the unit circle to the complex plane, the image curve is simple if the polynomial has no critical points on the unit circle (i.e., P'(w) ≠ 0 for |w|=1), but in this case, P'(w) = (w + 1)², so critical points are at w = -1 (double root), which corresponds to θ = π (since w = e^(iθ) = -1 ⇒ θ = π). So there is one critical point on the unit circle (at θ=π), which we already saw causes |z'(θ)| = 0 there.

But does a critical point on the unit circle cause self-intersection? In complex dynamics, a critical point on the boundary can cause the image to have a ""fold"" or a cusp, but in this case, we saw from the Taylor expansion that near θ=π, the curve is smooth (since the first non-vanishing derivative of Im(z) with respect to t is cubic, so the curve is smooth there, just with a point of inflection? Wait, no, in parametric terms, a critical point (z'(θ)=0) means the curve has a singular point, but in this case, since the derivative vanishes to order 1? Wait, no, z'(θ) = i P'(e^(iθ)) e^(iθ) = i (e^(iθ) + 1)² e^(iθ), so z'(θ) has a zero of order 2 at θ=π (since (e^(iθ)+1)² has a zero of order 2 at θ=π), so the curve has a point of order 2 singularity? Wait, but when we did the Taylor expansion near θ=π, the imaginary part was cubic in t, so the curve has a ""cusp"" or ""self-intersection""?

Wait, let's take a step back. The problem states: ""Let R be the region in the complex plane enclosed by the curve"". So the problem is assuming that such a region R exists, meaning the curve is a simple closed curve (or a closed curve that encloses exactly one region). In many standard problems like this, especially in competitions or textbooks, when they say ""the region enclosed by the curve"" for a closed curve defined by a periodic function with period 2π, they usually mean the simple closed curve, and the perimeter is the total arc length of the curve as traversed once.

Moreover, even if there is a critical point, the arc length integral still gives the total length of the curve, which is what we computed as 4π. The problem says ""the perimeter of R"", so if R is the region enclosed, and the curve is traversed once without crossing itself (even with a critical point, as long as it doesn't cross itself), then the perimeter is the arc length.

Wait, but let's check with a simpler case to see if our method works. Suppose we have a circle: z(θ) = R e^(iθ), then perimeter is 2πR. Using our method: z'(θ) = i R e^(iθ), |z'(θ)| = R, arc length = ∫₀²π R dθ = 2πR, correct.

Another test: ellipse, z(θ) = a cosθ + i b sinθ, perimeter is approximately 4a(1 + (1/2)²(1 - e²) + ...) but exact is hard, but using our method: z'(θ) = -a sinθ + i b cosθ, |z'(θ)| = √(a² sin²θ + b² cos²θ), so arc length = ∫₀²π √(a² sin²θ + b² cos²θ) dθ, which is correct.

In our problem, we have a specific integral that we computed as 4π. Let's recompute the integral to be 100% sure:

∫₀²π (2 + 2cosθ) dθ = 2θ + 2 sinθ |₀²π = (4π + 0) - (0 + 0) = 4π. Yes, that's straightforward, the cosine integrates to zero over a full period.

Is there any chance we misapplied the arc length formula? Let's recall: for a parametric curve x(θ), y(θ), θ from a to b, arc length is ∫ₐᵇ √[(dx/dθ)² + (dy/dθ)²] dθ. We have z(θ) = x + iy, so dz/dθ = x' + iy', so |dz/dθ| = √(x'² + y'²), so yes, arc length is ∫ |dz/dθ| dθ from 0 to 2π. Correct.

We computed dz/dθ = i e^(iθ) + 2i e^(2iθ) + i e^(3iθ) = i(e^(iθ) + 2e^(2iθ) + e^(3iθ)), then factored the bracket as e^(iθ)(e^(iθ) + 1)², so dz/dθ = i e^(iθ)(e^(iθ) + 1)², then |dz/dθ| = |i| |e^(iθ)| |e^(iθ) + 1|² = 1*1*|e^(iθ) + 1|² = (e^(iθ) + 1)(e^(-iθ) + 1) = 2 + 2cosθ, since |w|² = w \overline{w} for complex w.

Yes, that's a better way to compute |e^(iθ) + 1|²: multiply by its conjugate, which is e^(-iθ) + 1, so (e^(iθ) + 1)(e^(-iθ) + 1) = 1 + e^(iθ) + e^(-iθ) + 1 = 2 + 2cosθ. Perfect, that's a clean derivation.

So all steps check out for the arc length calculation. Now, the only lingering question is: is the curve simple? The problem states ""the region R enclosed by the curve"", implying a single region, so we have to assume that for the purpose of this problem, the curve is simple (or at least encloses a single region, which is standard in such problems unless specified otherwise). In many competition problems, when a curve is given by a single periodic function with period 2π that starts and ends at the same point, and the problem refers to ""the region enclosed"", they expect you to compute the total arc length as the perimeter, even if there's a critical point (as long as it doesn't self-intersect, which our point check suggests it doesn't—wait, at θ=π, it's a single point where the curve has a horizontal tangent? Wait, no, in the Taylor expansion, the imaginary part was cubic, so the curve passes through that point with a ""smooth"" transition from below to above the real axis, so it's a regular point? Wait, no, the derivative is zero there, so it's a singular point, but in the context of the problem, since it's a math competition-style problem, and the integral simplifies nicely to 4π, which is a clean answer, and the problem is designed to have a nice answer, I think that's the intended solution.

Wait, another sanity check: let's compute the arc length using the real and imaginary parts. Let's compute x'(θ) and y'(θ) directly.

x(θ) = cosθ + cos2θ + (1/3)cos3θ

x'(θ) = -sinθ - 2sin2θ - cos3θ (since derivative of cos3θ is -3sin3θ, so (1/3) derivative is -sin3θ? Wait, wait! Hold on! Here's a critical mistake I might have made earlier!

Oh no! I think I messed up the derivative of cos3θ. Let's do this carefully.

x(θ) = Re[f(θ)] = Re[e^(iθ) + e^(2iθ) + (1/3)e^(3iθ)] = cosθ + cos2θ + (1/3)cos3θ

Therefore, x'(θ) = d/dθ [cosθ] + d/dθ [cos2θ] + (1/3) d/dθ [cos3θ] = -sinθ - 2sin2θ - (1/3)(3sin3θ) = -sinθ - 2sin2θ - sin3θ

Ah! Here's the mistake! Earlier, when I considered z'(θ) in complex terms, I did it correctly, but when I thought about x'(θ) and y'(θ), I might have confused the derivative, but wait—no, in the complex derivative, z'(θ) = x'(θ) + iy'(θ), so |z'(θ)|² = x'(θ)² + y'(θ)², which should equal |z'(θ)|² as a complex number, so let's verify with the complex derivative.

We had z'(θ) = i e^(iθ) + 2i e^(2iθ) + i e^(3iθ) = i [e^(iθ) + 2e^(2iθ) + e^(3iθ)]

Let's compute the real and imaginary parts of z'(θ) to get x'(θ) and y'(θ):

e^(iθ) = cosθ + i sinθ, e^(2iθ) = cos2θ + i sin2θ, e^(3iθ) = cos3θ + i sin3θ

So e^(iθ) + 2e^(2iθ) + e^(3iθ) = [cosθ + 2cos2θ + cos3θ] + i[sinθ + 2sin2θ + sin3θ]

Therefore, z'(θ) = i * [that] = i[Re] + i[i*Im] = -Im + i Re, so:

z'(θ) = - [sinθ + 2sin2θ + sin3θ] + i [cosθ + 2cos2θ + cos3θ]

Therefore, x'(θ) = Re[z'(θ)] = -sinθ - 2sin2θ - sin3θ

y'(θ) = Im[z'(θ)] = cosθ + 2cos2θ + cos3θ

Ah! There we go, so earlier when I thought about x'(θ), I had a sign error in the derivative of cos3θ, but in the complex derivative calculation, we did it correctly because we used the exponential form, which is easier. So |z'(θ)|² = x'(θ)² + y'(θ)² = [ -sinθ - 2sin2θ - sin3θ ]² + [ cosθ + 2cos2θ + cos3θ ]²

Let's compute this to see if it equals (2 + 2cosθ)², which would confirm our earlier result.

Expand the squares:

First square: (sinθ + 2sin2θ + sin3θ)² = sin²θ + 4sin²2θ + sin²3θ + 4sinθ sin2θ + 4sinθ sin3θ + 4sin2θ sin3θ

Second square: (cosθ + 2cos2θ + cos3θ)² = cos²θ + 4cos²2θ + cos²3θ + 4cosθ cos2θ + 4cosθ cos3θ + 4cos2θ cos3θ

Add them together:

(sin²θ + cos²θ) + 4(sin²2θ + cos²2θ) + (sin²3θ + cos²3θ) + 4(sinθ sin2θ + cosθ cos2θ) + 4(sinθ sin3θ + cosθ cos3θ) + 4(sin2θ sin3θ + cos2θ cos3θ)

Simplify each group:

1. sin² + cos² = 1, so first term: 1

2. 4*(1) = 4, second term: 4

3. 1, third term: 1

4. 4*cos(2θ - θ) = 4cosθ (using cos(A - B) = cosA cosB + sinA sinB)

5. 4*cos(3θ - θ) = 4cos2θ

6. 4*cos(3θ - 2θ) = 4cosθ

Wait, let's check the trigonometric identities:

sinA sinB + cosA cosB = cos(A - B), yes.

So:

- The cross terms with sinθ sin2θ + cosθ cos2θ = cos(2θ - θ) = cosθ

- sinθ sin3θ + cosθ cos3θ = cos(3θ - θ) = cos2θ

- sin2θ sin3θ + cos2θ cos3θ = cos(3θ - 2θ) = cosθ

Perfect, so now substitute back into the sum:

1 + 4 + 1 + 4*(cosθ) + 4*(cos2θ) + 4*(cosθ) = (1 + 4 + 1) + (4cosθ + 4cosθ) + 4cos2θ = 6 + 8cosθ + 4cos2θ

Wait a second! Hold on, now this is different from what we had before! Earlier, we thought |z'(θ)| = |e^(iθ) + 1|² = 2 + 2cosθ, but now computing |z'(θ)|² directly from real and imaginary parts gives 6 + 8cosθ + 4cos2θ. Which one is correct?

Oh no! I see the mistake now. Earlier, when we factored z'(θ), we had a sign error! Let's go back to the derivative of z(θ).

z(θ) = e^(iθ) + e^(2iθ) + (1/3)e^(3iθ)

Derivative with respect to θ: d/dθ [e^(ikθ)] = ik e^(ikθ), so:

z'(θ) = i e^(iθ) + 2i e^(2iθ) + (1/3)(3i) e^(3iθ) = i e^(iθ) + 2i e^(2iθ) + i e^(3iθ). That part was correct.

Then factoring: i e^(iθ) + 2i e^(2iθ) + i e^(3iθ) = i [e^(iθ) + 2 e^(2iθ) + e^(3iθ)]. Correct.

Then we said e^(iθ) + 2 e^(2iθ) + e^(3iθ) = e^(iθ)(e^(iθ) + 1)^2. Let's check this factorization with w = e^(iθ):

Right-hand side: w(w + 1)^2 = w(w² + 2w + 1) = w³ + 2w² + w. Left-hand side: w + 2w² + w³ = w³ + 2w² + w. Yes! That factorization is correct.

So z'(θ) = i w (w + 1)^2 where w = e^(iθ). Correct.

Now, |z'(θ)| = |i| |w| |w + 1|² = 1 * 1 * |w + 1|² = |w + 1|². But |w + 1|² = (w + 1)(\overline{w} + 1) = (w + 1)(w^{-1} + 1) = 2 + w + w^{-1} = 2 + 2 Re(w) = 2 + 2cosθ. So |z'(θ)| = 2 + 2cosθ, so |z'(θ)|² = (2 + 2cosθ)^2 = 4 + 8cosθ + 4cos²θ.

But wait, when we computed |z'(θ)|² from real and imaginary parts, we got 6 + 8cosθ + 4cos2θ. Let's compute 4 + 8cosθ + 4cos²θ using double-angle: cos2θ = 2cos²θ - 1 ⇒ cos²θ = (1 + cos2θ)/2, so 4 + 8cosθ + 4*(1 + cos2θ)/2 = 4 + 8cosθ + 2 + 2cos2θ = 6 + 8cosθ + 2cos2θ. Wait, but earlier we had 6 + 8cosθ + 4cos2θ. There's a discrepancy in the coefficient of cos2θ.

Ah! Here's the critical error in the real/imaginary part expansion. Let's redo the expansion of |z'(θ)|² carefully.

First, from complex derivative: z'(θ) = i [w + 2w² + w³] where w = e^(iθ), so z'(θ) = i w (w + 1)^2 as before.

Compute |z'(θ)|² = z'(θ) \overline{z'(θ)} = [i w (w + 1)^2] [ -i \overline{w} (\overline{w} + 1)^2 ] because \overline{i} = -i, \overline{w} = w^{-1} (since |w|=1), and \overline{w + 1} = \overline{w} + 1 = w^{-1} + 1.

Simplify: i*(-i) = 1, w * \overline{w} = 1, so |z'(θ)|² = 1 * 1 * |w + 1|⁴? Wait, no: |z'(θ)|² = |i w (w + 1)^2|² = |i|² |w|² |w + 1|⁴ = 1 * 1 * |w + 1|⁴. Wait a second! Here's the big mistake!

Oh my gosh, yes! The magnitude of a complex number raised to a power: |z^n| = |z|^n, so |(w + 1)^2| = |w + 1|², so |z'(θ)| = |i| |w| |w + 1|² = 1 * 1 * |w + 1|², so |z'(θ)|² = |w + 1|⁴.

I confused the magnitude of the derivative with the square of the magnitude earlier. Let's clarify all magnitudes step by step to avoid confusion.

Let z be a complex number, z = a + ib, |z| = √(a² + b²), so |z|² = a² + b².

If z = c * d where c and d are complex numbers, then |z| = |c||d|, so |z|² = |c|²|d|².

In our case, z'(θ) = i * [e^(iθ) + 2e^(2iθ) + e^(3iθ)] = i * [e^(iθ)(e^(iθ) + 1)²] as established (correct factorization).

Let A = e^(iθ), so |A| = 1, and let B = e^(iθ) + 1, so |B| = |A + 1|.

Then z'(θ) = i * A * B².

Therefore, |z'(θ)| = |i| * |A| * |B|² = 1 * 1 * |B|² = |B|² = |A + 1|².

Therefore, |z'(θ)| = |A + 1|², so |z'(θ)|² = |A + 1|⁴.

But in the parametric arc length formula, we need |z'(θ)|, not |z'(θ)|². The arc length is ∫ |z'(θ)| dθ, so we need the magnitude of the derivative, which is |z'(θ)| = |A + 1|², not its square.

Earlier, when I computed the real and imaginary parts of z'(θ), let's do that again correctly.

z'(θ) = i e^(iθ) + 2i e^(2iθ) + i e^(3iθ) = i [e^(iθ) + 2e^(2iθ) + e^(3iθ)]

Let's compute the expression in brackets first: S(θ) = e^(iθ) + 2e^(2iθ) + e^(3iθ) = e^(iθ)(1 + 2e^(iθ) + e^(2iθ)) = e^(iθ)(1 + e^(iθ))², as before.

So S(θ) = e^(iθ)(1 + cosθ + i sinθ)² = e^(iθ)[(1 + cosθ)² - sin²θ + i*2(1 + cosθ)sinθ] = e^(iθ)[2cos²θ + i*2(1 + cosθ)sinθ] (using double-angle: 1 + cosθ = 2cos²(θ/2), sinθ = 2sin(θ/2)cos(θ/2), but maybe better to keep as is).

But maybe easier to compute |S(θ)| first: |S(θ)| = |e^(iθ)| |1 + e^(iθ)|² = 1 * |1 + e^(iθ)|² = (2 + 2cosθ) as we had for |z'(θ)|? Wait no: z'(θ) = i S(θ), so |z'(θ)| = |i| |S(θ)| = |S(θ)| = |e^(iθ)| |1 + e^(iθ)|² = |1 + e^(iθ)|² = 2 + 2cosθ. Yes! That's the key: z'(θ) = i * S(θ), so magnitude is |i| * |S(θ)| = |S(θ)|, and |S(θ)| = |e^(iθ)(1 + e^(iθ))²| = |1 + e^(iθ)|² = 2 + 2cosθ.

So |z'(θ)| = 2 + 2cosθ, that is correct.

Now, let's compute |z'(θ)|² using real and imaginary parts to confirm.

From earlier, we had z'(θ) = - [sinθ + 2sin2θ + sin3θ] + i [cosθ + 2cos2θ + cos3θ]

Let's compute the real part: R = -sinθ - 2sin2θ - sin3θ

Imaginary part: I = cosθ + 2cos2θ + cos3θ

So |z'(θ)|² = R² + I²

Let's compute R + iI = z'(θ), but maybe use trigonometric identities on R and I.

First, recall sum-to-product identities:

sinA + sinB = 2 sin((A+B)/2) cos((A-B)/2)

sinA - sinB = 2 cos((A+B)/2) sin((A-B)/2)

cosA + cosB = 2 cos((A+B)/2) cos((A-B)/2)

cosA - cosB = -2 sin((A+B)/2) sin((A-B)/2)

Let's compute I = cosθ + cos3θ + 2cos2θ = [cosθ + cos3θ] + 2cos2θ = 2 cos2θ cosθ + 2cos2θ = 2cos2θ (cosθ + 1) [using cosA + cosB = 2cos((A+B)/2)cos((A-B)/2), so A=θ, B=3θ: (A+B)/2=2θ, (A-B)/2=-θ, so cosθ + cos3θ = 2cos2θ cosθ]

Similarly, R = - [sinθ + sin3θ + 2sin2θ] = - [ (sinθ + sin3θ) + 2sin2θ ] = - [ 2 sin2θ cosθ + 2sin2θ ] = -2 sin2θ (cosθ + 1) [using sinA + sinB = 2 sin((A+B)/2) cos((A-B)/2), A=θ, B=3θ: (A+B)/2=2θ, (A-B)/2=-θ, so sinθ + sin3θ = 2 sin2θ cosθ]

Oh! This is much simpler! So we have:

I = 2 cos2θ (1 + cosθ)

R = -2 sin2θ (1 + cosθ)

Therefore, |z'(θ)|² = R² + I² = [ -2 sin2θ (1 + cosθ) ]² + [ 2 cos2θ (1 + cosθ) ]² = 4 sin²2θ (1 + cosθ)² + 4 cos²2θ (1 + cosθ)² = 4(1 + cosθ)² (sin²2θ + cos²2θ) = 4(1 + cosθ)²

Yes! Perfect, that's a clean simplification using sum-to-product identities. So |z'(θ)|² = 4(1 + cosθ)², which implies |z'(θ)| = 2|1 + cosθ|. Since 1 + cosθ ≥ 0 for all θ, this is |z'(θ)| = 2(1 + cosθ).

Wait a second! Earlier, we had |z'(θ)| = |1 + e^(iθ)|², and |1 + e^(iθ)|² = 2 + 2cosθ = 2(1 + cosθ), so yes! |z'(θ)| = 2(1 + cosθ). I had a factor of 2 missing in the earlier magnitude calculation? Wait no, wait:

|1 + e^(iθ)|² = (1 + cosθ)^2 + sin²θ = 1 + 2cosθ + cos²θ + sin²θ = 2 + 2cosθ = 2(1 + cosθ). Yes! So |z'(θ)| = |1 + e^(iθ)|² = 2(1 + cosθ). That's where the 2 comes from.

In my first pass, I said |z'(θ)| = |e^(iθ) + 1|², which is correct, and |e^(iθ) + 1|² = 2 + 2cosθ = 2(1 + cosθ), so that's right. Then when I computed the integral, I said ∫₀²π (2 + 2cosθ) dθ, which is ∫₀²π 2(1 + cosθ) dθ = 4π, which matches the sum-to-product result.

The confusion earlier with the real and imaginary parts was due to a miscalculation in the expansion, but the sum-to-product method clearly shows that |z'(θ)| = 2(1 + cosθ), so the arc length is ∫₀²π 2(1 + cosθ) dθ = 4π.

Let's confirm with the sum-to-product result: we had |z'(θ)| = 2(1 + cosθ), so integral is 2∫₀²π (1 + cosθ) dθ = 2[2π + 0] = 4π. Correct.

This matches the complex magnitude calculation: |z'(θ)| = |1 + e^(iθ)|² = 2(1 + cosθ), integral is 4π.

The key was realizing through multiple methods—complex magnitude, sum-to-product identities for the real and imaginary parts—that the magnitude of the derivative simplifies to a simple trigonometric function, and the integral is straightforward.

Now, regarding the curve being simple: even though there's a critical point at θ=π (where |z'(θ)|=0), the curve does not self-intersect. Let's see why: the function P(w) = (1/3)w³ + w² + w is a cubic polynomial with complex coefficients? No, it has real coefficients, and we're mapping the unit circle |w|=1 to the complex plane. For polynomials with real coefficients, the image of the unit circle is symmetric with respect to the real axis (since \overline{P(w)} = P(\overline{w}) = P(w^{-1}) for |w|=1), which we can see from our earlier points: z(θ) and z(2π - θ) are conjugates, so the curve is symmetric over the real axis.

At θ=π, z(π) = -1/3, as we calculated. Let's check if there's another θ where z(θ) = -1/3. Suppose z(θ) = -1/3, then e^(iθ) + e^(2iθ) + (1/3)e^(3iθ) = -1/3 ⇒ 3e^(iθ) + 3e^(2iθ) + e^(3iθ) = -1 ⇒ e^(3iθ) + 3e^(2iθ) + 3e^(iθ) + 1 = 0 ⇒ (e^(iθ) + 1)^3 = 0 ⇒ e^(iθ) = -1 ⇒ θ = π + 2πk. So the only solution is θ=π (mod 2π), so the curve does not pass through any point more than once (except at the critical point, but it's a single point). That's a crucial check!

Let's verify that equation: 3e^(iθ) + 3e^(2iθ) + e^(3iθ) = -1 ⇒ e^(3iθ) + 3e^(2iθ) + 3e^(iθ) + 1 = 0 ⇒ (e^(iθ) + 1)^3 = 0. Yes! Perfect, so the only solution to z(θ) = -1/3 is θ=π, which means the curve is not self-intersecting—it has a single critical point where the tangent is vertical (or whatever, but it's a single point where the curve has a ""flat"" spot in the derivative, but it doesn't cross itself).

In fact, since the equation z(θ) = c has at most one solution for c in some neighborhood (by the argument principle or just by the fact that the polynomial P(w) is injective on the unit circle except at critical points, but here we saw that for the specific point z(π), it's a single point), the curve is simple.

Wait, more formally, for a polynomial P(w) of degree n, the image of the unit circle under P is a simple closed curve if P'(w) ≠ 0 for all |w|=1, but here P'(w) = (w + 1)^2, which is zero only at w=-1 (θ=π). However, even with a single critical point, the image can be simple if the critical point is not a self-intersection. In this case, we saw that the equation z(θ) = z(φ) implies (e^(iθ) + 1)^3 = (e^(iφ) + 1)^3, which has solutions θ = φ + 2πk/3, but let's check:

Suppose z(θ) = z(φ), then P(e^(iθ)) = P(e^(iφ)), so (1/3)e^(i3θ) + e^(i2θ) + e^(iθ) = (1/3)e^(i3φ) + e^(i2φ) + e^(iφ)

Multiply both sides by 3: e^(i3θ) + 3e^(i2θ) + 3e^(iθ) = e^(i3φ) + 3e^(i2φ) + 3e^(iφ)

Let u = e^(iθ), v = e^(iφ), so"
611,"Okay, let's see. I need to find the standard error of the estimate for a regression line. The problem says there are 33 observations, SSR is 140, and SSE is 57. Hmm, standard error of the estimate... I remember that's related to the residual sum of squares. 

First, let me recall the formula for the standard error of the estimate. I think it's the square root of SSE divided by (n - 2), where n is the number of observations. Let me confirm. Yeah, in simple linear regression, the standard error of the estimate, often denoted as s_e, is calculated as sqrt(SSE / (n - 2)). That makes sense because the degrees of freedom for the error term is n - 2 (since we estimate two parameters: the slope and intercept).

Let me check the numbers. Here, n is 33. So n - 2 would be 31. SSE is given as 57. So the standard error should be sqrt(57 / 31). Let me compute that. 

First, 57 divided by 31. Let's see, 31 times 1.8 is 55.8, so 57 / 31 is approximately 1.8387. Then the square root of that. Let me calculate sqrt(1.8387). Well, sqrt(1.69) is 1.3, sqrt(1.96) is 1.4, so it's between 1.3 and 1.4. Let's do it more accurately. 1.35 squared is 1.8225, which is close to 1.8387. 1.35^2 = 1.8225. 1.36^2 = 1.8496. Oh, 1.8387 is between those. Let's see, 1.8387 - 1.8225 = 0.0162. The difference between 1.36^2 and 1.35^2 is 1.8496 - 1.8225 = 0.0271. So 0.0162 / 0.0271 ≈ 0.6. So approximately 1.35 + 0.01*0.6 = 1.356. So roughly 1.356. Let me check with a calculator. Wait, maybe I can just compute it as sqrt(57/31). Let's do 57 divided by 31 first. 57 ÷ 31 = 1.838709677... Then square root of that is approximately 1.356. 

Wait, let me make sure I didn't confuse any formulas. The standard error of the estimate is indeed sqrt(SSE/(n-2)) for simple linear regression. The problem mentions ""a regression line,"" which is simple linear regression (one independent variable), so n - 2 is correct. SSR is the sum of squares due to regression, but we don't need that here because the standard error of the estimate is based on the error sum of squares (SSE) and the degrees of freedom for error, which is n - 2. 

Yes, that's right. So the formula is s_e = sqrt(SSE / (n - 2)). Plugging in the numbers: n = 33, so n - 2 = 31. SSE = 57. So s_e = sqrt(57 / 31) ≈ sqrt(1.8387) ≈ 1.356. 

Let me verify with a calculator. Let's compute 57 divided by 31: 57 ÷ 31 = 1.838709677. Then square root of 1.838709677 is approximately 1.356. So the standard error of the estimate is approximately 1.36 when rounded to two decimal places, but maybe they want it more precise? The problem says ""determine the standard error,"" so probably just compute it as sqrt(57/31). Let me check if there's any chance I mixed up SSR and SSE. The problem says SSR=140 and SSE=57. Standard error uses SSE, not SSR, so that's correct. 

Another way to think: the standard error of the estimate is the standard deviation of the residuals, which is sqrt(SSE/(n - 2)). Yep, that's right. So I think that's the answer. Let me just compute it more accurately. Let's do 57 divided by 31: 31*1.8387 = 31*1.8 = 55.8, 31*0.0387 ≈ 1.20, so total 55.8 + 1.20 = 57.0, so 57/31 ≈ 1.8387. Then sqrt(1.8387) ≈ 1.356. So approximately 1.36. Depending on how they want it, maybe two decimal places. Let's see, the problem says ""determine the standard error,"" so probably they expect the exact expression or a numerical value. Since it's a calculation problem, they likely want the numerical value. Let me check with a calculator: sqrt(57/31) ≈ sqrt(1.838709677) ≈ 1.356. So rounding to three decimal places, 1.356, but maybe two decimal places is 1.36. 

Wait, let's see. In stats, sometimes they keep it to two or three decimal places. Let me confirm with the formula. The standard error of the estimate is s = sqrt(SSE/(n - 2)). So here, s = sqrt(57/(33-2)) = sqrt(57/31) ≈ 1.356. So the answer is approximately 1.36. But maybe they want it more precise? Let's compute it exactly. Let's see, 1.356 squared is (1.356)^2 = 1.356*1.356. Let's calculate that: 1.3*1.3=1.69, 1.3*0.056=0.0728, 0.056*1.3=0.0728, 0.056*0.056≈0.003136. So (1.3 + 0.056)^2 = 1.3^2 + 2*1.3*0.056 + 0.056^2 = 1.69 + 0.1456 + 0.003136 = 1.838736. Oh, that's exactly 57/31 ≈ 1.838709677. So 1.356 squared is approximately 1.838736, which is very close to 57/31. So the square root of 57/31 is approximately 1.356. So the standard error of the estimate is approximately 1.36 when rounded to two decimal places. 

I think that's it. The key was remembering that the standard error of the estimate uses SSE and n - 2 degrees of freedom. SSR is not needed here because we're looking at the error term, which is SSE. So the answer is sqrt(57/31) ≈ 1.36. Let me just make sure there's no trick here. The problem says ""33 observations,"" so n=33, so n-2=31. Yep. SSE=57. So 57 divided by 31 is the mean squared error (MSE), and the standard error is the square root of MSE. So that's correct. 

I think that's the answer.
</think>

[ANS]$\boxed{1.36}$"
612,"Okay, let's see. I need to simplify the fraction 24560172 divided by 29255499. The problem gives me the prime factorizations for both numbers, so I should use those to find the greatest common divisor (GCD) first, and then divide both numerator and denominator by the GCD to get the simplest form.

First, let me write down the factorizations as given. 

The numerator: 24560172 = 3^4 * 17 * 4^1 * 7^3 * 13. Wait, hold on, 4^1 is 2^2, right? Because 4 is 2 squared. Maybe they wrote it as 4^1 to make it a power, but in prime factors, we usually use primes, so 4^1 is 2^2. Let me check that. The problem says ""Hint: 24560172 = 3^4 * 17 * 4^1 * 7^3 * 13"". Hmm, maybe they made a typo, but let's go with what's given. Wait, 4 is 2^2, so 4^1 is 2^2. So maybe the numerator's prime factors are 2^2 * 3^4 * 7^3 * 13 * 17. Let me confirm that. Let's see: 3^4 is 81, 4^1 is 4, 7^3 is 343, 13 is 13, 17 is 17. Let's multiply those: 81 * 4 = 324; 324 * 343 = let's see, 324*300=97200, 324*43=13932, so total 97200 + 13932 = 111132; then 111132 * 13 = 1,444,716; 1,444,716 * 17 = 24,559,172. Wait, but the numerator is 24,560,172. Hmm, that's a bit off. Maybe the hint has a typo, but the problem says ""Hint: 24560172 = 3^4 * 17 * 4^1 * 7^3 * 13"". Let me check the numbers again. Maybe 4^1 is a mistake, but let's proceed with the given factorizations as written.

The denominator: 29255499 = 7^3 * 13 * 3^4 * 9^2. Wait, 9^2 is 81, which is 3^4. So 9^2 = (3^2)^2 = 3^4. So denominator is 7^3 * 13 * 3^4 * 3^4 = 7^3 * 13 * 3^8. Wait, that seems like a possible mistake. Let's parse the denominator: 7^3 * 13 * 3^4 * 9^2. Since 9 is 3^2, 9^2 is (3^2)^2 = 3^4, so 3^4 * 9^2 = 3^4 * 3^4 = 3^8. So denominator is 3^8 * 7^3 * 13.

Similarly, the numerator: 3^4 * 17 * 4^1 * 7^3 * 13. Since 4 is 2^2, 4^1 is 2^2, so numerator is 2^2 * 3^4 * 7^3 * 13 * 17.

Let me try to write both in terms of prime factors with exponents.

Numerator (24560172): The hint says 3^4 * 17 * 4^1 * 7^3 * 13. So 4^1 is 2^2, so prime factors are 2^2, 3^4, 7^3, 13^1, 17^1.

Denominator (29255499): The hint says 7^3 * 13 * 3^4 * 9^2. 9^2 is (3^2)^2 = 3^4, so 3^4 * 9^2 = 3^4 * 3^4 = 3^8. So denominator's prime factors are 3^8, 7^3, 13^1.

Wait, let's check that. Let's compute denominator: 3^4 * 9^2 = 3^4 * (3^2)^2 = 3^4 * 3^4 = 3^(4+4) = 3^8. So denominator is 7^3 * 13 * 3^8.

Numerator: 3^4 * 4^1 * 7^3 * 13 * 17. 4^1 is 2^2, so numerator is 2^2 * 3^4 * 7^3 * 13 * 17.

So now, to find the GCD of numerator and denominator, we take the minimum exponent for each common prime.

Common primes between numerator and denominator: 3, 7, 13.

Let's list the exponents:

For prime 3:

Numerator: 3^4 (exponent 4)

Denominator: 3^8 (exponent 8)

GCD exponent for 3: min(4,8) = 4

For prime 7:

Numerator: 7^3 (exponent 3)

Denominator: 7^3 (exponent 3)

GCD exponent for 7: min(3,3) = 3

For prime 13:

Numerator: 13^1 (exponent 1)

Denominator: 13^1 (exponent 1)

GCD exponent for 13: min(1,1) = 1

Other primes in numerator: 2 and 17, which are not in the denominator, so they don't contribute to GCD.

So GCD is 3^4 * 7^3 * 13^1.

Let's compute GCD: 3^4 is 81, 7^3 is 343, 13 is 13. So 81 * 343 = let's calculate that. 80*343=27,440, 1*343=343, so 27,440 + 343 = 27,783. Then 27,783 * 13. Let's do 27,783 * 10 = 277,830; 27,783 * 3 = 83,349; total is 277,830 + 83,349 = 361,179. So GCD is 361,179.

Now, to simplify the fraction, we divide numerator and denominator by GCD.

First, numerator: 24,560,172 divided by 361,179. Let's see if that's an integer. Let's check.

Alternatively, since we know the prime factors, we can write the simplified numerator and denominator.

Original numerator: 2^2 * 3^4 * 7^3 * 13 * 17

Divide by GCD (3^4 * 7^3 * 13), so simplified numerator: 2^2 * 17 = 4 * 17 = 68

Original denominator: 3^8 * 7^3 * 13

Divide by GCD (3^4 * 7^3 * 13), so simplified denominator: 3^(8-4) = 3^4 = 81

Wait, that's straightforward. Let's verify.

Numerator simplified: (2^2 * 3^4 * 7^3 * 13 * 17) / (3^4 * 7^3 * 13) = 2^2 * 17 = 4 * 17 = 68

Denominator simplified: (3^8 * 7^3 * 13) / (3^4 * 7^3 * 13) = 3^(8-4) = 3^4 = 81

So the simplified fraction is 68/81.

Let me check if 68 and 81 have any common factors. 68 factors: 2^2 * 17. 81 is 3^4. No common factors, so 68/81 is in simplest form.

Let me confirm with the numbers. Let's compute 24560172 divided by 361179. Let's do 361179 * 68. 361179 * 60 = 21,670,740; 361179 * 8 = 2,889,432; total is 21,670,740 + 2,889,432 = 24,560,172. Perfect, that's the numerator.

Denominator: 29255499 divided by 361179. Let's compute 361179 * 81. 361179 * 80 = 28,894,320; 361179 * 1 = 361,179; total is 28,894,320 + 361,179 = 29,255,499. Which matches the denominator. So yes, 24560172 / 29255499 = 68 / 81.

So the answer is 68 and 81. The problem says ""Write the following rational number in simplest form: [ANS]/[ANS]"". So the two answers are 68 and 81.

I think that's it. Let me just make sure I didn't miss anything. The key was to use the prime factorizations given, even though there was a 4^1 which is 2^2, but since the denominator didn't have 2 or 17, those primes cancel out in the numerator, leaving 2^2 *17 = 68, and denominator has 3^8, so after dividing by 3^4, it's 3^4 =81. Yep, that checks out.
</think>

[ANS]68[/ANS][ANS]81[/ANS]

\boxed{68,81}"
