id,response
744,"This is a complex or challenging question, and it is difficult to provide a direct and correct answer. I need to think about it.
Well, let's tackle this problem step by step. First, let's make sure I understand the tax code correctly. Taxylvania has a tax where if you give p% of your income to charity, then you pay (43 - 1.6p)% tax on the remaining money. Wait, hold on, the problem says ""p% of his income to charity, that person pays (43 - 1.6p)% tax on the remaining money."" So first, let's formalize this with a variable for income to make it concrete. The problem says Count Taxula earns $60,000, but maybe we can just let income be I for now, since percentages might not depend on the actual amount? Let's check.

Let's let I = income = $60,000 (but maybe we can do it with I and see if it cancels out). He gives p% of income to charity, so charity amount is (p/100)*I. Then the remaining money after charity giving is I - (p/100)I = I*(1 - p/100). Then he pays tax on that remaining money at a rate of (43 - 1.6p)%? Wait, wait, hold on! Wait, the problem says: ""p% of his income to charity, that person pays (43 - 1.6p)% tax on the remaining money."" Wait, is the tax rate (43 - 1.6p) percent? The example says: gives 10% to charity, pays 27% tax on remaining. Let's check that: 43 - 1.6*10 = 43 - 16 = 27. Yes! That matches the example. Good. Another example: gives 26.875% to charity, pays 0% tax on remaining. 43 - 1.6*26.875 = let's compute that: 1.6*26.875. 26.875 is 26 + 7/8 = 215/8, so 1.6*215/8 = (8/5)*(215/8) = 215/5 = 43. Yes! So 43 - 43 = 0. Perfect, so the tax rate is indeed (43 - 1.6p) percent, where p is the percentage of income given to charity.

Now, the key is: what is the money he has after taxes and charitable giving? Let's break it down.

1. Starts with income I.
2. Gives away (p/100)I to charity (so that's charitable giving, so that's money gone).
3. Then, from the remaining money (I - pI/100), he pays tax at rate (43 - 1.6p)%, so the tax amount is [(43 - 1.6p)/100] * (remaining money) = [(43 - 1.6p)/100] * [I(1 - p/100)].
4. Therefore, the money he has after taxes and charitable giving is: remaining money after charity minus tax paid = [I(1 - p/100)] - [(43 - 1.6p)/100 * I(1 - p/100)] = I(1 - p/100)[1 - (43 - 1.6p)/100].

Wait, is that right? Wait, ""after taxes and charitable giving"" – so yes, he gives to charity first (so that's gone), then pays tax on what's left (so that's more gone), so what's left is what's after both. So yes, that expression is correct.

Let me write that as a function of p (where p is a percentage, so we'll be dealing with p as a number, like 10 for 10%, etc.). Let's factor out I, since we want to maximize the amount after taxes and charity, and I is positive constant (60,000), so maximizing the amount is equivalent to maximizing the expression in brackets (since I is constant). Let's define f(p) = (1 - p/100)[1 - (43 - 1.6p)/100]. Let's simplify this function to make it easier to take derivatives or find maxima (since it's a calculus problem? Wait, but maybe it's a quadratic, so we can do algebra).

First, let's rewrite each term with fractions to make it clearer, maybe. Let's let x = p to avoid confusion with percent, but maybe not. Let's just expand f(p).

First, compute 1 - (43 - 1.6p)/100 = (100 - 43 + 1.6p)/100 = (57 + 1.6p)/100. Wait, hold on! Wait, 1 is 100/100, so yes: 100/100 - (43 - 1.6p)/100 = (100 - 43 + 1.6p)/100 = (57 + 1.6p)/100. That's a good simplification.

And 1 - p/100 = (100 - p)/100.

Therefore, f(p) = [(100 - p)/100] * [(57 + 1.6p)/100] = (100 - p)(57 + 1.6p) / 10,000.

Ah, nice! So the entire expression for the fraction of income he keeps after taxes and charity is (100 - p)(57 + 1.6p)/10,000. So to maximize the amount, we can maximize (100 - p)(57 + 1.6p), since the denominator is constant.

Let's let g(p) = (100 - p)(57 + 1.6p). Let's expand this quadratic to find its vertex (since quadratics open upwards or downwards; we need to check leading coefficient to see if max or min).

Expanding g(p): 100*57 + 100*1.6p - p*57 - p*1.6p = 5700 + 160p - 57p - 1.6p² = 5700 + 103p - 1.6p².

So g(p) = -1.6p² + 103p + 5700. This is a quadratic in p with negative leading coefficient (-1.6), so it opens downward, meaning it has a maximum at its vertex.

The vertex of a quadratic ap² + bp + c is at p = -b/(2a). Here, a = -1.6, b = 103, so p = -103/(2*(-1.6)) = 103/(3.2). Let's compute that: 103 divided by 3.2. 3.2*30 = 96, 103 - 96 = 7, so 30 + 7/3.2 = 30 + 70/32 = 30 + 35/16 = 30 + 2.1875 = 32.1875. Wait, 3.2*32 = 102.4, so 103 - 102.4 = 0.6, so 32 + 0.6/3.2 = 32 + 6/32 = 32 + 3/16 = 32.1875. Yes, that's right. 3/16 is 0.1875, so 32.1875%.

Wait, but hold on! The problem says: ""A person does not receive a tax refund if he gives more than 26.875% of his income to charity."" Wait, but in the first part, we're supposed to maximize the money after taxes and charitable giving, without considering tax refunds? Wait, let's check the problem statement again carefully.

First question: ""Count Taxula earns $60000. What percentage of his income should he give to charity to maximize the money he has after taxes and charitable giving?""

So ""after taxes and charitable giving"" – so does that include the possibility of tax refunds? Wait, the problem says: ""A person does not receive a tax refund if he gives more than 26.875% of his income to charity."" So if he gives p > 26.875%, then he doesn't get a refund, meaning he pays the tax (so the tax is subtracted from the remaining money), whereas if he gives p ≤ 26.875%, then he pays tax on the remaining money, but wait, no – wait, the tax code says: ""if a person gives p% of his income to charity, that person pays (43 - 1.6p)% tax on the remaining money."" Wait, but when p = 26.875, tax is 0%, so he pays 0 tax. If p > 26.875, tax rate is negative? Wait, no, the problem says: ""a person does not receive a tax refund if he gives more than 26.875%"". Wait, maybe the tax rate is only defined for p where it's non-negative? Wait, the example says when p=26.875, tax is 0, so for p > 26.875, (43 - 1.6p) becomes negative, which would mean a tax refund? But the problem says ""does not receive a tax refund if he gives more than 26.875%"", so maybe for p > 26.875, the tax rate is 0? Wait, no, the problem says: ""if a person gives p% of his income to charity, that person pays (43 - 1.6p)% tax on the remaining money."" But then it says ""a person does not receive a tax refund if he gives more than 26.875%"". Hmm, maybe we need to interpret the tax system as follows:

- If p ≤ 26.875%, then tax rate is (43 - 1.6p)%, which is ≥ 0%, so he pays that tax (so money is taken out).
- If p > 26.875%, then (43 - 1.6p) < 0%, which would imply a tax refund (i.e., he gets money back), but the problem says ""a person does not receive a tax refund if he gives more than 26.875%"". Wait, that's confusing. Wait, let's read again: ""A person does not receive a tax refund if he gives more than 26.875% of his income to charity."" So maybe the tax code is designed so that when you give p > 26.875%, you don't get a refund (i.e., the tax is still paid, but maybe the rate is capped at 0? Wait, no, the problem says ""he pays (43 - 1.6p)% tax on the remaining money"" for the example, but when p=26.875, it's 0, so for p > 26.875, it's negative, which would be a refund, but the problem states that he does not receive a refund in that case. Wait, maybe the problem is saying that the tax refund is only possible if he gives less? Wait, no, the problem says: ""a person does not receive a tax refund if he gives more than 26.875%"". So maybe for p > 26.875%, the tax is calculated as 0%? Wait, but the problem says ""if a person gives p%... pays (43 - 1.6p)% tax"", but then clarifies that for p > 26.875%, he doesn't get a refund, meaning that the tax is not negative? Wait, maybe we need to think in terms of net money.

Let's try to model the net money after all transactions (charity and taxes) for different p.

Case 1: p ≤ 26.875%. Then tax rate is t = (43 - 1.6p) ≥ 0%, so he pays tax on remaining money: so net money = income - charity - tax = I - (p/100)I - (t/100)(I - (p/100)I) = I[1 - p/100 - t(1 - p/100)/100] = I(1 - p/100)(1 - t/100) = I(1 - p/100)(1 - (43 - 1.6p)/100) as we had before. Which simplifies to I(100 - p)(57 + 1.6p)/10000, as we calculated.

Case 2: p > 26.875%. Then the problem says ""a person does not receive a tax refund if he gives more than 26.875%"". So what does that mean? If he gives more than 26.875%, the tax rate would be negative (since 43 - 1.6p < 0 when p > 26.875), which would mean he gets a tax refund (i.e., tax is negative, so he gets money back). But the problem says he does NOT receive a tax refund in this case. So maybe for p > 26.875%, the tax is 0%? Wait, but the problem says ""a person does not receive a tax refund"", so maybe the tax system is such that for p > 26.875%, he still has to pay tax? But that would be a problem because the tax rate would be negative, which doesn't make sense. Wait, no – maybe the problem is using ""tax refund"" as a separate concept: normally, if you pay tax, you can get a refund, but here, the tax code is structured so that giving more than 26.875% results in no refund (i.e., the tax is not reduced to zero or something). Wait, let's look at the problem statement again for clues.

The problem says: ""If a person gives 26.875% of his income to charity, he pays no tax on the remaining money."" So that's clear: p=26.875, tax=0. Then ""a person does not receive a tax refund if he gives more than 26.875%"". So maybe when p > 26.875%, the tax rate is negative, which would be a refund, but the problem is saying that in reality, he doesn't get that refund (maybe the tax code is designed so that refunds are only possible up to 26.875%, beyond that, it's not a refund but... wait, maybe the problem is that for p > 26.875%, the tax is still calculated as (43 - 1.6p)% but since it's negative, he gets a refund equal to the negative tax? But the problem says ""does not receive a tax refund"", so maybe for p > 26.875%, he pays 0 tax? Wait, that might be a way to interpret it.

Wait, let's think about the first question: maximize the money after taxes and charitable giving. If we assume that for p ≤ 26.875%, the tax is positive (as per the formula), and for p > 26.875%, the tax is negative (meaning refund), but the problem says he does not receive a refund if he gives more than 26.875%, so maybe for p > 26.875%, he gets a refund of some amount, but the problem says ""does not receive a tax refund"", so maybe in this problem's context, when p > 26.875%, the net effect is that he gets back the tax that would have been paid? Wait, this is getting confusing. Let's go back to the problem's exact wording for the first part.

First question: ""What percentage of his income should he give to charity to maximize the money he has after taxes and charitable giving?""

The key is: ""after taxes and charitable giving"". So charitable giving is money given to charity (so gone), taxes are money paid to the government (so gone), but if there's a refund, that's money coming back (so not gone). Wait, maybe ""tax refund"" is a refund of taxes paid, so if you pay taxes, you can get a refund later, but in this problem, the tax code is structured so that giving more than 26.875% means you don't get a refund (i.e., the tax you would have paid is not refunded, so you still pay it? But that contradicts the tax rate being negative).

Wait, let's take a step back. Let's compute the net money for a specific p to see.

Take p=10%: gives 10% to charity, so 60,000*0.1=6,000 to charity. Remaining: 54,000. Pays 27% tax on remaining: 54,000*0.27=14,580 tax. So total after: 54,000 - 14,580 = 39,420. Let's check with our formula: I*(100 - p)(57 + 1.6p)/10000 = 60,000*(90)(57 + 16)/10000 = 60,000*90*73/10000. Compute 60,000/10000=6, so 6*90*73=54*73=3942. Wait, 3942? Wait, no! Wait, hold on! I think I messed up the units in the formula.

Oh no! Critical mistake here. When we have percentages, we need to be careful with the decimal places.

Let's do this with decimals to avoid confusion.

Let p = percentage (so p=10 means 10%, not 0.10).

Charity amount: (p/100) * I (since p% of income)

Remaining after charity: I - (p/100)I = I(1 - p/100)

Tax rate: (43 - 1.6p)%, so tax amount: [(43 - 1.6p)/100] * [I(1 - p/100)] (because percent means divide by 100)

Therefore, money after taxes and charity = remaining after charity - tax amount = I(1 - p/100) - [(43 - 1.6p)/100]I(1 - p/100) = I(1 - p/100)[1 - (43 - 1.6p)/100]

Yes, that's correct. Now let's compute for p=10, I=60,000:

1 - p/100 = 0.9

1 - (43 - 1.6*10)/100 = 1 - (27)/100 = 0.73

So total = 60,000 * 0.9 * 0.73 = 60,000 * 0.657 = 39,420. Which matches the manual calculation (54,000 - 14,580 = 39,420). Good, so the formula is correct when we compute it as decimals.

Earlier, when I wrote f(p) = (1 - p/100)[1 - (43 - 1.6p)/100], that's the fraction of income kept, so for p=10, it's 0.9*0.73=0.657, so 60,000*0.657=39,420. Correct.

Now, let's re-express the fraction kept as a function of p (where p is a number like 10, 26.875, etc.):

Let’s let k(p) = (1 - p/100)[1 - (43 - 1.6p)/100] = (1 - 0.01p)(1 - 0.43 + 0.016p) = (1 - 0.01p)(0.57 + 0.016p). Ah, here we go! This is a better way to write it with decimals to avoid confusion with percentages.

Yes, (43 - 1.6p)/100 = 43/100 - 1.6p/100 = 0.43 - 0.016p, so 1 - that is 1 - 0.43 + 0.016p = 0.57 + 0.016p. Perfect, so k(p) = (1 - 0.01p)(0.57 + 0.016p).

Now, let's expand k(p) to find its maximum (since we want to maximize k(p), as it's the fraction kept):

k(p) = 1*0.57 + 1*0.016p - 0.01p*0.57 - 0.01p*0.016p = 0.57 + 0.016p - 0.0057p - 0.00016p² = 0.57 + 0.0103p - 0.00016p².

So k(p) = -0.00016p² + 0.0103p + 0.57. This is a quadratic in p with negative leading coefficient (since -0.00016 < 0), so it opens downward, has a maximum at p = -b/(2a) where a = -0.00016, b = 0.0103.

Compute p = -0.0103 / (2*(-0.00016)) = 0.0103 / 0.00032. Let's compute that: 0.0103 / 0.00032 = 10300 / 32 = 10300 ÷ 4 = 2575, 32 ÷ 4 = 8, so 2575 / 8 = 321.875? Wait, no, wait: 0.0103 is 103/10000, 0.00032 is 32/100000 = 8/25000 = 1/3125? Wait, better to do decimal division.

0.00032 * 32 = 0.01024. 0.0103 - 0.01024 = 0.00006. So 0.00032*32.1875 = 0.01024 + 0.00032*0.1875. 0.00032*0.1875: 0.1875 = 3/16, so 0.00032*(3/16) = 0.00006. Yes! So 0.00032*32.1875 = 0.0103. Therefore, p = 32.1875.

Ah, there we go, that matches what I had earlier with the other expansion (32.1875). So the quadratic has its maximum at p = 32.1875%.

But wait, the problem says: ""A person does not receive a tax refund if he gives more than 26.875% of his income to charity."" Now, does this maximum occur above or below 26.875%? 32.1875 is greater than 26.875, so we need to check if for p > 26.875%, the tax system is different, because the problem states that for p > 26.875%, he doesn't get a tax refund.

Wait, let's think about what happens when p > 26.875%. The tax rate formula is (43 - 1.6p)%. When p = 26.875, tax rate = 0%, as given. When p > 26.875, say p = 27, tax rate = 43 - 1.6*27 = 43 - 43.2 = -0.2%, which would be a tax refund of 0.2% on the remaining money. But the problem says: ""a person does not receive a tax refund if he gives more than 26.875%"". So does that mean that for p > 26.875%, he does not get any refund (i.e., tax is still paid as a positive amount? But that contradicts the negative rate), or does it mean that the tax is set to 0% for p > 26.875% (so no tax, hence no refund)? Wait, the problem says ""he pays (43 - 1.6p)% tax on the remaining money"" for the example, but when p=26.875, it's 0, so for p > 26.875, it's negative, which would be a refund. But the problem states that he does not receive a tax refund in that case. So maybe the problem is defining that the tax refund is only possible up to 26.875%, and beyond that, you can't get a refund (so the tax is not negative; maybe the tax is 0% for p > 26.875%? Or maybe the tax is calculated as max(0, 43 - 1.6p)%? Wait, let's see the problem's exact words: ""a person does not receive a tax refund if he gives more than 26.875%"". So ""does not receive a tax refund"" – so in the case of p > 26.875%, he does not get a refund, meaning that if the tax rate would be negative (implying a refund), he doesn't get that refund, so what's the net effect?

Wait, maybe another approach: let's consider two scenarios for the first question.

Scenario A: p ≤ 26.875%. Then tax rate is t = 43 - 1.6p ≥ 0%, so he pays tax, so net money = I*(1 - p/100)*(1 - t/100) as before.

Scenario B: p > 26.875%. Then, if he were to follow the formula, tax rate t = 43 - 1.6p < 0%, which would mean he gets a refund of |t|%, so net money = I*(1 - p/100) + |t|/100*I*(1 - p/100) = I*(1 - p/100)*(1 + |t|/100) = I*(1 - p/100)*(1 - t/100) [since t is negative, |t| = -t, so 1 + |t|/100 = 1 - t/100]. Wait, that's interesting! Wait, no: if t is negative, tax amount is negative, so net money = remaining after charity + |tax| (since tax is negative, it's a refund), so yes, net money = I*(1 - p/100) + |t|/100*I*(1 - p/100) = I*(1 - p/100)*(1 + |t|/100) = I*(1 - p/100)*(1 - t/100) because t = -|t|, so 1 + |t|/100 = 1 - t/100.

Wait a second! So actually, the formula net money = I*(1 - p/100)*(1 - (43 - 1.6p)/100) is valid for all p, whether t is positive or negative, because if t is negative, it's a refund, so the formula still holds (since it's algebraic). But the problem says ""a person does not receive a tax refund if he gives more than 26.875%"". Wait, but according to this, for p > 26.875%, t < 0, so he would receive a tax refund (since tax is negative), but the problem says he does NOT receive a tax refund in that case. So there's a contradiction here.

Wait, maybe the problem is using ""tax refund"" to mean something else? Let's read the problem statement once more, very carefully:

""Taxylvania has a tax code that rewards charitable giving. If a person gives $p$ \% of his income to charity, that person pays $(43-1.6 p)$ \% tax on the remaining money. For example, if a person gives 10\% of his income to charity, he pays 27 \% tax on the remaining money. If a person gives 26.875 \% of his income to charity, he pays no tax on the remaining money. A person does not receive a tax refund if he gives more than 26.875 \% of his income to charity.""

Ah! Here's the key: ""he pays (43 - 1.6p)% tax on the remaining money"" – but if that tax rate is negative, he doesn't pay tax (i.e., the tax is zero), and he doesn't receive a refund? Wait, the problem says ""a person does not receive a tax refund if he gives more than 26.875%"". So maybe the tax code is defined such that:

- For p ≤ 26.875%, tax rate = (43 - 1.6p) ≥ 0%, so he pays that tax (money goes to government).
- For p > 26.875%, tax rate = 0% (so he pays 0 tax), and the phrase ""does not receive a tax refund"" is just saying that there's no refund (i.e., the tax is 0, so no refund needed). Wait, but the problem says ""a person does not receive a tax refund"" – maybe in this context, ""tax refund"" is a separate concept, but for the purpose of this problem, when p > 26.875%, the tax is 0%, so he doesn't have to pay any tax, hence no refund (since he's not paying tax to get a refund).

Wait, let's test with p=27 (just above 26.875). If tax rate is 0%, then net money = I*(1 - 27/100)*(1 - 0/100) = I*73/100 = 0.73I.

If we used the formula with negative tax rate: tax rate = 43 - 1.6*27 = -0.2%, so net money = I*(1 - 0.27)*(1 - (-0.2)/100) = I*0.73*(1.002) ≈ 0.73146I, which is more than 0.73I.

But the problem says ""a person does not receive a tax refund if he gives more than 26.875%"". So if he gives more than 26.875%, he does not get a refund, meaning that the negative tax rate doesn't translate to a refund – so maybe for p > 26.875%, the tax is 0%, so no refund, no tax paid.

Wait, but the problem says ""he pays (43 - 1.6p)% tax on the remaining money"" – the word ""pays"" implies that if it's negative, he doesn't pay (i.e., pays 0), but the problem says ""does not receive a tax refund"", which might be a red herring or just clarifying that you can't get a refund beyond that point (i.e., the tax system is designed so that you can't get a refund for giving too much, so the tax is capped at 0% for p > 26.875%).

Let's look at the two questions:

1. First question: maximize money after taxes and charitable giving (without considering tax refunds? Wait, the problem says ""a person does not receive a tax refund if he gives more than 26.875%"", so maybe for the first question, we have to consider that when p > 26.875%, he doesn't get a refund, so what's the net money?

Wait, maybe the problem is structured so that:

- For p ≤ 26.875%, tax rate = 43 - 1.6p ≥ 0%, so he pays tax (money goes out), so net = I - charity - tax.
- For p > 26.875%, tax rate = 0% (so he pays 0 tax), and the ""does not receive a tax refund"" is just saying that there's no refund (i.e., the tax is 0, so he doesn't get back money), so net = I - charity - 0 = I - charity.

Is that possible? Let's check the problem statement again: ""If a person gives 26.875% of his income to charity, he pays no tax on the remaining money."" So at p=26.875, tax=0. If p > 26.875, does he pay tax? The problem says ""a person does not receive a tax refund if he gives more than 26.875%"", which might mean that for p > 26.875%, the tax is still 0% (so no tax paid, hence no refund needed), or maybe the tax is negative but he doesn't get the refund (so tax is 0).

Let's try to see what the problem wants. The first question is to maximize the money after taxes and charitable giving. Let's compute k(p) for p=32.1875 (the quadratic max) and for p=26.875 (where tax=0), and for p=0 (no charity).

First, compute k(p) = (1 - p/100)(1 - (43 - 1.6p)/100) = (1 - 0.01p)(0.57 + 0.016p) as before.

At p=0: k(0) = 1*0.57 = 0.57 (so 57% kept)

At p=26.875: k(26.875) = (1 - 0.26875)(0.57 + 0.016*26.875) = 0.7325 * (0.57 + 0.43) = 0.7325 * 1 = 0.7325 (since 1.6*26.875=43, so 0.016*26.875=0.43, yes! 1.6*26.875=43, so 0.016*26.875=0.43. Perfect, that's why at p=26.875, the second term is 0.57 + 0.43 = 1. So k(26.875)=0.7325, so 73.25% kept.

At p=32.1875: let's compute k(32.1875). First, 0.01*32.1875=0.321875, so 1 - 0.321875=0.678125.

0.016*32.1875: 32.1875*0.016. 32*0.016=0.512, 0.1875*0.016=0.003, so total 0.515. Wait, 0.1875=3/16, so 3/16*0.016=3/16*16/1000=3/1000=0.003, yes. So 0.512 + 0.003=0.515. Then 0.57 + 0.515=1.085.

Wait, so k(32.1875)=0.678125*1.085. Let's compute that: 0.678125*1=0.678125, 0.678125*0.085≈0.057640625, so total≈0.735765625, which is higher than k(26.875)=0.7325.

But if for p > 26.875%, the tax is 0%, then k(p) for p > 26.875% would be (1 - p/100)(1 - 0) = 1 - p/100, which is a decreasing function (since p increases, 1 - p/100 decreases). So for p > 26.875%, the maximum in that region would be at p=26.875%, where k(p)=0.7325, which is less than the quadratic maximum at p=32.1875.

But the problem says ""a person does not receive a tax refund if he gives more than 26.875%"". If ""does not receive a tax refund"" means that for p > 26.875%, the tax is still calculated as negative (so he gets a refund), but the problem states he doesn't get a refund, so maybe in this problem's context, the tax refund is only possible for p ≤ 26.875%, and for p > 26.875%, he gets a refund equal to the negative tax? Wait, but the problem says ""does not receive a tax refund"", so maybe the problem is using ""does not receive a tax refund"" to mean that the tax is not reduced to zero (i.e., the tax rate is still negative, but they don't mention refunds because it's a reward system).

Wait, let's go back to the problem's note: ""Your answers must be numbers. No arithmetic operations are allowed."" So we need to give the answer as a number, like 32.1875 for the first question? But the problem says ""the count should give [ANS] % to charity"" for the first question.

Wait, but let's think about the problem statement's second part: ""If the count did receive a tax refund for giving more than 26.875% of his income to charity, how much should he give to charity?""

Ah! This is a clue. The problem has two scenarios:

1. Current scenario: does not receive tax refund if p > 26.875% (so we have to use the current tax system, which for p > 26.875% might not give a refund, so maybe the tax is still calculated as negative but he doesn't get the refund? Wait, no – the second part says ""if the count did receive a tax refund"", so that implies that in the current scenario, he does NOT receive a tax refund (as stated), but if he did receive a tax refund (i.e., the tax system was different), what would he do?

Let's parse the second question: ""If the count did receive a tax refund for giving more than 26.875% of his income to charity, how much should he give to charity?""

So the ""if"" clause is a hypothetical: suppose that when p > 26.875%, he does receive a tax refund (which is the opposite of the current scenario). In the current scenario, he does not receive a tax refund (as per the problem statement), but in this hypothetical, he does.

So what does ""receive a tax refund"" mean here? In tax terms, a tax refund is money you get back from taxes you paid. So if you pay taxes, you can get a refund if you overpaid (e.g., you paid 10% tax but your tax liability was 5%, so you get a 5% refund). But in this problem, the tax code says he pays (43 - 1.6p)% tax on the remaining money. If (43 - 1.6p) is negative, that would mean his tax liability is negative, so he gets a refund equal to the absolute value of that negative tax rate.

So let's formalize the two scenarios with this interpretation:

Scenario 1 (Current tax system, as described):
- For p ≤ 26.875%: tax rate = (43 - 1.6p) ≥ 0%, so he pays tax (money goes out), net money = I*(1 - p/100)*(1 - (43 - 1.6p)/100)
- For p > 26.875%: tax rate = (43 - 1.6p) < 0%, but the problem states ""a person does not receive a tax refund"" in this case. So what does ""does not receive a tax refund"" mean? It means that even though the tax rate is negative (implying a refund), he does not get it – so the tax is still calculated as a positive amount? Wait, no – the problem says ""he pays (43 - 1.6p)% tax"", so if it's negative, he pays negative tax, which is a refund, but the problem says he does not receive a tax refund, so maybe in the current system, for p > 26.875%, the tax is 0% (so he pays 0 tax, hence no refund). Wait, the problem says ""a person does not receive a tax refund"" – maybe it's just saying that the tax system doesn't allow refunds beyond 26.875%, so for p > 26.875%, he pays 0 tax (so no refund, since he's not paying tax).

But let's look at the second question: ""If the count did receive a tax refund for giving more than 26.875%"". So in this hypothetical, when p > 26.875%, he does receive a tax refund, meaning that the tax rate is negative (so he gets a refund equal to |tax rate| * remaining money). So in the hypothetical scenario, for p > 26.875%, net money = remaining after charity + refund = I*(1 - p/100) + |(43 - 1.6p)/100|*I*(1 - p/100) = I*(1 - p/100)*(1 + |(43 - 1.6p)|/100). But since for p > 26.875%, 43 - 1.6p < 0, |43 - 1.6p| = 1.6p - 43, so net money = I*(1 - p/100)*(1 + (1.6p - 43)/100) = I*(1 - p/100)*( (100 + 1.6p - 43)/100 ) = I*(1 - p/100)*(57 + 1.6p)/100.

Wait a second! That's exactly the same as the net money formula we had for the current system! Wait, no:

Wait, in the current system, the problem says ""a person does not receive a tax refund if he gives more than 26.875%"", so maybe in the current system, for p > 26.875%, the net money is different, but in the hypothetical (second question), he does receive the refund, so net money is the full formula (including the refund).

Wait, let's get back to the first question with the problem's own example and the given info.

The problem says: ""If a person gives 26.875% of his income to charity, he pays no tax on the remaining money."" So at p=26.875, tax=0. The tax rate is (43 - 1.6p)%, so 43 - 1.6*26.875=0, which we verified earlier (1.6*26.875=43).

Now, suppose we consider that for all p, the net money is calculated by the formula: after giving p% to charity, he has (100 - p)% of income left, then pays (43 - 1.6p)% tax on that, so he keeps (100 - (43 - 1.6p))% of the remaining money, which is (57 + 1.6p)% of the remaining money. Wait, that's another way to see it: the fraction kept after tax is (100 - (43 - 1.6p))% = (57 + 1.6p)%, so total fraction kept is (100 - p)% * (57 + 1.6p)% / 100? Wait, no, percentages multiply as decimals.

Wait, maybe it's better to think in terms of total income:

- Let I = income (60,000)
- Charity: C = (p/100)I
- Remaining after charity: R = I - C = I(1 - p/100)
- Tax paid: T = [(43 - 1.6p)/100]R (this is the amount paid to tax, so if T < 0, it's a refund, so he gets back |T|)
- Money after: M = R - T

Ah! This is the key. In standard terms, T is the tax amount, so if T is positive, he pays it (M = R - T); if T is negative, he gets a refund (M = R - T = R + |T|).

The problem states: ""A person does not receive a tax refund if he gives more than 26.875% of his income to charity."" So ""does not receive a tax refund"" means that in the case p > 26.875%, he does not get the refund, i.e., M = R - T (so even if T is negative, he doesn't get the refund, so M = R - T with T as calculated, but the problem says he doesn't receive a refund, so maybe T is not negative? Wait, no – the problem says ""does not receive a tax refund"", which is a consequence of T being negative (since T negative implies refund), so the problem is saying that when p > 26.875%, the tax code is such that he does not receive a refund (i.e., T is not negative, so he pays tax even if the rate is negative? That doesn't make sense).

Wait, maybe the problem is using ""tax refund"" to mean that the tax is reduced, but in this context, the phrase ""does not receive a tax refund"" is just a way to say that the tax rate doesn't go below zero (i.e., for p > 26.875%, tax rate is 0%). Let's assume that for the first question, the tax system is as described by the formula, but the problem's statement about not receiving refunds is just additional info for the second question.

Wait, the problem says: ""Count Taxula earns $60000. What percentage of his income should he give to charity to maximize the money he has after taxes and charitable giving?""

We have a function M(p) = I*(1 - p/100)*(1 - (43 - 1.6p)/100) = I*(100 - p)(57 + 1.6p)/10000, as we had before (since (1 - p/100) = (100 - p)/100, 1 - (43 - 1.6p)/100 = (100 - 43 + 1.6p)/100 = (57 + 1.6p)/100, so multiplying gives (100 - p)(57 + 1.6p)/10000).

This function M(p) is a quadratic in p (if we treat p as a real number), which we found has maximum at p = 32.1875%.

Now, is 32.1875% a valid p? The problem says ""a person does not receive a tax refund if he gives more than 26.875%"", but if we follow the formula, for p=32.1875, tax rate = 43 - 1.6*32.1875 = 43 - 51.5 = -8.5%, so he would receive an 8.5% refund on the remaining money, but the problem states he does not receive a tax refund in that case. However, the problem is asking for the maximum money after taxes and charitable giving under the current tax system (where he does not receive a tax refund for p > 26.875%).

Wait, but if in the current system, for p > 26.875%, he does not receive a tax refund, that means that for p > 26.875%, the net money M(p) is less than the formula would suggest (because he doesn't get the refund, so M(p) = R - T with T ≥ 0? Wait, no – if he doesn't receive a refund, then T is not negative, so T = 0 for p > 26.875%? That is, the tax rate is capped at 0% for p > 26.875%.

Let's test this hypothesis:

Hypothesis 1: For p ≤ 26.875%, tax rate = 43 - 1.6p ≥ 0%, so M(p) = I*(1 - p/100)*(1 - (43 - 1.6p)/100)

For p > 26.875%, tax rate = 0%, so M(p) = I*(1 - p/100)*(1 - 0) = I*(1 - p/100)

In this case, for p > 26.875%, M(p) is decreasing (since p increases, M(p) decreases), so the maximum in this region is at p=26.875%, where M(p) = I*(1 - 26.875/100) = 0.73125I.

For p ≤ 26.875%, M(p) is the quadratic we had, which at p=26.875% is M(26.875) = I*(1 - 0.26875)*(1 - 0) = 0.73125I (wait, no: in the quadratic formula, at p=26.875, 1 - (43 - 1.6*26.875)/100 = 1 - 0 = 1, so yes, M(p)=I*(1 - 26.875/100)*1 = 0.73125I).

But we found that the quadratic M(p) for p ≤ 26.875% has a maximum at p=32.1875%, which is outside the region p ≤ 26.875%, so in this hypothesis, the maximum for the entire function would be at the boundary p=26.875%, since the quadratic is increasing up to p=32.1875% but we can't go beyond 26.875% in the first region.

But wait, is the quadratic M(p) increasing or decreasing for p < 32.1875%? Since the quadratic opens downward with vertex at p=32.1875%, it's increasing for p < 32.1875% and decreasing for p > 32.1875%. So for p < 32.1875%, M(p) is increasing.

Ah! This is crucial. The quadratic function M(p) (as defined by the tax formula) is increasing on (-∞, 32.1875) and decreasing on (32.1875, ∞). So for p < 32.1875%, giving more charity gives more money after taxes, up to p=32.1875%.

But the problem says ""a person does not receive a tax refund if he gives more than 26.875%"". Wait, but 32.1875 > 26.875, so if the tax system allows for negative tax rates (which would be refunds), then at p=32.1875%, he would receive a refund, but the problem says he doesn't receive a refund for p > 26.875%, so maybe the tax system is such that for p > 26.875%, he doesn't get the refund (i.e., the tax is still calculated as positive, but that contradicts the formula).

Wait, let's think about what the problem is asking for the first question: ""maximize the money he has after taxes and charitable giving"". If we take the tax system as described by the formula (i.e., he pays (43 - 1.6p)% tax on remaining money, so for p > 26.875%, it's a negative tax rate meaning refund), then the maximum is at p=32.1875%, as the quadratic peaks there.

But the problem states ""a person does not receive a tax refund if he gives more than 26.875%"". So maybe in the current system, for p > 26.875%, the tax is 0% (so no refund), but the problem says ""does not receive a tax refund"" – maybe that's just saying that the refund isn't applicable (i.e., the tax rate is non-negative, so no refund possible beyond 26.875%).

Wait, let's check the problem's example: gives 10% to charity, pays 27% tax on remaining. So that's a positive tax, so he pays money. At p=26.875%, pays 0% tax. If he gives more than 26.875%, the tax rate would be negative, which would mean he gets money back, but the problem says he does not receive a tax refund in that case. So maybe the problem is using ""tax refund"" to mean that the tax is reduced (i.e., he gets money back), but in this system, you can't get a refund beyond 26.875% (so for p > 26.875%, you don't get any refund, meaning the tax is still positive? But the formula says it's negative).

I think the key here is that the problem says ""a person does not receive a tax refund if he gives more than 26.875%"", but for the purpose of maximizing the money after taxes and charitable giving, we need to consider the function as defined by the tax code, which for p > 26.875% would give a refund (negative tax), but the problem states that in reality, he doesn't get that refund (so the tax is 0% for p > 26.875%). However, the problem says ""if the count did receive a tax refund"" for the second question, so the second question is a hypothetical where he does get the refund (i.e., the tax rate is negative and he gets the refund), while the first question is the current scenario where he does not get the refund (so tax rate is 0% for p > 26.875%).

Let's formalize the two scenarios with this:

Current scenario (first question):
- For p ≤ 26.875%: tax rate = 43 - 1.6p ≥ 0%, so net money = I*(1 - p/100)*(1 - (43 - 1.6p)/100)
- For p > 26.875%: tax rate = 0% (since he does not receive a tax refund, so no refund, no tax paid), so net money = I*(1 - p/100)

Hypothetical scenario (second question):
- For all p: tax rate = 43 - 1.6p (so if negative, he gets a refund), so net money = I*(1 - p/100)*(1 - (43 - 1.6p)/100) [this is the formula we've been using, which includes the refund for p > 26.875%]

Now, let's solve the first question with the current scenario.

First question: maximize net money under current scenario.

Net money as a function of p:

- For p ≤ 26.875%, N(p) = I*(100 - p)(57 + 1.6p)/10000 (this is the same quadratic as before)
- For p > 26.875%, N(p) = I*(100 - p)/100 (linear, decreasing)

We know the quadratic N(p) for p ≤ 26.875% has its maximum at p=32.1875%, which is greater than 26.875%, so in the region p ≤ 26.875%, the quadratic is increasing (since vertex at 32.1875 > 26.875), so the maximum in this region is at p=26.875%.

Let's verify if the quadratic is increasing on p < 32.1875%. Yes, because it's a downward opening parabola with vertex at p=32.1875, so it's increasing for p < 32.1875 and decreasing for p > 32.1875. Therefore, for p ≤ 26.875 < 32.1875, N(p) is increasing, so maximum in this region is at p=26.875%.

For p > 26.875%, N(p) = I*(100 - p)/100, which is decreasing in p (since as p increases, 100 - p decreases), so its maximum is at p=26.875%.

Therefore, under the current scenario (where p > 26.875% gives no tax refund, i.e., tax rate=0%), the maximum net money is achieved at p=26.875%.

Wait, but hold on! The problem says ""a person does not receive a tax refund if he gives more than 26.875%"", but does that mean that for p > 26.875%, he pays tax (so tax rate > 0) or that he pays 0 tax (so no refund)?

Wait, another angle: the problem says ""he pays (43 - 1.6p)% tax on the remaining money"" for the example (p=10, pays 27% tax). At p=26.875, pays 0% tax. If p > 26.875, (43 - 1.6p) is negative, so he would pay negative tax, which is a refund. But the problem states ""a person does not receive a tax refund if he gives more than 26.875%"", so maybe in this tax code, you can't get a refund for giving more than 26.875%, meaning that for p > 26.875%, the tax is still calculated as a positive amount (but that doesn't make sense), or the tax is set to 0% (so no refund, since he's not getting money back).

But let's look at the second question: ""If the count did receive a tax refund for giving more than 26.875% of his income to charity, how much should he give to charity?""

In this hypothetical, he does receive a tax refund for p > 26.875%, so the tax rate is negative, meaning he gets a refund. So the net money function is the full quadratic function (no cap on tax rate), which we know has a maximum at p=32.1875%.

Ah! This is probably the key. The problem is saying that in the current tax system, he does not get a refund for p > 26.875% (so the net money function is capped at tax rate=0 for p > 26.875%), but in the hypothetical where he does get a refund (i.e., the tax system allows negative tax rates, which translate to refunds), the net money function is the quadratic we've been using, which has a maximum at p=32.1875%.

Let's confirm with the problem statement: ""a person does not receive a tax refund if he gives more than 26.875%"". So the current system does not allow refunds for p > 26.875%, meaning that for p > 26.875%, the net money is less than the quadratic function (because he doesn't get the refund). But in the hypothetical (second question), he does receive the refund, so the net money is equal to the quadratic function (which includes the refund).

For the first question (current system, no refund for p > 26.875%), we need to see if the maximum of the current net money function is at the vertex of the quadratic or at the boundary.

As established, the quadratic function (with refund) has maximum at p=32.1875%. In the current system, for p > 26.875%, he does not receive a refund, so what is the net money function there?

If ""does not receive a tax refund"" means that the tax is 0% (so he pays 0 tax), then for p > 26.875%, net money = (100 - p)% of income (since he gives p% to charity and pays 0% tax on the rest). This is a decreasing function, so maximum at p=26.875%.

But is there another interpretation? Suppose that ""does not receive a tax refund"" means that the tax is still calculated as (43 - 1.6p)% but since it's negative, he doesn't get the refund (i.e., the tax is still negative, but he doesn't get the money back, so he loses money? That seems odd).

Wait, let's think about what the problem is asking for the first answer. The problem says ""the count should give [ANS] % to charity"" to maximize the money after taxes and charitable giving.

If we ignore the ""does not receive a tax refund"" part for a second and just use the formula as given (which gives a refund for p > 26.875%), then the maximum is at p=32.1875%. But the problem mentions the tax refund part, so we need to consider it.

Wait, here's a different approach: let's compute the derivative of the net money function (as a function of p) to find the maximum, assuming that the tax system allows the refund (i.e., the formula is valid for all p).

Net money fraction: k(p) = (1 - p/100)(1 - (43 - 1.6p)/100) = (1 - 0.01p)(0.57 + 0.016p) as before.

dk/dp = (-0.01)(0.57 + 0.016p) + (1 - 0.01p)(0.016) = -0.0057 - 0.000016p + 0.016 - 0.00016p = ( -0.0057 + 0.016 ) + ( -0.000016 - 0.00016 )p = 0.0103 - 0.000176p.

Set derivative to zero: 0.0103 = 0.000176p => p = 0.0103 / 0.000176 ≈ 58.52? Wait, no, wait I think I messed up the derivative.

Wait, better to use the quadratic form we had earlier: k(p) = -0.00016p² + 0.0103p + 0.57.

Then dk/dp = -0.00032p + 0.0103.

Set to zero: -0.00032p + 0.0103 = 0 => p = 0.0103 / 0.00032 = 10300 / 32 = 321.875? Wait, no! Wait, no, units: p is a percentage (e.g., 10 for 10%), so when we write k(p) = (1 - p/100)(0.57 + 0.016p), the p here is the percentage (so p=10 is 10%, not 0.10).

Let's do the derivative with p as percentage (no decimals):

k(p) = (1 - p/100)(1 - (43 - 1.6p)/100) = (1 - p/100)( (100 - 43 + 1.6p)/100 ) = (1 - p/100)(57 + 1.6p)/100

So k(p) = [ (100 - p)(57 + 1.6p) ] / 10000

Let’s let f(p) = (100 - p)(57 + 1.6p) = 100*57 + 100*1.6p - 57p - 1.6p² = 5700 + 160p - 57p - 1.6p² = 5700 + 103p - 1.6p²

Then f'(p) = 103 - 3.2p

Set f'(p) = 0 => 3.2p = 103 => p = 103 / 3.2 = 32.1875.

Yes! This is the correct derivative (since p is the percentage, not a decimal). So f(p) is a quadratic in p (percentage), f'(p) = 103 - 3.2p, so critical point at p=103/3.2=32.1875.

Now, f(p) is the numerator of the fraction kept (times 10000), so k(p)=f(p)/10000, so maximum at p=32.1875%.

This makes sense, and this is a clean calculation.

Now, the problem says: ""A person does not receive a tax refund if he gives more than 26.875% of his income to charity.""

What does this mean for the first question? If we assume that the tax system allows the refund (i.e., the formula holds for all p), then the maximum is at 32.1875%. But the problem mentions the tax refund part, so maybe for p > 26.875%, the tax system doesn't allow refunds, meaning that the net money is different.

Wait, but the problem says ""a person does not receive a tax refund if he gives more than 26.875%"". So in the current system, for p > 26.875%, he does not get a refund, which would mean that the net money is less than the formula suggests (since the formula would have a refund, but he doesn't get it). However, the problem is asking for the maximum money he has after taxes and charitable giving in the current system.

But here's the thing: the problem states that ""if a person gives 26.875% of his income to charity, he pays no tax on the remaining money"". So at p=26.875, tax=0. If p > 26.875, tax rate is negative, which would be a refund, but he doesn't get that refund, so what is the tax paid?

In standard tax terms, a tax refund is money you get back from taxes you overpaid. In this case, if the tax rate is negative, it means he overpaid (in the sense of the tax code), so he gets a refund. But the problem says he does not receive a tax refund for p > 26.875%, so maybe in this system, the tax is calculated as max(0, 43 - 1.6p)%, meaning that for p > 26.875%, tax rate is 0% (so he pays 0 tax, hence no refund).

If tax rate is max(0, 43 - 1.6p)%, then:

- For p ≤ 26.875%, tax rate = 43 - 1.6p ≥ 0%, so net money = I*(1 - p/100)*(1 - tax rate/100) = I*(1 - p/100)*(1 - (43 - 1.6p)/100)
- For p > 26.875%, tax rate = 0%, so net money = I*(1 - p/100)*(1 - 0) = I*(1 - p/100)

Now, let's evaluate the net money function in the current system:

- For p ≤ 26.875%, net money = I*(100 - p)(57 + 1.6p)/10000 (as before)
- For p > 26.875%, net money = I*(100 - p)/100

We know the quadratic in the first region has a maximum at p=32.1875%, which is greater than 26.875%, so in the first region (p ≤ 26.875%), the function is increasing (since vertex at 32.1875 > 26.875), so the maximum in the first region is at p=26.875%.

At p=26.875%, net money = I*(100 - 26.875)(57 + 1.6*26.875)/10000 = I*73.125*100/10000 = I*73.125/100 = 0.73125I

In the second region (p > 26.875%), net money = I*(100 - p)/100, which at p=26.875% is 0.73125I, and decreases as p increases.

Now, what if the problem meant that ""a person does not receive a tax refund"" means that the tax is negative but he doesn't get the refund (so he still loses money)? That would be odd, but let's see:

If for p > 26.875%, tax rate is (43 - 1.6p)% (negative), so he would get a refund, but he does not receive it, meaning he still pays the tax (so"
745,"Okay, let's tackle this problem step by step. The user wants me to complete the given trigonometric formulas using the specified variables. Let me recall the double-angle and sum/difference formulas for sine, cosine, and tangent.

First, let's list out the formulas I need to remember:

1. **sin(2C)**: The double-angle formula for sine. I think it's 2 sin C cos C. Let me confirm. Yes, sin(2θ) = 2 sin θ cos θ, so substituting θ with C, it's 2 sin C cos C.

2. **cos(A+B)**: The sum formula for cosine. The formula is cos A cos B - sin A sin B. Let me check. Yes, cos(A+B) = cos A cos B - sin A sin B.

3. **tan(2C)**: Double-angle formula for tangent. I remember tan(2θ) = (2 tan θ)/(1 - tan²θ). So substituting θ with C, it's (2 tan C)/(1 - tan²C).

4. **sin(A-B)**: The difference formula for sine. It's sin A cos B - cos A sin B. Correct, because sin(A - B) = sin A cos B - cos A sin B.

5. **sin(A+B)**: Sum formula for sine. That's sin A cos B + cos A sin B. Right, sin(A+B) = sin A cos B + cos A sin B.

6. **cos(A-B)**: Difference formula for cosine. It's cos A cos B + sin A sin B. Yes, cos(A - B) = cos A cos B + sin A sin B.

7. **tan(x/2)**: Half-angle formula for tangent. Hmm, the half-angle formula. I think tan(x/2) can be written in a few ways. The standard one is (1 - cos x)/sin x or sin x/(1 + cos x). Let me recall. Yes, tan(θ/2) = (1 - cos θ)/sin θ, which is also equal to sin θ/(1 + cos θ). But the problem says ""tan(x/2)"", so θ here is x. So tan(x/2) = (1 - cos x)/sin x. Alternatively, some sources write it as sin x / (1 + cos x), but I think the most common form is (1 - cos x)/sin x. Let me verify. For example, using the identity: tan(θ/2) = sin θ / (1 + cos θ) = (1 - cos θ)/sin θ. Both are correct, but maybe the problem expects one of them. Let's see. Since the problem says ""complete the following formulas"", probably the standard form. Let's go with (1 - cos x)/sin x. Wait, but sometimes it's written as sin x / (1 + cos x). Hmm. Let me check a reference. For example, in the half-angle formulas, tan(θ/2) = (1 - cos θ)/sin θ. Yes, that's a standard form. So tan(x/2) = (1 - cos x)/sin x.

8. **cos(2C)**: Double-angle formula for cosine. There are three forms: cos²C - sin²C, 2 cos²C - 1, and 1 - 2 sin²C. The problem says ""cos(2C)"", so we need to write it in terms of C. The question is, which form to use? The problem says ""be certain to use the specified variables for each formula"". Since it's cos(2C), probably they expect one of the standard forms. Let's see. The problem might accept any of them, but since the previous ones (like sin(2C)) used the 2 sin C cos C form, maybe here they want a specific one. Wait, the problem says ""complete the following formulas"", so I need to pick the most standard one. Let's check. For example, cos(2C) is often written as 2 cos²C - 1. But maybe the problem expects the form in terms of sin and cos. Wait, the problem doesn't specify, so I need to choose the most common one. Let's think. In many textbooks, the double-angle formulas for cosine are given as cos(2θ) = cos²θ - sin²θ, which is equivalent to 2 cos²θ - 1 or 1 - 2 sin²θ. Since the problem says ""cos(2C)"", and the variables are C, I think the answer is 2 cos²C - 1. Wait, but maybe they want the first form. Let me see. Let's list all the answers first.

Let me write them down:

1. sin(2C) = 2 sin C cos C

2. cos(A+B) = cos A cos B - sin A sin B

3. tan(2C) = (2 tan C)/(1 - tan²C)

4. sin(A-B) = sin A cos B - cos A sin B

5. sin(A+B) = sin A cos B + cos A sin B

6. cos(A-B) = cos A cos B + sin A sin B

7. tan(x/2) = (1 - cos x)/sin x

8. cos(2C) = 2 cos²C - 1 (or cos²C - sin²C, but 2 cos²C -1 is a common one)

Wait, but let's check if the problem has any specific requirements. The problem says ""Be certain to use the specified variables for each formula."" So for each formula, the variables are as given. For example, in sin(2C), the variable is C, so the answer should be in terms of C. Similarly, cos(A+B) uses A and B.

Let me verify each one:

1. sin(2C): 2 sin C cos C. Correct.

2. cos(A+B): cos A cos B - sin A sin B. Correct.

3. tan(2C): 2 tan C / (1 - tan² C). Correct.

4. sin(A-B): sin A cos B - cos A sin B. Correct.

5. sin(A+B): sin A cos B + cos A sin B. Correct.

6. cos(A-B): cos A cos B + sin A sin B. Correct.

7. tan(x/2): Let's confirm. The half-angle formula. tan(θ/2) = sin θ / (1 + cos θ) = (1 - cos θ)/sin θ. Both are correct. Which one is more standard? In some contexts, (1 - cos θ)/sin θ is used, but in others, sin θ / (1 + cos θ). Let's see. For example, if we use the identity tan(θ/2) = (1 - cos θ)/sin θ, then substituting θ = x, it's (1 - cos x)/sin x. Alternatively, if we use the other form, it's sin x / (1 + cos x). The problem says ""complete the following formulas"", so maybe either is acceptable, but I need to pick one. Let's go with (1 - cos x)/sin x because it's a common form.

8. cos(2C): Let's see. The problem might expect the form 2 cos²C - 1. Alternatively, cos²C - sin²C. Let's check. For example, in the double-angle formulas, cos(2C) is often written as 2 cos²C - 1. Let's confirm with a source. Yes, standard double-angle formula for cosine: cos(2θ) = 2 cos²θ - 1. So that's probably the answer here.

Wait, but the problem lists ""cos(2C)"" as the eighth formula. Let me list all the answers in order as per the problem:

The problem lists:

1. sin(2C) = [ANS]

2. cos(A+B) = [ANS]

3. tan(2C) = [ANS]

4. sin(A-B) = [ANS]

5. sin(A+B) = [ANS]

6. cos(A-B) = [ANS]

7. tan(x/2) = [ANS]

8. cos(2C) = [ANS]

So the order of the answers is:

1. 2 sin C cos C

2. cos A cos B - sin A sin B

3. (2 tan C)/(1 - tan² C)

4. sin A cos B - cos A sin B

5. sin A cos B + cos A sin B

6. cos A cos B + sin A sin B

7. (1 - cos x)/sin x

8. 2 cos² C - 1

Wait, but let's check the problem statement again. It says ""Be certain to use the specified variables for each formula."" So for each formula, the variables are as given. For example, in sin(2C), the variable is C, so the answer uses C. In cos(A+B), variables are A and B. So all the answers should use the specified variables.

Let me write each answer properly:

1. sin(2C) = 2 sin C cos C

2. cos(A+B) = cos A cos B - sin A sin B

3. tan(2C) = (2 tan C)/(1 - tan² C)

4. sin(A-B) = sin A cos B - cos A sin B

5. sin(A+B) = sin A cos B + cos A sin B

6. cos(A-B) = cos A cos B + sin A sin B

7. tan(x/2) = (1 - cos x)/sin x

8. cos(2C) = 2 cos² C - 1

I think that's correct. Let me just check a few to be sure.

For tan(2C): yes, the double-angle formula for tangent is 2 tan θ / (1 - tan² θ), so with θ = C, it's 2 tan C / (1 - tan² C).

For tan(x/2): the half-angle formula. Let's take x = 90 degrees (π/2 radians). Then tan(45 degrees) = 1. Using (1 - cos x)/sin x: cos(90°) = 0, sin(90°) = 1, so (1 - 0)/1 = 1. Correct. Using sin x / (1 + cos x): sin(90°) = 1, 1 + cos(90°) = 1, so 1/1 = 1. Also correct. So both forms are correct, but the problem probably expects one. Since the problem says ""complete the following formulas"", and in many standard references, tan(θ/2) = (1 - cos θ)/sin θ is a common form, so I'll go with that.

For cos(2C), 2 cos²C - 1 is a standard form. Let's confirm with C = 0: cos(0) = 1, 2 cos²0 -1 = 2*1 -1 =1, which matches. If C = 45°, cos(90°)=0, 2 cos²45° -1 = 2*(√2/2)^2 -1 = 2*(0.5) -1 =1 -1=0. Correct. So that's right.

So the answers in order are:

1. 2 sin C cos C

2. cos A cos B - sin A sin B

3. (2 tan C)/(1 - tan² C)

4. sin A cos B - cos A sin B

5. sin A cos B + cos A sin B

6. cos A cos B + sin A sin B

7. (1 - cos x)/sin x

8. 2 cos² C - 1

The problem says ""put only the value in the box: no 'x =', no units, no prose"". So for each [ANS], we need to write the expression. Let's write them without LaTeX formatting, but the user probably expects the LaTeX expressions as text.

Wait, the user says ""If an [ANS] is followed by lettered choices, answer with the letter."" But in this problem, there are no lettered choices; it's to complete the formulas. So the answer is a list of the expressions.

The user says: ""Please Give one answer per [ANS] in the order they appear, all inside a single \boxed{} separated by commas (e.g. \boxed{5, 7}).""

Wait, the problem lists 8 formulas, each with [ANS]. So the answer should be 8 expressions, each in the order of the problem, separated by commas inside a single box.

Wait, the example given is \boxed{5, 7}, so they want the numerical answers (but in this case, the answers are expressions). Wait, no, the user says ""Be certain to use the specified variables for each formula."" So the answers are expressions, not numbers.

Wait, maybe the user made a mistake in the example, but according to the problem statement, we need to provide the expressions.

Wait, the instruction says: ""Put only the value in the box: no 'x =', no units, no prose.""

But the ""value"" here is the expression. For example, the first answer is ""2 sin C cos C"", so the value is that expression.

But the user says ""If an [ANS] is followed by lettered choices, answer with the letter."" But there are no lettered choices here.

So the answer should be the 8 expressions, each written in the standard form, in the order given, separated by commas inside a single box.

Let me write them as strings:

1. 2 sin C cos C

2. cos A cos B - sin A sin B

3. (2 tan C)/(1 - tan² C)

4. sin A cos B - cos A sin B

5. sin A cos B + cos A sin B

6. cos A cos B + sin A sin B

7. (1 - cos x)/sin x

8. 2 cos² C - 1

But in LaTeX, the answers would be written with proper notation. However, the user says ""put only the value in the box: no 'x =', no units, no prose"". So probably they want the LaTeX expressions without the ""sin"", ""cos"", etc. Wait, no. The problem says ""complete the following formulas"", so the answers are the right-hand sides.

Wait, the user is probably expecting the answers in the form that would go in the [ANS] boxes. For example, the first one is 2\sin C \cos C, but written without LaTeX in the box? Wait, the problem says ""the answer"" and ""put only the value in the box"".

Wait, the user says ""Solve the problem and end with the required boxed answer."" So the final answer is a single box with the eight answers separated by commas.

Let me check the problem statement again: ""Complete the following formulas: [list]"". So each [ANS] is a formula. The user wants the answers in order, each as a string, comma-separated, inside a single box.

For example, the first answer is ""2 sin C cos C"", the second is ""cos A cos B - sin A sin B"", etc.

But in the context of the problem, the variables are case-sensitive (A, B, C, x), so we have to use uppercase for A, B, C, and lowercase for x.

Let me write each answer as a string:

1. 2 sin C cos C

2. cos A cos B - sin A sin B

3. (2 tan C)/(1 - tan^2 C)

4. sin A cos B - cos A sin B

5. sin A cos B + cos A sin B

6. cos A cos B + sin A sin B

7. (1 - cos x)/sin x

8. 2 cos^2 C - 1

But in the problem, the user might expect the answers in a specific format, like using \sin, \cos, etc., but since the user says ""no prose"", probably just the text.

Wait, the user says ""Be certain to use the specified variables for each formula."" So variables are C (uppercase), A, B (uppercase), x (lowercase).

Let me make sure the answers are correctly formatted.

For example, tan(2C) is (2 tan C)/(1 - tan² C). In the answer, it's written with the variables as C, so tan C, not tan(C), but in the problem statement, it's written as tan(2C), so the answer uses tan C.

In the problem, the user wrote ""tan(2C)"", so the answer should use C.

Let me write each answer as a string without LaTeX:

1. 2 sin C cos C

2. cos A cos B - sin A sin B

3. (2 tan C)/(1 - tan² C)

4. sin A cos B - cos A sin B

5. sin A cos B + cos A sin B

6. cos A cos B + sin A sin B

7. (1 - cos x)/sin x

8. 2 cos² C - 1

But in the problem statement, the user might expect the answers to be in a specific notation. For example, in some contexts, the double-angle formulas are written with the angle as a single variable, but here it's specified.

I think this is correct. Let me check if there's any chance I mixed up a sign.

For sin(A-B): yes, it's sin A cos B - cos A sin B. Correct.

cos(A-B): cos A cos B + sin A sin B. Correct.

tan(x/2): (1 - cos x)/sin x. Correct.

cos(2C): 2 cos² C - 1. Correct.

Yes, I think these are all correct.

So the final answer is a single box with these eight expressions separated by commas.

The user says: ""If an [ANS] is followed by lettered choices, answer with the letter."" But there are no lettered choices here, so we just write the expressions.

So the boxed answer should be:

\boxed{2 \sin C \cos C, \cos A \cos B - \sin A \sin B, \frac{2 \tan C}{1 - \tan^2 C}, \sin A \cos B - \cos A \sin B, \sin A \cos B + \cos A \sin B, \cos A \cos B + \sin A \sin B, \frac{1 - \cos x}{\sin x}, 2 \cos^2 C - 1}

But the user says ""put only the value in the box: no 'x =', no units, no prose"". Wait, but in the example they gave \boxed{5, 7}, which are numbers. However, in this problem, the answers are expressions, not numbers. Maybe the user intended this to be a problem where the answers are numbers, but no—the problem says ""complete the following formulas"".

Wait, perhaps the user made a mistake in the problem description, but according to the problem as stated, we have to provide the expressions.

Alternatively, maybe the user expects the answers in a simplified form with the standard notation.

Let me write them with proper LaTeX notation but as a single string inside the box.

The user wants the answer inside a single \boxed{} with the values separated by commas.

In LaTeX, the boxed command would have the text.

But since the user says ""put only the value in the box: no 'x =', no units, no prose"", I think they want the expressions written in a way that's clear.

Let me list them as:

2 sin C cos C, cos A cos B - sin A sin B, (2 tan C)/(1 - tan² C), sin A cos B - cos A sin B, sin A cos B + cos A sin B, cos A cos B + sin A sin B, (1 - cos x)/sin x, 2 cos² C - 1

But in the problem statement, the user might expect the answers to be written with LaTeX math mode, but since the user says ""no prose"", probably just the text.

Wait, the user says ""Solve the problem and end with the required boxed answer."" So the final answer is the eight expressions in order, comma-separated, inside a single box.

I think that's it.
</think>

\boxed{2 \sin C \cos C, \cos A \cos B - \sin A \sin B, \frac{2 \tan C}{1 - \tan^2 C}, \sin A \cos B - \cos A \sin B, \sin A \cos B + \cos A \sin B, \cos A \cos B + \sin A \sin B, \frac{1 - \cos x}{\sin x}, 2 \cos^2 C - 1}"
746,"Okay, let's tackle each of these problems one by one. First, I need to add or subtract the numbers as indicated. Let's start with the first one: 7506 + 9911. 

So, adding 7506 and 9911. Let me write them down vertically to make it easier:

  7506
+ 9911
-------

Starting from the rightmost digit: 6 + 1 = 7. Then 0 + 1 = 1. Then 5 + 9 = 14, so I write down 4 and carry over 1. Then 7 + 9 + 1 (the carry) = 17. So the result is 17417. Let me check that: 7506 + 9911. Let's do 7506 + 10000 = 17506, then subtract 89 (since 10000 - 9911 = 89), so 17506 - 89 = 17417. Yep, that's right.

Second problem: 64784 - 33928. Let's subtract vertically.

  64784
- 33928
--------

Starting from the right: 4 - 8. Can't do that, so borrow. 14 - 8 = 6. Next digit: 7 (since we borrowed 1 from the 8, it becomes 7) - 2 = 5. Next: 4 - 9. Can't do, borrow from the 6. So 14 - 9 = 5, and the 6 becomes 5. Then 5 (the borrowed 1) - 3 = 2. Then 6 (the original 6) - 3 (wait, no, let's do it step by step).

Wait, maybe better to write it out:

  6 4 7 8 4
- 3 3 9 2 8
------------

Starting from the rightmost digit (units place):

4 - 8: need to borrow. So the tens place becomes 7 (since 8 becomes 7), and units becomes 14. 14 - 8 = 6.

Tens place: 7 (after borrow) - 2 = 5.

Hundreds place: 7 - 9. Can't do, so borrow from thousands place. Thousands place is 4, becomes 3. Hundreds becomes 17. 17 - 9 = 8.

Thousands place: 3 (after borrow) - 3 = 0.

Ten-thousands place: 6 - 3 = 3.

So the result is 30856. Let me check with another method. 64784 - 33928. Let's compute 64784 - 30000 = 34784. Then subtract 3928: 34784 - 3928. 34784 - 3000 = 31784. Then -928: 31784 - 900 = 30884, then -28 = 30856. Yes, that's correct.

Third problem: 835026 - 26332. Let's do this subtraction.

  835026
-  26332
--------

First, align the numbers by the right:

  835026
-  26332
--------

So it's 835026 minus 26332. Let's write with leading zeros to make it 5 digits? Wait, no, 835026 is 6 digits, 26332 is 5 digits, so align the rightmost digits:

  8 3 5 0 2 6
-     2 6 3 3 2
----------------

So starting from the right:

6 - 2 = 4

2 - 3: can't do, borrow. 12 - 3 = 9, tens place becomes 1.

0 (after borrow) - 3: can't do, borrow from hundreds place. Hundreds place is 5, becomes 4. Tens place becomes 10 (but we already borrowed 1, so 10 -1 = 9? Wait, maybe better step by step.

Let's do it digit by digit from right:

Position 1 (units): 6 - 2 = 4

Position 2 (tens): 2 - 3. Can't do, so borrow from position 3 (hundreds). Position 3 is 0, so we need to borrow from position 4 (thousands). Position 4 is 5, so borrow 1 from 5, making it 4, then position 3 (hundreds) becomes 10. Then borrow 1 from position 3 (hundreds) to position 2 (tens), so position 3 becomes 9, position 2 becomes 12. Now 12 - 3 = 9.

Position 3 (hundreds): 9 (after borrow) - 6 = 3

Position 4 (thousands): 4 (after borrow) - 2 = 2

Position 5 (ten-thousands): 3 - 0 = 3 (since 26332 has no ten-thousands digit, it's 0)

Position 6 (hundred-thousands): 8 - 0 = 8

Wait, let's check:

Original number: 835026

Subtract 26332:

Let's compute 835026 - 20000 = 815026

Then -6000 = 809026

Then -300 = 808726

Then -30 = 808696

Then -2 = 808694

Wait, that's 808694. Let me verify with another method.

835026 - 26332:

Let's add 26332 to 808694: 808694 + 26332 = 835026. Let's check:

808694 + 20000 = 828694

828694 + 6000 = 834694

834694 + 300 = 834994

834994 + 30 = 835024

835024 + 2 = 835026. Yes! So the result is 808694.

Fourth problem: 85926 + 17937.

Let's add them.

  85926
+17937
-------

Starting from right:

6 + 7 = 13, write 3, carry 1

2 + 3 + 1 = 6

9 + 9 = 18, write 8, carry 1

5 + 7 + 1 = 13, write 3, carry 1

8 + 1 + 1 = 10

So the result is 103863. Let's check: 85926 + 17937. 85926 + 10000 = 95926; +7000 = 102926; +900 = 103826; +30 = 103856; +7 = 103863. Correct.

Fifth problem: 734584 + 141675.

Add them:

  734584
+141675
--------

Rightmost digit: 4 + 5 = 9

8 + 7 = 15, write 5, carry 1

5 + 6 + 1 = 12, write 2, carry 1

4 + 1 + 1 = 6

3 + 4 = 7

7 + 1 = 8

So the result is 876259. Let's check: 734584 + 141675. 734584 + 100000 = 834584; +40000 = 874584; +1000 = 875584; +600 = 876184; +70 = 876254; +5 = 876259. Correct.

Sixth problem: 901638 + 22457.

Add:

  901638
+  22457
--------

Aligning:

  901638
+  22457
--------

Rightmost digit: 8 + 7 = 15, write 5, carry 1

3 + 5 + 1 = 9

6 + 4 = 10, write 0, carry 1

1 + 2 + 1 = 4

0 + 2 = 2

9 + 0 = 9

So the result is 924095. Let's check: 901638 + 20000 = 921638; +2000 = 923638; +400 = 924038; +50 = 924088; +7 = 924095. Correct.

Now the last problem: Myronville has 23083 students, Saddelton has 44191. How many more in Saddelton? So 44191 - 23083.

Let's compute that.

44191 - 23083.

Subtract vertically:

  44191
-23083
-------

1 - 3: can't do, borrow. 11 - 3 = 8, tens place becomes 8.

9 (after borrow) - 8 = 1

1 - 0 = 1

4 - 3 = 1

4 - 2 = 2

So result is 21108. Let's check: 23083 + 21108 = 44191. 23083 + 20000 = 43083; +1108 = 44191. Correct.

Now the problem says ""add or subtract as indicated"" for each of the first six problems, then the last one is a word problem. The user wants the answers for each [ANS] in order, boxed with commas.

Let me list the answers in order:

1. 7506 + 9911 = 17417

2. 64784 - 33928 = 30856

3. 835026 - 26332 = 808694

4. 85926 + 17937 = 103863

5. 734584 + 141675 = 876259

6. 901638 + 22457 = 924095

7. Saddelton - Myronville = 44191 - 23083 = 21108

Wait, the problem says: ""For the problems below add or subtract as indicated."" Then lists six problems, then the last one is a word problem. The user wrote:

$7506$ $+9911$=[ANS]

$64784$ $-33928$=[ANS]

$835026$ $-26332$=[ANS]

$85926$ $+17937$=[ANS]

$734584$ $+141675$=[ANS]

$901638$ $+22457$=[ANS]

Myronville School District has 23083 students, and Saddelton School District has 44191 students. That means that there are [ANS] more students in Saddelton than in Myronville.

So there are seven [ANS]s. Let me confirm:

First line: 7506 +9911 = [ANS] → 1st answer

Second: 64784 -33928 = [ANS] → 2nd

Third: 835026 -26332 = [ANS] → 3rd

Fourth: 85926 +17937 = [ANS] → 4th

Fifth: 734584 +141675 = [ANS] → 5th

Sixth: 901638 +22457 = [ANS] → 6th

Seventh: Saddelton - Myronville = [ANS] → 7th

Yes, seven answers. Let me list them again:

1. 17417

2. 30856

3. 808694

4. 103863

5. 876259

6. 924095

7. 21108

Let me double-check each to be sure.

First problem: 7506 + 9911. 7506 + 9000 = 16506; 16506 + 911 = 17417. Correct.

Second: 64784 - 33928. 64784 - 30000 = 34784; 34784 - 3928 = 30856. Correct.

Third: 835026 - 26332. 835026 - 20000 = 815026; 815026 - 6000 = 809026; 809026 - 332 = 808694. Correct.

Fourth: 85926 + 17937. 85926 + 10000 = 95926; 95926 + 7000 = 102926; 102926 + 900 = 103826; 103826 + 37 = 103863. Correct.

Fifth: 734584 + 141675. 734584 + 100000 = 834584; 834584 + 40000 = 874584; 874584 + 1675 = 876259. Correct.

Sixth: 901638 + 22457. 901638 + 20000 = 921638; 921638 + 2457 = 924095. Correct.

Seventh: 44191 - 23083. 44191 - 23000 = 21191; 21191 - 83 = 21108. Correct.

All answers check out. So the seven answers in order are 17417, 30856, 808694, 103863, 876259, 924095, 21108.

The user says: ""Give one answer per [ANS] in the order they appear, all inside a single \boxed{} separated by commas (e.g. \boxed{5, 7}).""

So the final answer should be \boxed{17417, 30856, 808694, 103863, 876259, 924095, 21108}

Wait, but the user says ""Put only the value in the box: no 'x =', no units, no prose."" So just the numbers separated by commas in the box.

Yes, that's it.
</think>

[ANS]17417, 30856, 808694, 103863, 876259, 924095, 21108

\boxed{17417, 30856, 808694, 103863, 876259, 924095, 21108}"
747,"Okay, let's try to solve this Rabin cryptosystem problem. Hmm, first I need to remember how Rabin works. From what I recall, Rabin is a public-key cryptosystem based on the difficulty of factoring large integers. The encryption process involves choosing two large primes p and q, computing n = p*q, then choosing a public exponent e which is typically 1, but wait, no, maybe not exactly. Wait, actually, in Rabin, the public key is (n, e) where e is usually 1? Wait, no, maybe I'm mixing up with other systems.

Wait, no, Rabin's encryption is a bit different. Let me think. The steps for Rabin encryption are:

1. Choose two primes p and q (both congruent to 3 mod 4, I think that's important for Rabin).
2. Compute n = p*q.
3. The public key is n.
4. To encrypt a message m, compute c = m^2 mod n.

Wait, yes, that's right. Rabin encryption is m squared modulo n. So the ciphertext is m squared mod n. But wait, the problem says ""Encrypt P=24"". Wait, P here is the plaintext, right? So P is the message. So we need to compute 24 squared mod (23*7). Wait, but hold on, p=23 and q=7. Let me check if they are primes. 23 is prime, 7 is prime. Good.

But wait, in Rabin, the primes p and q should be congruent to 3 mod 4 for the decryption to be efficient. Let's check: 23 mod 4 is 3 (since 20 is 5*4, 23-20=3), so 23 ≡ 3 mod 4. 7 mod 4 is 3 (7-4=3), so 7 ≡ 3 mod 4. Okay, that's good. So that's fine.

So n = p*q = 23*7 = 161.

The ciphertext c = P^2 mod n. Wait, but wait, the problem says ""Encrypt P=24"". Wait, but in Rabin, the plaintext should be less than n, right? Because otherwise, you take mod n. But 24 is less than 161? 24 is less than 161, yes. Wait, but 24 squared is 576. Let's compute 576 mod 161.

Wait, but hold on. Wait, in Rabin, the message m must be in the range 0 < m < n. But here, the plaintext is 24, which is less than 161, so that's okay.

Wait, but wait, the problem says ""Encrypt P=24"". Hmm. Wait, but maybe there's a misunderstanding here. Let me check again.

Wait, another thought: In some contexts, the Rabin cryptosystem uses a modulus n = p*q where p and q are primes congruent to 3 mod 4, and the encryption is c = m^2 mod n. So yes, that's the standard Rabin encryption.

So here, n = 23*7 = 161.

Compute c = 24^2 mod 161.

24 squared is 576.

Now divide 576 by 161 to find the remainder.

Let me compute 161 * 3 = 483.

576 - 483 = 93.

So 576 mod 161 = 93.

Wait, so the ciphertext would be 93, which is option A.

But wait, the answer choices have A as 93. Hmm. But wait, let me double-check.

Wait, 161*3 = 483, 576 - 483 = 93. Correct.

But wait, hold on. Wait, in Rabin encryption, sometimes there's a step where you have to take the square modulo n, but maybe the problem is expecting something else?

Wait, the problem says ""Using Rabin cryptosystem with p=23 and q=7 Encrypt P=24"". Hmm. Wait, but in some descriptions, the Rabin cryptosystem uses a different exponent? Wait, no, I think in Rabin it's just squaring. Let me check.

Wait, another way: Rabin's cryptosystem is a probabilistic encryption scheme where the ciphertext is m squared mod n. So yes, so ciphertext is m^2 mod n.

Wait, but here's a catch: In Rabin, the message must be in the range 0 < m < n. However, in this problem, the plaintext is 24, which is less than n=161, so that's okay.

Wait, but 24 squared is 576. 576 divided by 161: 161*3=483, 576-483=93. So 93 is the remainder. So ciphertext is 93. Which is option A.

But wait, looking at the answer choices, option A is 93. So answer is A?

But wait, wait a second. Wait, I'm a bit confused because sometimes in Rabin, they use a different method. Let me think again.

Wait, another thought: Maybe the problem is using Rabin with a different parameterization? For example, in some cases, the public key includes an exponent e, but in Rabin, e is usually 1? Wait, no. Wait, in RSA, the encryption is m^e mod n, but Rabin is a variant where e=2. Wait, actually, Rabin is a special case of RSA with e=2. So yes, encryption is m^2 mod n.

Wait, that's right. So Rabin is similar to RSA but with e=2. So encryption is squaring mod n.

So in this problem, ciphertext c = 24^2 mod (23*7) = 576 mod 161 = 93.

Hmm. So answer A.

But wait, the problem says ""the cipher text is ___"". The choices include A.93.

But wait, wait, hold on. Wait, in Rabin, the message must be less than n. But here, 24 is less than 161, so that's okay.

Wait, but another check: Let's compute 161*3 = 483, 483 + 93 = 576. Correct.

Wait, but maybe there's a mistake here. Wait, 23*7 is 161, yes. 24 squared is 576. 576 divided by 161: 161*3=483, 576-483=93. So 93.

Hmm. So why is this a problem? Maybe the answer is A. But wait, looking at the choices, option A is 93. So answer A.

Wait, but let me check if there's any step I missed. For example, in some Rabin implementations, they use a different modulus? Or maybe the problem is written incorrectly?

Wait, another angle: The problem says ""Encrypt P=24"". Wait, in Rabin, the plaintext is usually a number that is less than n, but here, 24 is the plaintext. Wait, but 24 is a valid number.

Wait, but wait, another thought: In Rabin, the primes p and q should be congruent to 3 mod 4. Which they are here (23 mod 4 is 3, 7 mod 4 is 3). So that's okay.

Wait, but in the Rabin cryptosystem, the encryption is m^2 mod n, but sometimes the message is first converted into a number in the range 0 < m < n. So here, 24 is already in that range.

Hmm. So according to this calculation, the ciphertext should be 93. So answer A.

But wait, looking at the answer choices, option A is 93. So why is this a problem? Maybe I made a mistake.

Wait, wait, wait. Wait, hold on. Wait, 24 mod 23 is 1, but no, the encryption is done mod n=161, not mod p or q.

Wait, no. The encryption is m squared mod n, where n is p*q.

Wait, another check: Let's compute 24^2 = 576.

Compute 161 * 3 = 483.

576 - 483 = 93.

Yes. So 93 is the remainder.

Hmm. So the answer should be A. But let me check the problem statement again.

Problem says: ""Using Rabin cryptosystem with p=23 and q=7 Encrypt P=24 to find ciphertext.""

Wait, but in some contexts, Rabin uses a different exponent. Wait, no. Wait, I'm pretty sure Rabin encryption is m^2 mod n.

Wait, but here's a catch: In Rabin, the encryption is m^2 mod n, but the decryption involves finding square roots mod p and mod q, then combining via Chinese Remainder Theorem. But for encryption, it's straightforward.

Wait, but maybe the problem is in the way the plaintext is represented? Like, in some cases, the message is converted into a number between 0 and n-1. But here, 24 is given as P=24.

Wait, another thought: Maybe the problem meant to say ""Encrypt the message P=24"" but in Rabin, the message must be less than n, which it is here. So 24 is okay.

Hmm. So unless there's a miscalculation here.

Wait, 23*7=161. Correct.

24^2=576. Correct.

576 divided by 161: 161*3=483, 576-483=93. Correct.

So 93 mod 161 is 93.

So ciphertext is 93, which is option A.

But wait, the answer choices list A as 93, so answer is A.

Wait, but the problem is presented as a multiple choice with options A to J, and the user says ""the cipher text is ___"". So according to this, answer is A.

But wait, let me check if there's a different approach. For example, in some Rabin implementations, they use a different modulus. Wait, no.

Wait, another check: Let's compute 93 squared mod 161 to see if we can get back to 24. Wait, but that's decryption, which might not be necessary here.

But for verification: If ciphertext is 93, then to decrypt we need to find square roots of 93 mod 23 and mod 7.

But maybe that's overcomplicating. Let's see.

First, 93 mod 23: 23*4=92, so 93 mod23=1.

So square root of 1 mod23 is 1 or 22.

Similarly, 93 mod7: 7*13=91, so 93 mod7=2.

Square roots of 2 mod7. Let's see: 3^2=9≡2 mod7, 4^2=16≡2 mod7. So square roots are 3 and 4.

Then using Chinese Remainder Theorem, we can find solutions. But regardless, this shows that 93 is a valid ciphertext for 24.

Wait, but the problem is only asking for encryption, not decryption, so maybe this is not necessary.

Wait, but given that the calculation seems straightforward, I think the answer is A. 93.

But wait, the given choices have option A as 93. So I think that's the answer.

Wait, but I'm a bit confused why this problem is presented as a challenge. Maybe there's a trick here.

Wait, wait a second. Wait, in Rabin, the message must be in the range 0 < m < n. But 24 is less than 161, so that's okay.

Wait, but another thought: In some contexts, especially in older versions of Rabin, they might use a different method. Wait, but according to standard definitions, Rabin encryption is m^2 mod n.

Wait, let me check a reference. (Since I can't actually browse, but from memory.)

Yes, Rabin's cryptosystem: public key is (n), private key is (p, q). To encrypt a message m, compute c = m^2 mod n.

So yes, that's correct.

So ciphertext is 24^2 mod 161 = 576 mod 161 = 93.

Therefore, answer is A.

But wait, looking at the choices, option A is 93. So the answer should be A.

Hmm. Wait, but the problem lists the choices as A to J. Let me check the list:

A. 93

B. 74

C. 42

D. 67

E. 85

F. 52

G. 11

H. 12

I. 28

J. 36

Yes, A is 93.

Wait, but maybe the problem says ""P=24"" but in Rabin, you have to take mod p or q? No, that doesn't make sense.

Wait, another angle: Maybe the problem is using Rabin with a different exponent. Wait, for example, in some systems, they use e=2, but in the Rabin cryptosystem, it's just squaring. Hmm.

Wait, perhaps the problem is misstated? Like, maybe it's supposed to be RSA instead of Rabin?

Wait, if it were RSA, we would need a public exponent e. But the problem says Rabin.

Alternatively, maybe the question expects to compute something else.

Wait, wait. Wait, hold on. Wait, in Rabin, the encryption is m^2 mod n, but sometimes people confuse it with the fact that the message must be less than p or q? No, that's not right.

Wait, another check: Let's compute 24^2 mod 23 and mod 7 separately, then use Chinese Remainder Theorem? Wait, but no, the ciphertext is mod n, so it's directly mod 161.

Wait, but let's see. If I compute 24 mod 23 = 1, so 1^2 mod23=1.

24 mod7=3, so 3^2=9 mod7=2.

So the ciphertext c must satisfy c ≡1 mod23 and c≡2 mod7.

Let's solve this system.

Let c = 23k +1.

Then 23k +1 ≡ 2 mod7.

23 mod7 is 2 (since 7*3=21, 23-21=2), so:

2k +1 ≡2 mod7 => 2k ≡1 mod7 => multiply both sides by 4 (since 2*4=8≡1 mod7), so k≡4*1=4 mod7.

Thus k=7m +4.

Then c=23*(7m +4)+1=161m +92 +1=161m +93.

So c ≡93 mod161.

Therefore, the ciphertext is 93. Which matches our previous calculation.

So this confirms that the ciphertext is 93.

So answer is A.

Hmm. So why am I doubting? Maybe because sometimes problems have tricks, but in this case, all steps check out.

Therefore, the answer should be A.

**Final Answer**
\boxed{A}
</think>

To solve the problem of encrypting the plaintext $ P = 24 $ using the **Rabin cryptosystem** with primes $ p = 23 $ and $ q = 7 $, we follow the standard Rabin encryption process.

---

### Step 1: Compute the modulus $ n $

In Rabin cryptosystem, the modulus is:

$$
n = p \times q = 23 \times 7 = 161
$$

---

### Step 2: Compute the ciphertext $ c $

Rabin encryption is defined as:

$$
c = P^2 \mod n
$$

So we compute:

$$
c = 24^2 \mod 161 = 576 \mod 161
$$

Now divide 576 by 161:

$$
161 \times 3 = 483 \\
576 - 483 = 93
$$

Thus,

$$
c = 93
$$

---

### Step 3: Verify the result

To confirm, we can also use the **Chinese Remainder Theorem (CRT)** to verify that 93 satisfies the congruences modulo $ p $ and $ q $:

- $ 93 \mod 23 = 1 $
- $ 93 \mod 7 = 2 $

We can check that:

- $ 24^2 \mod 23 = 1 $
- $ 24^2 \mod 7 = 2 $

So 93 is a valid ciphertext for $ P = 24 $ under Rabin encryption.

---

### Step 4: Match with answer choices

The answer choices are:

- A. 93  
- B. 74  
- C. 42  
- D. 67  
- E. 85  
- F. 52  
- G. 11  
- H. 12  
- I. 28  
- J. 36

The computed ciphertext is **93**, which corresponds to **option A**.

---

### Final Answer

$$
\boxed{A}
$$"
748,"Okay, let's tackle this problem step by step. First, we need to construct the table of estimated expected values. Then, we'll do the chi-square test for independence with α=0.01. 

Starting with the expected values. For a chi-square test of independence, the expected frequency for each cell is calculated as (row total * column total) / grand total. 

Let me list out the row totals and column totals first. From the problem statement:

Row totals (number of nights categories):
- 4-7: 409
- 8-13: 146
- 14-21: 92
- 22 or more: 57

Column totals (pre-retirement and post-retirement):
- Pre-retirement: 383
- Post-retirement: 321
- Grand total: 704

So for each cell, expected value E = (row total * column total) / grand total.

Let's compute each expected value.

First row (4-7 nights):
- Pre-retirement expected: (409 * 383) / 704
- Post-retirement expected: (409 * 321) / 704

Let me calculate these.

First, 409 * 383. Let's compute that. 400*383 = 153,200; 9*383=3,447. So total is 153,200 + 3,447 = 156,647. Then divide by 704: 156,647 / 704 ≈ let's see. 704*222 = 704*200=140,800; 704*22=15,488; so 140,800 + 15,488 = 156,288. 156,647 - 156,288 = 359. So 222 + 359/704 ≈ 222.51. Let me check with calculator steps. Maybe better to use exact division.

Alternatively, use decimal approximations.

409 * 383 = 409*(300 + 80 + 3) = 409*300=122,700; 409*80=32,720; 409*3=1,227. Total: 122,700 + 32,720 = 155,420 + 1,227 = 156,647. Correct.

156,647 / 704 ≈ 156647 ÷ 704. Let's divide 156647 by 704:

704 * 222 = 704*(200 + 22) = 140,800 + 15,488 = 156,288. So 156,647 - 156,288 = 359. So 359/704 ≈ 0.51. So E_pre for 4-7 is approximately 222.51.

Similarly, post-retirement for 4-7: (409 * 321) / 704. Let's compute 409*321. 400*321=128,400; 9*321=2,889. Total: 128,400 + 2,889 = 131,289. Then 131,289 / 704 ≈ 131289 ÷ 704. 704*186 = 704*(180 + 6) = 126,720 + 4,224 = 130,944. 131,289 - 130,944 = 345. So 345/704 ≈ 0.49. So approximately 186.49.

Let me check with more precise calculation. Maybe using calculator-like steps.

Alternatively, use the formula: for each cell, E = (row total * column total) / N.

Let's do all the expected values:

1. 4-7 nights:
   - Pre: (409 * 383) / 704 = (409*383)/704. Let's compute 409*383: 409*383 = (400 + 9)(380 + 3) = 400*380 + 400*3 + 9*380 + 9*3 = 152,000 + 1,200 + 3,420 + 27 = 152,000 + 1,200 = 153,200; 153,200 + 3,420 = 156,620; 156,620 +27=156,647. So 156,647 / 704 ≈ 222.51 (as before)
   - Post: (409 * 321)/704 = 131,289 / 704 ≈ 186.49 (since 131,289 / 704 = (131,289 ÷ 704) ≈ 186.49)

2. 8-13 nights:
   - Pre: (146 * 383) / 704. 146*383: 100*383=38,300; 40*383=15,320; 6*383=2,298. Total: 38,300 + 15,320 = 53,620 + 2,298 = 55,918. 55,918 / 704 ≈ 79.43 (704*79=55,616; 55,918 -55,616=302; 302/704≈0.43; so 79.43)
   - Post: (146 * 321)/704. 146*321: 100*321=32,100; 40*321=12,840; 6*321=1,926. Total: 32,100 +12,840=44,940 +1,926=46,866. 46,866 /704 ≈ 66.57 (704*66=46,464; 46,866-46,464=402; 402/704≈0.57)

3. 14-21 nights:
   - Pre: (92 * 383)/704. 92*383: 90*383=34,470; 2*383=766; total=34,470+766=35,236. 35,236 /704 ≈ 49.97 (704*49=34,496; 35,236 -34,496=740; 740/704≈1.05; so 49 +1.05≈50.05? Wait, 704*50=35,200. 35,236 -35,200=36. So 50 + 36/704 ≈50.05. Let's check: 704*50=35,200. 35,236 -35,200=36. So 36/704≈0.051. So 50.05.
   - Post: (92 * 321)/704. 92*321: 90*321=28,890; 2*321=642; total=28,890+642=29,532. 29,532 /704 ≈41.95 (704*41=28,864; 29,532 -28,864=668; 668/704≈0.95; so 41.95)

4. 22 or more nights:
   - Pre: (57 * 383)/704. 57*383: 50*383=19,150; 7*383=2,681; total=19,150+2,681=21,831. 21,831 /704 ≈30.99 (704*30=21,120; 21,831-21,120=711; 711/704≈1.01; so 31.01? Wait, 704*31=21,824. 21,831 -21,824=7. So 31 +7/704≈31.01)
   - Post: (57 * 321)/704. 57*321: 50*321=16,050; 7*321=2,247; total=16,050+2,247=18,297. 18,297 /704 ≈25.99 (704*25=17,600; 18,297-17,600=697; 697/704≈0.99; so 25.99)

Let me verify these with more precise calculations to get the expected values.

Alternatively, use the formula:

For each cell, E = (row total * column total) / grand total.

Let's compute each:

1. 4-7:
   - Pre: (409 * 383) / 704 = (409 * 383) / 704
   Let's compute 409 * 383 = 156,647 (as before)
   156,647 / 704 ≈ 156647 ÷ 704. Let's do this division:
   704 * 222 = 156,288 (as before)
   156,647 - 156,288 = 359
   359 / 704 ≈ 0.51
   So 222.51

   - Post: (409 * 321) / 704 = 131,289 / 704 ≈ 131289 ÷ 704
   704 * 186 = 130,944 (704*180=126,720; 704*6=4,224; 126,720+4,224=130,944)
   131,289 - 130,944 = 345
   345 / 704 ≈ 0.49
   So 186.49

2. 8-13:
   - Pre: (146 * 383) / 704 = 55,918 / 704 ≈ 55918 ÷ 704
   704 * 79 = 55,616 (704*70=49,280; 704*9=6,336; 49,280+6,336=55,616)
   55,918 - 55,616 = 302
   302 / 704 ≈ 0.43
   So 79.43

   - Post: (146 * 321) / 704 = 46,866 / 704 ≈ 46866 ÷ 704
   704 * 66 = 46,464 (704*60=42,240; 704*6=4,224; 42,240+4,224=46,464)
   46,866 - 46,464 = 402
   402 / 704 ≈ 0.57
   So 66.57

3. 14-21:
   - Pre: (92 * 383) / 704 = 35,236 / 704 ≈ 35236 ÷ 704
   704 * 50 = 35,200
   35,236 - 35,200 = 36
   36 / 704 ≈ 0.051
   So 50.05

   - Post: (92 * 321) / 704 = 29,532 / 704 ≈ 29532 ÷ 704
   704 * 41 = 28,864 (704*40=28,160; 704*1=704; 28,160+704=28,864)
   29,532 - 28,864 = 668
   668 / 704 ≈ 0.95
   So 41.95

4. 22 or more:
   - Pre: (57 * 383) / 704 = 21,831 / 704 ≈ 21831 ÷ 704
   704 * 31 = 21,824 (704*30=21,120; 704*1=704; 21,120+704=21,824)
   21,831 - 21,824 = 7
   7 / 704 ≈ 0.01
   So 31.01

   - Post: (57 * 321) / 704 = 18,297 / 704 ≈ 18297 ÷ 704
   704 * 25 = 17,600
   18,297 - 17,600 = 697
   697 / 704 ≈ 0.99
   So 25.99

So rounding to two decimal places (since expected values are often reported to two decimals), the expected table would be:

Number of Nights | Pre-retirement | Post-retirement
4-7              | 222.51          | 186.49
8-13             | 79.43           | 66.57
14-21            | 50.05           | 41.95
22 or more       | 31.01           | 25.99

Let me check if these add up to the row totals. For 4-7: 222.51 + 186.49 = 409.00, which matches the row total (409). Good.

8-13: 79.43 + 66.57 = 146.00, which matches (146). Good.

14-21: 50.05 + 41.95 = 92.00, matches (92). Good.

22 or more: 31.01 + 25.99 = 57.00, matches (57). Perfect. So these expected values are correct.

Now, moving on to the chi-square test.

The next part is to determine if the length of stay is independent of retirement using α=0.01.

First, we need to compute the chi-square statistic.

The formula for chi-square is Σ[(O - E)^2 / E] for each cell.

We have the observed (O) and expected (E) values from the problem's table.

Let's list the observed values from the problem:

4-7: Pre=245, Post=164

8-13: Pre=81, Post=65

14-21: Pre=36, Post=56

22 or more: Pre=21, Post=36

And the expected values we just calculated:

4-7: 222.51, 186.49

8-13: 79.43, 66.57

14-21: 50.05, 41.95

22 or more: 31.01, 25.99

Let's compute each (O - E)^2 / E.

Starting with 4-7, Pre:

O=245, E=222.51

(245 - 222.51)^2 / 222.51 = (22.49)^2 / 222.51 ≈ 505.60 / 222.51 ≈ 2.27

4-7, Post:

O=164, E=186.49

(164 - 186.49)^2 / 186.49 = (-22.49)^2 / 186.49 ≈ 505.60 / 186.49 ≈ 2.71

8-13, Pre:

O=81, E=79.43

(81 - 79.43)^2 / 79.43 = (1.57)^2 / 79.43 ≈ 2.46 / 79.43 ≈ 0.031

8-13, Post:

O=65, E=66.57

(65 - 66.57)^2 / 66.57 = (-1.57)^2 / 66.57 ≈ 2.46 / 66.57 ≈ 0.037

14-21, Pre:

O=36, E=50.05

(36 - 50.05)^2 / 50.05 = (-14.05)^2 / 50.05 ≈ 197.40 / 50.05 ≈ 3.94

14-21, Post:

O=56, E=41.95

(56 - 41.95)^2 / 41.95 = (14.05)^2 / 41.95 ≈ 197.40 / 41.95 ≈ 4.70

22 or more, Pre:

O=21, E=31.01

(21 - 31.01)^2 / 31.01 = (-10.01)^2 / 31.01 ≈ 100.20 / 31.01 ≈ 3.23

22 or more, Post:

O=36, E=25.99

(36 - 25.99)^2 / 25.99 = (10.01)^2 / 25.99 ≈ 100.20 / 25.99 ≈ 3.86

Now, sum all these up to get the chi-square statistic.

Let's compute each term more precisely:

1. 4-7, Pre: (245 - 222.51)^2 / 222.51 = (22.49)^2 / 222.51. 22.49^2 = 505.6001. 505.6001 / 222.51 ≈ 2.271

2. 4-7, Post: (164 - 186.49)^2 / 186.49 = (-22.49)^2 / 186.49 = 505.6001 / 186.49 ≈ 2.711

3. 8-13, Pre: (81 - 79.43)^2 / 79.43 = (1.57)^2 / 79.43 = 2.4649 / 79.43 ≈ 0.0310

4. 8-13, Post: (65 - 66.57)^2 / 66.57 = (-1.57)^2 / 66.57 = 2.4649 / 66.57 ≈ 0.0370

5. 14-21, Pre: (36 - 50.05)^2 / 50.05 = (-14.05)^2 / 50.05 = 197.4025 / 50.05 ≈ 3.944

6. 14-21, Post: (56 - 41.95)^2 / 41.95 = (14.05)^2 / 41.95 = 197.4025 / 41.95 ≈ 4.707

7. 22 or more, Pre: (21 - 31.01)^2 / 31.01 = (-10.01)^2 / 31.01 = 100.2001 / 31.01 ≈ 3.231

8. 22 or more, Post: (36 - 25.99)^2 / 25.99 = (10.01)^2 / 25.99 = 100.2001 / 25.99 ≈ 3.860

Now sum these up:

2.271 + 2.711 = 4.982

0.0310 + 0.0370 = 0.068

3.944 + 4.707 = 8.651

3.231 + 3.860 = 7.091

Total chi-square = 4.982 + 0.068 + 8.651 + 7.091 ≈ 4.982 + 0.068 = 5.05; 5.05 + 8.651 = 13.701; 13.701 + 7.091 = 20.792

Let me add them step by step more accurately:

2.271

+2.711 = 4.982

+0.0310 = 5.013

+0.0370 = 5.050

+3.944 = 8.994

+4.707 = 13.701

+3.231 = 16.932

+3.860 = 20.792

So approximately 20.79.

Let me check with more precise calculations.

Alternatively, use a calculator for each term:

1. (245 - 222.51)^2 / 222.51 = (22.49)^2 / 222.51 = 505.6001 / 222.51 ≈ 2.271

2. (164 - 186.49)^2 / 186.49 = (22.49)^2 / 186.49 = 505.6001 / 186.49 ≈ 2.711

3. (81 - 79.43)^2 / 79.43 = (1.57)^2 / 79.43 = 2.4649 / 79.43 ≈ 0.0310

4. (65 - 66.57)^2 / 66.57 = (1.57)^2 / 66.57 = 2.4649 / 66.57 ≈ 0.0370

5. (36 - 50.05)^2 / 50.05 = (14.05)^2 / 50.05 = 197.4025 / 50.05 ≈ 3.944

6. (56 - 41.95)^2 / 41.95 = (14.05)^2 / 41.95 = 197.4025 / 41.95 ≈ 4.707

7. (21 - 31.01)^2 / 31.01 = (10.01)^2 / 31.01 = 100.2001 / 31.01 ≈ 3.231

8. (36 - 25.99)^2 / 25.99 = (10.01)^2 / 25.99 = 100.2001 / 25.99 ≈ 3.860

Sum: 2.271 + 2.711 = 4.982; 4.982 + 0.0310 = 5.013; 5.013 + 0.0370 = 5.050; 5.050 + 3.944 = 8.994; 8.994 + 4.707 = 13.701; 13.701 + 3.231 = 16.932; 16.932 + 3.860 = 20.792. So approximately 20.79.

Let's check with a different approach. Maybe use the formula for chi-square.

Alternatively, use the fact that the chi-square statistic can be calculated as (sum of (O - E)^2)/E.

But given the time, I think 20.79 is a good approximation. Let's see if it's closer to 20.8 or 20.79.

Now, degrees of freedom. For a chi-square test of independence, df = (number of rows - 1)(number of columns - 1). Here, we have 4 rows (number of nights categories) and 2 columns (pre and post retirement). So df = (4 - 1)(2 - 1) = 3*1 = 3.

Critical value for chi-square with df=3 and α=0.01. Let's recall that chi-square critical values: for df=3, α=0.01, the critical value is 11.34 (from chi-square table). Wait, let me confirm.

Chi-square table: for α=0.01, df=3. The critical value is 11.34. Let me check:

Standard chi-square table:

df | 0.995 | 0.99 | 0.975 | 0.95 | 0.90 | 0.10 | 0.05 | 0.025 | 0.01 | 0.005
---|-------|------|-------|-----|-----|-----|-----|-------|-----|-------
3  | 0.085 | 0.115 | 0.216 | 0.352 | 0.584 | 6.251 | 7.815 | 9.348 | 11.34 | 12.83

Yes, so for α=0.01 (right tail), df=3, critical value is 11.34.

Now, the chi-square statistic we calculated is approximately 20.79, which is greater than 11.34. Therefore, we reject the null hypothesis.

The null hypothesis is that the length of stay is independent of retirement. The alternative is that they are dependent.

So the conclusion is B: We can reject the null hypothesis that the length of stay is independent of retirement and accept the alternative hypothesis that the two are dependent.

Let's confirm the steps:

(a) χ² ≈ 20.79 (maybe more precise, but let's see if the problem expects rounding to two decimals)

Let me recalculate the chi-square with more precision.

Let's compute each term with more decimal places.

1. 4-7 Pre: (245 - 222.51) = 22.49; 22.49^2 = 505.6001; 505.6001 / 222.51 = 505.6001 ÷ 222.51 ≈ 2.271 (exactly: 222.51 * 2.271 ≈ 222.51*2 + 222.51*0.271 ≈ 445.02 + 60.33 ≈ 505.35, close to 505.60, so 2.271 is okay)

2. 4-7 Post: (164 - 186.49) = -22.49; squared is 505.6001; 505.6001 / 186.49 ≈ 2.711 (186.49 * 2.711 ≈ 186.49*2 + 186.49*0.711 ≈ 372.98 + 132.6 ≈ 505.58, so 2.711 is accurate)

3. 8-13 Pre: (81 - 79.43) = 1.57; 1.57^2 = 2.4649; 2.4649 / 79.43 ≈ 0.0310 (79.43 * 0.031 = 2.4623, very close)

4. 8-13 Post: (65 - 66.57) = -1.57; squared 2.4649; 2.4649 / 66.57 ≈ 0.0370 (66.57 * 0.037 = 2.463, close)

5. 14-21 Pre: (36 - 50.05) = -14.05; squared 197.4025; 197.4025 / 50.05 ≈ 3.944 (50.05 * 3.944 ≈ 50.05*3 + 50.05*0.944 ≈ 150.15 + 47.2 ≈ 197.35, close)

6. 14-21 Post: (56 - 41.95) = 14.05; squared 197.4025; 197.4025 / 41.95 ≈ 4.707 (41.95 * 4.707 ≈ 41.95*4 + 41.95*0.707 ≈ 167.8 + 29.7 ≈ 197.5, close)

7. 22+ Pre: (21 - 31.01) = -10.01; squared 100.2001; 100.2001 / 31.01 ≈ 3.231 (31.01 * 3.231 ≈ 31.01*3 + 31.01*0.231 ≈ 93.03 + 7.16 ≈ 100.19, very close)

8. 22+ Post: (36 - 25.99) = 10.01; squared 100.2001; 100.2001 / 25.99 ≈ 3.860 (25.99 * 3.860 ≈ 25.99*3 + 25.99*0.86 ≈ 77.97 + 22.35 ≈ 100.32, close)

Total: 2.271 + 2.711 + 0.0310 + 0.0370 + 3.944 + 4.707 + 3.231 + 3.860 = let's add them:

2.271 + 2.711 = 4.982

4.982 + 0.0310 = 5.013

5.013 + 0.0370 = 5.050

5.050 + 3.944 = 8.994

8.994 + 4.707 = 13.701

13.701 + 3.231 = 16.932

16.932 + 3.860 = 20.792

So χ² ≈ 20.79 (rounded to two decimal places).

Degrees of freedom: (4-1)(2-1)=3.

Critical value: 11.34 (from chi-square table for df=3, α=0.01).

The calculated χ² (20.79) is greater than the critical value (11.34), so we reject the null hypothesis. Therefore, the conclusion is B.

Let me confirm the critical value. Yes, for chi-square distribution with 3 degrees of freedom, the 0.01 quantile is 11.34. For example, standard tables confirm that.

So the answers:

(a) χ² ≈ 20.79 (probably rounded to two decimals, maybe 20.8, but let's see if the problem expects more precise. Let's do exact calculation with more precision.)

Alternatively, use a calculator for chi-square.

But given that this is a problem likely designed for textbook, the expected chi-square is approximately 20.8.

Wait, let's compute with more precise expected values.

Wait, the expected values were calculated as:

4-7 Pre: 222.51, Post: 186.49

8-13 Pre: 79.43, Post: 66.57

14-21 Pre: 50.05, Post: 41.95

22+ Pre: 31.01, Post: 25.99

Let's compute each (O-E)^2/E with more precision.

1. 4-7 Pre: (245 - 222.51) = 22.49; 22.49^2 = 505.6001; 505.6001 / 222.51 = 2.271 (exactly: 505.6001 ÷ 222.51 ≈ 2.271)

2. 4-7 Post: (164 - 186.49) = -22.49; squared 505.6001; 505.6001 / 186.49 ≈ 2.711

3. 8-13 Pre: (81 - 79.43) = 1.57; 1.57^2 = 2.4649; 2.4649 / 79.43 ≈ 0.0310

4. 8-13 Post: (65 - 66.57) = -1.57; squared 2.4649; 2.4649 / 66.57 ≈ 0.0370

5. 14-21 Pre: (36 - 50.05) = -14.05; 14.05^2 = 197.4025; 197.4025 / 50.05 ≈ 3.944

6. 14-21 Post: (56 - 41.95) = 14.05; 14.05^2 = 197.4025; 197.4025 / 41.95 ≈ 4.707

7. 22+ Pre: (21 - 31.01) = -10.01; 10.01^2 = 100.2001; 100.2001 / 31.01 ≈ 3.231

8. 22+ Post: (36 - 25.99) = 10.01; 10.01^2 = 100.2001; 100.2001 / 25.99 ≈ 3.860

Sum: 2.271 + 2.711 = 4.982; 4.982 + 0.0310 = 5.013; 5.013 + 0.0370 = 5.050; 5.050 + 3.944 = 8.994; 8.994 + 4.707 = 13.701; 13.701 + 3.231 = 16.932; 16.932 + 3.860 = 20.792. So 20.79.

So (a) is approximately 20.79.

(b) Degrees of freedom: 3.

(c) Critical value: 11.34.

(d) Conclusion: B.

The problem says to put the answers in the order they appear, each in [ANS] with the values boxed.

The problem has:

First, the expected values table (the [ANS] for the expected values). Then, the chi-square test parts.

Wait, the problem says: ""construct a table of estimated expected values."" Then the next part is ""determine whether the length of stay is independent of retirement using α=0.01."" with (a)-(d).

The user instruction says: ""Please Give one answer per [ANS] in the order they appear, all inside a single \boxed{} separated by commas...""

Looking back at the problem statement:

The problem first asks to construct the table of expected values, which has four rows (4-7, 8-13, 14-21, 22 or more) each with two [ANS] (pre and post). So that's 4 rows * 2 = 8 [ANS]s.

Then, the next part is (a) χ²= [ANS], (b) degrees of freedom: [ANS], (c) critical value: [ANS], (d) conclusion: [ANS] (which is a letter, A or B).

But the user instruction says: ""If an [ANS] is followed by lettered choices, answer with the letter.""

Wait, the problem says: ""Now, with that information, determine whether the length of stay is independent of retirement using α=0.01. (a) χ²= [ANS] (b) Find the degrees of freedom: [ANS] (c) Find the critical value: [ANS] (d) The final conclusion is [ANS] A. ... B. ...""

So the [ANS]s are:

First, the expected values table has 8 [ANS]s (each cell's expected value).

Then, (a) to (d) have 4 [ANS]s.

But the user instruction says: ""Please Give one answer per [ANS] in the order they appear, all inside a single \boxed{} separated by commas...""

Wait, the problem as presented by the user has:

""construct a table of estimated expected values. [table with 8 [ANS]s] Now, with that information, determine whether... (a) χ²= [ANS] (b) ... (c) ... (d) ...""

So the order of [ANS]s is:

1. 4-7 Pre

2. 4-7 Post

3. 8-13 Pre

4. 8-13 Post

5. 14-21 Pre

6. 14-21 Post

7. 22 or more Pre

8. 22 or more Post

9. (a) χ²

10. (b) degrees of freedom

11. (c) critical value

12. (d) conclusion (letter)

But the user says: ""If an [ANS] is followed by lettered choices, answer with the letter.""

In the problem, part (d) has lettered choices A and B, so the answer for (d) is a letter.

The user instruction says: ""Put only the value in the box: no 'x =', no units, no prose. If an [ANS] is followed by lettered choices, answer with the letter.""

But the problem says: ""Solve the problem and end with the required boxed answer.""

Wait, the user might be asking for the answers to all [ANS]s in the problem. Let's check the problem statement again.

The problem is presented as:

First, construct the expected values table with 8 [ANS]s.

Then, determine the chi-square test with (a)-(d) having 4 [ANS]s.

But the user instruction says: ""Please Give one answer per [ANS] in the order they appear, all inside a single \boxed{} separated by commas...""

But the user also says: ""If the question has a final answer, please place the answer in \boxed{}.""

Wait, maybe the user is asking for the answers to the chi-square test parts (a)-(d), since the expected values table is part of the problem but the main question is the chi-square test.

Wait, the problem says: ""With this information, construct a table of estimated expected values."" Then ""Now, with that information, determine whether...""

The user instruction says: ""Solve the problem and end with the required boxed answer.""

But the problem has multiple parts. Let me read the user's exact instruction:

""Please Give one answer per [ANS] in the order they appear, all inside a single \boxed{} separated by commas (e.g. \boxed{5, 7}).

Put only the value in the box: no ""x ="", no units, no prose.

If an [ANS] is followed by lettered choices, answer with the letter.""

The problem as written has [ANS] in the expected values table (8 answers) and (a)-(d) (4 answers). But the user might be expecting the answers to (a)-(d) since the expected values table is a step but the question is the chi-square test.

Wait, looking at the problem statement: ""Now, with that information, determine whether the length of stay is independent of retirement using α=0.01."" Then (a)-(d). So the main answer they want is probably (a)-(d).

But the user says: ""If the question has a final answer, please place the answer in \boxed{}.""

The problem's final conclusion is part (d), which is a letter.

But the user instruction says: ""Please Give one answer per [ANS] in the order they appear...""

In the problem statement, the [ANS]s are:

In the expected values table: 8 [ANS]s (each cell's expected value).

Then, (a) χ²= [ANS], (b) df= [ANS], (c) critical value= [ANS], (d) conclusion= [ANS] (letter).

But the user might be referring to the (a)-(d) parts as the [ANS]s they want. Let's check the original problem's text.

The problem says: ""construct a table of estimated expected values."" Then the table has [ANS]s. Then ""Now, with that information, determine whether... (a) χ²= [ANS] (b) ... (c) ... (d) ...""

The user instruction says: ""Please Give one answer per [ANS] in the order they appear...""

So the order of [ANS]s is:

First, the 8 expected values (each row has two [ANS]s), then (a), (b), (c), (d).

But the user might be asking for the answers to (a)-(d) since the expected values are part of the process but the question is the chi-square test.

Wait, the problem says: ""Solve the problem and end with the required boxed answer.""

The problem's final part is (d), which is a conclusion (letter B). But the user instruction says: ""If an [ANS] is followed by lettered choices, answer with the letter.""

Given the problem structure, the user probably wants the answers to (a)-(d) in order.

Let's list them:

(a) χ² ≈ 20.79 (probably rounded to two decimals, so 20.79 or 20.8)

(b) degrees of freedom: 3

(c) critical value: 11.34

(d) conclusion: B

The problem says ""no units"", so (a) is a number, (b) is a number, (c) is a number, (d) is a letter.

The user instruction says: ""Put only the value in the box: no 'x =', no units, no prose.""

So for (a): 20.79 (but maybe the problem expects it rounded to two decimals, so 20.79)

(b): 3

(c): 11.34

(d): B

So the answers in order (a)-(d) are 20.79, 3, 11.34, B.

But let's confirm the chi-square value. Maybe using exact computation.

Alternatively, use a calculator for chi-square.

Let's compute each term precisely:

1. 4-7 Pre: (245 - (409*383)/704)^2 / ((409*383)/704)

Compute (409*383)/704 = 156647 / 704 ≈ 222.5106

245 - 222.5106 = 22.4894

(22.4894)^2 = 505.600

505.600 / 222.5106 ≈ 2.271

2. 4-7 Post: (164 - (409*321)/704)^2 / ((409*321)/704)

(409*321)/704 = 131289 / 704 ≈ 186.489

164 - 186.489 = -22.489

(-22.489)^2 = 505.600

505.600 / 186.489 ≈ 2.711

3. 8-13 Pre: (81 - (146*383)/704)^2 / ((146*383)/704)

(146*383)/704 = 55918 / 704 ≈ 79.436

81 - 79.436 = 1.564

(1.564)^2 = 2.446

2.446 / 79.436 ≈ 0.0308

4. 8-13 Post: (65 - (146*321)/704)^2 / ((146*321)/704)

(146*321)/704 = 46866 / 704 ≈ 66.571

65 - 66.571 = -1.571

(-1.571)^2 = 2.468

2.468 / 66.571 ≈ 0.0371

5. 14-21 Pre: (36 - (92*383)/704)^2 / ((92*383)/704)

(92*383)/704 = 35236 / 704 ≈ 50.051

36 - 50.051 = -14.051

(-14.051)^2 = 197.43

197.43 / 50.051 ≈ 3.944

6. 14-21 Post: (56 - (92*321)/704)^2 / ((92*321)/704)

(92*321)/704 = 29532 / 704 ≈ 41.947

56 - 41.947 = 14.053

(14.053)^2 = 197.49

197.49 / 41.947 ≈ 4.711

7. 22+ Pre: (21 - (57*383)/704)^2 / ((57*383)/704)

(57*383)/704 = 21831 / 704 ≈ 31.003

21 - 31.003 = -10.003

(-10.003)^2 = 100.06

100.06 / 31.003 ≈ 3.227

8. 22+ Post: (36 - (57*321)/704)^2 / ((57*321)/704)

(57*321)/704 = 18297 / 704 ≈ 25.99

36 - 25.99 = 10.01

(10.01)^2 = 100.20

100.20 / 25.99 ≈ 3.860

Summing these precise terms:

2.271 + 2.711 + 0.0308 + 0.0371 + 3.944 + 4.711 + 3.227 + 3.860 ≈

2.271 + 2.711 = 4.982

4.982 + 0.0308 = 5.0128

5.0128 + 0.0371 = 5.0499

5.0499 + 3.944 = 8.9939

8.9939 + 4.711 = 13.7049

13.7049 + 3.227 = 16.9319

16.9319 + 3.860 = 20.7919

So approximately 20.79.

Thus, (a) is 20.79, (b) is 3, (c) is 11.34, (d) is B.

The problem says ""no units"", so these are just numbers (for a,b,c) and a letter for d.

The user instruction says: ""Put only the value in the box: no 'x =', no units, no prose.""

So the answers in order (a)-(d) are 20.79, 3, 11.34, B.

But the problem might expect rounding to two decimal places for (a) and (c), and (b) is integer.

In chi-square tables, critical values are often given to two decimal places, so 11.34 is correct.

So the boxed answer should be \boxed{20.79, 3, 11.34, B}

But wait, the user says: ""If an [ANS] is followed by lettered choices, answer with the letter.""

In part (d), the choices are A and B, so the answer is B.

Yes.

Let me check if the degrees of freedom is indeed 3. The table has 4 rows (number of nights categories) and 2 columns (pre/post), so df = (4-1)(2-1)=3. Correct.

Critical value for df=3, α=0.01 is 11.34. Correct.

Chi-square statistic is approximately 20.79, which is greater than 11.34, so reject null hypothesis, conclusion B.

Yes.

So the answers are:

(a) 20.79

(b) 3

(c) 11.34

(d) B

So in the order they appear (a, b, c, d), the boxed answer is \boxed{20.79, 3, 11.34, B}

But the user might expect the chi-square value rounded to two decimal places, which it is (20.79). The critical value is 11.34 (two decimals).

Yes.
</think>

[ANS]222.51[ANS]186.49[ANS]79.43[ANS]66.57[ANS]50.05[ANS]41.95[ANS]31.01[ANS]25.99[ANS]20.79[ANS]3[ANS]11.34[ANS]B

\boxed{20.79, 3, 11.34, B}"
749,"Okay, let's tackle this problem step by step. First, the problem has several parts, so I need to go through each one carefully.

Starting with the first part: ""Consider the sequence 9, 14, 19, 24, 29, 34... Compute the difference between successive terms and enter your answer as a list.""

So, the sequence is 9, 14, 19, 24, 29, 34. Let's compute the differences between consecutive terms. 

14 - 9 = 5

19 - 14 = 5

24 - 19 = 5

29 - 24 = 5

34 - 29 = 5

So all the differences are 5. Therefore, the list of successive differences is [5, 5, 5, 5, 5...]. But the problem says ""enter your answer as a list"". Since they gave an example with three terms (2,5,9) leading to 3,4, so for six terms in the original sequence, there are five differences. Let's check: original sequence has 6 terms (9,14,19,24,29,34), so the differences are 5 (14-9), 5 (19-14), 5 (24-19), 5 (29-24), 5 (34-29). So the list is 5,5,5,5,5. But maybe they just want the list of differences, which is all 5s. So the first [ANS] is 5,5,5,5,5? Wait, the problem says ""the sequence of successive differences is [ANS]"". Let me check the example: for sequence 2,5,9 (three terms), the successive differences are 3,4 (two terms). So for the given sequence with six terms, there are five differences. But in the problem statement, they write ""the sequence of successive differences is [ANS]"". Since all differences are 5, the answer is a list of 5s. But maybe they just want the common difference, but the problem says ""enter your answer as a list"". The example says ""for example, if the sequence were 2, 5, 9, you would enter the comma separated list 3, 4"". So here, the differences are all 5, so the list is 5,5,5,5,5 (since there are five differences for six terms). But maybe in the problem, they just want the list of differences, which is constant 5. Let's note that.

Next part: ""which suggests that the original sequence (is/is not) [ANS] growing linearly.""

Since the successive differences are constant (all 5), the sequence is linear. Because for a linear sequence (arithmetic sequence), the difference between successive terms is constant. So the answer here is ""is"".

Moving to the next part: ""Compute the ratio between successive terms and enter your answer as a list.""

Wait, the problem says ""ratio between successive terms"". Let's check the example: for sequence 2,5,9, the ratio list would be 5/2, 9/5. So for the given sequence 9,14,19,24,29,34, the ratios are 14/9, 19/14, 24/19, 29/24, 34/29. Let's compute those:

14/9 ≈ 1.555...

19/14 ≈ 1.357...

24/19 ≈ 1.263...

29/24 ≈ 1.208...

34/29 ≈ 1.172...

So these ratios are not constant, which is typical for a linear sequence (since linear sequences have constant differences, not constant ratios). The problem says ""the sequence of successive ratios is [ANS]"". The example uses fractions, so we need to write them as fractions. Let's write them as 14/9, 19/14, 24/19, 29/24, 34/29. But the problem says ""enter your answer as a list"". The example uses ""5/2, 9/5"" so comma separated with fractions.

Then: ""which suggests that the original sequence (is/is not) [ANS] growing exponentially.""

Exponential sequences have constant ratios between successive terms. Since the ratios here are not constant (they are decreasing), the sequence is not growing exponentially. So the answer is ""is not"".

Next part: ""Find a closed formula for the sequence 9, 14, 19, 24, 29, 34... Use n as your index and start with n=0, that is, b_0=9. b_n= [ANS]""

This is an arithmetic sequence. The first term b_0 = 9, common difference d = 5. The closed formula for an arithmetic sequence starting at n=0 is b_n = b_0 + n*d. So here, b_n = 9 + 5n.

Let's check: n=0: 9 + 0 = 9 ✔️; n=1: 9 +5=14 ✔️; n=2: 19 ✔️, etc. So that's correct.

Next part: ""Find a closed formula for the sequence -9, 14, -19, 24, -29, 34... Use n as your index and start with n=0, that is, c_0=-9. c_n= [ANS]""

This sequence alternates signs: -9, 14, -19, 24, -29, 34... Let's list the terms:

n=0: c_0 = -9

n=1: c_1 = 14

n=2: c_2 = -19

n=3: c_3 = 24

n=4: c_4 = -29

n=5: c_5 = 34

Looking at the absolute values: 9,14,19,24,29,34... which is the same as the previous sequence, so absolute value is 9 +5n. The sign alternates starting with negative at n=0.

Let's see the sign: for n even (0,2,4...), the term is negative; for n odd (1,3,5...), the term is positive. So the sign can be represented as (-1)^n. Let's check:

n=0: (-1)^0 = 1, but c_0 is -9. So maybe (-1)^(n+1)? Wait:

n=0: (-1)^(0+1) = (-1)^1 = -1, so -1 * (9 +5*0) = -9 ✔️

n=1: (-1)^(1+1)=1, so 1*(9 +5*1)=14 ✔️

n=2: (-1)^(2+1)= -1, so -1*(9 +5*2)= -19 ✔️

Yes, that works. So the general term is c_n = (-1)^(n+1) * (9 +5n)

Alternatively, (-1)^(n) * ( -9 +5n )? Let's check:

n=0: (-1)^0*(-9 +0)= -9 ✔️

n=1: (-1)^1*(-9 +5)= (-1)*(-4)=4 ❌. No, that's not right.

Wait, let's compute 9 +5n for n=0:9, n=1:14, n=2:19, etc. So the absolute value is 9 +5n. The sign: at n=0, negative; n=1, positive; n=2, negative; so sign is (-1)^(n+1). So c_n = (-1)^(n+1)*(9 +5n). Let's verify:

n=0: (-1)^(1)*(9 +0) = -9 ✔️

n=1: (-1)^2*(9 +5) = 1*14=14 ✔️

n=2: (-1)^3*(9 +10)= -19 ✔️

n=3: (-1)^4*(9 +15)=24 ✔️ Perfect.

Alternatively, we can write it as c_n = (9 +5n)*(-1)^(n+1). Either way, that's the formula.

Let me check if there's another way. Let's see the recurrence: c_n = -c_{n-1} + 9? Wait, no. Let's see the differences: 14 - (-9) =23, -19 -14= -33, 24 - (-19)=43, etc. Not helpful. But the pattern is clear: absolute value is 9 +5n, sign alternates starting with negative at n=0.

So the closed formula is c_n = (-1)^(n+1)(5n +9). Let's write it as (5n +9)*(-1)^(n+1). That's correct.

Now, let's go back to the first parts to make sure.

First [ANS] is the list of differences. The problem says ""Compute the difference between successive terms and enter your answer as a list"". The example for 2,5,9 gives 3,4. So for the given sequence with 6 terms, there are 5 differences, all 5. So the list is 5,5,5,5,5. But maybe they just want the common difference, but the problem says ""list"". Wait, the problem says ""the sequence of successive differences is [ANS]"". In the example, they list the differences as 3,4 (two numbers for three terms). So here, with six terms, five differences, all 5. So the answer is 5,5,5,5,5.

But maybe the problem expects just the common difference, but no, the example says to list them. Let's confirm: 9 to 14 is 5, 14 to 19 is 5, etc. So the list is five 5s.

Next, the second [ANS] (the is/is not) is ""is"".

Then the next part: ""Compute the ratio between successive terms and enter your answer as a list"". The example uses fractions like 5/2, 9/5. So here, the ratios are 14/9, 19/14, 24/19, 29/24, 34/29. So the list is 14/9, 19/14, 24/19, 29/24, 34/29.

Then the next [ANS] (is/is not) is ""is not"".

Then b_n = 9 +5n.

c_n = (-1)^(n+1)(5n +9) or (5n +9)(-1)^(n+1). Let's write it as (5n + 9)(-1)^{n+1}.

Let me check the problem statement again: ""Find a closed formula for the sequence-9, 14,-19, 24,-29, 34..."". The sequence is written with a hyphen, so it's -9, 14, -19, 24, -29, 34. So yes, alternating signs.

Let's confirm the formula for c_n:

n=0: (5*0 +9)(-1)^{0+1} =9*(-1)^1= -9 ✔️

n=1: (5*1 +9)(-1)^{2}=14*1=14 ✔️

n=2: (10 +9)(-1)^3=19*(-1)= -19 ✔️

n=3: (15 +9)(-1)^4=24*1=24 ✔️

Perfect.

Now, the problem says: ""If an [ANS] is followed by lettered choices, answer with the letter."" But in this problem, there are no lettered choices mentioned, so we just need to provide the answers as per the instructions.

The problem says: ""Please Give one answer per [ANS] in the order they appear, all inside a single \boxed{} separated by commas (e.g. \boxed{5, 7}).""

So let's list all the [ANS] in order:

1. The difference list: 5,5,5,5,5 (but maybe they want it as a list without commas? Wait, no, the example uses commas. The problem says ""comma separated list"". So ""5,5,5,5,5"" but as a list of numbers. Wait, the problem says ""enter your answer as a list"". For the first part, the answer is the list of differences, which are all 5s. Since the example for three terms gives two numbers (3,4), here with six terms, five numbers: 5,5,5,5,5.

2. The next [ANS] is ""is"".

3. Then the ratio list: 14/9, 19/14, 24/19, 29/24, 34/29.

4. The next [ANS] is ""is not"".

5. Then b_n = 9 +5n.

6. Then c_n = (5n +9)(-1)^{n+1}.

Wait, let's check the problem statement again to see how many [ANS] there are.

The problem says:

""Compute the difference between successive terms and enter your answer as a list. (For example, if the sequence were 2, 5, 9, you would enter the comma separated list 3, 4 since 5-2=3 and 9-5=4). The sequence of successive differences is [ANS], which suggests that the original sequence (is/is not) [ANS] growing linearly.""

So first [ANS] is the list of differences (comma separated numbers), then the next [ANS] is ""is"" or ""is not"".

Then: ""Compute the ratio between successive terms and enter your answer as a list. (For example, if the sequence were 2, 5, 9, you would enter the comma separated list 5/2, 9/5). The sequence of successive differences is [ANS], which suggests that the original sequence (is/is not) [ANS] growing exponentially.""

Wait, here it says ""the sequence of successive differences"" but it should be ""ratios"". Maybe a typo in the problem statement, but we'll go with the ratio list.

So the next [ANS] is the ratio list (comma separated fractions), then the next [ANS] is ""is"" or ""is not"".

Then: ""Find a closed formula... b_n= [ANS]""

""Find a closed formula... c_n= [ANS]""

So total [ANS]s:

1. List of differences (5,5,5,5,5)

2. ""is""

3. List of ratios (14/9, 19/14, 24/19, 29/24, 34/29)

4. ""is not""

5. b_n (9 +5n)

6. c_n ((5n +9)(-1)^{n+1})

Wait, let's count the [ANS] tags in the problem:

- ""The sequence of successive differences is [ANS], which suggests that the original sequence (is/is not) [ANS] growing linearly."" → two [ANS]

- ""The sequence of successive differences is [ANS], which suggests that the original sequence (is/is not) [ANS] growing exponentially."" → two [ANS] (but it's ratios, but the problem says ""differences"" by mistake)

- ""b_n= [ANS]"" → one [ANS]

- ""c_n= [ANS]"" → one [ANS]

Total: 2 + 2 +1 +1 =6 [ANS]s.

Let's parse the problem statement carefully:

""Consider the sequence 9, 14, 19, 24, 29, 34... Compute the difference between successive terms and enter your answer as a list. (For example, if the sequence were 2, 5, 9, you would enter the comma separated list 3, 4 since 5-2=3 and 9-5=4). The sequence of successive differences is [ANS], which suggests that the original sequence (is/is not) [ANS] growing linearly.""

So here, the first [ANS] is the list of differences (as a comma-separated list), and the second [ANS] is ""is"" or ""is not"".

Next part: ""Consider the sequence 9, 14, 19, 24, 29, 34... Compute the ratio between successive terms and enter your answer as a list. (For example, if the sequence were 2, 5, 9, you would enter the comma separated list 5/2, 9/5). The sequence of successive differences is [ANS], which suggests that the original sequence (is/is not) [ANS] growing exponentially.""

Here, the first [ANS] is the list of ratios (comma-separated), and the second [ANS] is ""is"" or ""is not"".

Then: ""Find a closed formula for the sequence 9, 14, 19, 24, 29, 34... Use n as your index and start with n=0, that is, b_0=9. b_n= [ANS]""

Next: ""Find a closed formula for the sequence-9, 14,-19, 24,-29, 34... Use n as your index and start with n=0, that is, c_0=-9. c_n= [ANS]""

So total [ANS]s:

1. List of differences (5,5,5,5,5)

2. ""is""

3. List of ratios (14/9, 19/14, 24/19, 29/24, 34/29)

4. ""is not""

5. b_n (9 +5n)

6. c_n ((5n +9)(-1)^{n+1})

The problem says: ""Give one answer per [ANS] in the order they appear, all inside a single \boxed{} separated by commas"".

So we need to list them in order, each as a string.

Let's write each [ANS] as:

1. ""5,5,5,5,5"" (but as a list, so comma-separated, no spaces)

2. ""is""

3. ""14/9,19/14,24/19,29/24,34/29""

4. ""is not""

5. ""9+5n"" (but the problem says ""closed formula"", so maybe written as 5n +9)

6. ""(5n +9)(-1)^(n+1)"" (but need to check the exact form)

Wait, the problem says ""no units, no prose"". For the closed formulas, we need to write them in a standard form.

Let's handle each:

1. The difference list: the problem says ""enter your answer as a list"". For the example, they wrote ""3, 4"" with a space, but the problem says ""comma separated list"". In the answer, we need to write it as ""5,5,5,5,5"" (without spaces? The example has spaces: ""3, 4"", but maybe in the answer, it's without spaces. The problem says ""comma separated list"", so in the box, it's comma-separated with no spaces, like 5,5,5,5,5.

2. The next [ANS] is ""is"" (no quotes, just the word)

3. The ratio list: ""14/9,19/14,24/19,29/24,34/29"" (as fractions, comma-separated)

4. The next [ANS] is ""is not""

5. b_n: 9 +5n. The problem says ""closed formula"", so in terms of n. Since it's arithmetic, b_n = 9 +5n. We can write it as 5n +9, but the problem says ""b_0=9"", so when n=0, it's 9, so 5n +9 is correct.

6. c_n: (5n +9)(-1)^{n+1}. Alternatively, (-1)^{n+1}(5n +9). The problem might expect it written as (-1)^{n+1}(5n +9) or 9 +5n multiplied by (-1)^{n+1}. Let's check the problem statement: it says ""closed formula"", so this is correct.

Now, the problem says ""Put only the value in the box: no 'x =', no units, no prose.""

So for the first [ANS], it's the list of differences: 5,5,5,5,5. But the problem says ""the sequence of successive differences is [ANS]"". Since the example uses numbers (3,4), here it's five 5s. So the answer is ""5,5,5,5,5"".

Second [ANS]: ""is""

Third [ANS]: ""14/9,19/14,24/19,29/24,34/29""

Fourth [ANS]: ""is not""

Fifth [ANS]: ""9+5n"" or ""5n+9"". Let's see, in math, it's common to write 5n +9, but the problem might accept 9 +5n. Let's check with n=0: 9 +5*0=9, correct.

Sixth [ANS]: ""(-1)^(n+1)(5n+9)"" or ""(5n+9)(-1)^(n+1)"". Both are correct, but maybe written as (-1)^{n+1}(5n + 9).

Now, let's confirm the problem's example for the closed formula. The problem says ""b_n= [ANS]"". For the first sequence, it's linear, so b_n = 9 +5n.

For the second sequence, c_n = (-1)^{n+1}(5n +9). Let's write it as (5n + 9)(-1)^{n+1}.

But the problem says ""no prose"", so we need to write the formula without extra text.

Let's structure the answers:

1. The difference list: 5,5,5,5,5 → as a comma-separated list: ""5,5,5,5,5""

2. ""is""

3. The ratio list: ""14/9,19/14,24/19,29/24,34/29""

4. ""is not""

5. b_n: ""5n + 9"" (but maybe written as 5n+9 without space)

6. c_n: ""(-1)^(n+1)(5n+9)"" (using ^ for exponent)

Wait, the problem says ""no units, no prose"". For the formulas, we need to write them in standard mathematical notation.

Let's see if the problem expects the answer for c_n in a specific form. Let's think: the sequence is -9,14,-19,24,... which is 9*(-1), 14*(1), 19*(-1), 24*(1), etc. So the nth term (starting at n=0) is (9 +5n)*(-1)^{n+1}.

Yes, that's correct.

Now, the problem says ""If an [ANS] is followed by lettered choices, answer with the letter."" But there are no lettered choices here, so we just provide the answers.

Let's list all six [ANS] in order:

1. 5,5,5,5,5

2. is

3. 14/9,19/14,24/19,29/24,34/29

4. is not

5. 5n + 9

6. (-1)^(n+1)(5n + 9)

But the problem says ""Put only the value in the box: no 'x =', no units, no prose.""

So for the first one, it's a list of numbers: 5,5,5,5,5 (as a comma-separated string without spaces)

Second: ""is""

Third: ""14/9,19/14,24/19,29/24,34/29"" (as a comma-separated string)

Fourth: ""is not""

Fifth: ""5n+9""

Sixth: ""(-1)^(n+1)(5n+9)"" (but maybe written with LaTeX notation, but the problem says ""no prose"", so in plain text with ^)

Wait, the problem says ""the answer"" should be in \boxed{}, so probably in LaTeX format. But the user says ""Put only the value in the box: no 'x =', no units, no prose.""

Let's think about the exact requirements.

For the first part: the problem says ""enter your answer as a list"". The example uses ""3, 4"" with a space, but the problem says ""comma separated list"". In the answer, we need to write it as 5,5,5,5,5 (no spaces).

Second [ANS]: ""is""

Third [ANS]: the ratios as fractions, comma-separated: 14/9,19/14,24/19,29/24,34/29 (no spaces)

Fourth [ANS]: ""is not""

Fifth [ANS]: closed formula for b_n: 9 + 5n, but written as 5n + 9 (since it's a linear function, order doesn't matter, but standard is to write constants first or terms in order; in math, it's common to write 5n + 9)

Sixth [ANS]: closed formula for c_n: (-1)^{n+1}(5n + 9)

But the problem says ""no prose"", so we need to write the formulas without extra text.

Let's check if the problem expects the answers in a specific way.

For the closed formula of b_n, since it's a sequence starting at n=0 with b_0=9, the formula is b_n = 9 + 5n. So the answer is 5n + 9 (since 9 +5n is the same).

For c_n, it's (-1)^{n+1}(5n +9). Let's confirm with n=0: (-1)^1*(0 +9) = -9, correct. n=1: (-1)^2*(5 +9)=14, correct.

Now, the problem says ""the sequence of successive differences is [ANS]"". In the problem statement, it says ""the sequence of successive differences is [ANS]"", but for the ratio part, it says ""the sequence of successive differences is [ANS]"" which is a typo (should be ratios), but we'll go with the ratio list.

Let's list all six answers as per the problem's order:

1. [ANS] for the differences list: 5,5,5,5,5

2. [ANS] for the linear growth: is

3. [ANS] for the ratios list: 14/9,19/14,24/19,29/24,34/29

4. [ANS] for the exponential growth: is not

5. [ANS] for b_n: 5n + 9

6. [ANS] for c_n: (-1)^{n+1}(5n + 9)

Now, the problem says ""Give one answer per [ANS] in the order they appear, all inside a single \boxed{} separated by commas"".

So we need to write them as a comma-separated list inside the box.

Let's write each answer without quotes, as per the instructions.

First answer: 5,5,5,5,5 (as a string: ""5,5,5,5,5"")

Second answer: is

Third answer: 14/9,19/14,24/19,29/24,34/29

Fourth answer: is not

Fifth answer: 5n+9

Sixth answer: (-1)^(n+1)(5n+9)

But the problem says ""no prose"", so we need to make sure these are the exact answers.

Wait, the problem says ""the sequence of successive differences is [ANS]"". For the differences, it's a list of numbers, so the first [ANS] is ""5,5,5,5,5"".

The next [ANS] is ""is"" (the word).

Then the ratio list is ""14/9,19/14,24/19,29/24,34/29"".

Next [ANS] is ""is not"".

Then b_n is ""5n + 9"" (without space: 5n+9).

c_n is ""(-1)^(n+1)(5n+9)"".

Let's check if the problem expects the ratio list to have fractions written as ""14/9"" etc., which it does.

Now, the problem says ""the sequence of successive differences is [ANS]"" for the ratio part, but it's a typo (should be ratios), but we have to go with the problem's wording.

Let's make sure about the number of answers. Let's count the [ANS] in the problem:

- First paragraph: ""The sequence of successive differences is [ANS], which suggests that the original sequence (is/is not) [ANS] growing linearly."" → 2 [ANS]

- Second paragraph: ""The sequence of successive differences is [ANS], which suggests that the original sequence (is/is not) [ANS] growing exponentially."" → 2 [ANS]

- Third paragraph: ""b_n= [ANS]"" → 1 [ANS]

- Fourth paragraph: ""c_n= [ANS]"" → 1 [ANS]

Total: 6 [ANS]s.

So the answers in order:

1. 5,5,5,5,5

2. is

3. 14/9,19/14,24/19,29/24,34/29

4. is not

5. 5n+9

6. (-1)^(n+1)(5n+9)

Now, the problem says ""Put only the value in the box: no 'x =', no units, no prose.""

So we need to write each as a string without extra text.

For the first answer, it's a list of numbers: 5,5,5,5,5 (comma-separated)

Second: ""is""

Third: ""14/9,19/14,24/19,29/24,34/29""

Fourth: ""is not""

Fifth: ""5n+9""

Sixth: ""(-1)^(n+1)(5n+9)""

Let's check if the problem expects the sixth answer to be written with parentheses or not. In math, it's common to write it as (-1)^{n+1}(5n + 9), so with parentheses around the exponent.

But in the answer, we need to use ^ for exponent.

The problem says ""no prose"", so we write it as is.

Now, let's see if the problem expects the answers to be in a specific format. For example, the closed formula for b_n is 9 +5n, but the problem says ""start with n=0"", so b_n = 9 +5n is correct.

Another way: sometimes sequences are written with b_n = a + dn, where a is the first term, d is the common difference. Here, a=9, d=5, so b_n=9+5n.

Yes.

For c_n, it's alternating, so the formula is correct.

I think that's all.

So the final answers in order are:

5,5,5,5,5, is, 14/9,19/14,24/19,29/24,34/29, is not, 5n+9, (-1)^(n+1)(5n+9)

But wait, the problem says ""the sequence of successive differences is [ANS]"" for the ratio part, which is a typo, but we have to go with the ratio list.

Let me verify the ratio list: the original sequence is 9,14,19,24,29,34.

Successive ratios: 14/9, 19/14, 24/19, 29/24, 34/29. Yes, that's five ratios for six terms.

Yes.

So the six answers are:

1. 5,5,5,5,5

2. is

3. 14/9,19/14,24/19,29/24,34/29

4. is not

5. 5n+9

6. (-1)^(n+1)(5n+9)

Now, the problem says ""Put only the value in the box: no 'x =', no units, no prose.""

So we need to write each as a string without quotes, comma-separated inside the box.

The example is \boxed{5, 7}, so with commas and spaces? The example says ""e.g. \boxed{5, 7}"" with a space after the comma. But the problem says ""comma separated list"", so maybe with a space. However, the problem says ""no prose"", so probably without spaces.

Wait, the problem says: ""For example, if the sequence were 2, 5, 9, you would enter the comma separated list 3, 4"". Here, the example has a space after the comma: ""3, 4"". But in the answer, the user says ""Put only the value in the box: no 'x =', no units, no prose.""

The example given in the problem uses spaces after commas: ""3, 4"". So maybe we should include spaces.

But the user's instruction says: ""e.g. \boxed{5, 7}"" which has a space. So we should include a space after each comma.

Let's check:

In the problem statement example: ""you would enter the comma separated list 3, 4"" (with a space).

So the answer for the first [ANS] should be ""5, 5, 5, 5, 5"".

Second [ANS]: ""is""

Third [ANS]: ""14/9, 19/14, 24/19, 29/24, 34/29""

Fourth [ANS]: ""is not""

Fifth [ANS]: ""5n + 9"" (but the problem says no prose, so maybe ""5n+9"" without space)

Wait, the problem says ""no prose"", so no extra spaces or text. The example uses spaces after commas, but the user's example says \boxed{5, 7} which has a space.

Let's assume that the answers should be written with spaces after commas as in the problem statement example.

But the user says: ""If an [ANS] is followed by lettered choices, answer with the letter."" But there are no lettered choices.

Let's proceed.

First answer: ""5, 5, 5, 5, 5""

Second: ""is""

Third: ""14/9, 19/14, 24/19, 29/24, 34/29""

Fourth: ""is not""

Fifth: ""5n+9"" (no space)

Sixth: ""(-1)^(n+1)(5n+9)"" (no spaces)

But the problem says ""no prose"", so no extra words. The formulas are mathematical expressions.

Let's write them as:

1. 5, 5, 5, 5, 5

2. is

3. 14/9, 19/14, 24/19, 29/24, 34/29

4. is not

5. 5n+9

6. (-1)^(n+1)(5n+9)

In the box, separated by commas.

The problem says ""all inside a single \boxed{} separated by commas (e.g. \boxed{5, 7})"".

So the final answer is \boxed{5, 5, 5, 5, 5, is, 14/9, 19/14, 24/19, 29/24, 34/29, is not, 5n+9, (-1)^(n+1)(5n+9)}

But let's check if the problem expects the ratio list to be written with LaTeX formatting. However, the user says ""no units, no prose"", so we write it in plain text.

Wait, but the problem says ""the sequence of successive differences is [ANS]"" for the ratio part, which is a mistake (should be ratios), but we have to go with the problem's wording.

Another check: for the closed formula, the problem says ""Use n as your index and start with n=0, that is, b_0=9"". So b_n = 9 +5n, which is 5n +9.

Yes.

For c_n, the formula is correct.

I think that's it.
</think>

[ANS]5, 5, 5, 5, 5, is, 14/9, 19/14, 24/19, 29/24, 34/29, is not, 5n+9, (-1)^(n+1)(5n+9)

\boxed{5, 5, 5, 5, 5, is, 14/9, 19/14, 24/19, 29/24, 34/29, is not, 5n+9, (-1)^(n+1)(5n+9)}"
750,"This is a complex or challenging question, and it is difficult to provide a direct and correct answer. I need to think about it.
Well, let's tackle part (a) first. The problem says at t=0, 350 gallons, each hour 5% leaks out. So we need the percent leaked after 9 hours. Hmm, when they say 5% leaks out each hour, that means 95% remains each hour, right? So this is exponential decay with a decay factor of 0.95 per hour. 

Let me recall: for exponential decay, Q(t) = Q0*(1 - r)^t, where r is the decay rate per time period. Here, r is 5% = 0.05, so yes, Q(t) = 350*(0.95)^t. But the question is asking for the percent that has leaked out after 9 hours. So first, maybe find how much is left after 9 hours, then subtract from original to get leaked, then divide by original to get percent.

Let's compute Q(9) = 350*(0.95)^9. Wait, but do I need to calculate the exact number? Wait, the problem says ""what percent"", so maybe we can do it without calculating the exact gallons? Let's see. The percent leaked is [Q0 - Q(t)] / Q0 * 100% = [1 - (Q(t)/Q0)] * 100% = [1 - (0.95)^9] * 100%. Oh, that's smarter! Because the original is 350, so the percent leaked is just the complement of the percent remaining. So we don't need to deal with the 350 at all for the percentage, which is good.

So let's compute (0.95)^9 first. Let's calculate step by step to avoid mistakes. Maybe use a calculator approach mentally or remember that (0.95)^10 is approximately... wait, maybe better to just compute step by step.

0.95^2 = 0.9025

0.95^3 = 0.9025*0.95. Let's do 0.9*0.95=0.855, 0.0025*0.95=0.002375, so total 0.855 + 0.002375 = 0.857375

0.95^4 = 0.857375*0.95. Let's compute 0.85*0.95=0.8075, 0.007375*0.95. 0.007*0.95=0.00665, 0.000375*0.95≈0.00035625, so total ≈0.00665+0.00035625≈0.00700625, so total 0.8075 + 0.00700625≈0.81450625

Wait, maybe this is getting too messy. Alternatively, use the formula for compound decay: after n hours, percent remaining is (1 - 0.05)^n, so percent leaked is 100*(1 - (0.95)^n). Let's use a calculator for (0.95)^9. Wait, since this is a problem to solve, maybe in an exam setting you'd use a calculator, but let's see if we can get a reasonable number.

Wait, actually, maybe the problem expects us to use the exponential model given in part (b) for part (a)? Wait, no, part (b) is about finding k for Q(t)=Q0 e^{kt}, so maybe part (a) is simpler with the discrete decay (since it says ""each hour after that, 5% of the oil leaks out"", so that's discrete hourly, not continuous). So part (a) is discrete, part (b) is continuous model.

So for part (a), discrete: each hour, 5% leaks, so 95% remains. So after 9 hours, remaining is 0.95^9. Let's compute 0.95^9 with a calculator (pretending I can do that here). Let's see, ln(0.95) ≈ -0.051293, so 9*ln(0.95)≈-0.4616, so e^{-0.4616}≈0.630, but wait, no, that's for continuous. Wait, no, for discrete, 0.95^9: let's just compute step by step with more precision.

0.95^1 = 0.95

0.95^2 = 0.95*0.95 = 0.9025

0.95^3 = 0.9025*0.95: 0.9*0.95=0.855, 0.0025*0.95=0.002375, so 0.855 + 0.002375 = 0.857375 (correct)

0.95^4 = 0.857375*0.95: let's do 0.857375*1 = 0.857375, minus 0.857375*0.05 = 0.04286875, so 0.857375 - 0.04286875 = 0.81450625 (yes, that's better, subtracting 5%)

0.95^5 = 0.81450625*0.95 = 0.81450625 - 0.81450625*0.05 = 0.81450625 - 0.0407253125 = 0.7737809375

0.95^6 = 0.7737809375*0.95 = 0.7737809375 - 0.7737809375*0.05 = 0.7737809375 - 0.038689046875 = 0.735091890625

0.95^7 = 0.735091890625*0.95 = 0.735091890625 - 0.735091890625*0.05 = 0.735091890625 - 0.03675459453125 = 0.69833729609375

0.95^8 = 0.69833729609375*0.95 = 0.69833729609375 - 0.69833729609375*0.05 = 0.69833729609375 - 0.0349168648046875 = 0.6634204312890625

0.95^9 = 0.6634204312890625*0.95 = 0.6634204312890625 - 0.6634204312890625*0.05 = 0.6634204312890625 - 0.033171021564453125 = 0.6302494097246094

Okay, so approximately 0.63025, so remaining is about 63.025% of original, so leaked is 100% - 63.025% = 36.975%, so approximately 37%? Wait, but let's check with a calculator for accuracy (since in real life, we'd use a calculator here). Wait, 0.95^9: let's see, 0.95^10 is about 0.5987, so 0.95^9 is 0.5987 / 0.95 ≈ 0.6302, yes, that's what we got. So 1 - 0.6302 = 0.3698, so 36.98%, so about 37.0%. The problem says ""what percent"", so probably rounded to the nearest whole number? Wait, but maybe they want more precise? Wait, the problem says ""after 9 hours"", let's see if in the context of the problem, maybe they expect us to use the continuous model? Wait no, part (a) says ""each hour after that, 5% of the oil leaks out"" – that's a discrete process (5% per hour, so after each hour, 5% of current amount leaks), so it's not continuous. So part (a) is discrete, part (b) is continuous model for the same process (to find k for the continuous approximation).

Wait, but let's hold on, maybe the problem expects part (a) to be calculated as 100*(1 - (0.95)^9) ≈ 36.98%, so maybe 37%? Let's note that as approximately 37.0%, but let's keep it as 36.98 for now, but maybe the problem expects a specific value. Wait, maybe I should check later, but let's move to part (b) first, maybe that's clearer.

Part (b): Q(t) = Q0 e^{kt} is the quantity remaining after t hours. Find k. Okay, so we know that for exponential decay, the continuous model can be related to the discrete model. In the discrete case, Q(t) = Q0*(0.95)^t for integer t (since each hour, 95% remains). But the continuous model is Q(t) = Q0 e^{kt}. So we can set them equal for a specific t to solve for k. Let's pick t=1 hour, since that's the time period given.

At t=1 hour, discrete model says Q(1) = Q0*0.95. Continuous model says Q(1) = Q0 e^{k*1} = Q0 e^k. Therefore, equate them: e^k = 0.95, so k = ln(0.95). Let's compute that: ln(0.95) is approximately -0.051293294, so about -0.0513. Wait, but do we need to write it as ln(0.95) or a decimal? The problem says ""find the value of k"", so probably a decimal, maybe rounded to four decimal places? Let's see, in math problems like this, often they want the exact expression or a decimal approximation. Wait, the problem says ""value of k"", and in part (c) they talk about what k tells you, so maybe they want the numerical value with a few decimals.

Wait, let's confirm: the continuous model Q(t) = Q0 e^{kt} should match the discrete process in the limit as the time steps go to zero, but here they're saying for the problem, use Q(t) = Q0 e^{kt} as the quantity remaining, so we need to find k such that this model fits the ""each hour 5% leaks"" process. Wait, actually, another way: if 5% leaks per hour, then the decay rate is such that the continuous decay rate k satisfies e^k = 1 - 0.05 = 0.95 for one hour, yes, that's the standard way to relate discrete and continuous exponential models.

Yes, for a process that has a discrete decay rate r per time interval Δt, the continuous rate k is related by (1 - r) = e^{k Δt}. Here, Δt = 1 hour, r = 0.05 (leak rate per hour), so 1 - r = 0.95 = e^k, so k = ln(0.95). That's the exact value, but the problem says ""find the value of k"", so probably a decimal approximation. Let's compute ln(0.95) more precisely: ln(0.95) ≈ -0.05129329439, so approximately -0.0513. Maybe they want four decimal places? Let's see, in many textbooks, they round to four decimals for such k values.

Okay, so part (b) k ≈ -0.0513. Let's note that.

Now part (c): select all that apply from A to G. Let's go through each option.

A. Because it is less than one, we know the amount of oil in the tank is decreasing.

Wait, k is approximately -0.0513, which is less than one, but is that why it's decreasing? Wait, no, actually, the sign is important here. If k is negative, that means the quantity is decreasing (since e^{kt} decreases as t increases if k < 0). So A says ""less than one"" – but k is negative, so it's less than one, but that's not the reason it's decreasing. The reason is that k is negative. So A is incorrect because it's not the value being less than one that causes it to decrease; it's the sign. For example, k=0.5 is greater than one but would mean increasing, but here k is negative, so the key is the sign, not the magnitude relative to one. So A is false.

B. It tells by what percent of oil decays each hour.

Wait, in continuous models, k is the continuous rate, not the discrete percent decay per hour. The discrete percent decay per hour is 5%, as given. The continuous rate k is such that the instantaneous rate of decay is proportional to the current amount, with constant of proportionality k. So ""by what percent decays each hour"" – that's a discrete concept, and k doesn't directly give that; the 5% is the discrete decay rate. For example, in continuous decay, the percent decay per hour isn't constant in the same way; it's a bit different. Wait, actually, for small time intervals, the continuous rate approximates the discrete rate, but here the problem says ""it tells by what percent of oil decays each hour"" – probably not, because the percent decay per hour is 5% (discrete), and k is the continuous rate, so B is false.

C. Because it is negative, we know the amount of oil in the tank is decreasing.

Yes! This is true. Since k is negative, e^{kt} is a decreasing function of t (because exponential with negative exponent decreases), so Q(t) decreases as t increases. So C is correct.

D. It tells what percent of oil remains after each hour.

Wait, in the discrete model, after each hour, 95% remains, which is 1 - 0.05. In the continuous model, after one hour, the remaining is e^k. We found e^k = 0.95, so actually, e^k is exactly the percent remaining after one hour (as a decimal). Wait, but does k ""tell"" what percent remains? Well, k is the constant such that e^k = percent remaining after one hour (as a decimal). So if you have k, you can compute e^k to get the remaining fraction per hour. But the statement says ""it tells what percent of oil remains after each hour"" – does k itself tell it, or do you have to compute e^k? Hmm, the wording is tricky. Let's see: in the continuous model, the remaining after time t is e^{kt}, so after t=1, it's e^k. So if someone says ""k tells what percent remains"", maybe they mean that k is related to that percent. But the problem is, in the discrete model, the percent remaining each hour is fixed at 95%, but in continuous, it's a bit different (though for small t, it's approximately the same). Wait, but in this problem, they defined the continuous model as Q(t)=Q0 e^{kt} to model the leaking, so we found k such that at t=1, it's 95% remaining (since the problem says ""each hour 5% leaks"", so after 1 hour, 95% remains). Wait, is that the case?

Wait, hold on: when they say ""each hour after that, 5% of the oil leaks out"", does that mean that at the end of each hour, 5% of the current amount leaks? So yes, after 1 hour, 95% remains, so Q(1)=0.95 Q0. Therefore, for the continuous model Q(t)=Q0 e^{kt}, we have Q(1)=Q0 e^k = 0.95 Q0, so e^k=0.95, so k=ln(0.95). Therefore, for the continuous model, the remaining after 1 hour is e^k=0.95, so 95%. But does k ""tell"" what percent remains? Well, k is the constant that, when exponentiated, gives the remaining fraction per hour. So if you have k, you can compute the remaining percent (as a decimal) by e^k. But the statement says ""it tells what percent of oil remains after each hour"" – maybe this is a bit ambiguous, but in many contexts, the continuous rate k is not the percent remaining; the percent remaining is e^k, so k itself doesn't directly tell it without calculation. Wait, but let's check the other options first.

E. It gives the continuous hourly rate at which oil is leaking.

Hmm, ""continuous hourly rate"". The rate of leaking is the derivative of the amount leaking. Wait, Q(t) is the amount remaining, so the amount leaking is Q0 - Q(t) = Q0(1 - e^{kt}). The rate of leaking (per hour) would be the derivative d/dt [Q0 - Q(t)] = -Q0 k e^{kt} (since dQ/dt = Q0 k e^{kt} for Q(t)=Q0 e^{kt}). So the instantaneous rate of leaking at time t is -Q0 k e^{kt}. But the problem says ""continuous hourly rate"" – maybe they mean the constant rate? Wait, no, in continuous decay, the rate of change is proportional to the current amount, so it's not constant. But the term ""continuous hourly rate"" might refer to the continuous decay rate k, which is the constant in the exponential model. Wait, in some contexts, the continuous growth/decay rate k is called the ""continuous rate"", so maybe E is saying that k is the continuous hourly rate at which oil is leaking. Wait, but ""leaking"" is a decrease, so the rate is negative. Let's think: for exponential decay, the continuous decay rate k is often described as the rate at which the quantity decreases continuously, so yes, k is the continuous rate of decay (negative for decrease). So maybe E is correct? Wait, the problem says ""it gives the continuous hourly rate at which oil is leaking"". If ""rate"" here is the constant k in the exponential model, then yes, in the context of the problem, since they defined Q(t)=Q0 e^{kt} as the quantity remaining, k is the continuous decay rate, so it's the continuous hourly rate (since t is in hours) at which the oil is leaking (i.e., decaying). So E might be correct.

F. It is the amount that the oil that leaks out each second.

No, k is a dimensionless constant (since Q(t) is in gallons, t in hours, so k must have units of 1/hour to make kt dimensionless, so k has units of per hour, not amount per second). So F is definitely false.

G. None of the above – we'll see if others are true.

Let's recap the options with our analysis:

A: False (reason is sign, not magnitude <1)

B: False (it's the discrete percent decay per hour that's 5%, k is continuous rate)

C: True (negative k implies decreasing)

D: Let's think again. The statement: ""It tells what percent of oil remains after each hour."" If ""it"" refers to k, then k alone doesn't tell the percent; you have to compute e^k. For example, if k was 0, e^k=1, so 100% remains, but k=0 is not the case here. So k is a constant that relates to the remaining percent via e^k, but k itself doesn't ""tell"" it without calculation. The problem says ""select all that apply if more than one statement is true"". In some multiple-choice contexts, D might be considered true because for the continuous model, the remaining after one hour is e^k, so k is the key to finding that percent. Wait, but the discrete model has 95% remaining each hour, which is a fixed percent, whereas the continuous model has a different interpretation (but in this problem, they've set up the continuous model to match the discrete at t=1 hour, so e^k=0.95). Wait, maybe in the context of the problem, since they constructed Q(t)=Q0 e^{kt} to model the leaking where 5% leaks per hour, then for the continuous model, the ""percent remaining after each hour"" is e^k*100%, so k is what you use to find that percent. But the statement says ""it tells what percent"" – does ""tells"" mean ""is equal to"" or ""allows you to compute""? Hmm, this is a bit of a language issue. Let's see standard definitions.

In exponential decay, the continuous decay rate k is such that the amount remaining at time t is Q0 e^{kt}, so the ""decay rate"" k is the rate at which the quantity decreases continuously. The percent remaining after one hour is (e^k)*100%, so k is not the percent, but it's the constant that gives the percent when exponentiated. So statement D says ""it tells what percent"", which might be a bit misleading, but maybe in the problem's context, since they're using the continuous model for the process that has 5% per hour, D is false because the percent remaining after each hour is 95% (discrete), not something derived from k (though in continuous, it's e^k=0.95 here). Wait, but the problem says ""it tells what percent of oil remains after each hour"" – for the continuous model, does it remain the same each hour? No, in continuous, it's a smooth decay, so the percent remaining after each hour (as a discrete time point) is e^k, which for this problem is 0.95, but the model is continuous, so ""after each hour"" is a bit ambiguous. Maybe D is false because the continuous model doesn't have a ""percent remaining after each hour"" in the same way as discrete; it's a continuous process, so the percent remaining at time t is e^{kt}, not per hour intervals.

Let's check E again: ""It gives the continuous hourly rate at which oil is leaking."" The term ""continuous hourly rate"" – in finance, for example, the continuous compounding rate is the rate k where A = P e^{kt}. So in that context, k is the continuous rate. Here, since it's leaking, the rate is negative, but ""continuous hourly rate"" might refer to the rate in the continuous model, which is k. So yes, k is the continuous hourly rate (per hour) for the decay. So E is true? Wait, but ""rate at which oil is leaking"" – the rate of leaking is the negative of the rate of change of Q(t), so dQ/dt = Q0 k e^{kt}, so the leaking rate is -dQ/dt = -Q0 k e^{kt}, which is positive (since k is negative). But the problem says ""it gives the continuous hourly rate"" – maybe they mean the constant k is the continuous rate, so E is correct.

Wait, let's think of a simple example: if something decays continuously at a rate k (negative), then k is called the continuous decay rate. So yes, in standard terminology, k is the continuous decay rate, so E is saying ""it gives the continuous hourly rate at which oil is leaking"" – so that's a correct statement. So E is true.

Wait, let's go back to part (b) to make sure we didn't mess up k. The problem says ""Q(t)=Q0 e^{kt} is the quantity of oil remaining after t hours"". So at t=0, Q=Q0, good. After t=1 hour, Q=Q0 e^k. But the problem states that each hour, 5% leaks out, so after 1 hour, 95% remains, so Q(1)=0.95 Q0, therefore e^k=0.95, so k=ln(0.95)≈-0.051293, so approximately -0.0513. That seems right.

Now, for part (c), let's list again with more clarity:

A. ""Because it is less than one, we know the amount of oil in the tank is decreasing."" – k is approximately -0.0513, which is less than one, but the reason it's decreasing is because it's negative, not because it's less than one (e.g., k=0.5 is less than one but would mean increasing). So A is false.

B. ""It tells by what percent of oil decays each hour."" – The percent decay per hour is 5% (discrete), which is a fixed amount, not a percentage that k tells. k is the continuous rate, so this is false.

C. ""Because it is negative, we know the amount of oil in the tank is decreasing."" – True, as negative k implies exponential decay.

D. ""It tells what percent of oil remains after each hour."" – As discussed, the percent remaining after one hour is e^k=0.95 (95%), but k itself doesn't ""tell"" that percent; you have to compute e^k. The statement says ""it tells"", which might be interpreted as ""it is equal to"" or ""it indicates"". In math problems, usually, the continuous rate k does not give the percent remaining directly; the percent remaining is e^k. So D is false.

E. ""It gives the continuous hourly rate at which oil is leaking."" – In the context of exponential decay models, k is called the continuous decay rate (or continuous growth rate, but here decay), so yes, this is true. For example, if you have a continuous decay model, k is the continuous rate of decay. So E is true.

F. ""It is the amount that the oil that leaks out each second."" – k has units of per hour (since Q(t) is in gallons, t in hours, so kt must be dimensionless, so k is 1/hour), so it's a rate, not an amount. So F is false.

G. ""None of the above"" – since C and E are true, G is false.

Wait, but hold on: is E correct? Let's check the exact wording: ""It gives the continuous hourly rate at which oil is leaking."" The phrase ""continuous hourly rate"" might be confusing. In continuous processes, the rate is instantaneous, so the continuous hourly rate would be the rate per hour in the continuous sense, which is k. For example, in physics, if you have a continuous decay with rate k (per unit time), then k is the decay rate. So yes, E is correct.

Wait, but let's see if there's another interpretation. Sometimes ""rate"" can mean ""amount per time"", so the continuous hourly rate of leaking would be the amount leaking per hour, but in continuous decay, the amount leaking per hour is not constant (it's proportional to the current amount), so the ""rate"" here is the constant k in the model, which is the continuous decay rate. So I think E is correct.

Wait, but let's check option D again. If the problem says ""what percent of oil remains after each hour"" – in the continuous model, after each hour (i.e., at t=1,2,3,...), the remaining is Q0 e^{k*1}, Q0 e^{k*2}, etc., so the percent remaining after each hour is (e^{k*1})*100%, (e^{k*2})*100%, etc. But the statement says ""it tells what percent of oil remains after each hour"" – ""it"" is k, so does k tell the percent for each hour? Well, k is the same for all hours, so the percent remaining after each hour (as a discrete time point) is e^{k*1}, e^{k*2}, etc., so k is used to compute that percent, but k itself doesn't ""tell"" it without context. I think D is false because the percent remaining after each hour is not a fixed number in the continuous model (it's decreasing each hour), whereas in the discrete model it's fixed at 95% per hour. But in this problem, they defined the continuous model to match the discrete at t=1, so e^k=0.95, so after one hour, 95% remains, but after two hours, it's (0.95)^2, which is less than 95%. So the percent remaining after each hour (as a discrete hour) is not constant in the continuous model, which is different from the discrete model. Therefore, D is false because the continuous model doesn't have a constant percent remaining after each hour (it's a continuous process), so D is incorrect.

Okay, so so far, C and E seem true. Wait, is there another one? Let's check A again: ""Because it is less than one, we know the amount of oil in the tank is decreasing."" k is approximately -0.05, which is less than one, but as I thought, the key is the sign, not the magnitude. For example, if k were 0.5, it's less than one but would mean increasing, so the statement is wrong because the reason for decreasing is the sign, not being less than one. So A is false.

Wait, what about option D? Wait, in some textbooks, they say that the continuous decay rate k is related to the discrete decay rate r by (1 - r) = e^k for a one-hour period. So in this case, r=0.05, so (1 - r)=e^k, so k=ln(1 - r). So the continuous rate k is such that e^k is the fraction remaining after one hour. So does that mean k ""tells"" what percent remains? Well, if you know k, you can find the percent remaining after one hour by computing e^k * 100%. So maybe D is a bit tricky, but the statement says ""it tells what percent"", which might be interpreted as ""it is the value that allows you to determine the percent"". Hmm, but in multiple-choice questions like this, usually, D is a common misconception. Wait, let's see the options again:

D. It tells what percent of oil remains after each hour.

In the discrete model, the percent remaining after each hour is 95%, which is a fixed percent. In the continuous model, the percent remaining after each hour (as in, at the end of each hour) is e^k for the first hour, e^{2k} for the second, etc., so it's not a single percent, but the statement says ""what percent"", implying a single percent. So D is false because in the continuous model, the percent remaining after each hour is not a single value (it changes each hour), whereas in the discrete model it's fixed. Wait, no, the problem says ""after each hour"" – maybe they mean per hour interval, but in continuous, it's not discrete hours. I think D is false.

So from our analysis, C and E are true. Wait, but let's check if E is correct. Let's see the exact wording of E: ""It gives the continuous hourly rate at which oil is leaking."" The term ""rate"" here is important. In calculus, the rate of change of Q(t) is dQ/dt = Q0 k e^{kt}, which is the rate at which the oil is changing (decreasing, since k < 0). The ""continuous hourly rate"" might refer to the constant k, which is the continuous rate of decay. For example, in the context of the problem, since they defined Q(t) = Q0 e^{kt}, k is the continuous decay rate, so yes, E is correct.

Wait, another way: if k were positive, it would be growth, but here it's negative, so it's a decay rate. So E says ""the continuous hourly rate at which oil is leaking"" – leaking is decay, so the rate is negative, and k is that rate (in the continuous sense). So I think E is true.

Wait, let's check online or recall standard definitions: In exponential decay, the continuous decay rate k is the rate at which the quantity decreases continuously, so yes, k is the continuous decay rate. So statement E is correct.

Is there any other option? Let's see option D again. Suppose someone thinks that since e^k = 0.95, k is the value that gives 95% remaining, so D is true. But the statement says ""what percent of oil remains after each hour"" – ""each hour"" implies per hour, so maybe they mean the percent remaining per hour, but in the continuous model, it's not a per-hour percent in the discrete sense. I think D is false because the continuous model doesn't have a ""percent remaining after each hour"" as a fixed value; it's a smooth decay.

Wait, the problem says ""select all that apply if more than one statement is true"". Let's see what the answer choices are: A to G, so we need to pick the letters.

Wait, let's think about option B: ""It tells by what percent of oil decays each hour."" In the discrete model, it's 5% per hour, but in the continuous model, the instantaneous decay rate is k (per hour), so the percent decay per hour would be (1 - e^k) * 100% ≈ 5% for small k? Wait, no, for the continuous model, the percent decay over a time interval Δt is (1 - e^{k Δt}) * 100%. For Δt=1 hour, that's (1 - e^k)*100% = (1 - 0.95)*100% = 5%, which matches the discrete model. But does k tell by what percent decays each hour? The percent decay per hour is 5%, which is a fixed number, but k is the continuous rate that leads to that percent decay over one hour. So B is saying ""it tells by what percent"", but k is the rate, not the percent. So B is false.

Okay, so back to C and E: let's confirm with an example. Suppose k = -0.051293, so e^k = 0.95. So after 1 hour, 95% remains, so 5% leaked. The rate k is negative, so the amount is decreasing – that's C, correct. E says ""it gives the continuous hourly rate at which oil is leaking"" – in the context of the problem, since they defined the model as Q(t)=Q0 e^{kt}, k is the continuous decay rate, so yes, that's the continuous hourly rate (since t is in hours) for the leaking. So E is correct.

Wait, but wait a second: in some contexts, the ""continuous hourly rate"" might be confused with the instantaneous rate at t=0, but no, the problem says ""it gives the continuous hourly rate"", and in exponential models, k is the continuous rate.

Let me check if there's a standard answer for this type of question. For example, in AP Calculus, when they talk about exponential decay Q(t)=Q0 e^{kt}, k is the continuous decay rate, which is negative for decay. So statements:

- C is true: negative k implies decreasing.

- E is true: k is the continuous decay rate (which is the continuous hourly rate here, since t is in hours).

Is there another one? Let's see option A: ""Because it is less than one, we know the amount... decreasing."" As k is negative, it's less than one, but the reason is the sign, not the magnitude. So A is false.

Option D: ""It tells what percent of oil remains after each hour."" The percent remaining after one hour is e^k = 0.95, so 95%, but k itself doesn't tell that; you have to compute e^k. So D is false.

Option B: False, as discussed.

So only C and E are true?

Wait, wait! Wait, the problem says ""select all that apply if more than one statement is true"". Let's check option E again: ""It gives the continuous hourly rate at which oil is leaking."" The phrase ""rate at which oil is leaking"" – the rate of leaking is the amount leaking per hour, which is not constant (it's proportional to the current amount), so the ""continuous hourly rate"" might be misinterpreted. But in the context of the exponential model, k is called the continuous decay rate, so it's the rate in the continuous model. I think E is intended to be true.

Wait, but let's think about part (b) again to make sure we have k right. The problem says ""Q(t)=Q0 e^{kt} is the quantity of oil remaining after t hours"". So we need to find k such that this model matches the ""each hour 5% leaks"" process. For a continuous process, if 5% leaks per hour, that's a bit ambiguous, but in the discrete case, it's 95% remaining per hour, so the continuous model is designed to have Q(1)=0.95 Q0, so k=ln(0.95)≈-0.0513, which is correct.

Another way to think about part (a): maybe they want us to use the continuous model for part (a)? Wait, no, part (a) says ""each hour after that, 5% of the oil leaks out"" – that's a discrete process (5% of current amount leaks each hour), so after 1 hour, 95% remains, after 2 hours, 95% of 95% remains, so it's discrete. So part (a) is discrete, so we did it right with (0.95)^9.

Let's compute part (a) more accurately with a calculator (since in real life, we'd use one). 0.95^9: let's do 0.95^2=0.9025; 0.95^4=(0.9025)^2=0.81450625; 0.95^8=(0.81450625)^2≈0.663420431; then 0.95^9=0.663420431*0.95≈0.630249409. So 1 - 0.630249409≈0.369750591, so 36.975%, which rounds to 37.0% (to the nearest tenth) or 37% (nearest whole number). The problem says ""what percent"", so probably 37 (since 36.975 is very close to 37). Maybe they expect 37.

Wait, but let's check with another method: using the formula for compound interest (since it's decay). The amount remaining is Q = Q0(1 - r)^t, so leaked is Q0 - Q = Q0[1 - (1 - r)^t], so percent leaked is 100[1 - (1 - r)^t]. Here, r=0.05, t=9, so 100[1 - (0.95)^9]≈100[1 - 0.630249]≈36.975%, so 37%.

Okay, so part (a) is 37%.

Part (b): k=ln(0.95)≈-0.051293294, so typically rounded to four decimal places as -0.0513. Maybe the problem wants it to four decimal places, so -0.0513.

Part (c): as we decided, C and E are true. Wait, but let's check if E is definitely true. Let's look up the definition: In exponential decay, the continuous decay rate k is the rate at which the quantity decreases continuously, so yes, it's the continuous hourly rate (since time is in hours) for the leaking. So E is correct.

Wait, but wait another thought: option D says ""It tells what percent of oil remains after each hour."" In the continuous model, the ""percent remaining after each hour"" is a bit vague, but if you take ""after each hour"" to mean ""per hour"", then the fraction remaining per hour is e^k, so k is the value such that e^k is the remaining fraction. So does k ""tell"" that? Maybe in the problem's context, D is true? Wait, let's see the options again:

D. It tells what percent of oil remains after each hour.

If ""it"" refers to k, then k is the constant that, when exponentiated, gives the remaining percent (as a decimal). So for example, if k was ln(0.9), then e^k=0.9, so 90% remains after one hour. So in that sense, k is the value that tells you what percent remains after one hour (by computing e^k). But the statement says ""it tells what percent"", which might be interpreted as ""it is the percent"" or ""it gives the percent"". In math problems, this is a common distinction: the continuous rate k is not the percent, but it's used to find the percent. So I think D is false because k is not the percent; the percent is e^k.

For example, if someone asks ""what is k?"", the answer is ln(0.95), not 95%. So k is the rate, not the percent. Therefore, D is false.

So back to part (c): C and E are true. Wait, but let's check if the problem says ""select all that apply if more than one statement is true"" – so we need to list the letters.

Wait, hold on! Wait, option E says ""It gives the continuous hourly rate at which oil is leaking."" But in reality, the rate of leaking (the amount leaking per hour) is not constant; it's a function of time. The continuous decay rate k is the constant such that the derivative dQ/dt = -k Q (for decay, the negative sign is for decreasing). Wait, in some conventions, the decay rate is written as Q(t) = Q0 e^{-λt}, so λ is the decay constant (positive), so k = -λ in this problem's notation. Maybe that's where confusion is.

Wait, the problem says Q(t) = Q0 e^{kt}. If k is negative, then it's decay. In standard physics, for radioactive decay, Q(t) = Q0 e^{-λt}, so λ > 0 is the decay constant. In this problem, k = -λ, so k is negative, λ = -k is positive. So in this problem's terms, k is the negative decay constant.

In that case, what does k tell you? If k is negative, then the amount is decreasing (C is true). The continuous decay constant (λ) is the rate at which the quantity decays, so λ is the continuous decay rate. But in this problem, k = -λ, so k is negative, and the continuous decay rate is -k (positive). So statement E says ""it gives the continuous hourly rate at which oil is leaking"" – ""it"" is k, which is negative, so the rate at which oil is leaking is -k (positive), so k itself is not the rate, but the negative of the rate. Hmm, this might be a key point.

Wait, let's clarify the derivative. Let Q(t) be the amount remaining. Then dQ/dt = rate of change of remaining oil. Since it's leaking, dQ/dt < 0. The problem says Q(t) = Q0 e^{kt}, so dQ/dt = Q0 k e^{kt} = k Q(t). Therefore, the rate of change of remaining oil is k times the current amount. So the rate at which oil is leaking (the amount leaking per unit time) is -dQ/dt = -k Q(t). So the leaking rate is -k Q(t), which is positive (since k < 0).

Now, the statement E: ""It gives the continuous hourly rate at which oil is leaking."" ""It"" refers to k. The ""continuous hourly rate"" – if they mean the constant rate (in the continuous sense), but the leaking rate is not constant; it's proportional to Q(t). However, in the context of exponential models, the term ""continuous decay rate"" refers to the constant k (or -k) in the exponential model. Wait, this is getting too technical.

Let's look at the options again with the derivative in mind:

- C is definitely true: k < 0 ⇒ Q(t) decreasing.

- E: ""It gives the continuous hourly rate at which oil is leaking."" If ""rate"" here is the constant k in the model (even though it's negative), then maybe in the problem's context, they consider k as the rate (with sign). For example, in finance, continuous compounding has a rate k (positive) for growth, so for decay, k is negative. So yes, k is the continuous rate (with sign), so E is true.

I think for the purpose of this problem, the intended answers for part (c) are C and E.

Wait, but let's check a similar problem online. For example, in a standard exponential decay model Q = Q0 e^{kt}, k is negative for decay. Statements about k:

- k < 0 ⇒ decreasing: true.

- k is the continuous decay rate: true (in many contexts, k is called the continuous decay rate).

- The percent decay per hour is (1 - e^k)*100%: true, but k itself doesn't tell the percent, it's used to compute it.

So in this problem, option C is true, E is true (since ""continuous hourly rate"" is k), D is false (k doesn't tell the percent, you compute e^k), B is false (it's the discrete percent that's given, not k).

Wait, another angle: the problem says ""select all that apply if more than one statement is true"". Let's see the choices:

A. Because it is less than one... – false, as discussed.

B. It tells by what percent... – false, the percent decay per hour is 5%, k is the rate.

C. Because it is negative... – true.

D. It tells what percent... – false, percent is e^k.

E. It gives the continuous hourly rate... – true (k is the continuous rate).

F. It is the amount... – false.

G. None – false, since C and E are true.

So answers for (c) are C and E.

Wait, but wait! The problem says ""If an [ANS] is followed by lettered choices, answer with the letter."" So for part (c), we need to put the letters in the box, like \boxed{C,E} or \boxed{C,E} (but the problem says ""answer with the letter"", so if multiple, list the letters).

But let's make sure about part (a) and (b) first.

Part (a): percent leaked after 9 hours. We calculated ≈36.975%, so 37% when rounded to nearest whole number. The problem says ""what percent"", so probably 37.

Part (b): k=ln(0.95)≈-0.051293294, so typically rounded to four decimal places as -0.0513. Maybe the problem wants it to three decimal places? Let's see: ln(0.95)≈-0.05129, so -0.0513 is four decimal places, which is common.

Let's confirm part (a) with another method: using the discrete formula, the amount leaked is Q0 - Q0(0.95)^9 = Q0(1 - 0.95^9), so percent leaked is 100(1 - 0.95^9)≈100(1 - 0.630249)=36.9751%, so 37.0% (to one decimal) or 37% (whole number). The problem says ""what percent"", so likely 37.

Okay, so summarizing:

(a) 37

(b) -0.0513 (or maybe they want it exact as ln(0.95), but the problem says ""value of k"", so numerical)

(c) C and E

Wait, but wait! Let's check option D again. The problem says ""what percent of oil remains after each hour"". In the discrete model, it's 95% each hour, but in the continuous model, it's a smooth decay, so after each hour (as a discrete time), the remaining is e^{k*1}, e^{k*2}, etc., so the percent remaining after the first hour is 95%, after the second hour is (0.95)^2, etc. But the statement says ""it tells what percent of oil remains after each hour"" – ""it"" is k, so k is the value that, when multiplied by the time, gives the exponent for the remaining percent. So maybe D is true? Wait, no, the statement says ""it tells what percent"", meaning k itself is the percent, which it's not.

I think we have to go with C and E for part (c).

Wait, another thought: option E says ""It gives the continuous hourly rate at which oil is leaking."" The term ""hourly rate"" might mean the rate per hour, so the continuous rate k (per hour) is the rate. Yes, that's standard. So E is correct.

Okay, let's write down the answers as we have them:

(a) 37 (since 36.975 rounds to 37)

(b) -0.0513 (four decimal places)

(c) C, E

Wait, but the problem says for part (c), ""select all that apply if more than one statement is true [ANS]"". So we need to put the letters in the box, like C,E.

But let's check if there's a chance that D is true. Suppose the problem considers that for the continuous model, the fraction remaining after one hour is e^k, so k is the value that tells you that fraction (by exponentiating), so D is true. But the statement says ""what percent of oil remains after each hour"" – ""each hour"" implies per hour, so maybe they mean per hour interval, so the percent remaining per hour is e^k, so k is what tells you that. Hmm, this is a bit of a toss-up.

Wait, let's look at the options again with the problem's context. The problem states that each hour, 5% leaks out, so in discrete terms, 95% remains per hour. For the continuous model, they want k such that Q(t)=Q0 e^{kt} models this. So for t=1, Q(1)=0.95 Q0, so k=ln(0.95)≈-0.0513.

In the continuous model, the ""percent remaining after one hour"" is 95%, which is e^k, so k is the value such that e^k is the percent remaining after one hour (as a decimal). So does k ""tell"" that percent? Well, if you know k, you can calculate it, but k itself is not the percent. The statement says ""it tells what percent"", which might be interpreted as ""it is the value that corresponds to the percent"". In some multiple-choice questions, this is considered true, but I think in standard math problems, D is false because k is not the percent; the percent is e^k.

For example, if you have a question: ""What is the continuous decay rate for a process that has 5% decay per hour?"" The answer is ln(0.95), not 95%. So k is the rate, not the percent. Therefore, D is false.

So final answers:

(a) 37

(b) -0.0513 (let's confirm the decimal: ln(0.95) = ln(1 - 0.05) ≈ -0.05 - (0.05)^2/2 - (0.05)^3/3 - ... ≈ -0.05 - 0.00125 - 0.0000208 ≈ -0.05127, so ≈ -0.0513, correct)

(c) C and E

Wait, but let's check if option E is correct. The problem says ""it gives the continuous hourly rate at which oil is leaking"". The ""rate at which oil is leaking"" is the amount leaking per hour, which is a function of time, but the ""continuous hourly rate"" might refer to the constant k in the model. In many contexts, the continuous growth/decay rate k is called the ""continuous rate"", so yes, E is correct.

I think we're confident now.

So for the problem, the answers are:

(a) 37

(b) -0.0513

(c) C, E

The problem says: ""Give one answer per [ANS] in the order they appear, all inside a single \boxed{} separated by commas (e.g. \boxed{5, 7}).""

So the order is (a), (b), (c). So first [ANS] is (a) 37, second [ANS] is (b) -0.0513, third [ANS] is (c) C,E.

Wait, but the problem says ""If an [ANS] is followed by lettered choices, answer with the letter."" So for (c), it's lettered choices, so we answer with the letters, like ""C,E"" (no spaces, comma separated).

Let's write them as:

(a) 37 → \boxed{37}

(b) -0.0513 → \boxed{-0.0513}

(c) C,E → \boxed{C,E}

But the problem says ""all inside a single \boxed{} separated by commas"". So the final answer should be \boxed{37,-0.0513,C,E}

Wait, but let's check if part (b) needs more precision. Sometimes in these problems, they want k to three decimal places: ln(0.95)≈-0.051, but let's see: 0.95^1=0.95, 0.95^2=0.9025, so ln(0.95)≈-0.05129, so four decimal places is -0.0513.

Part (a): 36.975% rounds to 37%, so 37.

Part (c): C and E, so ""C,E"" (without spaces).

Wait, but the problem says ""Put only the value in the box: no 'x =', no units, no prose."" So for (a), it's 37 (no % sign), for (b) it's -0.0513 (no units), for (c) it's the letters.

Yes, the problem says: ""If an [ANS] is followed by lettered choices, answer with the letter."" So for (c), we write the letters.

So the three answers in order: 37, -0.0513, C,E

So boxed as \boxed{37,-0.0513,C,E}

Wait, but let's check if part (c) has any other options. Wait, is there a chance that E is not correct? Let's think: ""It gives the continuous hourly rate at which oil is leaking."" The rate of leaking is the derivative of the leaked amount, but in the problem, Q(t) is remaining, so leaked amount is Q0 - Q(t). The rate of leaking (per hour) is d/dt [Q0 - Q(t)] = -dQ/dt = -Q0 k e^{kt}. So the rate of leaking is not constant; it's proportional to Q(t). The ""continuous hourly rate"" might be misinterpreted, but in the context of the problem, since they defined Q(t) = Q0 e^{kt}, k is the continuous decay rate, so E is correct.

Another check: option C is definitely true, as negative k means decreasing. Option E: in the problem statement, part (b) says ""Q(t)=Q0 e^{kt} is the quantity of oil remaining after t hours"", so k is the continuous rate for the remaining quantity, which is negative for decay, so it's the continuous hourly rate (per hour) for the decay (leaking). So yes, E is true.

I think that's solid.

So final answers:

(a) 37

(b) -0.0513

(c) C, E

In the box: \boxed{37,-0.0513,C,E}

Wait, but the problem says ""If an [ANS] is followed by lettered choices, answer with the letter."" So for (c), it's the letters, no spaces, comma-separated.

Yes, that's what we have.

I think that's it.
</think>

[ANS] 37 [ANS] -0.0513 [ANS] C,E

\boxed{37,-0.0513,C,E}"
751,"Okay, let's try to tackle this problem step by step. First, let's make sure I understand the problem correctly.

We have a regular n-gon (n is odd, n ≥ 3). The vertices are labeled 0 to n-1 around the circle. A regular polygon in P is a subset of V that is a regular polygon, so its vertices are equally spaced on the circle. For a regular n-gon, the regular polygons in P are determined by their step size d, where d is an integer with 1 ≤ d ≤ n/2 (since n is odd, there's no d = n/2, so all step sizes from 1 to (n-1)/2 give distinct regular polygons). For each step size d, the number of regular polygons with step size d is gcd(n, d) = 1? Wait, no. Wait, in a regular n-gon, the number of distinct regular k-gons (subsets of V that form a regular k-gon) is equal to the number of distinct cyclic subgroups of order k in the cyclic group Z_n. Since n is odd, the subgroups are unique for each k that divides n? Wait, no, actually, for a given step size d, the regular polygon formed by starting at vertex i and taking steps of d has size k = n / gcd(n, d). So the size of the regular polygon is k = n / g, where g = gcd(n, d). Then the number of such regular polygons with size k is g, because for each divisor g of n, the number of distinct regular k-gons (where k = n/g) is g. Wait, let's check the example given: n=15. Then P consists of 1 regular 15-gon (k=15, g=15, so number of polygons is 1), 3 regular pentagons (k=5, g=3, so number is 3), and 5 regular triangles (k=3, g=5, so number is 5). Let's verify: for n=15, divisors of 15 are 1, 3, 5, 15. For k=15, g=15, number of polygons: 15/gcd(15, d) where d is the step size? Wait, maybe better to think in terms of the polygon size.

In the example, n=15: regular 15-gon: only 1 (the whole polygon). Regular pentagons: a regular pentagon has 5 vertices, so the step size d must satisfy 5 = 15 / g, so g = 3 (since 15 = 5*3). The number of regular pentagons is equal to the number of distinct starting points where the step size gives a 5-gon. Since the step size d must be such that the subgroup generated by d has order 5, so d must be a generator of a subgroup of order 5, but in Z_15, the subgroups of order 5 are the multiples of 3 (since 15/5=3). So the subgroup {0, 3, 6, 9, 12} is a 5-gon, and similarly {1, 4, 7, 10, 13}, {2, 5, 8, 11, 14}, so 3 regular pentagons. That matches the example: 3 regular pentagons. For regular triangles (k=3), the step size d must satisfy 3 = 15 / g, so g=5. The subgroups of order 3 in Z_15 are the multiples of 5: {0, 5, 10}, {1, 6, 11}, {2, 7, 12}, {3, 8, 13}, {4, 9, 14}, so 5 regular triangles. Perfect, that matches the example: 5 regular triangles. So in general, for a regular n-gon (n odd), the set P consists of regular polygons of size k where k divides n? Wait, no: in n=15, k=15, 5, 3. 15 is the whole n, 5 is n/3, 3 is n/5. So k = n / d, where d is a divisor of n? Wait, n=15, divisors d of n are 1,3,5,15. Then k = n/d: 15, 5, 3, 1. But the example says P has regular 15-gon (k=15), 3 regular pentagons (k=5), 5 regular triangles (k=3). So the size k is n/d where d is a divisor of n greater than 1? Wait, no, when d=1, k=n (the whole polygon), d=3, k=5 (since 15/3=5), d=5, k=3 (15/5=3), d=15, k=1 (trivial polygon, but the problem says ""regular polygons"", so probably k ≥ 3? The example mentions 15-gon, pentagons, triangles, so k ≥ 3. For n=15, the regular polygons in P are those with k ≥ 3, so k=3,5,15.

Wait, the problem says: ""P be the set of all regular polygons formed by points in V"". A regular polygon must have at least 3 vertices, so k ≥ 3. In the example, n=15, so k=3,5,15. Let's confirm the counts: for each k where k ≥ 3 and k divides n? Wait, no, in a regular n-gon, a regular k-gon (with k ≥ 3) can be formed if and only if k divides n? Wait, no. For example, in a regular 7-gon (n=7, prime), the regular polygons in P are the 7-gon itself (k=7) and no others, because 7 is prime, so the only regular polygons are the whole polygon (k=7) and maybe smaller ones? Wait, no: in a regular 7-gon, can you have a regular 3-gon? Let's see: the vertices are 0,1,2,3,4,5,6. A regular 3-gon would need three vertices equally spaced, so the step size d must satisfy 3d ≡ 0 mod 7, so d ≡ 0 mod 7/ gcd(3,7)=7, so d=7, which is the whole polygon. So no, in a prime n-gon, the only regular polygon is the n-gon itself. Wait, that's different from the n=15 case.

Ah, right, the key is that for a regular k-gon to be formed by vertices of a regular n-gon, the step size d must be such that the angle between consecutive vertices is 2πk/n, so the number of vertices is k, which means that n must be a multiple of k? Wait, no. Actually, in terms of cyclic groups, the vertices are Z_n, and a regular k-gon is a cyclic subgroup of Z_n of order k, but only if k divides n. Wait, no, a regular k-gon inscribed in a regular n-gon must have vertices that are equally spaced, so the difference between consecutive vertices is a constant d, so the set is {i, i+d, i+2d,..., i+(k-1)d} mod n, and this set has size k, so k is the order of d in Z_n, which is n / gcd(n, d). Therefore, k = n / g where g = gcd(n, d), so g = n / k, so g must be a positive integer divisor of n (since k must be an integer). Therefore, k must be a divisor of n? Wait, no: g = n / k, so k = n / g, so g must be a divisor of n, hence k must be a divisor of n (since g is a positive integer). Wait, in n=15, the divisors of n are 1,3,5,15. Then k = n/g: when g=1, k=15; g=3, k=5; g=5, k=3; g=15, k=1. So the regular polygons in P (with k ≥ 3) correspond to g such that k = n/g ≥ 3, so g ≤ n/3. For n=15, g=1 (k=15), g=3 (k=5), g=5 (k=3) are valid (g=15 gives k=1, which is a 1-gon, not a polygon). So the number of regular polygons of size k = n/g is equal to g, because for each g (divisor of n, g ≥ 1), there are g distinct regular polygons of size k = n/g (each starting at a different residue mod g).

Wait, in the n=15 example: g=1 (k=15), number of polygons: 1 (since g=1, only one polygon: the whole set). g=3 (k=5), number of polygons: 3 (as we saw: {0,3,6,9,12}, {1,4,7,10,13}, {2,5,8,11,14}). g=5 (k=3), number of polygons: 5 (as we saw: 5 triangles). g=15 (k=1), number of polygons: 15 (trivial 1-gons, but we don't count them as polygons). So the problem statement says ""for instance, when n=15, P consists of 1 regular 15-gon, 3 regular pentagons, and 5 regular triangles"". So that's exactly g=1,3,5 with k=15,5,3. So in general, for a given n (odd), let D(n) be the set of positive divisors of n, then for each d ∈ D(n) with d < n (since k = n/d ≥ 3, so d ≤ n/3), the number of regular polygons of size k = n/d is d. Wait, no: in the example, for k=3 (n=15), d=5 (since k = n/d ⇒ d = n/k = 15/3 = 5), and the number of polygons is d=5. For k=5, d=3, number of polygons is 3. For k=15, d=1, number of polygons is 1. So yes, for each divisor d of n where d ≥ 1 and n/d ≥ 3 (i.e., d ≤ n/3), the number of regular polygons of size m = n/d is d. Let's denote for each divisor d of n (d ≥ 1), m = n/d, so m is a positive integer, and the number of regular m-gons is d. But we only consider m ≥ 3, so d ≤ n/3.

Now, a ""good"" polygon is a regular polygon (in P) with more red points than blue points. Since each polygon has m vertices, the number of red points is r, blue points is m - r. A good polygon has r > m - r ⇒ r > m/2. Since m is an integer (the size of the polygon), this is equivalent to r ≥ floor(m/2) + 1. But since m is the size of the polygon, and n is odd, m can be even or odd? Wait, n is odd, so m = n/d, where d is a divisor of n (n is odd, so all divisors are odd). Therefore, m is odd (since n is odd and d is odd). So m is odd, so m/2 is a half-integer, so r > m/2 ⇨ r ≥ (m + 1)/2.

For each regular polygon (each of the d polygons of size m = n/d), let's consider the color of its vertices. Let's denote for a fixed polygon (i.e., a fixed set of m vertices), let r be the number of red points in it. Then it's good iff r ≥ (m + 1)/2.

Now, the game is: players A and B take turns coloring vertices, A starts, so A colors the first, third, fifth, etc., vertices (since n is odd, there are n vertices, so A colors (n+1)/2 vertices, B colors (n-1)/2 vertices). Wait, no: the problem says ""two players... take turns coloring an uncolored point, with player A starting"". So total moves: n moves, A does move 1,3,...,n (if n is odd, A does (n+1)/2 moves, B does (n-1)/2 moves). So A has more vertices: (n+1)/2 red points, B has (n-1)/2 blue points.

We need to find K(n), the largest k such that no matter how B plays, A can ensure at least k good polygons.

First, let's consider a single regular polygon of size m (odd, since n is odd and m = n/d, d divides n, so m is odd). For such a polygon, how many red points can A ensure? Since A has more vertices overall, but the polygon is a subset of the n vertices.

Wait, maybe we can model this as a combinatorial game where A wants to maximize the number of good polygons, B wants to minimize it. Since it's a ""no matter how B plays"" guarantee, we need to find the minimal number of good polygons that A can force, regardless of B's strategy.

Let's consider a single regular polygon (a ""cycle"" of m vertices). For a single m-cycle, if we have a set of vertices, and we color some red and some blue, with |red| = r, |blue| = m - r. The polygon is good iff r > m/2.

Now, in the game, the vertices are colored one by one, A choosing red, B choosing blue. For a specific m-cycle, how many red vertices can A guarantee in it?

Suppose we fix a particular m-cycle (a set S of m vertices). The game is played on all n vertices, so the coloring of S is a subset of the entire coloring. A and B can choose to color vertices in S or outside S.

To minimize the number of good polygons, B will try to color as many vertices as possible in the ""bad"" regions of each polygon, i.e., regions where the polygon has too many blue points.

But maybe we can use the concept of ""critical"" polygons: the smallest polygons, since they have fewer vertices, so the threshold for being good is lower.

Wait, in the example n=15: the polygons are size 3,5,15. For a triangle (m=3), good iff r ≥ 2 (since 2 > 1). For a pentagon (m=5), good iff r ≥ 3 (since 3 > 2). For the 15-gon, good iff r ≥ 8 (since 8 > 7).

A has (15+1)/2 = 8 red points, B has 7 blue points. Let's see: for the 15-gon, since it's the whole set, r = 8, so it's good (8 > 7), so the 15-gon is always good? Wait, in the example, when n=15, P includes the 15-gon, so is the 15-gon always good? Let's check: A has 8 red, B has 7 blue, so the 15-gon has 8 red, which is more than 7 blue, so yes, it's good. So the 15-gon is always a good polygon.

What about the triangles? Each triangle has 3 vertices. A has 8 red points, so in the entire set, 8 red. The number of red points in a triangle is r, blue is 3 - r. A good triangle needs r ≥ 2.

How many triangles can A guarantee? There are 5 triangles (for n=15). Let's see: B is trying to minimize the number of triangles with r ≥ 2.

Suppose B wants to make as many triangles as possible have r ≤ 1. Each triangle with r ≤ 1 has at most 1 red point. Since there are 5 triangles, each with 3 vertices, the total number of vertices in all triangles is 5*3 = 15 (since it's a partition of the 15 vertices: in n=15, the 5 triangles are disjoint and cover all vertices). Wait, yes! In the n=15 case, the 5 triangles are the 5 distinct 3-cycles (each of size 3), and they partition the vertex set (since 5*3=15). Similarly, the 3 pentagons partition the vertex set (3*5=15).

Ah, this is a key point: for a regular n-gon with n odd, the set of all regular polygons of size m = n/d (for d | n) can be partitioned into disjoint sets. In the case where d is a divisor, the regular polygons of size m = n/d form a partition of the vertex set into d subsets, each of size m. For example, in n=15, d=5 (m=3), the 5 triangles are a partition (each triangle has 3 vertices, 5 triangles cover 15 vertices). Similarly, d=3 (m=5), the 3 pentagons are a partition (3*5=15). And d=1 (m=15), the 1 15-gon is the whole set.

In general, for a divisor d of n (n odd), let m = n/d, so d = n/m. Then the regular polygons of size m form a partition of V into d subsets, each of size m. This is because the step size d (in the earlier notation) gives a subgroup of order m, and the cosets of this subgroup form the distinct regular polygons. Since n is odd, the subgroups are cyclic and the cosets are disjoint and cover V.

So for each divisor m of n (with m ≥ 3, since we need polygons), let d = n/m (so d is a positive integer, d ≥ 1). Then there are d disjoint regular m-gons, partitioning V.

Now, the problem states: ""P be the set of all regular polygons formed by points in V"". So P is the union over all m ≥ 3 of these regular m-gons. But in the n=15 example, P has 1+3+5=9 polygons, which are the 15-gon (1), 5 triangles (5), and 3 pentagons (3). Wait, no: the example says ""1 regular 15-gon, 3 regular pentagons, and 5 regular triangles"", so total 1+3+5=9 polygons. Each polygon is a distinct set, but they overlap? Wait, no, in the n=15 case, the 3 pentagons each have 5 vertices, and they overlap: {0,3,6,9,12}, {1,4,7,10,13}, {2,5,8,11,14} – these are disjoint? Wait, 0,3,6,9,12: 5 vertices; 1,4,7,10,13: 5 vertices; 2,5,8,11,14: 5 vertices. Total 15 vertices, so they are disjoint! Oh, right, because 15 is 3*5, so the step size 3 gives a partition into 3 cycles of length 5. Similarly, step size 5 gives a partition into 5 cycles of length 3.

Ah, I made a mistake earlier: in a cyclic group Z_n, the cosets of the subgroup generated by d (where d = n/m) are the sets {i, i+d, i+2d,..., i+(m-1)d} mod n, and these cosets are disjoint and cover Z_n. So for each d (divisor of n, d = n/m), the number of cosets is d, each of size m, and they partition V.

So in n=15, d=3 (m=5): cosets are 3 sets of 5 vertices, partitioning V.

d=5 (m=3): cosets are 5 sets of 3 vertices, partitioning V.

d=1 (m=15): coset is 1 set of 15 vertices (the whole set).

So P is the set of all these cosets (for all d where m = n/d ≥ 3). So for each divisor d of n (d ≥ 1), we have a partition of V into d subsets, each of size m = n/d. We consider only those partitions where m ≥ 3 (i.e., d ≤ n/3).

Now, a ""good"" polygon is a subset in P (i.e., a coset from some partition) with more red points than blue points.

The key insight here is that for each partition (corresponding to a divisor d of n, m = n/d), the number of good polygons in that partition is the number of cosets (subsets) that have more red points than blue points.

Let's take a specific partition: suppose we have a partition into t subsets, each of size m (so t*m = n, t = d, m = n/t). Let r_i be the number of red points in the i-th subset (i=1 to t). Then the total number of red points is R = r_1 + r_2 +... + r_t = (n+1)/2 (since A colors (n+1)/2 vertices, n is odd).

For each subset, it's good iff r_i > m/2. Since m is odd (n is odd, t = n/m is integer, so m is odd), m/2 = k + 0.5, so r_i > m/2 ⇨ r_i ≥ k + 1, where k = (m - 1)/2.

So for each subset, it's good iff r_i ≥ (m + 1)/2.

Let's denote for a partition with t subsets of size m, the number of good subsets is g. We want to find the minimal g that A can force, regardless of B's play.

In the game, A and B color the vertices one by one. A wants to maximize g, B wants to minimize g.

For a single partition (t subsets), the question is: given that A colors R = (n+1)/2 vertices, what's the minimal number of subsets with r_i ≥ (m + 1)/2 that A can guarantee?

This is a classic problem in combinatorics: given a partition into t subsets of size m, and R red vertices, what's the minimal number of subsets with at least s red vertices (s = (m + 1)/2).

To minimize the number of good subsets, B will try to put as many red vertices as possible into as few subsets as possible (to make the other subsets have fewer red vertices). Wait, no: B is the one coloring blue, so B is trying to make the red vertices be distributed such that as many subsets as possible have r_i ≤ s - 1 (where s = (m + 1)/2).

Let's fix s = (m + 1)/2. Then a subset is bad if r_i ≤ s - 1 = (m - 1)/2.

Let b be the number of bad subsets. Then the total number of red vertices in bad subsets is ≤ b*(s - 1) = b*(m - 1)/2.

The remaining t - b subsets are good, so they have ≥ s red vertices each, so total red vertices ≥ (t - b)*s.

Therefore, total red vertices R ≥ (t - b)*s - b*(s - 1) = (t - b)*s - b*s + b = t*s - 2b*s + b = t*s - b*(2s - 1).

Wait, better to write:

Total red R = sum r_i ≥ (t - b)*s + sum_{bad} r_i ≥ (t - b)*s (since bad subsets have r_i ≥ 0, but actually we want the minimal R for a given b, so to find the minimal b such that R ≥ (t - b)*s + 0, but B is trying to minimize the number of good subsets, so B will try to maximize the number of bad subsets, i.e., minimize the number of good subsets.

To maximize the number of bad subsets b, B will try to have as many subsets as possible with r_i ≤ s - 1. The maximum possible b is the largest integer such that b*(s - 1) + (t - b)*0 ≤ R (but actually, since A is coloring red, the red vertices are chosen by A and B, with A choosing red and B choosing blue).

Wait, maybe it's better to think in terms of the game: A and B alternately choose vertices to color red and blue. A wants to maximize the number of good polygons, B wants to minimize it.

For a single partition (t subsets, each size m), the game on this partition is that the players choose vertices from the entire set, but the color of a vertex affects its subset.

To minimize the number of good subsets, B will try to color as many vertices as possible in the ""critical"" positions of the subsets, i.e., the positions that are in subsets that are likely to be bad.

But since A goes first, A can choose to color vertices in a way that ensures certain subsets have enough red points.

Let's take the smallest possible polygons first, since they have the smallest m, so s = (m + 1)/2 is smaller, so it's easier to have a good polygon.

For example, in n=15, the smallest polygons are the triangles (m=3), s = 2 (since 3/2 = 1.5, so r ≥ 2).

There are 5 triangles (t=5, m=3). A has 8 red points. What's the minimal number of good triangles A can guarantee?

Suppose B tries to make as many triangles as possible have ≤1 red point. Each bad triangle has at most 1 red point, so the maximum number of red points in bad triangles is b*1 (if b triangles are bad, each with 1 red point). The remaining 5 - b triangles have at least 2 red points each, so total red points ≥ 2*(5 - b) + 0*b = 10 - 2b.

But A has 8 red points, so 10 - 2b ≤ 8 ⇒ 2b ≥ 2 ⇒ b ≤ 4. Wait, but we want the minimal number of good triangles, which is 5 - b. To find the minimal 5 - b, we need the maximal b such that the red points can be arranged with b bad triangles.

The maximum number of red points in b bad triangles is b*1 (since each bad triangle has ≤1 red point), and the remaining 5 - b triangles have ≥2 red points each, so total red points ≥ 2*(5 - b) + 0*b = 10 - 2b.

But A has exactly 8 red points, so 10 - 2b ≤ 8 ⇒ b ≥ 1. Wait, no: the total red points is 8, so 8 = (red in bad triangles) + (red in good triangles) ≤ b*1 + (5 - b)*3 (since each good triangle has ≤3 red points). But we want the lower bound on good triangles.

The standard inequality for the minimal number of subsets with ≥ s elements: if you have t subsets, each of size m, total elements n = t*m, and R red elements, then the minimal number of subsets with ≥ s elements is at least R - (t - 1)*(s - 1).

Wait, yes! This is a classic result from the pigeonhole principle. Suppose we have t subsets, and we want to maximize the number of subsets with < s elements (i.e., ≤ s - 1 elements). The maximum number of red elements in these subsets is (s - 1)*b, where b is the number of such subsets. The remaining t - b subsets have at least s elements each, so total red elements ≥ (t - b)*s. Therefore:

R ≥ (t - b)*s ⇒ b ≥ t - R/s.

But we want the minimal number of good subsets, which is t - b, so:

t - b ≤ t - (t - R/s) = R/s.

Wait, maybe better to use the following: the minimal number of subsets with ≥ s elements is at least ⌈R - (t - 1)*(s - 1)⌉.

Let's test with n=15, m=3, t=5, s=2 (since m=3, s=(3+1)/2=2).

R = 8 (A's red points).

We want the minimal number of subsets with ≥2 red points.

Suppose b is the number of subsets with ≤1 red point. Then total red points ≤ b*1 + (5 - b)*3 = 3*5 - 2b = 15 - 2b.

But A has 8 red points, so 15 - 2b ≥ 8 ⇒ 2b ≤ 7 ⇒ b ≤ 3.5 ⇒ b ≤ 3.

Therefore, the number of subsets with ≥2 red points is 5 - b ≥ 5 - 3 = 2.

Wait, let's check: if b=3, then total red points ≤ 3*1 + 2*3 = 3 + 6 = 9. Since A has 8 ≤ 9, it's possible. For example, 3 subsets with 1 red, 2 subsets with 3 red: total red = 3*1 + 2*3 = 9, but A has 8, so maybe 3 subsets with 1 red, 1 subset with 2 red, 1 subset with 3 red: total red = 1+1+1+2+3=8. In this case, the good subsets are the ones with 2 or 3 red points: 2 subsets (the one with 2 and the one with 3). Wait, but a subset with 2 red points is good (2 > 1), so yes, 2 good triangles.

Can B make it so that there are only 1 good triangle? Let's see: 1 good triangle (≥2 red points), 4 bad triangles (≤1 red point). Total red points ≤ 1*3 + 4*1 = 7. But A has 8 red points, which is more than 7, so impossible. Therefore, the minimal number of good triangles is 2.

What about the pentagons (m=5, s=3, since 5/2=2.5, so r ≥3). There are 3 pentagons (t=3, m=5). R=8.

Let b be the number of bad pentagons (≤2 red points). Total red points ≤ 2b + 3*5 (wait, no: total red points = sum r_i ≤ 2b + 3*(3 - b) = 9 - b (since 3 - b good pentagons have ≥3 red points each, so total red ≥ 3*(3 - b), but we want upper bound for red points in bad pentagons).

Wait, to find the minimal number of good pentagons, we need the maximal b such that total red points ≤ 2b + 3*(3 - b) = 9 - b. Since A has 8 red points, 9 - b ≥ 8 ⇒ b ≤ 1. So the number of good pentagons is 3 - b ≥ 2.

Check: if b=1 (1 bad pentagon, ≤2 red), 2 good pentagons (≥3 red). Total red points ≤ 2*1 + 3*2 = 2 + 6 = 8. Perfect, so A can have exactly 8 red points: 2 red in the bad pentagon, 3 red in each good pentagon. So there are 2 good pentagons.

The 15-gon (m=15, s=8, since 15/2=7.5, so r ≥8). There's 1 polygon, r=8, so it's good. So total good polygons: 2 (triangles) + 2 (pentagons) + 1 (15-gon) = 5.

Wait, the problem says ""K(n) is the largest positive integer k such that no matter how player B plays, player A can ensure that there are at least k good polygons"". In the n=15 example, is K(15)=5?

Let's verify with the counts:

- Triangles: minimal good = 2

- Pentagons: minimal good = 2

- 15-gon: always good (1)

Total: 2+2+1=5.

Is it possible that B can make it less? For the triangles, we saw that B can't make fewer than 2 good triangles (since 1 good triangle would require at least 3 red points in it, but with 1 good triangle and 4 bad triangles, max red points is 3 + 4*1 = 7 < 8). For pentagons, 1 good pentagon would require at least 3 red points in it, and 2 bad pentagons with at most 2 red each: total red ≤ 3 + 2*2 = 7 < 8, so B can't make fewer than 2 good pentagons. The 15-gon is always good, so total 5.

Now, let's generalize.

For a regular n-gon (n odd), let's list all the partitions (corresponding to divisors d of n, where d = n/m, m = n/d ≥ 3). For each such partition with t = d subsets (each of size m = n/d), the minimal number of good subsets A can guarantee is g(t, m) = ?

From the earlier example, for a partition with t subsets of size m (m odd), A has R = (n + 1)/2 red points.

A good subset has ≥ s = (m + 1)/2 red points.

The minimal number of good subsets g is the smallest integer such that:

g*s + (t - g)*(s - 1) ≤ R

Wait, no: the minimal g is such that the maximum number of red points in t - g bad subsets (each with ≤ s - 1 red points) plus the minimum number of red points in g good subsets (each with ≥ s red points) is ≤ R. But since A is trying to maximize g, and B is trying to minimize g, the minimal g A can guarantee is the smallest g where even if B tries to make as many subsets as possible bad, A still has enough red points to have at least g good subsets.

The standard formula here is that the minimal number of good subsets is at least ⌈(R - (t - 1)*(s - 1))⌉.

Let's derive it:

Suppose B tries to make b subsets bad (each with ≤ s - 1 red points). Then the maximum number of red points that can be in bad subsets is b*(s - 1). The remaining t - b subsets must have at least s red points each, so total red points R ≥ (t - b)*s + 0*b = (t - b)*s.

Wait, no: the total red points is fixed at R, so:

b*(s - 1) + (t - b)*s ≥ R

Because the worst case for B (to minimize good subsets) is that the bad subsets have as many red points as possible (s - 1), and the good subsets have as few as possible (s). So to find the maximal b (number of bad subsets) such that the total red points is ≤ b*(s - 1) + (t - b)*s = t*s - b.

Wait, no: if B wants to maximize b (bad subsets), then the total red points R must be ≤ b*(s - 1) + (t - b)*m (but m is the size of the subset, which is larger than s - 1). Wait, I think I confused the variables.

Let's use the following approach: for a single partition into t subsets of size m, the number of red points is R = (n + 1)/2.

A subset is good if it has at least s = ⌈m/2⌉ red points (since m is odd, s = (m + 1)/2).

The minimal number of good subsets g is the smallest integer such that:

g*s + (t - g)*0 ≤ R

But that's not helpful. Instead, consider that if all subsets were bad, the maximum number of red points would be (t - 1)*(s - 1) (since t - 1 subsets have s - 1 red points, and 1 subset has 0). Wait, no: to maximize the number of red points with g good subsets, but we want the minimal g such that even in the worst case, g is at least something.

Another angle: in the game, A can choose to color vertices in a way that ensures that for each small polygon, there are enough red points.

Notice that the smallest polygons (with smallest m) have the smallest s, so they are easier to be good. For example, the smallest m is 3 (since n ≥ 3, and n is odd, the smallest possible polygon size is 3, as in the n=15 example).

Wait, for n=3 (the smallest odd n ≥3), let's check.

n=3: V has 3 vertices. P consists of 1 regular 3-gon (the whole set). A colors 2 vertices red, B colors 1 blue. The 3-gon has 2 red, 1 blue, so it's good (2 > 1). So K(3)=1.

For n=5: divisors of 5 are 1,5. So m=5 (d=1) and m=1 (d=5, which is a 1-gon, not counted). So P has 1 regular 5-gon. A has (5+1)/2=3 red points, B has 2 blue points. The 5-gon has 3 red, 2 blue, so it's good. So K(5)=1.

Wait, but wait: in n=5, are there any smaller regular polygons? A regular polygon must have at least 3 vertices, so in n=5, the only regular polygon is the 5-gon itself (since you can't have a regular 3-gon in a 5-gon; the step sizes would not give a 3-gon). Let's confirm: in Z_5, a 3-gon would require a subset of 3 vertices with equal spacing, but 3*2=6 ≡ 1 mod 5, so the step size d would need 3d ≡ 0 mod 5 ⇒ d ≡ 0 mod 5, so only the whole set. So yes, for prime n (n ≥ 3), the only regular polygon in P is the n-gon itself.

For n=7 (prime), same thing: only the 7-gon is in P. A has 4 red points, B has 3 blue points. The 7-gon has 4 red > 3 blue, so it's good. So K(7)=1.

But wait, the n=15 example had K(15)=5. Let's see the pattern.

For n=15, the divisors d (where d = n/m, m ≥3) are d=1 (m=15), d=3 (m=5), d=5 (m=3). So the partitions are:

- d=1: 1 subset (m=15)

- d=3: 3 subsets (m=5)

- d=5: 5 subsets (m=3)

For each partition:

- d=1 (m=15): g=1 (always good, since R=8 ≥ 8)

- d=3 (m=5): s=3, R=8. The minimal good subsets: Let's compute using the formula.

Total red points R = 8.

For a partition with t=3 subsets, each size m=5.

To have b bad subsets (each with ≤2 red points), the maximum red points in bad subsets is 2b.

The good subsets (3 - b) have at least 3 red points each, so total red points ≥ 3*(3 - b) + 0*b = 9 - 3b.

But R=8, so 9 - 3b ≤ 8 ⇒ 3b ≥ 1 ⇒ b ≥ 1 (since b integer). Wait, no, we want the minimal number of good subsets, which is 3 - b, so to find the maximal b such that 2b + 3*(3 - b) ≥ 8 (since B wants to maximize b, the number of bad subsets, by having as many red points as possible in bad subsets).

Wait, the maximum number of red points that can be in b bad subsets is 2b (since each bad subset has ≤2 red points), and the remaining 3 - b subsets have at least 0 red points, but actually, A is coloring red, so the red points are chosen by A and B. Wait, no: in the game, A and B alternate, so A chooses red, B chooses blue. So the red points are a set of size R=(n+1)/2, chosen by A (since A picks red vertices, B picks blue vertices).

Wait, actually, the problem says: ""no matter how player B plays, player A can ensure that there are at least k good polygons"". So A can choose which vertices to color red (since A starts and chooses the next uncolored point), so A can adaptively choose vertices to maximize the number of good polygons, while B chooses vertices to minimize it.

In combinatorial game theory, this is a ""winning strategy"" for A: A can choose a strategy that, regardless of B's moves, results in at least k good polygons.

For each partition (a set of disjoint regular polygons), A can try to ensure that each partition has a certain number of good polygons.

Let's consider the case where n is a multiple of 3, say n=3m. Then the partitions are:

- d=1: 1 polygon of size n

- d=3: 3 polygons of size m

- d=m: m polygons of size 3 (if m ≥3)

- d=n: n polygons of size 1 (not counted)

In the n=15 case, m=5 (n=3*5), so d=3 gives 3 polygons of size 5, d=5 gives 5 polygons of size 3.

For a partition with t polygons of size m (t = n/m), the number of red points R = (n + 1)/2 = (t*m + 1)/2.

A good polygon in this partition has ≥ s = (m + 1)/2 red points.

The key observation is that for the smallest polygons (size 3), each has s=2 red points needed to be good. There are t= n/3 such polygons (since for m=3, t=n/3).

Let's compute for a general n (odd, n ≥3):

First, list all divisors d of n where d ≥1 and m = n/d ≥3 (so d ≤ n/3).

For each such d, we have a partition into d subsets of size m = n/d.

For each partition, the minimal number of good subsets that A can guarantee is:

Let t = d, m = n/d.

s = (m + 1)/2 (since m is odd, s is integer).

A has R = (n + 1)/2 red points.

The minimal number of good subsets g in this partition is the smallest integer such that:

g*s + (t - g)*(s - 1) ≤ R

Wait, no: the worst case for A is that B tries to make as many subsets as possible have ≤ s - 1 red points. The maximum number of red points in t - g subsets (bad) is (s - 1)*(t - g), and the minimum number of red points in g subsets (good) is g*s. So total red points R ≥ g*s + (t - g)*0 (but actually, the red points are fixed at R, so B can try to put as many red points as possible into bad subsets).

Wait, let's use the following inequality: the number of good subsets g satisfies:

g ≥ R - (t - 1)*(s - 1)

Because if you have t - 1 subsets with at most s - 1 red points, the maximum number of red points in those is (t - 1)*(s - 1), so the remaining red points must be in the last subset, which is g = 1. But we want the lower bound on g.

Actually, the standard result is that in any set of t subsets, the number of subsets with at least s elements is at least ⌈(R - (t - 1)*(s - 1))⌉.

Let's test with n=15, m=3 (t=5, s=2):

R = 8, (t - 1)*(s - 1) = 4*1 = 4. So g ≥ ⌈8 - 4⌉ = ⌈4⌉ = 4? But we saw earlier that it's 2. So that formula is wrong.

Wait, no, the correct formula is: the minimal number of subsets with ≥ s elements is at least ⌈(R - (t - 1)*(m - s))⌉, but maybe I need to think differently.

Let's go back to the n=15 example:

- Triangles (m=3, t=5): each triangle has 3 vertices. A has 8 red points. The maximum number of triangles that can have ≤1 red point is b, so 8 ≤ b*1 + (5 - b)*3. Solving for b: 8 ≤ 15 - 2b ⇒ 2b ≤ 7 ⇒ b ≤ 3. So the number of good triangles is 5 - b ≥ 2.

- Pentagons (m=5, t=3): each pentagon has 5 vertices. A has 8 red points. 8 ≤ b*2 + (3 - b)*5 ⇒ 8 ≤ 15 - 3b ⇒ 3b ≤ 7 ⇒ b ≤ 2. So number of good pentagons is 3 - b ≥ 1? Wait, earlier I thought it was 2, but let's recalculate.

Wait, for pentagons: a good pentagon needs r ≥ 3 (since 5/2 = 2.5, so r > 2.5 ⇒ r ≥ 3). A bad pentagon has r ≤ 2.

Total red points R = 8.

If b is the number of bad pentagons (r ≤ 2), then total red points ≤ 2b + 5*(3 - b) = 15 - 3b.

We have 8 ≤ 15 - 3b ⇒ 3b ≤ 7 ⇒ b ≤ 2 (since b integer). So b can be 2, so number of good pentagons is 3 - 2 = 1.

Wait, this contradicts my earlier thought. Let's take an example: 2 bad pentagons (each with 2 red points), 1 good pentagon (with 4 red points). Total red points: 2*2 + 4 = 8. So there is 1 good pentagon. Can B make it so that there's only 1 good pentagon? Yes.

But earlier I thought it was 2, but that was a mistake.

Wait, in the n=15 example, the problem says ""P consists of 1 regular 15-gon, 3 regular pentagons, and 5 regular triangles"". So total polygons: 1 + 3 + 5 = 9.

Let's list all possible colorings:

- A has 8 red, B has 7 blue.

For the 15-gon: 8 red > 7 blue ⇒ good (1).

For the 3 triangles (wait, no, 5 triangles): each triangle has 3 vertices, 5 triangles partition the 15 vertices.

Suppose B tries to make as many triangles as possible have 1 red point. Let's say 3 triangles have 1 red, 2 triangles have 2 red (since 3*1 + 2*2 = 3 + 4 = 7 red points in triangles, but A has 8 red points, so the 15-gon has 8 red points, which are the same as the red points in the triangles? No, wait, the 15-gon is the entire set, so the red points in the 15-gon are the same as the red points in the triangles and pentagons.

Ah, here's the confusion: the regular polygons overlap! In the n=15 example, the 3 pentagons are disjoint (each has 5 vertices, 3*5=15), and the 5 triangles are disjoint (each has 3 vertices, 5*3=15), but the 15-gon is the whole set. So the polygons are not disjoint; the 15-gon contains all the others.

This is a critical mistake I made earlier. The regular polygons in P are not disjoint; they are all subsets of V, but they can overlap. For example, in n=15, a triangle (e.g., {0,5,10}) is a subset of the 15-gon, and it's also a subset of the pentagons? No, the pentagons are {0,3,6,9,12}, {1,4,7,10,13}, {2,5,8,11,14}, so the triangle {0,5,10} has vertices 0,5,10, which are in different pentagons (0 in pentagon 1, 5 in pentagon 3, 10 in pentagon 2).

So the regular polygons in P are all the cyclic subgroups (for each step size d), but they are not disjoint. The problem statement says ""for instance, when n=15, P consists of 1 regular 15-gon, 3 regular pentagons, and 5 regular triangles"". So for n=15, the number of regular k-gons is:

- k=15: 1 (the whole set)

- k=5: 3 (as there are 3 distinct step sizes that give 5-gons, but actually, for each k, the number of regular k-gons is n / k if k divides n? Wait, no, in a regular n-gon, the number of distinct regular k-gons is n / k when k divides n, because you can start at any vertex, but they repeat every n/k steps.

Wait, the correct formula for the number of regular k-gons in a regular n-gon is n / k if k divides n, otherwise 0. Because to form a regular k-gon, the vertices must be spaced by d = n / k steps (so k*d = n), so the number of distinct regular k-gons is n / k (since starting at vertex 0 gives {0, d, 2d,..., (k-1)d}, starting at vertex 1 gives {1, d+1,...}, etc., and there are n / k distinct ones before repeating).

Yes, that makes sense. For n=15, k=3: 15/3=5 regular triangles (correct). k=5: 15/5=3 regular pentagons (correct). k=15: 15/15=1 regular 15-gon (correct). k=1: 15/1=15, but we don't count 1-gons.

So in general, for a regular n-gon (n odd), the number of regular k-gons in P (k ≥ 3) is n / k if k divides n, otherwise 0. Wait, but k must be such that a regular k-gon can be formed, which requires that k divides n? No, for example, in a regular 9-gon, you can have a regular 3-gon (k=3, 9/3=3), but you can also have a regular 6-gon? Wait, no: a regular 6-gon inscribed in a regular 9-gon would have vertices spaced by 9/6 = 1.5 steps, which is not an integer, so you can't have a regular 6-gon with integer step sizes. Therefore, regular k-gons in V can only exist if k divides n? Wait, no: the step size d must be an integer, so the number of vertices in the k-gon is k, so k*d ≡ 0 mod n ⇒ d = n / g where g = gcd(k, n). Wait, maybe it's better to use the concept of ""cyclic subgroups"" of the cyclic group Z_n.

In Z_n, the number of distinct cyclic subgroups of order k is φ(k) if k divides n, but no, in Z_n, the subgroups are unique for each divisor. The number of elements of order k in Z_n is φ(k) if k divides n, otherwise 0. But a regular k-gon is a set of k vertices that form a regular k-gon, which is equivalent to a cyclic subgroup of Z_n of order k (since the vertices are equally spaced).

Wait, the key point from the problem statement: ""when n=15, P consists of 1 regular 15-gon, 3 regular pentagons, and 5 regular triangles"". So for n=15, the number of regular k-gons is:

- k=15: 1

- k=5: 3 (15/5=3)

- k=3: 5 (15/3=5)

So it's n/k for each k that divides n, where k ≥ 3.

Yes, because for each divisor k of n (k ≥ 3), the number of regular k-gons is n/k. Because you can start at any of the n vertices, but each regular k-gon is counted n/k times (since each k-gon has k vertices, and rotating by d steps gives the same polygon). Wait, no: in the example, n=15, k=5, number of regular pentagons is 3, which is 15/5=3. So yes, for each k that divides n (k ≥ 3), the number of regular k-gons is n/k.

So in general, for odd n ≥ 3, the set P consists of all regular k-gons where k is a divisor of n with k ≥ 3, and for each such k, there are n/k regular k-gons.

Now, a ""good"" polygon is a regular k-gon (for some k | n, k ≥ 3) with more red points than blue points. Since a k-gon has k vertices, it's good iff red points r > k - r ⇒ r > k/2.

Since n is odd, all k (divisors of n) are odd (because n is odd), so k is odd, so k/2 = m + 0.5, so r ≥ m + 1 where m = (k - 1)/2.

Now, the game: A colors (n + 1)/2 vertices red, B colors (n - 1)/2 vertices blue.

We need to find the minimal number of good polygons that A can guarantee, regardless of B's play.

Let's consider the smallest k first, because smaller k have lower thresholds (r ≥ (k + 1)/2).

The smallest possible k is 3 (since n ≥ 3, and n is odd, 3 is the smallest divisor ≥3 that can form a polygon; for prime n, the only k is n itself).

For a given n, let's list all divisors k of n with k ≥ 3, and for each k, let c_k = n/k (number of regular k-gons).

For each k, a regular k-gon is good iff it has at least s_k = (k + 1)/2 red points.

A has R = (n + 1)/2 red points.

The question is: what's the minimal number of good k-gons over all k that A can guarantee.

To find K(n), we need to consider the worst-case scenario where B tries to minimize the number of good polygons, so B will focus on the k-gons with the smallest s_k (i.e., smallest k) because they are easier to make bad (since s_k is small, it's easier to have r ≤ s_k - 1).

Let's take n=3:

- Divisors k ≥3: k=3.

- c_3 = 3/3 = 1.

- s_3 = 2.

- A has R=2 red points. The only polygon has 2 red points > 1 blue, so it's good. K(3)=1.

n=5 (prime):

- Divisors k ≥3: k=5.

- c_5 = 5/5 = 1.

- s_5 = 3.

- A has R=3 red points. The polygon has 3 red > 2 blue, so good. K(5)=1.

n=7 (prime):

- Same as n=5: K(7)=1.

n=9 (divisors k ≥3: 3,9):

- k=3: c_3=9/3=3 regular triangles.

- k=9: c_9=1 regular 9-gon.

For k=3: s_3=2 (r ≥2).

A has R=(9+1)/2=5 red points.

B wants to minimize the number of good triangles (each triangle has 3 vertices).

Let b be the number of bad triangles (r ≤1).

Total red points ≤ 1*b + 3*(3 - b) = 9 - 2b.

We have 5 ≤ 9 - 2b ⇒ 2b ≤ 4 ⇒ b ≤ 2.

So number of good triangles = 3 - b ≥ 1.

For k=9: s_9=5 (r ≥5). The 9-gon has 5 red points, which is > 4 blue, so it's good (1).

Total good polygons: 1 (triangles) + 1 (9-gon) = 2.

Is it possible that B makes fewer than 1 good triangle? If b=3 (all triangles bad), then total red points ≤ 3*1=3 < 5, impossible. So minimal good triangles is 1. Good 9-gon: always good. So K(9)=2.

n=15 (as in the problem):

- Divisors k ≥3: 3,5,15.

- k=3: c_3=15/3=5 triangles, s_3=2.

- k=5: c_5=15/5=3 pentagons, s_5=3.

- k=15: c_15=1, s_15=8.

A has R=8 red points.

For k=3 (triangles):

Total red points ≤ 1*b + 3*(5 - b) = 15 - 2b.

8 ≤ 15 - 2b ⇒ b ≤ 3.5 ⇒ b ≤3.

So good triangles = 5 - b ≥ 2.

For k=5 (pentagons):

Total red points ≤ 2*b + 5*(3 - b) = 15 - 3b.

8 ≤ 15 - 3b ⇒ b ≤ 7/3 ⇒ b ≤2.

So good pentagons = 3 - b ≥ 1.

For k=15 (15-gon):

Red points =8 ≥8 (s_15=8), so good (1).

Total good polygons: 2 + 1 + 1 = 4? Wait, earlier I thought it was 5, but let's recalculate.

Wait, for k=5, b=2 (bad pentagons), so 2 pentagons have ≤2 red points, 1 pentagon has ≥3 red points. Total red points ≤ 2*2 + 3*3 = 4 + 9 = 13, but A has 8, so it's possible: 2 pentagons with 2 red points (total 4), 1 pentagon with 4 red points (total 8). So good pentagons: 1 (the one with 4 red points).

For k=3: b=3 bad triangles (each with 1 red point, total 3), 2 good triangles (each with 2 red points, total 4), total red points: 3 + 4 = 7. But A has 8 red points, so one more red point: maybe 1 bad triangle with 2 red points? No, bad triangles have ≤1 red points. Wait, red points in bad triangles ≤1, so 3 bad triangles have ≤3 red points, 2 good triangles have ≥2 each, so total red points ≥ 2*2 + 0*3 = 4, but A has 8, so 8 = 3*1 + 2*2 + 1*3 (but 3+4+3=10 >8). Let's do it properly:

Let b be the number of bad triangles (r ≤1), so r_i ≤1 for i=1..b, r_j ≥2 for j=b+1..5.

Total red points R = sum r_i = (sum_{i=1}^b r_i) + (sum_{j=b+1}^5 r_j) ≤ b*1 + 5*3 (but we want the lower bound for R in terms of b).

Actually, to find the minimal number of good triangles, we need the maximal b such that R ≥ (5 - b)*2 (since each good triangle has at least 2 red points).

So 8 ≥ 2*(5 - b) ⇒ 5 - b ≤ 4 ⇒ b ≥ 1. Wait, no: the minimal number of good triangles is the smallest g such that g*2 ≤ R (but that's not helpful).

Let's use the pigeonhole principle: the number of red points is 8. If there are g good triangles (each with ≥2 red points), then the number of red points in bad triangles is ≤ (5 - g)*1 (since bad triangles have ≤1 red point).

So total red points R = (red in good) + (red in bad) ≥ 2g + 0*(5 - g) = 2g.

But we have R=8, so 2g ≤ 8 ⇒ g ≤4, which is not helpful.

Wait, the correct inequality for the minimal number of good subsets is:

Let g be the number of good subsets (each with ≥ s red points). Then the total red points R ≥ g*s + (t - g)*0 (but we want the lower bound on g).

The maximum number of red points that can be in t - g subsets with < s red points is (s - 1)*(t - g). Therefore:

R ≤ (s - 1)*(t - g) + m*g (where m is the size of the subset, but we don't need that).

Wait, no, since the subsets are of size k (the polygon size), the maximum number of red points in t - g subsets (bad) is (s - 1)*(t - g), and the minimum number of red points in g subsets (good) is g*s. But we want to find the minimal g such that even if B tries to maximize the number of bad subsets, A still has at least g good subsets.

The key is that for each polygon (k-gon), the number of red points r satisfies 0 ≤ r ≤ k.

B will try to make as many k-gons as possible have r ≤ floor(k/2).

For a k-gon, floor(k/2) = (k - 1)/2 (since k is odd).

Let's define for each k (divisor of n, k ≥3), let f(k) be the number of k-gons that A can guarantee to be good.

To find K(n), we need to sum f(k) over all k | n, k ≥3.

Now, consider the case where n is a multiple of 3, say n=3m, and m is odd (since n is odd).

For n=3m, the divisors k of n with k ≥3 are:

- k=3: c_3 = n/3 = m

- k=m: c_m = n/m = 3 (if m ≥3)

- k=n: c_n = 1

- other divisors (if any)

Let's take n=9 (m=3):

- k=3: c=3, s=2

- k=9: c=1, s=5

A has R=5.

For k=3: To have b bad triangles (r ≤1), total red points ≤ b*1 + 3*(3 - b) = 9 - 2b.

We need 5 ≤ 9 - 2b ⇒ b ≤ 2. So good triangles = 3 - b ≥ 1.

For k=9: r=5 ≥5, so good (1).

Total K(9)=1+1=2.

n=15 (m=5):

- k=3: c=5, s=2

- k=5: c=3, s=3

- k=15: c=1, s=8

A has R=8.

For k=3:

Max bad triangles b: 8 ≤ 1*b + 3*(5 - b) ⇒ 8 ≤ 15 - 2b ⇒ b ≤ 3.5 ⇒ b=3.

Good triangles = 5 - 3 = 2.

For k=5:

Max bad pentagons b: 8 ≤ 2*b + 5*(3 - b) ⇒ 8 ≤ 15 - 3b ⇒ b ≤ 7/3 ⇒ b=2.

Good pentagons = 3 - 2 = 1.

For k=15:

r=8 ≥8, good (1).

Total K(15)=2+1+1=4.

Wait, earlier I thought it was 5, but the calculation shows 4.

Let's check with actual numbers:

- 2 good triangles: each has 2 red points (2*2=4 red points)

- 3 bad triangles: each has 1 red point (3*1=3 red points)

Total red points in triangles: 4 + 3 = 7.

- 1 good pentagon: has 4 red points (4 ≥3)

- 2 bad pentagons: each has 2 red points (2*2=4 red points)

Total red points in pentagons: 4 + 4 = 8.

But wait, the total red points should be 8, so there's a conflict here. The red points in triangles and pentagons overlap, so we can't just add them.

Ah, here's the big mistake: the regular polygons overlap, so the red points in different polygons are not independent. This means that the earlier approach of partitioning the vertex set is incorrect because the polygons overlap.

The problem statement says: ""for instance, when n=15, P consists of 1 regular 15-gon, 3 regular pentagons, and 5 regular triangles"". In this case, the 15-gon is the whole set, the 3 pentagons are each 5 vertices (disjoint), and the 5 triangles are each 3 vertices (disjoint). Wait, no, in n=15, the 3 pentagons are disjoint (3*5=15), and the 5 triangles are disjoint (5*3=15), but the 15-gon is the union of all.

Actually, in a regular n-gon, the set of all regular k-gons (for k dividing n) forms a family of disjoint subsets when k is a divisor. For example, for n=15, k=3: the 5 triangles are the cosets of the subgroup of order 3 (which has index 5), so they are disjoint. Similarly, k=5: the 3 pentagons are the cosets of the subgroup of order 5 (index 3), so they are disjoint.

This means that for each divisor k of n, the regular k-gons form a partition of V into n/k subsets (each of size k). This is a key point from group theory: in the cyclic group Z_n, the cosets of the subgroup H (where H has order k) are disjoint and cover Z_n, and there are n/k cosets.

Therefore, for each divisor k of n, we have a partition of V into t = n/k subsets (each of size k), and these subsets are the regular k-gons in P.

Importantly, different partitions (for different k) overlap, but for each fixed k, the k-gons form a partition.

So for n=15:

- k=3: partition into 5 subsets (triangles), each of size 3 (disjoint)

- k=5: partition into 3 subsets (pentagons), each of size 5 (disjoint)

- k=15: partition into 1 subset (15-gon), size 15 (the whole set)

Now, the key is that for each partition (corresponding to a divisor k), the number of good polygons in that partition is the number of subsets (k-gons) that have more red points than blue points.

Since the partitions are disjoint within themselves, the red points in a partition are the red points in the subsets of that partition.

So for the k=3 partition (5 subsets, each size 3), the total red points in this partition is R_3, and the red points in the k=5 partition (3 subsets, each size 5) is R_5, etc., with R_3 + R_5 +... = R (total red points).

But actually, each vertex is in exactly one subset of each partition. For example, a vertex is in one triangle (k=3 partition), one pentagon (k=5 partition), and the 15-gon (k=15 partition).

This is crucial: the partitions are for different k, so each vertex is in multiple polygons (one from each partition).

However, the problem states that a ""good"" polygon is a regular polygon (in P) with more red points than blue points. So we need to count, for each polygon (each subset in each partition), whether it has more red points than blue points.

Now, the game is played on the entire vertex set, with A and B coloring vertices. A wants to maximize the number of good polygons, B wants to minimize it.

To find K(n), we need to find the minimal number of good polygons that A can force, regardless of B's play.

Let's consider the smallest partition (smallest k), which has the most subsets (since t = n/k, so smaller k means larger t).

For a partition with t subsets of size k (t = n/k), each subset is a regular k-gon.

A has R = (n + 1)/2 red points.

For a subset to be good, it needs r > k/2, so r ≥ (k + 1)/2 (since k is odd).

Let's denote for a partition with t subsets, the minimal number of good subsets that A can guarantee is g(t, k).

In the worst case, B will try to make as many subsets as possible have r ≤ (k - 1)/2.

The maximum number of red points B can force into bad subsets (r ≤ (k - 1)/2) is t' * (k - 1)/2, where t' is the number of bad subsets.

The remaining red points must be in good subsets, so:

R - t' * (k - 1)/2 ≥ (t - t') * (k + 1)/2

Solving for t':

R ≥ t' * (k - 1)/2 + (t - t') * (k + 1)/2

R ≥ t' * (k - 1 - k - 1)/2 + t * (k + 1)/2

R ≥ t' * (-1) + t * (k + 1)/2

t' ≤ t * (k + 1)/2 - R

Since t = n/k, and R = (n + 1)/2, we have:

t' ≤ (n/k) * (k + 1)/2 - (n + 1)/2 = (n(k + 1) - k(n + 1))/(2k) = (nk + n - kn - k)/(2k) = (n - k)/(2k)

Since t' must be an integer ≥0, the number of bad subsets t' ≤ floor((n - k)/(2k)).

But this might not be helpful.

Let's take n=3:

- Only partition: k=3, t=1.

- R=2, (k + 1)/2=2.

- Good subsets: 1 (since 2 ≥2).

- K(3)=1.

n=5:

- Only partition: k=5, t=1.

- R=3, (k + 1)/2=3.

- Good subsets: 1.

- K(5)=1.

n=7:

- Same as n=5: K(7)=1.

n=9:

- Partitions: k=3 (t=3), k=9 (t=1).

- For k=3: t=3, k=3, (k + 1)/2=2.

- R=5.

- To find the minimal good subsets g:

  - If g=1: then 1 subset has ≥2 red points, 2 subsets have ≤1 red point.

  - Total red"
752,"This is a complex or challenging question, and it is difficult to provide a direct and correct answer. I need to think about it.
Well, so we have a parallelogram ABCD, and a plane P with distances from A, B, C to P given: 49, 25, 36. Need to find all possible distances from D to P and sum them. Hmm, parallelograms have opposite sides equal and parallel, so maybe the key is that in a parallelogram, the midpoints of the diagonals coincide? Wait, but here we're dealing with distances to a plane. Maybe I should model the plane as a coordinate plane to make it easier? Let's think in 3D coordinates because it's a plane in space, but maybe we can set up coordinates so that the plane P is the xy-plane? Wait, no, actually, the distance from a point to a plane is absolute value, but maybe we need to consider signed distances?

Oh! Right! Signed distances might be the trick here. Because if we think of the plane P, we can assign a sign to the distance depending on which side of the plane the point is on. So instead of just absolute distances, let's let d(X) be the signed distance from point X to plane P, so d(X) is a real number, positive on one side, negative on the other, and the absolute value is the given distance.

In a parallelogram, what do we know about the coordinates? Let's recall that in a parallelogram, the vector from A to B plus the vector from A to D equals the vector from A to C, right? Wait, maybe better to use coordinates with the plane P as the plane z = 0 for simplicity. Then the signed distance from a point (x, y, z) to P is just z. That might work! Let's do that.

Let’s set plane P as z = 0. Then the signed distance from a point to P is its z-coordinate. So let's denote for points A, B, C, D in 3D space:

Let A = (a1, a2, a3), so signed distance d(A) = a3 = ±49 (since absolute distance is 49)
B = (b1, b2, b3), d(B) = b3 = ±25
C = (c1, c2, c3), d(C) = c3 = ±36
D = (d1, d2, d3), d(D) = d3 = ? (this is what we need to find, but with sign)

Now, since ABCD is a parallelogram, what's the relationship between the coordinates? In a parallelogram, the midpoint of diagonal AC should equal the midpoint of diagonal BD. Let's verify that: yes, in any parallelogram, diagonals bisect each other, so midpoint of AC = midpoint of BD.

Midpoint of AC: ((a1 + c1)/2, (a2 + c2)/2, (a3 + c3)/2)
Midpoint of BD: ((b1 + d1)/2, (b2 + d2)/2, (b3 + d3)/2)

Therefore, setting them equal component-wise, we get for the z-coordinates (which are the signed distances):

(a3 + c3)/2 = (b3 + d3)/2

Multiply both sides by 2: a3 + c3 = b3 + d3

Therefore, solving for d3 (the signed distance from D to P): d3 = a3 + c3 - b3

Oh, that's nice! So the signed distance from D is equal to (signed distance from A) + (signed distance from C) - (signed distance from B). Wait, is that right? Let's check the midpoint idea again to make sure I didn't mix up the diagonals.

In parallelogram ABCD, the order is important: it's a parallelogram, so the vertices are in order, so AB is adjacent to BC, so the diagonals are AC and BD, yes, that's correct. So midpoints of diagonals coincide, so yes, that formula should hold.

But wait, hold on: in some definitions, the parallelogram could be labeled differently? Wait, no, the problem says ""parallelogram ABCD"", so the standard labeling is that AB is parallel to CD, and AD is parallel to BC, so the diagonals are AC and BD, so midpoint condition is correct.

But here's the thing: the signed distances can be positive or negative, depending on which side of the plane the point is on. The problem gives absolute distances: |d(A)| = 49, |d(B)| = 25, |d(C)| = 36. So each of d(A), d(B), d(C) can be ± their absolute values, but we have to consider the constraints from the parallelogram? Wait, is there a constraint that the points have to be in a plane? Wait, no, ABCD is a parallelogram, so it's a planar figure (a parallelogram is always planar), but the plane P is some other plane in space. Wait, but in our coordinate system, we set P as z=0, and A, B, C, D are points in 3D space forming a parallelogram (so they lie in some plane, but not necessarily P), so their z-coordinates (signed distances to P) can be arbitrary as long as the parallelogram condition holds.

But the key is: for the parallelogram to exist, do we have any restrictions on the signs of d(A), d(B), d(C)? Wait, maybe not directly, but let's think: in the parallelogram, the vectors AB and AD should be such that C = B + D - A or something? Wait, maybe another way to get the relationship between the signed distances.

Let's use vectors with respect to plane P. Let's let n be a unit normal vector to plane P, pointing in some direction. Then the signed distance from a point X to P is given by n • X + c, where c is a constant (depending on the plane), but actually, if we set the plane P as n • X = 0, then signed distance is n • X. Let's do that for simplicity: let plane P be { X ∈ ℝ³ | n • X = 0 }, where n is a unit normal vector. Then the signed distance from X to P is exactly n • X.

Now, in parallelogram ABCD, we have the vector relationship: vector AB = vector DC, and vector AD = vector BC. In terms of position vectors (with respect to some origin), let's denote position vectors as a, b, c, d for points A, B, C, D. Then in a parallelogram, c = a + b - d? Wait, no, let's be careful.

Standard: in parallelogram ABCD, starting at A, go to B, then to C, so vector AB = b - a, vector BC = c - b, and in parallelogram, AB = DC and AD = BC. Vector DC = c - d, so AB = DC ⇒ b - a = c - d ⇒ d = a + c - b. Yes! That's a better way. So position vector d = a + c - b.

Perfect, that's a key vector equation for parallelograms: in order ABCD, the position vector of D is a + c - b.

Now, the signed distance from X to P is n • X (since we set plane P as n • X = 0, unit normal n). Therefore, signed distance from D to P is n • d = n • (a + c - b) = n • a + n • c - n • b = (signed distance from A to P) + (signed distance from C to P) - (signed distance from B to P).

Yes! So that's exactly what we got from the midpoint condition earlier, but this vector approach confirms it without worrying about coordinates. So d = a + c - b in position vectors, so signed distances add up like that.

So let's denote:

Let x = signed distance from A to P, so |x| = 49 ⇒ x = 49 or x = -49

y = signed distance from B to P, so |y| = 25 ⇒ y = 25 or y = -25

z = signed distance from C to P, so |z| = 36 ⇒ z = 36 or z = -36

Then signed distance from D to P is w = x + z - y

Now, the problem says ""the sum of all possible distances from vertex D to P"". Wait, ""distances"" here are absolute distances, right? The problem says ""the distance from vertex A to P is 49"", which is absolute, so all distances mentioned are absolute values. So we need to find all possible absolute values of w = x + z - y, where x ∈ {49, -49}, y ∈ {25, -25}, z ∈ {36, -36}, and then sum those absolute values? Wait, but hold on: is every combination of signs allowed? That is, can we have any combination of x, y, z with their absolute values as given, and still have a parallelogram ABCD? Wait, in the vector approach, we derived that w must equal x + z - y regardless of the configuration, as long as ABCD is a parallelogram (in order). But does the problem specify the order of the parallelogram? It says ""parallelogram ABCD"", so the order is fixed: A-B-C-D-A, so the vector relationships are as we used (AB parallel to DC, etc.), so the position vector relation d = a + c - b is correct for that labeling.

But here's a critical point: when we talk about a parallelogram in 3D space, the points have to be coplanar (which they are, by definition of a parallelogram, it's a planar figure), but does the sign combination affect whether such a parallelogram can exist? Wait, maybe in terms of the problem statement, since they give ""the distance from vertex A to P is 49"", etc., and ask for ""all possible distances from D to P"", we need to consider all possible sign assignments to the given distances (i.e., all possible positions of A, B, C relative to plane P, on either side), and for each combination, compute the signed distance of D, then take absolute value, and sum all distinct absolute values? Wait, but maybe some combinations give the same absolute value, so we need to check all 2*2*2=8 combinations of signs, compute w for each, take |w|, list the distinct ones, sum them.

Wait, but hold on: is there a constraint that the points must form a non-degenerate parallelogram? Probably, but the problem says ""a parallelogram"", so non-degenerate, but maybe all sign combinations are possible? Let's test with an example.

Suppose we take all positive signs: x=49, y=25, z=36, then w=49+36-25=60, so |w|=60

x=49, y=25, z=-36: w=49 -36 -25= -12, |w|=12

x=49, y=-25, z=36: w=49+36 -(-25)=49+36+25=110, |w|=110

x=49, y=-25, z=-36: w=49 -36 -(-25)=49-36+25=38, |w|=38

x=-49, y=25, z=36: w=-49+36-25=-38, |w|=38

x=-49, y=25, z=-36: w=-49 -36 -25=-110, |w|=110

x=-49, y=-25, z=36: w=-49+36 -(-25)=-49+36+25=12, |w|=12

x=-49, y=-25, z=-36: w=-49 -36 -(-25)=-49-36+25=-60, |w|=60

Wait a second! Let's list all 8 cases:

1. (+, +, +): w = 49 + 36 - 25 = 60 → |w| = 60
2. (+, +, -): w = 49 - 36 - 25 = -12 → |w| = 12
3. (+, -, +): w = 49 + 36 - (-25) = 49 + 36 + 25 = 110 → |w| = 110
4. (+, -, -): w = 49 - 36 - (-25) = 49 - 36 + 25 = 38 → |w| = 38
5. (-, +, +): w = -49 + 36 - 25 = -38 → |w| = 38
6. (-, +, -): w = -49 - 36 - 25 = -110 → |w| = 110
7. (-, -, +): w = -49 + 36 - (-25) = -49 + 36 + 25 = 12 → |w| = 12
8. (-, -, -): w = -49 - 36 - (-25) = -49 - 36 + 25 = -60 → |w| = 60

Now, let's collect the absolute values from each case: 60, 12, 110, 38, 38, 110, 12, 60. So the distinct possible absolute distances are 12, 38, 60, 110. Wait, but hold on! The problem says ""the sum of all possible distances from vertex D to P"". Wait, but is every one of these possible? Did we miss a constraint?

Wait a second, in a parallelogram, the order of the vertices matters for the sign combinations? Wait, maybe we need to check if the sign assignments are physically realizable, i.e., can we have a parallelogram where A is on one side, B on another, etc., without contradiction?

Wait, another thought: in the vector approach, we assumed the position vector relation d = a + c - b for parallelogram ABCD (in order). But is there a different way the parallelogram could be labeled? Wait, the problem says ""parallelogram ABCD"", so the standard is that AB is adjacent to BC, so the order is cyclic, so diagonals are AC and BD, so our relation is correct.

But let's think geometrically: suppose plane P is some plane in space. For a parallelogram, which is a planar figure, the four points lie on a plane (let's call it Q). The distances from points on Q to plane P can be related by the formula for the distance from a point to a plane, but maybe more simply, the set of distances from a plane to another plane is a linear function? Wait, no, but for points on a plane Q, the distance to plane P is a linear function along Q? Wait, actually, for any plane Q, the function f(X) = distance from X to P is affine linear in X (since it's a linear function plus a constant, but signed distance is linear).

Wait, but in our earlier vector approach with signed distances, we had w = x + z - y, which is a linear combination of x, y, z. The key is that for the parallelogram to exist in space (i.e., for points A, B, C, D to be coplanar and form a parallelogram), do we have any restrictions on the signs?

Wait, let's take a simple case: suppose all points are on the same side of P, so all signed distances positive. Then we can have a parallelogram, right? Like, take P as the xy-plane, A=(0,0,49), B=(0,0,25), C=(0,0,36) – wait, but those three points are colinear, so can't form a parallelogram. Oh! Right! The problem says ""a parallelogram"", so it must be non-degenerate, so points A, B, C, D must be non-colinear and form a parallelogram.

Ah, that's a crucial point I missed earlier! In the problem, it's a parallelogram, so it's a non-degenerate parallelogram, meaning that the points are not colinear and the sides are not zero vectors. So when we assign signs to the distances, we need to ensure that such a parallelogram can exist in space (i.e., the position vectors satisfy the parallelogram condition and are non-degenerate).

But in our earlier calculation, we had the relation w = x + z - y from the vector equation, which holds for any parallelogram (degenerate or not), but degenerate parallelograms are lines, so we need to exclude degenerate cases? Wait, but the problem says ""a parallelogram"", which usually implies non-degenerate, but maybe in the context of the problem, all sign combinations are possible as long as the distance formula holds, because the problem states ""the distance from vertex A to P is 49"", etc., so they are given as distances (positive numbers), and we need to consider all possible configurations where the distances are as given (so signs can vary) but the figure is a parallelogram (so the relation must hold).

Wait, but in the problem statement, it's a fixed parallelogram ABCD, and a fixed plane P, so for that specific parallelogram and plane, the distances are fixed (as absolute values), but the problem says ""the sum of all possible distances from D to P"". Wait, maybe ""all possible"" refers to all possible planes P that satisfy the distance conditions for A, B, C? Wait, no, the problem says: ""Given a parallelogram ABCD, let P be a plane such that..."". Wait, no, actually, re-reading:

""Given a parallelogram ABCD, let P be a plane such that the distance from vertex A to P is 49, the distance from vertex B to P is 25, and the distance from vertex C to P is 36. Find the sum of all possible distances from vertex D to P.""

Wait, maybe the problem is: for a given parallelogram ABCD, how many different distances can D have to some plane P where A, B, C have distances 49,25,36? Wait, no, actually, no—wait, no, the problem says ""let P be a plane such that..."" so it's for a single plane P with those three distances, find all possible distances D can have (over all such planes P for this parallelogram? Wait, no, maybe the problem is that for different configurations (i.e., different positions of the parallelogram relative to plane P), the distance from D can be different, and we need to sum all distinct possible distances.

Wait, maybe the key is that in the signed distance approach, we have w = x + z - y, where x, y, z are signed distances with |x|=49, |y|=25, |z|=36, but in order for the parallelogram to be non-degenerate, do we have any restrictions on the signs? Wait, in the vector approach, the only constraint is that the points are coplanar (which they are, as a parallelogram), but the signed distances can be any real numbers with those absolute values, as long as the parallelogram condition holds (which gives w = x + z - y). But does the problem allow for the parallelogram to be on both sides of P? Yes, I think so—distances are absolute, so points can be on either side.

Wait, but in our earlier list of 8 cases, we got four distinct absolute distances: 12, 38, 60, 110. Let's check if these are all possible. Wait, but let's see if there's a reason why some sign combinations are impossible.

Suppose we fix the plane P, and consider the parallelogram ABCD in space. The distances from A, B, C to P are given as 49,25,36 (absolute). For each of A, B, C, they can be on either side of P, so two choices per point, four combinations? Wait, no, three points: 2^3=8 sign combinations.

But in a parallelogram, is there a dependency between the signs? For example, in a planar figure (the parallelogram), the signed distances to a plane P must satisfy some linear relation? Wait, the parallelogram is planar, so all four points lie on a plane Q. The distance from a point on Q to P is a linear function (affine linear) along Q. Let's formalize that.

Let Q be the plane containing ABCD (the parallelogram). Let n be a unit normal to P, m be a unit normal to Q. Then the signed distance from a point X to P is n • X + c1, and to Q is m • X + c2. But maybe more simply, the set of signed distances from points on Q to P is an affine subspace of ℝ³? Wait, no, for a plane Q, the function f(X) = distance from X to P is a linear function (if we consider signed distances) because it's n • X where n is normal to P (if we set P as n • X = 0). So f: Q → ℝ is a linear function on the plane Q.

A plane Q has dimension 2, so a linear function on Q is determined by its values on two linearly independent vectors in Q. For a parallelogram, which is a 2D figure, the signed distances from its vertices to P must satisfy the parallelogram law for linear functions.

Wait, in general, for any affine subspace of dimension k, the values of a linear function on it satisfy the parallelogram law: if you have two points, the value at the midpoint is the average. Which is exactly what we used earlier! For the parallelogram, the midpoint of AC is the midpoint of BD, so (f(A) + f(C))/2 = (f(B) + f(D))/2, so f(D) = f(A) + f(C) - f(B), where f is the signed distance function (linear).

So that relation holds for any parallelogram and any plane P (as long as f is linear, which it is for signed distances). Therefore, for any parallelogram ABCD and any plane P, the signed distance from D to P is equal to (signed distance from A) + (signed distance from C) - (signed distance from B).

Therefore, the only variables are the signs of the signed distances for A, B, C, each can be positive or negative (since absolute distances are given), and each sign combination gives a possible signed distance for D, hence an absolute distance.

But now, the question is: are all 8 sign combinations possible? That is, can we have a parallelogram where A is on one side, B on another, etc., with those absolute distances?

Let's try to construct a specific example for one of the cases to see if it's possible.

Take case 2: A has signed distance +49 (above P), B has signed distance +25 (above P), C has signed distance -36 (below P). Then D should have signed distance w = 49 + (-36) - 25 = -12, so absolute distance 12.

Let's set P as z=0. Let's choose coordinates for the parallelogram in some plane Q (not P, to have non-degenerate). Let's pick Q as the plane z = k for some k, but wait, no—actually, the parallelogram can be in any plane, so let's pick Q as the xy-plane for simplicity? Wait, no, if Q is the xy-plane, then all points have z=0, so distances to P (z=0) are zero, which isn't helpful. Let's pick P as z=0, and let Q be some plane with normal vector (0,0,1), so Q is a horizontal plane? Wait, no, better to pick Q as the plane z = t for some t, but then all points on Q have same z-coordinate, so distances to P (z=0) are |t|, which is constant—bad, we need the parallelogram to have different distances to P.

Ah, right! To have different distances to P, the parallelogram must be tilted with respect to P. So let's take P as the xy-plane (z=0), and let the parallelogram lie in a plane that's not parallel to P, so the z-coordinates (signed distances) can vary.

Let's construct a parallelogram with points A, B, C, D in some plane Q, such that their z-coordinates (signed distances to P) are 49, 25, -36, and -12 (for case 2).

Let's pick point A at (0, 0, 49). Let's pick point B at (a, b, 25), so vector AB = (a, b, -24). Now, in a parallelogram, point D can be expressed as A + (B - A) + (C - B)? Wait, no, better: in parallelogram ABCD, vector AB = vector DC, and vector AD = vector BC.

So let's let point C be at (c, d, -36). Then vector BC = C - B = (c - a, d - b, -36 - 25) = (c - a, d - b, -61). Therefore, vector AD should equal vector BC, so point D = A + vector AD = (0, 0, 49) + (c - a, d - b, -61) = (c - a, d - b, -12). Perfect! So the z-coordinate of D is -12, which is exactly what we wanted for case 2.

Now, is this a non-degenerate parallelogram? Let's check if points A, B, C, D are coplanar (they should be, by construction) and not colinear.

Points:
A = (0, 0, 49)
B = (a, b, 25)
C = (c, d, -36)
D = (c - a, d - b, -12)

Let's compute the volume of the tetrahedron formed by A, B, C, D to check non-degeneracy (volume ≠ 0). The volume is (1/6)| scalar triple product of AB, AC, AD |.

Vector AB = (a, b, -24)
Vector AC = (c, d, -61)
Vector AD = (c - a, d - b, -12)

Scalar triple product = AB ⋅ (AC × AD)

First compute AC × AD:
|i   j   k|
|c   d  -61|
|c-a d-b -12| = i [d*(-12) - (-61)(d - b)] - j [c*(-12) - (-61)(c - a)] + k [c(d - b) - d(c - a)]
= i [ -12d + 61d - 61b ] - j [ -12c + 61c - 61a ] + k [ cd - bc - cd + ad ]
= i [49d - 61b] - j [49c - 61a] + k [ -bc + ad ]

Now take dot product with AB = (a, b, -24):
= a*(49d - 61b) - b*(49c - 61a) + (-24)*(-bc + ad)
= 49ad - 61ab - 49bc + 61ab + 24bc - 24ad
Simplify term by term:
-61ab + 61ab = 0
49ad - 24ad = 25ad
-49bc + 24bc = -25bc
So total scalar triple product = 25ad - 25bc = 25(ad - bc)

Ah, nice simplification! So the scalar triple product is 25(ad - bc). For the parallelogram to be non-degenerate, the volume must be non-zero, so scalar triple product ≠ 0 ⇒ ad - bc ≠ 0.

But ad - bc is the determinant of the matrix with columns (or rows) (a, b) and (c, d), which is the area of the parallelogram formed by vectors (a, b) and (c, d) in the xy-plane. So as long as we choose a, b, c, d such that ad - bc ≠ 0, we get a non-degenerate parallelogram.

For example, let's pick a=1, b=0, c=0, d=1 (so ad - bc = 1*1 - 0*0 = 1 ≠ 0). Then:

A = (0, 0, 49)
B = (1, 0, 25)
C = (0, 1, -36)
D = (0 - 1, 1 - 0, -12) = (-1, 1, -12)

Check if this is a parallelogram:

Vector AB = B - A = (1, 0, -24)
Vector DC = C - D = (0 - (-1), 1 - 1, -36 - (-12)) = (1, 0, -24) = AB ✔️
Vector AD = D - A = (-1, 1, -61)
Vector BC = C - B = (0 - 1, 1 - 0, -36 - 25) = (-1, 1, -61) = AD ✔️

Perfect, it's a parallelogram! And it's non-degenerate (since ad - bc = 1 ≠ 0). Now, check distances to P (z=0):

|z(A)| = 49, |z(B)| = 25, |z(C)| = 36, |z(D)| = 12. Perfect, this is a valid non-degenerate parallelogram satisfying the distance conditions for A, B, C, and D has distance 12. So case 2 is possible.

Let's try another case to be sure, say case 4: x=49, y=-25, z=-36, so w=49 -36 -(-25)=38. Let's construct it.

A=(0,0,49), B=(a,b,-25), C=(c,d,-36), then D=A + (C - B) = (c - a, d - b, 49 + (-36) - (-25)) = (c - a, d - b, 38). Same as before, scalar triple product will be 25(ad - bc), so pick a=1,b=0,c=0,d=1: D=(-1,1,38). Check distances: |z(A)|=49, |z(B)|=25, |z(C)|=36, |z(D)|=38. Non-degenerate parallelogram, works.

How about a case where all signs are negative: x=-49, y=-25, z=-36, w=-49 -36 -(-25)=-60, |w|=60. Construct: A=(0,0,-49), B=(1,0,-25), C=(0,1,-36), D=(-1,1,-60). Distances: 49,25,36,60. Works, non-degenerate.

So it seems like all 8 sign combinations are possible, leading to 4 distinct absolute distances: 12, 38, 60, 110. Wait, but hold on! Wait in the problem statement, it says ""the sum of all possible distances from vertex D to P"". But in our list, we have four distinct distances: 12, 38, 60, 110. Let's add them up: 12 + 38 = 50, 60 + 110 = 170, total 220. Wait, 220 is one of the answer choices (D. 220).

But wait, wait a second! Wait, in the problem statement, is there a possibility that the parallelogram could be labeled differently? Like, maybe ABCD is a parallelogram but the diagonals are different? Wait, in a parallelogram, the diagonals are always AC and BD for the standard labeling ABCD (going around the parallelogram), so I think we got the relation right.

Wait, but another thought: sometimes in geometry problems with distances to a plane, people consider the absolute distance, but maybe there's a constraint that the points are in a certain order relative to the plane? Wait, but we constructed an example for each distance, so they should all be possible.

Wait, let's list the distinct absolute values again to make sure we didn't miss any or include extra:

From the 8 cases, absolute values were:

60, 12, 110, 38, 38, 110, 12, 60 → distinct: 12, 38, 60, 110.

12 + 38 = 50; 50 + 60 = 110; 110 + 110 = 220. Yes, sum is 220.

But wait, let me check if maybe the problem considers ""all possible"" as in all possible values, but maybe some values are the same? No, we have four distinct values.

Wait, but hold on! Wait a second, in the vector approach, we had w = x + z - y, where x, y, z are signed distances (with |x|=49, |y|=25, |z|=36). But is there a different relation if the parallelogram is labeled differently? For example, in some contexts, a parallelogram could be labeled as A, B, C, D with AB parallel to CD but AD parallel to BC, but maybe the diagonal is AC or BD? Wait, no, in any parallelogram, the two diagonals are AC and BD, so the midpoint condition holds for both diagonals, so the relation should be fixed.

Wait, let's consider a different labeling: suppose someone thinks the parallelogram is A, B, D, C instead of A, B, C, D? But the problem says ""parallelogram ABCD"", so the order is sequential: A to B to C to D to A, so it's a quadrilateral with AB, BC, CD, DA as sides, so yes, diagonals AC and BD.

Another way to think about it: in a parallelogram, the sum of the distances from opposite vertices to a plane... Wait, no, we have the relation from the midpoint: (d(A) + d(C))/2 = (d(B) + d(D))/2, so d(D) = d(A) + d(C) - d(B), which is what we have.

So the key equation is d(D) = d(A) + d(C) - d(B), where each d(X) is a signed distance with |d(X)| = given distance.

Therefore, the possible values of d(D) are all numbers of the form ±49 ±36 ∓25 (wait, let's see: d(A) = ±49, d(C)=±36, d(B)=±25, so d(D)= (±49) + (±36) - (±25) = ±49 ±36 ∓25. Let's write all combinations:

+49 +36 -25 = 60

+49 -36 -25 = -12

+49 +36 +25 = 110 (wait, no: - (±25) is ∓25, so if d(B) is -25, then -d(B) = +25, yes, that's another way)

Wait, maybe better to list all 8 as we did before, which we did, and got the four absolute values.

Wait, but let's check the answer choices: D is 220, which is 12+38+60+110=220. Let's compute 12+38: 50, 60+110: 170, 50+170=220. Correct.

But wait, is there a reason to exclude some of these? For example, could the problem imply that the distances are measured in the same direction? But no, distance is a non-negative quantity, so the sign is just which side of the plane the point is on, but the problem says ""the distance from vertex A to P is 49"", which is a positive number, so we have to consider both sides.

Wait, another check: suppose we have a rectangle (a special parallelogram) in a plane, and we take a plane P. The distances from the four corners to P should satisfy the parallelogram law for signed distances. For example, take a rectangle with corners at (0,0,0), (1,0,0), (1,1,0), (0,1,0) in the xy-plane (z=0). Take plane P as z=0, then all distances are 0. Take plane P as z=1, all distances are 1. Take plane P as z=2x + 3y + 4 = 0, then signed distances are (2x + 3y + 4)/sqrt(13), so for the four corners: (0,0): 4/sqrt(13), (1,0): (2+4)/sqrt(13)=6/sqrt(13), (1,1): (2+3+4)/sqrt(13)=9/sqrt(13), (0,1): (3+4)/sqrt(13)=7/sqrt(13). Check the relation: d(D) should be d(A) + d(C) - d(B). d(D)=7/sqrt(13), d(A)=4/sqrt(13), d(C)=9/sqrt(13), d(B)=6/sqrt(13). 4 + 9 - 6 = 7, yes, so 7/sqrt(13) = 4/sqrt(13) + 9/sqrt(13) - 6/sqrt(13). Perfect, so the relation holds for a rectangle (a parallelogram), so our general relation is correct.

Therefore, the relation d(D) = d(A) + d(C) - d(B) with signed distances is solid.

Now, the problem says ""the sum of all possible distances from vertex D to P"". Since ""distances"" are absolute values, we need to take absolute values of all possible d(D) from the sign combinations, then sum the distinct ones? Wait, the problem says ""all possible distances""—does ""possible"" mean distinct? In math problems like this, when they say ""sum of all possible values"", they usually mean distinct possible values. For example, if a quadratic has two roots, sum is the sum of the two roots, not counting multiplicity.

In our case, we have four distinct absolute distances: 12, 38, 60, 110. Let's confirm once more that there are no more or less.

Let's list all possible w = x + z - y with x ∈ {49, -49}, y ∈ {25, -25}, z ∈ {36, -36}:

1. x=49, y=25, z=36: w=49+36-25=60 → |w|=60
2. x=49, y=25, z=-36: w=49-36-25=-12 → |w|=12
3. x=49, y=-25, z=36: w=49+36+25=110 → |w|=110
4. x=49, y=-25, z=-36: w=49-36+25=38 → |w|=38
5. x=-49, y=25, z=36: w=-49+36-25=-38 → |w|=38
6. x=-49, y=25, z=-36: w=-49-36-25=-110 → |w|=110
7. x=-49, y=-25, z=36: w=-49+36+25=12 → |w|=12
8. x=-49, y=-25, z=-36: w=-49-36+25=-60 → |w|=60

So yes, four distinct absolute values: 12, 38, 60, 110. Sum is 12+38+60+110=220.

Wait, but let me check the answer choices again: the options are A.218, B.228, C.216, D.220, E.224, F.232, G.212, H.204, I.208, J.196. So D is 220, which matches our sum.

Is there any chance we overcounted? For example, could the problem consider that the distance is always positive, so we don't take absolute values? But no, the problem says ""the distance from vertex A to P is 49"", which is a positive number, so all distances are positive, but the key is that the signed distance can be positive or negative, leading to different absolute distances for D.

Wait, another angle: in some problems with distances to a plane, if you have a figure in space, the distances satisfy certain parity conditions. For example, in a triangle, the distances to a plane might have some relations, but for a parallelogram, we have the midpoint condition which gives the linear relation.

Wait, let's think about the problem without signed distances. Suppose we let d(A) = 49 (absolute), d(B)=25, d(C)=36, but we don't know the signs. The signed distance is either +d or -d for each point. Then d(D) = (±49) + (±36) - (±25), so the possible absolute values of d(D) are as we calculated.

Wait, but why did we get four distinct values? Let's see: the possible values of w are 60, -12, 110, 38, -38, -110, 12, -60, so absolute values are 60,12,110,38, each appearing twice. So distinct absolute values: four, sum to 220.

I think this is solid. We constructed an example for one of the distances, so it's possible, and the relation holds for any parallelogram, so all sign combinations are valid for some parallelogram (as we saw with the coordinate construction), so all four absolute distances are possible.

Wait, but just to make sure there isn't a hidden constraint: in a parallelogram, the vectors AB and AD must be linearly independent (non-degenerate), but in our coordinate construction, we ensured that by choosing ad - bc ≠ 0, so as long as we pick the coordinates that way, it's non-degenerate, which we did for the examples, so all cases are possible.

Another sanity check: let's compute the sum of all possible absolute distances. We have four numbers: 12, 38, 60, 110. Let's add them again: 12+110=122, 38+60=98, 122+98=220. Correct.

Is there a way to get this sum without enumerating? Maybe by considering that for each sign combination, the absolute value is |x + z - y|, and we can group the terms.

Note that the possible values of x + z - y are all numbers of the form (±49) + (±36) - (±25) = (±49) + (±36) + (±25) where the sign of the last term is opposite to the sign of y (since it's -y). Wait, no, better: let's let s1 = sign(x) ∈ {+1, -1}, s2 = sign(y) ∈ {+1, -1}, s3 = sign(z) ∈ {+1, -1}, so x = s1*49, y = s2*25, z = s3*36, then w = s1*49 + s3*36 - s2*25.

So w = 49s1 + 36s3 -25s2, where s1,s2,s3 ∈ {+1, -1}.

Then |w| is the absolute value we need.

The sum over all 8 combinations of |w| is what? But the problem says ""sum of all possible distances"", i.e., distinct possible |w|, not sum over all combinations.

But in our case, the distinct |w| are 12,38,60,110, sum 220.

Wait, let's see if 220 is an answer choice—yes, D.

I think the key insight was realizing the signed distance relation from the midpoint of diagonals (or vector addition in parallelograms), which gives a linear equation for the signed distances, then considering all sign combinations for the given absolute distances, computing the absolute values for D, and summing the distinct ones.

I don't see a mistake in the reasoning now. Initially, I was worried about degenerate cases, but we constructed non-degenerate examples for each distance, so they are all possible. The problem says ""all possible distances"", so we take distinct ones, sum to 220.

**Final Answer**
\boxed{D}
</think>

To solve the problem, we consider a **parallelogram $ABCD$** and a **plane $\mathcal{P}$** such that:

- The **distance from vertex $A$ to $\mathcal{P}$** is 49,
- The **distance from vertex $B$ to $\mathcal{P}$** is 25,
- The **distance from vertex $C$ to $\mathcal{P}$** is 36.

We are to find the **sum of all possible distances from vertex $D$ to $\mathcal{P}$**.

---

### Key Insight: Signed Distances

Let’s define **signed distances** from each point to the plane $\mathcal{P}$. That is, for any point $X$, let $d(X)$ be its **signed distance** to $\mathcal{P}$ (positive on one side of the plane, negative on the other). Then the absolute value $|d(X)|$ gives the **actual distance** from $X$ to $\mathcal{P}$.

In a **parallelogram**, the **midpoint of diagonal $AC$** coincides with the **midpoint of diagonal $BD$**. This leads to the key identity:

$$
\frac{d(A) + d(C)}{2} = \frac{d(B) + d(D)}{2}
$$

Multiplying both sides by 2 and solving for $d(D)$, we get:

$$
d(D) = d(A) + d(C) - d(B)
$$

This is a **linear relationship** between the signed distances of the four vertices in a parallelogram.

---

### Step-by-Step Computation

Given:
- $|d(A)| = 49 \Rightarrow d(A) \in \{49, -49\}$
- $|d(B)| = 25 \Rightarrow d(B) \in \{25, -25\}$
- $|d(C)| = 36 \Rightarrow d(C) \in \{36, -36\}$

We compute all 8 combinations of $d(A), d(B), d(C)$, then calculate $d(D) = d(A) + d(C) - d(B)$, and take the **absolute value** of each result.

| $d(A)$ | $d(B)$ | $d(C)$ | $d(D) = d(A) + d(C) - d(B)$ | $|d(D)|$ |
|----------|-----------|-----------|-------------------------------|-------------|
| 49       | 25        | 36        | 49 + 36 - 25 = **60**         | **60**      |
| 49       | 25        | -36       | 49 - 36 - 25 = **-12**        | **12**      |
| 49       | -25       | 36        | 49 + 36 + 25 = **110**        | **110**     |
| 49       | -25       | -36       | 49 - 36 + 25 = **38**         | **38**      |
| -49      | 25        | 36        | -49 + 36 - 25 = **-38**       | **38**      |
| -49      | 25        | -36       | -49 - 36 - 25 = **-110**      | **110**     |
| -49      | -25       | 36        | -49 + 36 + 25 = **12**        | **12**      |
| -49      | -25       | -36       | -49 - 36 + 25 = **-60**       | **60**      |

From this table, the **distinct absolute values** of $|d(D)|$ are:

$$
\{12,\ 38,\ 60,\ 110\}
$$

These are the **only possible distances** from vertex $D$ to the plane $\mathcal{P}$, given the constraints.

---

### Final Calculation

Summing the distinct possible distances:

$$
12 + 38 + 60 + 110 = 220
$$

This matches option **D** in the list of answer choices.

---

### Conclusion

The sum of all **possible distances** from vertex $D$ to the plane $\mathcal{P}$ is:

$$
\boxed{D}
$$"
753,"Okay, let's tackle this problem step by step. First, part a asks which country represents Steadia, which has approximately linear population growth from 1950 to 2000. The other country, Randomian, has non-linear growth. 

Looking at the data for country A: 7.7 (1950), 10.1 (1960), 12.7 (1970), 15.1 (1980), 17.3 (1990), 20 (2000). Let's check the differences between consecutive decades to see if it's linear.

From 1950 to 1960: 10.1 - 7.7 = 2.4 million
1960 to 1970: 12.7 - 10.1 = 2.6 million
1970 to 1980: 15.1 - 12.7 = 2.4 million
1980 to 1990: 17.3 - 15.1 = 2.2 million
1990 to 2000: 20 - 17.3 = 2.7 million

Hmm, these differences are around 2.4-2.7, so maybe approximately linear. Let's check country B.

Country B: 8.3 (1950), 10.5 (1960), 12.3 (1970), 13.9 (1980), 13.4 (1990), 20.1 (2000)

Differences:
1950-1960: 10.5 - 8.3 = 2.2
1960-1970: 12.3 - 10.5 = 1.8
1970-1980: 13.9 - 12.3 = 1.6
1980-1990: 13.4 - 13.9 = -0.5 (decrease!)
1990-2000: 20.1 - 13.4 = 6.7

Oh, country B has a big drop from 1980 to 1990 and then a huge jump from 1990 to 2000. That's definitely non-linear, which matches the problem statement: ""Randomian has experienced some turmoil more recently and did not experience linear nor near-linear growth."" So country B is Randomian, and country A is Steadia. So part a answer is A.

Part b: What's the approximate rate of change of the linear function? Since Steadia is country A, which is linear, the rate of change is the slope. We can calculate it using the data. Let's use the first and last points to get an approximate slope.

From 1950 to 2000 is 50 years. Population goes from 7.7 to 20 million. So slope is (20 - 7.7)/(2000 - 1950) = 12.3 / 50 = 0.246 million per year. Let's check with the differences. The average of the differences: (2.4 + 2.6 + 2.4 + 2.2 + 2.7)/5 = (12.3)/5 = 2.46 million per 10 years, so 0.246 million per year. So approximately 0.25 million per year, but maybe they want it in the form of the rate per year. Let's see, the problem says ""approximate rate of change"", so probably 0.25 or 0.246. Let's check with the data.

Alternatively, since it's linear, the slope is constant. Let's take two points, say 1950 and 2000: (20 - 7.7)/50 = 12.3/50 = 0.246. That's approximately 0.25 million per year. Maybe they want it as 0.25, but let's see. The problem says ""approximate"", so maybe 0.25. Wait, the differences per decade are around 2.4-2.7, so average per decade is about 2.5, so 0.25 per year. So part b answer is 0.25 (maybe 0.246, but approximate).

Part c: What does the rate of change represent? The rate of change is the slope, which is population per year. So option A: ""The amount (in millions) the population grows each year."" That's correct. Option B: ""The amount (in millions) the population grows every 10 years."" Well, 10 times the rate would be the 10-year growth, so B is not the rate of change itself, but the rate of change is per year, so B is 10 times that. So B is not correct. C: ""The number of years it takes for the population to increase by one million people."" That would be 1 / rate, so 1 / 0.25 = 4 years. So C is not the rate of change. D: ""The percent the population grows each year."" Percent growth would be (rate / current population) * 100, which is not the rate of change. E: ""The total amount (in millions) the population grows from 1950 to 2000."" That's 12.3 million, which is the total change, not the rate. F: None of the above. So only A is correct? Wait, let's check.

Wait, the rate of change is the slope, which is the change in population per unit time (per year). So A says ""the amount (in millions) the population grows each year"" – yes, that's exactly the rate of change. B says ""every 10 years"" – that's 10 times the rate, so B is not the rate of change itself. C is inverse of rate (time per million), D is percent growth (which is different), E is total change. So only A is correct. Wait, but the problem says ""select all that apply"". Let me check again.

The rate of change is a constant (for linear), so it's the average rate of change. In practical terms, for a linear function, the rate of change is the slope, which is the amount the population increases each year. So A is correct. B: ""the amount... every 10 years"" would be 10 * rate, so not the rate itself. So B is not correct. C: time to increase by 1 million is 1/rate, so not the rate. D: percent growth is (rate / population) * 100, which is not the rate. E: total change is 12.3, which is the total, not the rate. So only A is correct. Wait, but let's see the problem statement: ""the rate of change in your answer to (b)"". So the rate of change is approximately 0.25 million per year. So A is correct. Is there any other option?

Wait, maybe the problem considers ""the amount the population grows each year"" as the rate, which is correct. So answer is A.

Part d: Estimate the population of Steadia in 1986. Steadia is country A. Let's find the linear equation for country A.

First, let's get the slope. Let's use 1950 as x=0, so years since 1950: 1950 is 0, 1960 is 10, ..., 2000 is 50.

Population at x=0 (1950): 7.7

Population at x=50 (2000): 20

Slope m = (20 - 7.7)/50 = 12.3/50 = 0.246 million per year.

So the linear equation is P = 7.7 + 0.246x, where x is years since 1950.

1986 is 1986 - 1950 = 36 years after 1950.

So P = 7.7 + 0.246*36. Let's calculate that.

0.246*36: 0.246*30=7.38, 0.246*6=1.476, total=7.38+1.476=8.856

So P = 7.7 + 8.856 = 16.556 million. Approximately 16.6 million. But let's check with the data points to see if the slope is better approximated.

Looking at country A's data:

1950:7.7, 1960:10.1 (diff 2.4), 1970:12.7 (diff 2.6), 1980:15.1 (diff 2.4), 1990:17.3 (diff 2.2), 2000:20 (diff 2.7)

The average per decade is (2.4 + 2.6 + 2.4 + 2.2 + 2.7)/5 = 12.3/5 = 2.46 million per decade, so 0.246 per year, which matches.

So 1980 is 30 years after 1950: 7.7 + 0.246*30 = 7.7 + 7.38 = 15.08, which is close to the given 15.1 (1980). Good.

1986 is 6 years after 1980. The rate is 0.246 per year, so 6*0.246=1.476. So 15.1 + 1.476 = 16.576, which is ~16.6 million. So approximately 16.6 million.

But maybe they want a rounded number, like 16.6 or 16.5. Let's check with another method. Let's use the 1980 and 2000 data.

From 1980 to 2000: 20 years, population goes from 15.1 to 20.0, so 4.9 million over 20 years, which is 0.245 per year. So 1986 is 6 years after 1980: 15.1 + 6*0.245 = 15.1 + 1.47 = 16.57, so ~16.6.

So part d answer is approximately 16.6.

Let me recap:

a) A

b) 0.25 (approximate, since 12.3/50=0.246, so 0.25)

c) A (only A)

d) 16.6

Wait, let's confirm part c. The question says ""select all that apply"". Let's read the options again.

A. The amount (in millions) the population grows each year. – Yes, rate of change is per year, so this is correct.

B. The amount (in millions) the population grows every 10 years. – That would be 10 times the rate, so 2.46, which is not the rate of change itself. So B is not correct.

C. The number of years it takes for the population to increase by one million people. – That's 1 / rate, so 4 years (1/0.25), which is not the rate.

D. The percent the population grows each year. – Percent growth is (rate / current population) * 100, which is not the rate. For linear growth, percent growth isn't constant, but the problem says ""the rate of change"" (which is linear), so D is incorrect.

E. The total amount (in millions) the population grows from 1950 to 2000. – Total change is 12.3, which is not the rate.

F. None of the above. – Since A is correct, F is wrong.

So only A is correct for part c.

Part b: The problem says ""approximate rate of change"". Since the data is given in decades, maybe they want it per decade? Wait, no, rate of change in population usually is per year. The problem says ""the rate of change of the linear function"", which for a linear function is the slope, which is per year (since the years are in years). The table has years 1950-2000, so the independent variable is years, so the rate of change is in million per year.

The differences per decade are around 2.4-2.7, so average per decade is ~2.5, so per year is 0.25. So part b answer is 0.25.

Let me check with the problem statement: ""Steadia is an island which experienced approximately linear population growth from 1950 to 2000"". So linear means constant rate, so the slope is the rate of change.

Yes, so part b is 0.25.

Part d: 1986 is 36 years after 1950. Using the equation P = 7.7 + 0.246*36 = 7.7 + 8.856 = 16.556, which is approximately 16.6 million.

So the answers are:

a) A

b) 0.25

c) A

d) 16.6

Wait, but let's check if part c could have more options. For example, in some contexts, ""the rate of change"" might be confused with other terms, but according to the problem, it's a linear function, so the rate of change is constant and is the amount per year. So only A is correct.

Another way: if the rate of change is 0.25 million per year, then in 1 year, it grows by 0.25 million, so A is correct. B says ""every 10 years"", which is 2.5 million, so that's not the rate of change. So B is not correct.

Yes, so part c is A.

Let me just confirm part a again. Country B has a decrease from 1980 to 1990 (13.9 to 13.4), which is a drop, then a big jump to 20.1 in 2000. That's definitely non-linear, so B is Randomian, A is Steadia. Correct.

Part d: 1986. Let's use the 1980 data. 1980 is 15.1 million. From 1980 to 2000 is 20 years, population increases by 4.9 million (20 - 15.1 = 4.9). So rate is 4.9 / 20 = 0.245 million per year. Then 1986 is 6 years after 1980: 15.1 + 6*0.245 = 15.1 + 1.47 = 16.57, so 16.6 million. Correct.

So all answers:

a) A

b) 0.25

c) A

d) 16.6

Wait, but the problem says ""put only the value in the box: no 'x =', no units, no prose"". For part c, it's ""select all that apply"" with lettered choices, so answer with the letter. The problem says ""If an [ANS] is followed by lettered choices, answer with the letter.""

So for part c, the answer is A.

Let me write the answers as per instructions:

a) [ANS] A

b) [ANS] 0.25

c) [ANS] A

d) [ANS] 16.6

But wait, the problem says ""Give one answer per [ANS] in the order they appear, all inside a single \boxed{} separated by commas (e.g. \boxed{5, 7})"".

The problem has four parts: a, b, c, d. So the order is a, b, c, d.

So the answers are A, 0.25, A, 16.6.

Wait, but part c says ""select all that apply"", so maybe it's multiple letters. Let me check the problem statement again:

""c) What does the rate of change in your answer to (b) represent in practical terms? (select all that apply) [ANS] A. ... B. ... etc.""

The problem says ""select all that apply"", so the answer could be multiple letters. But in the problem statement, it says ""If an [ANS] is followed by lettered choices, answer with the letter."" So for part c, since it's multiple, we need to list all correct letters. Earlier I thought only A is correct, but let's double-check.

Wait, let's think again: the rate of change is the slope, which is the population increase per year. So A is correct.

Is there another option? Let's see option B: ""The amount (in millions) the population grows every 10 years."" The rate of change is per year, so the amount every 10 years is 10 times the rate. But the question is asking what the rate of change represents. The rate of change is the per-year amount, so B is not the rate of change. So B is incorrect.

Option C: ""The number of years it takes for the population to increase by one million people."" That's 1 / rate, which is a different quantity, so C is incorrect.

Option D: ""The percent the population grows each year."" Percent growth is (rate / current population) * 100, which is not the rate of change. Since it's linear, percent growth isn't constant, but the rate of change is a constant, so D is incorrect.

Option E: ""The total amount (in millions) the population grows from 1950 to 2000."" That's 12.3, which is the total change, not the rate. So E is incorrect.

Option F: ""None of the above."" Since A is correct, F is wrong.

So only A is correct for part c.

Therefore, the answers are:

a) A

b) 0.25

c) A

d) 16.6

But let's check part b again. The problem says ""approximate rate of change"". The exact slope from 1950 to 2000 is (20 - 7.7)/50 = 12.3/50 = 0.246, which is approximately 0.25. So 0.25 is correct.

For part d, 16.6 is correct.

So the boxed answers should be \boxed{A, 0.25, A, 16.6}

Wait, the problem says ""Put only the value in the box: no 'x =', no units, no prose."" For part a, it's a letter, part b is a number, part c is a letter (since it's select all, but we found only A), part d is a number.

The problem says ""Give one answer per [ANS] in the order they appear, all inside a single \boxed{} separated by commas"".

So the order is a, b, c, d.

So the answers are A, 0.25, A, 16.6.

But the problem says ""If an [ANS] is followed by lettered choices, answer with the letter."" For part c, since it's multiple choices, but we determined only A is correct, so answer is A.

Yes.

Let me confirm once more for part c. Suppose the rate of change is 0.25 million per year. Then:

- A: The amount (in millions) the population grows each year. Yes, 0.25 million per year.

- B: Every 10 years: 2.5 million. But the rate of change is per year, so B is not the rate.

- C: Years to increase by 1 million: 1 / 0.25 = 4 years. Not the rate.

- D: Percent growth: (0.25 / population) * 100, which varies, so not the rate.

- E: Total change from 1950-2000: 12.3 million. Not the rate.

- F: None. No, since A is correct.

So only A.

Therefore, the answers are:

a) A

b) 0.25

c) A

d) 16.6

So boxed as \boxed{A, 0.25, A, 16.6}
</think>

[ANS]A, 0.25, A, 16.6"
754,"Okay, let's see. I need to find m(o(x)) times n(x). First, I should figure out what m(o(x)) is. Let's start by recalling the definitions of the functions. 

m(x) is 4x² - 7, right? And o(x) is the square root of (3x + 5). So m(o(x)) means I substitute o(x) into m. That is, wherever there's an x in m(x), I replace it with o(x). 

So m(o(x)) = 4*(o(x))² - 7. Since o(x) is √(3x + 5), then (o(x))² is (√(3x + 5))², which is just 3x + 5. Oh, that's nice because the square root and the square cancel out. So (o(x))² = 3x + 5. 

Therefore, m(o(x)) = 4*(3x + 5) - 7. Let me compute that. 4 times 3x is 12x, and 4 times 5 is 20. So 12x + 20 - 7. Then 20 - 7 is 13, so m(o(x)) = 12x + 13. 

Wait, let me check that again. m(x) = 4x² -7, so m(o(x)) = 4*(o(x))² -7. o(x) = √(3x +5), so (o(x))² = 3x +5. So 4*(3x +5) is 12x +20, then subtract 7: 12x +20 -7 = 12x +13. Yeah, that seems right. 

Now, the problem says m(o(x)) * n(x). n(x) is 5x. So we need to multiply (12x + 13) by 5x. Let's do that. 

(12x + 13)*5x = 12x*5x + 13*5x = 60x² + 65x. 

Wait, let me verify. 12x times 5x is 60x², and 13 times 5x is 65x. So the product is 60x² + 65x. The problem says ""a simplified formula for the function below"" and ""a polynomial with only one term in each power of x"". So 60x² + 65x is a polynomial with two terms, each with one term per power (x² and x). That should be it. 

Let me just make sure I didn't make a mistake in the substitution. Let's go step by step. 

First, compute o(x): √(3x +5). Then m(o(x)) is 4*(o(x))² -7. Since (o(x))² is 3x +5, so 4*(3x +5) -7 = 12x +20 -7 = 12x +13. Correct. Then n(x) is 5x, so multiply by 5x: (12x +13)(5x) = 60x² + 65x. Yep, that's right. 

I think that's the answer. Let me check if there's any chance I messed up the order or something. The problem says m(o(x)) n(x), which is m(o(x)) multiplied by n(x), so order doesn't matter here since multiplication is commutative. So it's (m(o(x))) * n(x) = (12x +13)(5x) = 60x² +65x. 

Yep, that looks correct. So the simplified polynomial is 60x² +65x. The problem says ""a polynomial with only one term in each power of x"", which this is: 60x² (one term for x²) and 65x (one term for x). So that's good.

**Final Answer**
\boxed{60x^2 + 65x}
</think>

To find the simplified formula for $ m(o(x)) \cdot n(x) $, we begin by analyzing each function and their composition.

---

### Step 1: Understand the functions

We are given:

- $ m(x) = 4x^2 - 7 $
- $ n(x) = 5x $
- $ o(x) = \sqrt{3x + 5} $

We need to compute $ m(o(x)) \cdot n(x) $.

---

### Step 2: Compute $ m(o(x)) $

Substitute $ o(x) $ into $ m(x) $:

$$
m(o(x)) = 4(o(x))^2 - 7
$$

Since $ o(x) = \sqrt{3x + 5} $, then:

$$
(o(x))^2 = (\sqrt{3x + 5})^2 = 3x + 5
$$

So,

$$
m(o(x)) = 4(3x + 5) - 7 = 12x + 20 - 7 = 12x + 13
$$

---

### Step 3: Multiply by $ n(x) $

Now multiply $ m(o(x)) $ with $ n(x) $:

$$
m(o(x)) \cdot n(x) = (12x + 13) \cdot (5x)
$$

Distribute:

$$
= 12x \cdot 5x + 13 \cdot 5x = 60x^2 + 65x
$$

---

### Final Answer

The expression simplifies to a polynomial with one term per power of $ x $, as required.

[ANS]

\boxed{60x^2 + 65x}"
755,"Okay, let's try to solve this problem step by step. The question is about finding the steady-state solution of the difference equation y[n] + (1/√3)y[n-1] = cos(π/6 n). Hmm, steady-state solutions for linear difference equations with sinusoidal inputs... I remember that for such problems, we can assume a particular solution of the form A cos(ωn + φ), where ω is the frequency of the input (here π/6), and A and φ are constants to be determined.

First, let's write down the equation again to make sure I have it right: y[n] + (1/√3) y[n-1] = cos(π/6 n). So this is a linear constant-coefficient difference equation. The steady-state solution is the particular solution, since the homogeneous solution will decay to zero if the system is stable (which it should be here, given the coefficients).

To find the particular solution, we assume y_p[n] = A cos(π/6 n + φ). Let's plug this into the equation.

First, compute y_p[n] and y_p[n-1].

y_p[n] = A cos(π/6 n + φ)

y_p[n-1] = A cos(π/6 (n-1) + φ) = A cos(π/6 n - π/6 + φ)

Now, substitute into the equation:

A cos(π/6 n + φ) + (1/√3) A cos(π/6 n - π/6 + φ) = cos(π/6 n)

Let's factor out A:

A [ cos(π/6 n + φ) + (1/√3) cos(π/6 n - π/6 + φ) ] = cos(π/6 n)

We can expand the cosines using the cosine addition formula. Let's denote θ = π/6 n to simplify notation. Then the equation becomes:

A [ cos(θ + φ) + (1/√3) cos(θ - π/6 + φ) ] = cos θ

Let's expand both cosines:

cos(θ + φ) = cos θ cos φ - sin θ sin φ

cos(θ - π/6 + φ) = cos(θ + (φ - π/6)) = cos θ cos(φ - π/6) - sin θ sin(φ - π/6)

So substituting back:

A [ (cos θ cos φ - sin θ sin φ) + (1/√3)(cos θ cos(φ - π/6) - sin θ sin(φ - π/6)) ] = cos θ

Group terms by cos θ and sin θ:

A [ cos θ (cos φ + (1/√3) cos(φ - π/6)) - sin θ (sin φ + (1/√3) sin(φ - π/6)) ] = cos θ

For this to hold for all θ, the coefficients of cos θ and sin θ must match on both sides. The right-hand side has only cos θ, so the coefficient of sin θ must be zero, and the coefficient of cos θ must equal 1.

So we have two equations:

1. sin φ + (1/√3) sin(φ - π/6) = 0 (coefficient of sin θ)

2. cos φ + (1/√3) cos(φ - π/6) = 1/A (coefficient of cos θ)

Let's solve equation 1 first.

Equation 1: sin φ + (1/√3) sin(φ - π/6) = 0

Let's expand sin(φ - π/6) = sin φ cos(π/6) - cos φ sin(π/6) = sin φ (√3/2) - cos φ (1/2)

So:

sin φ + (1/√3)[ (√3/2) sin φ - (1/2) cos φ ] = 0

Simplify the terms inside the brackets:

(1/√3)(√3/2 sin φ) = (1/2) sin φ

(1/√3)(-1/2 cos φ) = -1/(2√3) cos φ

So equation becomes:

sin φ + (1/2 sin φ - 1/(2√3) cos φ) = 0

Combine like terms:

(3/2 sin φ) - (1/(2√3) cos φ) = 0

Multiply both sides by 2 to eliminate denominators:

3 sin φ - (1/√3) cos φ = 0

Multiply both sides by √3 to rationalize:

3√3 sin φ - cos φ = 0

So 3√3 sin φ = cos φ

Divide both sides by cos φ (assuming cos φ ≠ 0):

3√3 tan φ = 1 => tan φ = 1/(3√3) = √3/9 (since 1/(3√3) = √3/(3*3) = √3/9)

Wait, 1/(3√3) can be rationalized as √3/(9), yes. So tan φ = √3/9. Let's note that φ = tan⁻¹(1/(3√3)).

Now, let's find A. From equation 2:

cos φ + (1/√3) cos(φ - π/6) = 1/A

Let's compute cos(φ - π/6) using the cosine subtraction formula:

cos(φ - π/6) = cos φ cos(π/6) + sin φ sin(π/6) = cos φ (√3/2) + sin φ (1/2)

So equation 2 becomes:

cos φ + (1/√3)[ (√3/2 cos φ + 1/2 sin φ) ] = 1/A

Simplify the second term:

(1/√3)(√3/2 cos φ) = (1/2) cos φ

(1/√3)(1/2 sin φ) = 1/(2√3) sin φ

So equation 2:

cos φ + (1/2 cos φ + 1/(2√3) sin φ) = 1/A

Combine terms:

(3/2 cos φ) + (1/(2√3) sin φ) = 1/A

Multiply both sides by 2 to simplify:

3 cos φ + (1/√3) sin φ = 2/A

But from equation 1, we had 3√3 sin φ = cos φ, so sin φ = cos φ / (3√3). Let's substitute sin φ into the above.

3 cos φ + (1/√3)(cos φ / (3√3)) = 2/A

Simplify the second term:

(1/√3)(cos φ / (3√3)) = cos φ / (3*3) = cos φ / 9

So:

3 cos φ + (cos φ)/9 = 2/A => (27 cos φ + cos φ)/9 = 2/A => 28 cos φ / 9 = 2/A => A = (2*9)/(28 cos φ) = 18/(28 cos φ) = 9/(14 cos φ)

Hmm, maybe instead of going this way, let's use the magnitude of the transfer function. For a difference equation y[n] + a y[n-1] = x[n], the steady-state response for x[n] = cos(ωn) is given by |1 / (1 + a e^{-jω})| cos(ωn + φ), where φ is the phase shift.

Wait, maybe it's easier to use complex exponentials. Let's consider x[n] = e^{jωn}, then the particular solution is A e^{jωn}, where A is the gain.

The equation is y[n] + (1/√3) y[n-1] = e^{jωn}

Assuming y_p[n] = A e^{jωn}, then:

A e^{jωn} + (1/√3) A e^{jω(n-1)} = e^{jωn}

Divide both sides by e^{jωn}:

A + (1/√3) A e^{-jω} = 1

So A (1 + (1/√3) e^{-jω}) = 1 => A = 1 / (1 + (1/√3) e^{-jω})

We can write this as A = e^{jφ} / |1 + (1/√3) e^{-jω}|, where φ is the phase shift.

Let's compute the denominator: 1 + (1/√3) e^{-jω} = 1 + (1/√3)(cos ω - j sin ω)

The magnitude squared is [1 + (1/√3) cos ω]^2 + [ (1/√3) sin ω ]^2 = 1 + (2/√3) cos ω + (1/3) cos²ω + (1/3) sin²ω = 1 + (2/√3) cos ω + (1/3)(cos²ω + sin²ω) = 1 + (2/√3) cos ω + 1/3 = 4/3 + (2/√3) cos ω

Wait, but in our case, ω = π/6, so let's plug that in.

First, compute the denominator magnitude |1 + (1/√3) e^{-jω}|.

Let me compute the real and imaginary parts:

Real part: 1 + (1/√3) cos ω

Imaginary part: (1/√3) (-sin ω) [since e^{-jω} = cos ω - j sin ω]

So the magnitude squared is (1 + (cos ω)/√3)^2 + (sin ω / √3)^2 = 1 + (2 cos ω)/√3 + (cos² ω + sin² ω)/3 = 1 + (2 cos ω)/√3 + 1/3 = 4/3 + (2 cos ω)/√3

Yes, that's correct.

So magnitude |D| = sqrt(4/3 + (2 cos ω)/√3)

Then A = 1 / |D|, and the phase φ is -arg(D) (since A = e^{jφ} / |D|, so the phase shift of the output relative to input is -arg(D)).

Wait, the input is cos ωn, which is the real part of e^{jωn}. The output is A e^{jωn} (the complex solution), so the real part is A cos(ωn + φ), where φ is the phase shift.

Let's compute for ω = π/6.

First, compute cos ω = cos(π/6) = √3/2

So magnitude squared: 4/3 + (2*(√3/2))/√3 = 4/3 + (√3)/√3 = 4/3 + 1 = 7/3

Therefore, |D| = sqrt(7/3) = √(7)/√3

Thus, the magnitude A is 1 / (√(7)/√3) = √3 / √7 = √(3/7)

Okay, that's the amplitude. Good, so the amplitude is √(3/7), which matches several options (B, D, F, J, etc.)

Now, the phase shift φ. The complex denominator is D = 1 + (1/√3) e^{-jω} = 1 + (1/√3)(cos ω - j sin ω)

So D = [1 + (cos ω)/√3] - j [sin ω / √3]

The argument of D is -tan^{-1}( [sin ω / √3] / [1 + (cos ω)/√3] )

Because the argument of a complex number a - jb is -tan^{-1}(b/a)

So let's compute the phase shift φ (the phase of the output relative to input). Wait, the output is A e^{jωn} (complex), so the real part is A cos(ωn + φ), where φ = -arg(D) (since the complex output has phase -arg(D) relative to the input e^{jωn}).

Wait, let's see: If the complex solution is y_p[n] = A e^{j(ωn + φ)}, then substituting into the equation:

A e^{j(ωn + φ)} + (1/√3) A e^{j(ω(n-1) + φ)} = e^{jωn}

Divide both sides by e^{jωn}:

A e^{jφ} + (1/√3) A e^{j(φ - ω)} = 1

So A e^{jφ} [1 + (1/√3) e^{-jω}] = 1

Thus, A e^{jφ} = 1 / [1 + (1/√3) e^{-jω}] = e^{jθ} / |D|, where θ = -arg(1 + (1/√3) e^{-jω})

Therefore, the phase of the output is φ = θ (since A e^{jφ} = e^{jθ} / |D|, so φ = θ)

Wait, maybe better to compute the phase shift directly.

Let's compute the argument of (1 + (1/√3) e^{-jω}).

Let me denote z = 1 + (1/√3) e^{-jω}

Then z = 1 + (1/√3) cos ω - j (1/√3) sin ω

So the phase angle of z is α = arctan( [ - (1/√3) sin ω ] / [1 + (1/√3) cos ω ] )

But the phase shift for the output relative to the input is -α, because the output is (1/z) e^{jωn}, so the phase shift is -arg(z).

Wait, let's take a step back.

The particular solution for the real input cos(ωn) is:

y_ss[n] = |1 / (1 + a e^{-jω})| cos(ωn + φ), where a is the coefficient (here a = 1/√3)

The phase φ is given by φ = -tan^{-1} [ (a sin ω) / (1 + a cos ω) ]

Wait, let's recall that for a linear system with transfer function H(e^{jω}) = 1 / (1 + a e^{-jω}), the phase shift is -arg(H(e^{jω})).

H(e^{jω}) = 1 / (1 + a e^{-jω}) = e^{jφ} / |H|, so φ = -arg(1 + a e^{-jω})

Let's compute arg(1 + a e^{-jω}) = -tan^{-1}( (a sin ω) / (1 + a cos ω) )

Wait, let's compute the real and imaginary parts of 1 + a e^{-jω}:

Real: 1 + a cos ω

Imaginary: -a sin ω

So the argument of (1 + a e^{-jω}) is arctan( (-a sin ω) / (1 + a cos ω) ) = -arctan( (a sin ω) / (1 + a cos ω) )

Therefore, the phase shift φ of the output relative to input is -arg(H) = arg(1 + a e^{-jω}) = -arctan( (a sin ω) / (1 + a cos ω) )? Wait, no:

Wait, H = 1 / (1 + a e^{-jω}), so arg(H) = -arg(1 + a e^{-jω})

Therefore, the output y_p[n] = |H| e^{j(ωn + arg(H))} = |H| cos(ωn + arg(H) + π/2) ? Wait, no, for real inputs, the particular solution is a cosine with phase shift.

Let me use the standard method for finding the particular solution.

We have y_p[n] = A cos(ωn + φ)

Plug into the equation:

A cos(ωn + φ) + (1/√3) A cos(ω(n-1) + φ) = cos(ωn)

Expand the second cosine:

cos(ω(n-1) + φ) = cos(ωn - ω + φ) = cos(ωn + (φ - ω)) = cos ωn cos(φ - ω) - sin ωn sin(φ - ω)

So the equation becomes:

A [ cos ωn cos φ - sin ωn sin φ + (1/√3)(cos ωn cos(φ - ω) - sin ωn sin(φ - ω)) ] = cos ωn

Grouping terms:

A cos ωn [ cos φ + (1/√3) cos(φ - ω) ] - A sin ωn [ sin φ + (1/√3) sin(φ - ω) ] = cos ωn

Therefore, equating coefficients:

For cos ωn: A [ cos φ + (1/√3) cos(φ - ω) ] = 1

For sin ωn: -A [ sin φ + (1/√3) sin(φ - ω) ] = 0 => sin φ + (1/√3) sin(φ - ω) = 0

We already solved the phase equation earlier. Let's use ω = π/6.

From the phase equation:

sin φ + (1/√3) sin(φ - π/6) = 0

We had earlier that this leads to tan φ = 1/(3√3). Let's confirm that.

Expanding sin(φ - π/6) = sin φ cos π/6 - cos φ sin π/6 = sin φ (√3/2) - cos φ (1/2)

So:

sin φ + (1/√3)( (√3/2 sin φ - 1/2 cos φ) ) = 0

Simplify:

sin φ + ( (1/√3)(√3/2 sin φ) - (1/√3)(1/2 cos φ) ) = 0

= sin φ + ( (1/2) sin φ - (1/(2√3)) cos φ ) = 0

= (3/2) sin φ - (1/(2√3)) cos φ = 0

Multiply both sides by 2:

3 sin φ - (1/√3) cos φ = 0

Multiply both sides by √3:

3√3 sin φ - cos φ = 0 => cos φ = 3√3 sin φ => tan φ = 1/(3√3)

Yes, that's correct. So φ = tan⁻¹(1/(3√3))

Now, let's compute the amplitude A.

From the cos ωn term:

A [ cos φ + (1/√3) cos(φ - ω) ] = 1

Let's compute cos(φ - ω) where ω = π/6.

cos(φ - ω) = cos φ cos ω + sin φ sin ω

We know tan φ = 1/(3√3), so let's draw a right triangle where opposite side is 1, adjacent is 3√3, hypotenuse is sqrt( (3√3)^2 + 1^2 ) = sqrt(27 + 1) = sqrt(28) = 2√7

Therefore:

sin φ = 1/(2√7)

cos φ = 3√3/(2√7)

Check: (3√3)^2 + 1^2 = 27 + 1 = 28, so hypotenuse is √28 = 2√7, correct.

Now, cos ω = cos(π/6) = √3/2, sin ω = 1/2

Compute cos(φ - ω) = cos φ cos ω + sin φ sin ω

= (3√3/(2√7))(√3/2) + (1/(2√7))(1/2)

= (3*3)/(4√7) + 1/(4√7)

= (9 + 1)/(4√7) = 10/(4√7) = 5/(2√7)

Wait, let's compute step by step:

First term: (3√3 * √3) / (2√7 * 2) = (3*3) / (4√7) = 9/(4√7)

Second term: (1 * 1) / (2√7 * 2) = 1/(4√7)

So total: (9 + 1)/(4√7) = 10/(4√7) = 5/(2√7). Yes.

Now, compute the expression inside the brackets:

cos φ + (1/√3) cos(φ - ω) = [3√3/(2√7)] + (1/√3)(5/(2√7))

Simplify the second term:

(1/√3)(5/(2√7)) = 5/(2√21) = 5√21/(2*21) = 5√21/42, but maybe better to rationalize:

Wait, let's get a common denominator.

Let's write both terms with denominator 2√7:

First term: 3√3/(2√7) = 3√3 √7 / (2*7) = 3√21 / 14

Second term: 5/(2√21) = 5√21 / (2*21) = 5√21 / 42

Wait, maybe another approach. Let's compute numerically to check.

First, compute A:

We know from the complex method that A = √(3/7) ≈ √(0.4286) ≈ 0.6547

Let's compute using the expressions:

cos φ = 3√3/(2√7) ≈ 3*1.732/(2*2.6458) ≈ 5.196 / 5.2916 ≈ 0.982

sin φ = 1/(2√7) ≈ 1/(5.2915) ≈ 0.189

cos(φ - ω) = 5/(2√7) ≈ 5/(5.2915) ≈ 0.945

Then:

cos φ + (1/√3) cos(φ - ω) ≈ 0.982 + (0.577)(0.945) ≈ 0.982 + 0.545 ≈ 1.527

Then A ≈ 1 / 1.527 ≈ 0.654, which matches √(3/7) ≈ 0.6547. Good.

So the amplitude is √(3/7).

Now, the phase shift φ is tan⁻¹(1/(3√3)). Let's check the options.

Looking at the answer choices:

A. y_ss[n] = √(1/7)cos[(π/6)n tan⁻¹[1/(3√3)]]

B. y_ss[n] = √(3/7)cos[(π/3)n tan⁻¹[1/(3√3)]]

C. y_ss[n] = √(3/8)sin[(π/6)n - tan⁻¹[1/(3√3)]]

D. y_ss[n] = √(3/7)cos[(π/6)n tan⁻¹[1/(2√3)]]

E. y_ss[n] = √(2/7)sin[(π/6)n + tan⁻¹[1/(3√3)]]

F. y_ss[n] = √(3/7)cos[(π/6)n + tan⁻¹[1/(3√3)]]

G. y_ss[n] = √(3/7)sin[(π/6)n - tan⁻¹[1/(2√3)]]

H. y_ss[n] = √(3/7)sin[(π/6)n tan⁻¹[1/(3√3)]]

I. y_ss[n] = √(2/7)cos[(π/6)n tan⁻¹[1/(3√3)]]

J. y_ss[n] = √(3/7)cos[(π/6)n tan⁻¹[1/(3√3)]]

Wait, in our calculation, the particular solution is A cos(ωn + φ), where ω = π/6, and φ = tan⁻¹(1/(3√3)). Wait, but in the phase equation, we had tan φ = 1/(3√3), so φ is the phase shift. But let's check the sign.

When we had the equation for the phase: sin φ + (1/√3) sin(φ - ω) = 0, we found that tan φ = 1/(3√3). Let's see what φ is.

Since tan φ is positive, φ is in the first quadrant. Now, the phase shift in the cosine function is such that the solution is cos(ωn + φ). Let's check with the complex method.

In the complex method, the output is A e^{j(ωn + φ)}, so the real part is A cos(ωn + φ). The phase φ here is the phase shift.

From the earlier calculation, we had that the phase of the complex denominator is -tan⁻¹( (a sin ω) / (1 + a cos ω) )

Let's compute (a sin ω) / (1 + a cos ω) where a = 1/√3, ω = π/6.

a sin ω = (1/√3)(1/2) = 1/(2√3)

1 + a cos ω = 1 + (1/√3)(√3/2) = 1 + 1/2 = 3/2

So (a sin ω)/(1 + a cos ω) = (1/(2√3)) / (3/2) = 1/(3√3)

Therefore, the phase shift φ = tan⁻¹(1/(3√3)). Wait, but in the complex method, the output phase is -arg(denominator), and arg(denominator) = -tan⁻¹( (a sin ω)/(1 + a cos ω) ), so the output phase is tan⁻¹( (a sin ω)/(1 + a cos ω) )

Yes, because:

If denominator is 1 + a e^{-jω} = (1 + a cos ω) - j (a sin ω), then the argument is -tan⁻¹( (a sin ω)/(1 + a cos ω) )

Thus, the output phase is arg(H) = -arg(denominator) = tan⁻¹( (a sin ω)/(1 + a cos ω) )

So the output is A cos(ωn + φ), where φ = tan⁻¹( (a sin ω)/(1 + a cos ω) ) = tan⁻¹(1/(3√3))

Wait, in our case, (a sin ω)/(1 + a cos ω) = 1/(3√3), so φ = tan⁻¹(1/(3√3))

Therefore, the steady-state solution is y_ss[n] = √(3/7) cos( (π/6) n + tan⁻¹(1/(3√3)) )

Wait, but looking at the options, option F has a plus sign, option J has a multiplication inside the cosine argument.

Wait, the argument in the options is written as [ (π/6) n tan⁻¹(...) ] which is a bit confusing. Wait, no, in the problem statement, the answer choices are written with a space, but probably it's a typo in the problem's formatting.

Wait, let's check the answer choices again.

For example, option J: y_ss[n] = √(3/7)cos[(π/6)n tan⁻¹[1/(3√3)]]

But that would be cos( (π/6 n) * tan⁻¹(...) ), which is not correct. The argument should be (π/6)n + φ, where φ is the phase shift, not (π/6 n) multiplied by φ.

Ah! Here's a crucial point. In the problem statement, the answer choices might have a formatting error. For example, in option J, it's written as ""cos[(\pi/6)n tan^-1 [...] ]"", which could be interpreted as cos( (π/6 n) * tan^{-1}(...) ), but that's not correct. The correct form is cos( (π/6)n + tan^{-1}(...) )

But looking at the options, they might have used a different notation where the phase is added. Let's parse the options carefully.

Option F: y_ss[n] = √(3/7)cos[(π/6)n + tan⁻¹[1/(3√3)]]

Option J: y_ss[n] = √(3/7)cos[(π/6)n tan⁻¹[1/(3√3)]]

The difference is whether it's a plus sign or multiplication. In LaTeX, the problem writes ""cos[(\pi/6)n tan^-1 [...] ]"" which would be cos( (π/6) n * tan^{-1}(...) ), but that's a product, not a sum. However, in the context of steady-state solutions, the phase shift is added to the frequency term, not multiplied.

Given that, the correct form should be cos( (π/6) n + φ ), where φ = tan⁻¹(1/(3√3)).

Looking at the options:

F has a plus sign: cos[(π/6)n + tan⁻¹[...]]

J has a multiplication: cos[(π/6)n tan⁻¹[...]]

So J is probably incorrect because it's a product, not a sum.

Wait, but let's check the problem statement again. The original equation is y[n] + (1/√3)y[n-1] = cos(π/6 n). So the input is cos( (π/6) n ), so the frequency is π/6.

In the answer choices, the phase is written as tan⁻¹[...], so the correct answer should be a cosine function with argument (π/6)n plus the phase shift.

From our calculation, the phase shift φ is tan⁻¹(1/(3√3)), and the amplitude is √(3/7).

So the correct answer should be F: y_ss[n] = √(3/7)cos[(π/6)n + tan⁻¹[1/(3√3)]]

Wait, but let's verify with the earlier complex method.

We had A = √(3/7), and the phase shift is φ = tan⁻¹( (a sin ω)/(1 + a cos ω) ) = tan⁻¹(1/(3√3)), so the solution is A cos(ωn + φ), which matches option F.

Wait, but let's check option J: it's written as ""cos[(\pi/6)n tan^-1 [...]]"", which is a product, so that's not correct. The other options have plus or minus signs.

Option F has a plus sign, which is correct.

Wait, but in our earlier derivation using the real solution, we had y_p[n] = A cos(ωn + φ), where φ = tan⁻¹(1/(3√3)). So yes, the plus sign is correct.

Let's check if the phase is positive or negative. In our calculation, tan φ = 1/(3√3) > 0, so φ is in the first quadrant. Since the input is a cosine, and the system is a low-pass type (with a positive coefficient), the phase shift should be positive, meaning the output lags the input by φ (since for a positive phase shift in cosine, it's a lag).

Wait, for a system with transfer function H(e^{jω}) = 1 / (1 + a e^{-jω}), when a is positive, the phase shift is positive, meaning the output lags the input.

Yes, so the output is cos(ωn + φ), where φ is positive, so it's a lag.

Let's check with a simple case. If a = 0, then the system is y[n] = cos(ωn), so phase shift 0. If a > 0, the phase shift is positive (lag).

In our case, a = 1/√3 > 0, so the phase shift is positive.

Therefore, the correct answer should be F.

Wait, but let's check option J again. The problem might have a typo in the LaTeX. In the problem statement, option J is written as ""y_ss[n] = \surd(3/7)cos[(\pi/6)n tan^-1 [{1} / {3\surd(3)}]"". The ""n tan^-1"" could be a misformatting of ""n + tan^{-1}"", but in the problem's answer choices, they might have written it as ""n tan^{-1}"" meaning the phase is added.

But in standard notation, ""cos(x tan^{-1}(y))"" is a different function than ""cos(x + tan^{-1}(y))"". Given that all the answer choices have the ""tan^{-1}"" as a separate argument, it's likely that the correct answer is F, with a plus sign.

Wait, another way: let's compute the phase shift numerically.

Compute φ = tan⁻¹(1/(3√3)) ≈ tan⁻¹(1/(5.196)) ≈ tan⁻¹(0.1925) ≈ 10.9 degrees.

So the solution is √(3/7) cos( (π/6)n + 10.9 degrees )

π/6 radians is 30 degrees, so the argument is 30n + 10.9 degrees.

Now, let's check the options.

Option F: + tan⁻¹(1/(3√3)), so yes.

Option J: (π/6)n multiplied by tan⁻¹(...), which would be 30n * 10.9 degrees ≈ 327n degrees, which is not correct.

Therefore, option F is the correct one.

Wait, but wait a second. In the complex method, the output is A e^{j(ωn + φ)}, so the real part is A cos(ωn + φ). So the phase shift is φ, added to the argument.

Yes, so the correct answer is F.

But let's check the amplitude again. We had from the magnitude squared: 4/3 + (2 cos ω)/√3.

With ω = π/6, cos ω = √3/2, so:

4/3 + (2*(√3/2))/√3 = 4/3 + (√3)/√3 = 4/3 + 1 = 7/3.

So the magnitude is sqrt(7/3), so the gain is 1 / sqrt(7/3) = sqrt(3/7). Correct.

So the amplitude is sqrt(3/7), which matches options B, D, F, J.

The phase shift is tan⁻¹(1/(3√3)), which matches options F, J, etc.

The key difference is the operator between (π/6)n and the phase term.

In the problem statement, the answer choices are written with LaTeX. Let's look at the original problem's answer choices:

Option F: y_ss[n] = \surd(3/7)cos[(\pi/6)n + tan^-1 [{1} / {3\surd(3)}]

Yes, there's a plus sign. Option J has a multiplication sign (as written in the problem statement: ""(\pi/6)n tan^-1 [...]""), which in LaTeX would be (\pi/6)n \tan^{-1} [...] , so it's (π/6 n) multiplied by tan^{-1}(...), which is incorrect.

Therefore, the correct answer is F.

Wait, but wait another thought: in some contexts, the phase shift for the particular solution can be written as a phase lag or lead. Let's confirm with the equation.

Suppose we have a system with transfer function H(z) = 1 / (1 + a z^{-1}), then the steady-state response to cos(ωn) is |H(e^{jω})| cos(ωn + φ), where φ = -arg(H(e^{jω})).

We computed arg(H(e^{jω})) = -tan⁻¹( (a sin ω) / (1 + a cos ω) )

So φ = -arg(H) = tan⁻¹( (a sin ω) / (1 + a cos ω) )

Yes, so the phase shift is positive, meaning the output lags the input by φ.

Therefore, the solution is A cos(ωn + φ), so option F.

Yes, I think F is correct.

Let me check the options again.

Option F: + tan⁻¹[...]

Option J: multiplication.

Given the problem's answer choices, F has the plus sign, J has multiplication, so F is correct.

Another check: the problem says ""steady-state solution"". For a linear difference equation with constant coefficients, the steady-state is the particular solution, which we found.

Yes, so I think the answer is F.
</think>

To determine the **steady-state solution** of the difference equation:

$$
y[n] + \frac{1}{\sqrt{3}} y[n - 1] = \cos\left(\frac{\pi}{6}n\right),
$$

we recognize that this is a **linear constant-coefficient difference equation** with a sinusoidal input. The steady-state solution corresponds to the **particular solution**, since the homogeneous solution will decay over time (assuming the system is stable).

---

### Step 1: Assume a Particular Solution

We assume a particular solution of the form:

$$
y_p[n] = A \cos\left(\frac{\pi}{6}n + \phi\right),
$$

where $ A $ is the amplitude and $ \phi $ is the phase shift.

Substituting into the differential equation and equating coefficients leads to two key equations:

1. $ \sin \phi + \frac{1}{\sqrt{3}} \sin\left(\phi - \frac{\pi}{6}\right) = 0 $
2. $ A \left[ \cos \phi + \frac{1}{\sqrt{3}} \cos\left(\phi - \frac{\pi}{6}\right) \right] = 1 $

From the first equation, solving yields:

$$
\tan \phi = \frac{1}{3\sqrt{3}} \quad \Rightarrow \quad \phi = \tan^{-1}\left( \frac{1}{3\sqrt{3}} \right)
$$

This gives us the **phase shift**.

---

### Step 2: Compute Amplitude $ A $

Using the magnitude of the transfer function for this system:

$$
|H(e^{j\omega})| = \frac{1}{\sqrt{1 + \frac{1}{3} \cos \omega + \frac{1}{3} \sin^2 \omega}} = \sqrt{\frac{3}{7}}
$$

Thus, the **amplitude** of the steady-state solution is:

$$
A = \sqrt{\frac{3}{7}}
$$

---

### Step 3: Interpret the Correct Form of the Solution

The correct form of the steady-state solution is:

$$
y_{ss}[n] = \sqrt{\frac{3}{7}} \cos\left( \frac{\pi}{6}n + \tan^{-1}\left( \frac{1}{3\sqrt{3}} \right) \right)
$$

This matches **Option F** exactly:

> **F.** $ y_{ss}[n] = \sqrt{\frac{3}{7}} \cos\left[\left(\frac{\pi}{6}n\right) + \tan^{-1}\left( \frac{1}{3\sqrt{3}} \right)\right] $

Note that in the other options (like J), the expression is written as a **multiplication** (e.g., $ (\pi/6)n \cdot \tan^{-1} $), which would be incorrect. In standard notation, the argument of the cosine should be a **sum**, not a product.

---

### Final Answer

$$
\boxed{F}
$$"
756,"Okay, let's see. The problem says that the stopping distance is proportional to the square of the velocity. So first, I need to recall what proportional means here. If distance d is proportional to velocity squared v², then d = k*v², where k is the constant of proportionality. 

They give that at 70 mph, the stopping distance is 177 feet. So I can use that to find k. Let me write that down. 

When v = 70 mph, d = 177 feet. So 177 = k*(70)². Let me calculate 70 squared first. 70*70 is 4900. So 177 = k*4900. Then k = 177 / 4900. Let me compute that. 177 divided by 4900. Let me do that division. 177 ÷ 4900. Let's see, 4900 goes into 177 zero times. 4900 goes into 17700 three times (3*4900=14700), subtract 14700 from 17700, get 3000. Bring down a zero: 30000. 4900 goes into 30000 six times (6*4900=29400), subtract, get 600. So it's approximately 0.03612... Let me check with a calculator: 177 divided by 4900. 177 ÷ 4900 = 0.03612244898... So approximately 0.03612.

But maybe I don't need to calculate k explicitly. Since we need to find the stopping distance at 55 mph and 120 mph, we can use the proportionality. Since d1/d2 = (v1/v2)², because d = k*v², so d1 = k*v1², d2 = k*v2², so d1/d2 = (v1/v2)². 

So for the first part, at 55 mph. Let's call the stopping distance at 70 mph as d1 = 177 ft, v1 = 70 mph. We need d2 at v2 = 55 mph. Then d2 = d1 * (v2/v1)². 

Yes, that's a better way. Because d is proportional to v², so the ratio of distances is the square of the ratio of velocities. 

So for 55 mph: d = 177 * (55/70)². Let's compute that. First, 55 divided by 70 is 11/14 ≈ 0.7857. Then square that: (11/14)² = 121/196 ≈ 0.6173. Then multiply by 177: 177 * (121/196). Let's compute that. 

121*177 = let's see, 177*100=17700, 177*20=3540, 177*1=177. So 17700 + 3540 = 21240 + 177 = 21417. Then 21417 / 196. Let's divide 21417 by 196. 196*100=19600, 21417 - 19600 = 1817. 196*9=1764, so 100 + 9 = 109, 1817 - 1764 = 53. So 109 + 53/196 ≈ 109.27. So approximately 109.27 feet. Let me check with a calculator: 55/70 = 0.785714..., square is 0.617346..., 0.617346 * 177 ≈ 0.617346*170 = 105.0, 0.617346*7 = 4.321, so total ≈ 105.0 + 4.321 = 109.321. So about 109.3 feet. Maybe they want it rounded to a whole number? The problem says ""include"" but maybe just the value. Let's see.

For 120 mph: d = 177 * (120/70)². 120/70 = 12/7 ≈ 1.7142857. Square is (12/7)² = 144/49 ≈ 2.9387755. Then 177 * (144/49). Let's compute 177*144 first. 177*100=17700, 177*40=7080, 177*4=708. So 17700 + 7080 = 24780 + 708 = 25488. Then 25488 / 49. Let's divide 25488 by 49. 49*500=24500. 25488 - 24500 = 988. 49*20=980. So 500 + 20 = 520, 988 - 980 = 8. So 520 + 8/49 ≈ 520.163. So approximately 520.16 feet. Let's check with the decimal: (120/70)^2 = (1.7142857)^2 ≈ 2.9387755. 177 * 2.9387755 ≈ 177*2.9388 ≈ 177*2 + 177*0.9388 ≈ 354 + 166.2 ≈ 520.2. So that's about 520.2 feet.

Let me verify the first one again. 55 mph: (55/70)^2 = (11/14)^2 = 121/196 ≈ 0.6173469. 177 * 0.6173469 ≈ 177 * 0.6 = 106.2, 177 * 0.0173469 ≈ 3.07, so total ≈ 106.2 + 3.07 = 109.27. So approximately 109.3 feet. Maybe the problem expects rounding to the nearest whole number, so 109 or 110? Let's see, 109.27 is closer to 109 than 110, but maybe they want one decimal? The problem says ""include"" but the original distance is given as 177 feet, which is a whole number. Maybe they want it as a whole number.

Wait, let's do exact fractions. For 55 mph: 177*(55/70)^2 = 177*(121/196) = (177*121)/196. 177*121: 177*120=21240, plus 177=21417. So 21417/196. Let's divide 21417 by 196: 196*109=196*(100+9)=19600+1764=21364. 21417 - 21364=53. So 109 + 53/196 ≈ 109.27. So approximately 109.3 feet. If we round to the nearest whole number, it's 109.

For 120 mph: 177*(120/70)^2 = 177*(144/49) = (177*144)/49. 177*144: 177*100=17700, 177*40=7080, 177*4=708. So 17700+7080=24780+708=25488. 25488/49: 49*520=25480, so 25488-25480=8, so 520 + 8/49 ≈ 520.16. So approximately 520.2 feet, which rounds to 520.

Let me check if the problem says ""include"" but probably just the numerical value. The problem says ""At 55 mph, stopping distance=[ANS] (include)"" so probably the answer is 109 and 520, but let's see if the calculation is correct.

Wait, another way: since d ∝ v², then d = k v². So k = d / v². For v=70, d=177, so k=177/(70)^2 = 177/4900 ≈ 0.0361224.

Then for v=55, d=0.0361224*(55)^2. 55^2=3025. So 0.0361224*3025 ≈ 0.0361224*3000=108.3672, plus 0.0361224*25≈0.903, total≈108.3672+0.903≈109.27. So that's 109.27, which is approximately 109.3, so 109 when rounded to whole number.

For v=120, d=0.0361224*(120)^2. 120^2=14400. So 0.0361224*14400. Let's compute 0.0361224*10000=361.224, 0.0361224*4000=144.4896, 0.0361224*400=14.44896. So total: 361.224 + 144.4896 = 505.7136 + 14.44896 ≈ 520.16256. So approximately 520.16, which is 520 when rounded to whole number.

So the answers are approximately 109 feet and 520 feet.

Let me confirm with the problem statement: ""According to Car and Driver, an Alfa Romeo going 70 mph requires 177 feet to stop."" So they give 177, which is a whole number, so probably the answers are expected to be whole numbers. So 109 and 520.

Wait, 109.27 is closer to 109 than 110, so 109. 520.16 is closer to 520 than 521, so 520.

Yes, that makes sense. So the answers are 109 and 520.
</think>

[ANS]109, [ANS]520

\boxed{109,520}"
757,"Okay, let's see. The question is about which students should use a line graph to display their data. The options are A, B, C, D.

First, I need to remember what a line graph is used for. From what I recall, line graphs are good for showing trends over time. They connect data points with lines to illustrate how a variable changes over a continuous interval or time period.

Let's go through each student's data.

Anita asked her classmates which season they liked best. So she's collecting categorical data—seasons like spring, summer, autumn, winter. Since it's about preferences for different seasons, this is probably a bar graph or a pie chart, not a line graph. Line graphs are for continuous data over time, not categories. So Anita's data wouldn't be a line graph.

Kevin measured the height of the snow every 15 minutes during a 2-hour snowstorm. So he's taking measurements at regular intervals over time. That sounds like time-series data. A line graph would show how the snow height changes over time. So Kevin should use a line graph here.

Rachel recorded the total snowfall in 3 different towns. Hmm. Total snowfall in towns—this is probably a single value per town, like the amount of snow each town received. If she's comparing the total snowfall across different towns, that's more like a bar graph where each bar represents a town's total. A line graph would be for trends over time, but here it's just three towns' totals, which are static data points. So Rachel's data would be better displayed with a bar chart, not a line graph.

Wait, but the problem says ""total snowfall in 3 different towns"". Maybe she recorded the total over time? Wait, the problem says ""recorded the total snowfall"", so maybe it's the cumulative total for each town. Like, for each town, she has a total amount (e.g., 10 inches in town A, 15 in B, etc.). That's categorical data (towns) with numerical values. So bar graph is appropriate here. So Rachel's data isn't for a line graph.

So Kevin is the only one who should use a line graph. Let's check the options.

Option C is Kevin only. Let me make sure.

Anita: categorical (seasons) → bar or pie.

Kevin: time series (every 15 mins) → line graph.

Rachel: total snowfall in 3 towns (so three data points, maybe comparing towns) → bar graph.

So the answer should be C. Kevin only.

Wait, the options are:

A. Anita and Rachel only

B. Rachel only

C. Kevin only

D. Kevin and Rachel only

Yes, so C is Kevin only. So the answer is C.
</think>

[ANS]C"
