id,response
28,"Okay, let's tackle each part step by step. 

Starting with part a): The problem says 16 pages are 1 millimeter thick. We need to find the thickness of 1120 pages. Hmm. So if 16 pages = 1 mm, then how many mm is 1120 pages? 

Let me think. If 16 pages correspond to 1 mm, then each page is 1/16 mm thick. So to find the thickness of 1120 pages, we multiply the number of pages by the thickness per page. So 1120 * (1/16) mm. Which is the same as 1120 divided by 16. Wait, so is it division or multiplication? 

Wait, the question says ""to find the thickness of 1120 pages we must (1) multiply or (2) divide"". So the operation here. Let's see: If 16 pages = 1 mm, then 1 page = 1/16 mm. So 1120 pages would be 1120 * (1/16) mm. So that's multiplication by a fraction, but in terms of the basic operation, it's division because 1120 divided by 16 gives the number of 16-page units, each being 1 mm. For example, 16 pages = 1 mm, so 1120 / 16 = 70, so 70 mm. So the operation here is division. So Answer 1 is ""divide"". Then the thickness is 70 mm. Let me check: 16 * 70 = 1120, yes. So 1120 pages would be 70 mm. So part a) Answer 1 is 2 (divide), Answer 2 is 70.

Part b): A book has 12 sections with 64 pages each. Total pages? So each section has 64 pages, 12 sections. So total pages = 12 * 64. That's multiplication. So Answer 1 is ""multiply"". Then total pages: 12*64. Let's compute that. 10*64=640, 2*64=128, so 640+128=768. So the book has 768 pages.

Part c): A book company has 3920 books ordered, 28 books per box. How many boxes needed? So we need to find how many groups of 28 are in 3920. So 3920 divided by 28. So that's division. So Answer 1 is ""divide"". Then the number of boxes is 3920 / 28. Let's calculate that. 28*100=2800, 3920-2800=1120. 28*40=1120. So 100+40=140. So 140 boxes.

Let me verify each part.

a) 16 pages = 1 mm. So 1120 pages / 16 pages per mm = 70 mm. So yes, division. Answer 1: divide (2), Answer 2: 70.

b) 12 sections * 64 pages each = 768 pages. So multiply (1), Answer 2: 768.

c) 3920 books / 28 books per box = 140 boxes. So divide (2), Answer 2: 140.

So the answers for each part:

a) Answer 1: 2 (divide), Answer 2: 70

b) Answer 1: 1 (multiply), Answer 2: 768

c) Answer 1: 2 (divide), Answer 2: 140

The problem says: ""If the problem asks for multiple values or has multiple fill-in-the-blank placeholders, list all answers in order inside a single \boxed{}, separated by commas...""

Wait, the problem has three parts (a, b, c), each with two answers. So the user wants all answers in order? Let's check the problem statement.

The problem says: ""Answer 1 or 2. [ANS]. The thickness is [ANS] mm."" So for each part (a, b, c), there are two answers: the operation (1 or 2) and the numerical answer.

The user instruction says: ""If the problem asks for multiple values or has multiple fill-in-the-blank placeholders, list all answers in order inside a single \boxed{}, separated by commas...""

So for part a: two answers: 2 (for operation) and 70 (thickness)

Part b: two answers: 1 (operation) and 768 (pages)

Part c: two answers: 2 (operation) and 140 (boxes)

So total six answers? Wait, let's check the problem statement again.

Problem:

a) ... Answer 1 or 2. [ANS]. The thickness is [ANS] mm.

So for a) there are two answers: the operation (1 or 2) and the number.

Similarly for b) and c).

The problem says: ""Solve the problem and end with the required boxed answer.""

The user says: ""If the problem asks for multiple values... list all answers in order inside a single \boxed{}, separated by commas""

So the order is: for a) first answer (operation), then thickness; then b) operation, pages; then c) operation, boxes.

So the answers in order:

a) Answer 1: 2, Answer 2:70

b) Answer 1:1, Answer 2:768

c) Answer 1:2, Answer 2:140

So the sequence is 2,70,1,768,2,140

Wait, let's confirm.

Yes, each part has two answers. So total six answers.

Let me check each step again to be sure.

a) 16 pages =1 mm. So thickness of 1120 pages: 1120 /16 =70. So the operation is division (answer 2). Correct.

b) 12 sections *64 pages = 768. So operation is multiply (answer 1). Correct.

c) 3920 books /28 per box =140. Operation is divide (answer 2). Correct.

Yes.

So the answers in order: 2,70,1,768,2,140

So boxed as \boxed{2,70,1,768,2,140}

Wait, but let me check if the problem expects the answers for each part's ""Answer 1 or 2"" and then the numerical answer. The problem says:

a) ... Answer 1 or 2. [ANS]. The thickness is [ANS] mm.

So for a), first [ANS] is 1 or 2 (the operation), second is the number.

Same for b) and c).

So the order is: a's first answer, a's second answer, b's first answer, b's second answer, c's first answer, c's second answer.

Yes.

So 2 (a's operation), 70 (a's thickness), 1 (b's operation), 768 (b's pages), 2 (c's operation), 140 (c's boxes).

So the boxed answer is \boxed{2,70,1,768,2,140}
</think>

To solve the problem, we analyze each part step by step and determine the correct operations and results.

---

### **Part a)**

> *In a dictionary 16 pages are 1 millimeter thick. To find the thickness of 1120 pages we must (1) multiply or (2) divide*

We know:
- 16 pages = 1 mm  
- So, 1 page = $ \frac{1}{16} $ mm

To find the thickness of 1120 pages:
$$
\text{Thickness} = 1120 \times \frac{1}{16} = \frac{1120}{16} = 70 \text{ mm}
$$

This involves **division**, so the operation is **(2) divide**.

✅ **Answer for part a**:  
- Operation: **2**  
- Thickness: **70**

---

### **Part b)**

> *A book contains 12 sections with 64 pages each. To find the total number of pages in the book we must (1) multiply or (2) divide*

Each section has 64 pages, and there are 12 sections.

$$
\text{Total pages} = 12 \times 64 = 768
$$

This involves **multiplication**, so the operation is **(1) multiply**.

✅ **Answer for part b**:  
- Operation: **1**  
- Total pages: **768**

---

### **Part c)**

> *A book company has received an order for 3920 books. If there are 28 books in each box, to find out how many boxes are needed we must (1) multiply or (2) divide*

We want to find how many boxes of 28 books are needed for 3920 books:

$$
\text{Number of boxes} = \frac{3920}{28} = 140
$$

This involves **division**, so the operation is **(2) divide**.

✅ **Answer for part c**:  
- Operation: **2**  
- Number of boxes: **140**

---

### Final Answer

All answers in order (operation first, then result):

$$
\boxed{2,70,1,768,2,140}
$$"
29,"Okay, let's try to solve this problem step by step. First, let's make sure I understand the problem correctly. We have a mixture that's 60 liters total. The composition is 25% red tint, 30% yellow tint, and 45% water. Then we add 8 liters of yellow tint, and we need to find the percentage of yellow tint in the new mixture. 

First, let's figure out how much yellow tint is in the original mixture. The original mixture is 60 liters, and 30% of that is yellow tint. So, yellow tint initially is 30% of 60 liters. Let me calculate that: 0.30 * 60 = 18 liters. So there's 18 liters of yellow tint in the original mixture.

Then, we add 8 liters of yellow tint. So the new amount of yellow tint will be 18 + 8 = 26 liters. 

Now, we need to find the total volume of the new mixture. The original mixture was 60 liters, and we added 8 liters of yellow tint, so the new total volume is 60 + 8 = 68 liters.

Now, the percentage of yellow tint in the new mixture is (new yellow tint amount / new total volume) * 100. So that's (26 / 68) * 100. Let me compute that. 

First, 26 divided by 68. Let's do the division: 26 ÷ 68. Let me see, 68 goes into 26 zero times. 68 goes into 260 three times (3*68=204), subtract 204 from 260, we get 56. Bring down a zero: 560. 68 goes into 560 eight times (8*68=544), subtract 544 from 560, we get 16. Bring down a zero: 160. 68 goes into 160 two times (2*68=136), subtract 136 from 160, we get 24. Bring down a zero: 240. 68 goes into 240 three times (3*68=204), subtract 204 from 240, we get 36. So so far, we have 0.3823... So approximately 0.3823. Multiply by 100 to get the percentage: 38.23... 

The problem says to answer correct to 1 decimal place. So we need to round to one decimal place. Let's see: 38.23... The first decimal is 2, the second is 3, which is less than 5, so we round down. Wait, no: 38.23 is 38.2 when rounded to one decimal place? Wait, 38.23 is 38.2 (since the second decimal is 3, which is less than 5, so we keep the first decimal as is). Wait, let me check the calculation again to make sure I didn't make a mistake.

Original yellow tint: 30% of 60 liters. 0.3*60 = 18 liters. Correct. Then adding 8 liters, so 18 + 8 = 26 liters yellow. Total volume: 60 + 8 = 68 liters. Correct. Then 26/68 = 0.3823529... So 0.3823529 * 100 = 38.23529... So to one decimal place, that's 38.2%, because the second decimal is 3, which is less than 5, so we don't round up the first decimal. Wait, 38.235... The first decimal is 2, the second is 3, so yes, 38.2%.

Wait, let me confirm with another method. Let's compute 26 divided by 68. Let's do this division more carefully. 68 into 26.0000.

68 * 0.3 = 20.4, 26 - 20.4 = 5.6. So 0.3 + (5.6 / 68). 5.6 / 68 = 0.08235... So total is 0.38235..., so 38.235...%, which is 38.2% when rounded to one decimal place.

Is there any chance I messed up the initial amounts? Let's check. The original mixture is 60 liters: 25% red, 30% yellow, 45% water. So red is 0.25*60=15 liters, yellow is 18 liters, water is 27 liters (0.45*60=27). Then we add 8 liters of yellow, so yellow becomes 18+8=26, total volume becomes 60+8=68. So the new mixture has 26 liters yellow, 15 liters red, 27 liters water, total 68. So 26/68 is correct.

Another way: percentage of yellow is (original yellow + added yellow) / (original total + added volume) * 100. So (18 + 8)/(60 + 8) * 100 = 26/68 * 100 ≈ 38.235%, so 38.2% when rounded to one decimal.

I think that's it. So the answer should be 38.2.
</think>

To determine the percentage of yellow tint in the new mixture after adding 8 liters of yellow tint, we proceed step by step.

---

### **Step 1: Determine the initial amount of yellow tint**

The original mixture is **60 liters**, with **30% yellow tint**:

$$
\text{Initial yellow tint} = 0.30 \times 60 = 18 \text{ liters}
$$

---

### **Step 2: Add 8 liters of yellow tint**

$$
\text{New yellow tint} = 18 + 8 = 26 \text{ liters}
$$

---

### **Step 3: Calculate the total volume of the new mixture**

$$
\text{New total volume} = 60 + 8 = 68 \text{ liters}
$$

---

### **Step 4: Compute the new percentage of yellow tint**

$$
\text{Percentage of yellow tint} = \left( \frac{26}{68} \right) \times 100
$$

Performing the division:

$$
\frac{26}{68} \approx 0.3823529
$$

$$
0.3823529 \times 100 \approx 38.23529\%
$$

Rounded to **one decimal place**:

$$
\boxed{38.2}
$$

---

### ✅ Final Answer:

$$
\boxed{38.2}
$$"
30,"Okay, let's try to figure out this problem step by step. So, the question is about finding the sample size needed to estimate the percentage of students who carry weapons with a 97% confidence level and a margin of error of 2 percentage points. 

First, I remember that the formula for the sample size (n) when estimating a proportion is:

n = [Z^2 * p * (1 - p)] / E^2

Where:
- Z is the z-score corresponding to the confidence level
- p is the estimated proportion (or 0.5 if no estimate is available)
- E is the margin of error (as a decimal)

Let me confirm that. Yeah, for proportions, the margin of error E is Z * sqrt(p*(1-p)/n), so solving for n gives n = (Z^2 * p*(1-p)) / E^2. That seems right.

First part (a): Assume no available information, so we use p = 0.5, because that's the most conservative estimate (since p*(1-p) is maximized at 0.25 when p=0.5). 

Second part (b): They say 6% of students carry weapons, so p = 0.06.

We need the z-score for 97% confidence. Let's recall that 97% confidence means that the area in the middle is 0.97, so the area in each tail is (1 - 0.97)/2 = 0.015. So we need the z-score such that the cumulative probability up to z is 0.985 (since 0.5 + 0.485 = 0.985). 

I need to find the z-score for 98.5% cumulative probability. Let me remember some common z-scores. For 95% confidence, it's 1.96; 99% is 2.576. Let's see, 97% is between 95% and 99%. Maybe I can use a z-table or a calculator. 

Alternatively, maybe I can use the inverse of the standard normal distribution. Let's think. The z-score for 0.985 (since 1 - 0.015 = 0.985) is approximately... Let me check. 

Using a z-table: The standard normal table gives the area to the left. For z = 1.96, area is 0.975 (95% confidence). For z = 2.0, the area is about 0.9772 (since 2.0 corresponds to 0.9772). Wait, 2.0 gives 0.9772, which is 97.72% confidence. So 97% confidence would be a bit less than 2.0. Let's see:

We need the z where P(Z < z) = 0.985. Let's compute it more accurately.

The z-score for 98.5% is... Let's use the formula or a calculator. Alternatively, maybe the problem expects us to use a specific value. Let me recall that for 97% confidence, the z-score is approximately 1.88 or 1.96? Wait, no. Wait, 95% is 1.96, 90% is 1.645, 99% is 2.576. Let's check a z-table.

Looking up 0.985 in the z-table. The z-table typically has values for the cumulative probability. Let's see:

For z = 1.88: The cumulative probability is about 0.9699 (since 1.88 is 1.8 + 0.08; 1.8 is 0.9641, 1.88 is 1.8 + 0.08, so 0.9641 + 0.0082 = 0.9723? Wait, maybe I need a better way.

Alternatively, use the inverse normal function. Let's say in Excel, NORM.S.INV(0.985) gives the z-score. Let me try to approximate.

The standard normal distribution: The area to the left of z is 0.985. Let's recall that:

z = 1.8: 0.9641

z = 1.9: 0.9713

z = 1.95: 0.9744

z = 1.96: 0.9750 (this is the 95% confidence z-score)

z = 2.0: 0.9772

z = 2.05: 0.9798

z = 2.1: 0.9821

z = 2.15: 0.9842

Ah, z = 2.15 gives about 0.9842, which is very close to 0.985. So z ≈ 2.15 for 98.5% cumulative probability.

Wait, 0.9842 is 98.42%, so 0.985 is 98.5%, so maybe z ≈ 2.15 + a little. Let's see the difference: 0.985 - 0.9842 = 0.0008. The next z value after 2.15 is 2.16, which has cumulative probability 0.9846 (wait, maybe my numbers are off). Let me check a more precise table.

Alternatively, use the formula for the z-score. But maybe in the context of this problem, they expect us to use a specific value. Let's see. For example, in some textbooks, they might use 2.17 for 97% confidence. Let me check.

Wait, another approach: The margin of error E is 2 percentage points, so E = 0.02 (as a decimal).

For part (a), p = 0.5, so p*(1-p) = 0.25.

So n = (Z^2 * 0.25) / (0.02)^2.

For part (b), p = 0.06, so p*(1-p) = 0.06*0.94 = 0.0564.

First, let's find Z for 97% confidence. Let's confirm.

The 97% confidence interval has a two-tailed test, so the critical value Z* is such that the area between -Z* and Z* is 0.97. Therefore, the area in each tail is (1 - 0.97)/2 = 0.015. So we need Z* where P(Z < Z*) = 1 - 0.015 = 0.985.

Looking up 0.985 in the standard normal table. Let's use a z-table. For example, the z-table here: 

The z-score for 0.985 is approximately 2.17. Let me verify with a calculator. If I use the inverse normal function, for example, in R, qnorm(0.985) gives approximately 2.17. Let me check:

qnorm(0.985) in R is 2.17009. So approximately 2.17. So Z ≈ 2.17.

Yes, that's a common value. For example, 97% confidence: z ≈ 2.17.

Let me confirm with another source. For example, some tables list:

Confidence level | z-score

90% | 1.645

95% | 1.96

99% | 2.576

97% | 2.17 (yes, that's a standard value I've seen before)

So I think for 97% confidence, the z-score is approximately 2.17.

Okay, so let's go with Z = 2.17.

Now, part (a): no estimate, so p = 0.5.

n = (Z^2 * p*(1-p)) / E^2 = (2.17^2 * 0.25) / (0.02)^2

Let's compute that.

First, 2.17^2 = 4.7089

Then, 4.7089 * 0.25 = 1.177225

E^2 = (0.02)^2 = 0.0004

So n = 1.177225 / 0.0004 = 2943.0625

Since we can't have a fraction of a person, we round up to the next whole number, so 2944.

Wait, but let me check if the z-score is exactly 2.17. Let's see, if it's 2.17, then 2.17 squared is 4.7089, as above.

Alternatively, maybe the problem expects a more precise z-score. Let's see. If we use a more precise z-score, say 2.17009, then 2.17009^2 ≈ 4.710.

So 4.710 * 0.25 = 1.1775

1.1775 / 0.0004 = 2943.75, so 2944.

So part (a) answer is 2944.

Part (b): p = 0.06.

So p*(1-p) = 0.06 * 0.94 = 0.0564

n = (Z^2 * 0.0564) / (0.02)^2 = (4.710 * 0.0564) / 0.0004

First, 4.710 * 0.0564 ≈ 4.710 * 0.05 = 0.2355; 4.710 * 0.0064 = 0.030144; total ≈ 0.2355 + 0.030144 = 0.265644

Then, 0.265644 / 0.0004 = 664.11

So we round up to 665.

Wait, let's compute more accurately.

Z = 2.17009, so Z^2 = (2.17009)^2 ≈ 4.710

0.0564 * 4.710 ≈ 0.0564 * 4 = 0.2256; 0.0564 * 0.710 ≈ 0.039944; total ≈ 0.2256 + 0.039944 = 0.265544

Then 0.265544 / 0.0004 = 663.86, so 664.

Wait, that's a bit different. Let's do exact calculation.

Let me use Z = 2.17 (exactly 2.17)

Z^2 = 2.17 * 2.17 = 4.7089

For part (b):

n = (4.7089 * 0.06 * 0.94) / (0.02)^2

First, 0.06 * 0.94 = 0.0564

4.7089 * 0.0564 = let's compute:

4.7089 * 0.05 = 0.235445

4.7089 * 0.0064 = 0.030137

Total = 0.235445 + 0.030137 = 0.265582

Then, 0.265582 / (0.0004) = 663.955

So n ≈ 663.955, so we round up to 664.

Wait, but sometimes in these problems, they might expect you to use a slightly different z-score. Let me check if the z-score for 97% is indeed approximately 2.17.

Another way: The 97% confidence interval for a proportion. Let's confirm with a calculator.

Using the formula for the margin of error: E = Z * sqrt(p*(1-p)/n)

We need to solve for n: n = (Z^2 * p*(1-p)) / E^2

For part (a), p = 0.5, E = 0.02, Z = 2.17 (for 97% confidence)

n = (2.17^2 * 0.25) / (0.02)^2 = (4.7089 * 0.25) / 0.0004 = 1.177225 / 0.0004 = 2943.0625 ≈ 2944

For part (b), p = 0.06, so n = (2.17^2 * 0.06 * 0.94) / (0.02)^2 = (4.7089 * 0.0564) / 0.0004 ≈ 0.26558 / 0.0004 ≈ 663.95 ≈ 664

So the answers are 2944 and 664.

Wait, but let me check if the z-score is correct. Maybe some sources use a different z-score. For example, if the problem expects using 2.16 or 2.18.

Let's see. Let's use the exact z-score from the standard normal distribution.

The cumulative probability 0.985 corresponds to a z-score. Let's use the inverse of the standard normal.

In many statistical tables, the z-score for 0.985 is 2.17. For example, here's a z-table:

z | 0.00 | 0.01 | 0.02 | 0.03 | 0.04 | 0.05 | 0.06 | 0.07 | 0.08 | 0.09

2.1 | 0.9821 | 0.9826 | 0.9830 | 0.9834 | 0.9838 | 0.9842 | 0.9846 | 0.9850 | 0.9854 | 0.9857

Ah! Here we go. For z = 2.1, the 0.08 column (z = 2.18) gives 0.9850. Wait, let's see:

Wait, the table is structured as z = 2.1 + 0.0x.

For example, z = 2.17: 2.1 + 0.07.

Looking at a standard z-table:

The row for 2.1, column 0.07: 0.9850.

Yes, so z = 2.17 corresponds to a cumulative probability of 0.9850 (98.50%), which is exactly the value we need (since 1 - 0.015 = 0.985). So that's perfect.

So the z-score is 2.17.

Therefore, part (a): n = (2.17^2 * 0.5 * 0.5) / (0.02)^2 = (4.7089 * 0.25) / 0.0004 = 1.177225 / 0.0004 = 2943.0625 → 2944

Part (b): n = (2.17^2 * 0.06 * 0.94) / (0.02)^2 = (4.7089 * 0.0564) / 0.0004 ≈ (0.26558) / 0.0004 ≈ 663.95 → 664

So the answers are 2944 and 664.

Let me just verify with another method. For example, using the formula in a calculator.

For part (a), the sample size when p is unknown is n = (Z^2)/(4E^2) since p=0.5 gives p(1-p)=0.25, so 0.25/(E^2) * Z^2 = Z^2/(4E^2). Wait, 0.25 is 1/4, so yes.

So n = (Z^2)/(4*(0.02)^2) = Z^2/(4*0.0004) = Z^2/0.0016

Z=2.17, so Z^2=4.7089, 4.7089 / 0.0016 = 2943.0625, so 2944. Correct.

For part (b), n = (Z^2 * p*(1-p))/E^2 = (4.7089 * 0.0564)/0.0004 ≈ 0.26558 / 0.0004 ≈ 663.95, so 664.

Yes, that seems right.

I think that's it. So the answers are 2944 and 664.
</think>

To determine the required sample size for estimating the percentage of students who carry weapons with a **97% confidence level** and a **margin of error of 2 percentage points**, we use the standard formula for sample size in proportion estimation:

$$
n = \frac{Z^2 \cdot p \cdot (1 - p)}{E^2}
$$

Where:
- $ Z $ is the z-score corresponding to the desired confidence level,
- $ p $ is the estimated proportion (or 0.5 if no prior estimate is available),
- $ E $ is the margin of error (in decimal form).

---

### Step 1: Determine the z-score for 97% confidence

For a **97% confidence interval**, the two-tailed critical value corresponds to the cumulative probability of $ 0.985 $. From standard normal tables or using inverse normal functions, this gives:

$$
Z \approx 2.17
$$

This value is commonly used in statistical practice for 97% confidence intervals.

---

### Step 2: Convert margin of error to decimal

The margin of error is given as **2 percentage points**, so:

$$
E = 0.02
$$

---

## (a) No available information → Use $ p = 0.5 $

We use the conservative estimate $ p = 0.5 $, since it maximizes the product $ p(1 - p) $.

$$
n = \frac{(2.17)^2 \cdot 0.5 \cdot (1 - 0.5)}{(0.02)^2} = \frac{4.7089 \cdot 0.25}{0.0004} = \frac{1.177225}{0.0004} = 2943.0625
$$

Since we must round **up** to ensure the margin of error does not exceed 2%, the required sample size is:

$$
\boxed{2944}
$$

---

## (b) Prior study indicates $ p = 0.06 $

Now, using $ p = 0.06 $, we compute:

$$
p(1 - p) = 0.06 \cdot 0.94 = 0.0564
$$

$$
n = \frac{(2.17)^2 \cdot 0.0564}{(0.02)^2} = \frac{4.7089 \cdot 0.0564}{0.0004} = \frac{0.26558}{0.0004} = 663.95
$$

Again, rounding **up** ensures the margin of error stays within the specified limit:

$$
\boxed{664}
$$

---

### Final Answers

$$
\boxed{2944, 664}
$$"
31,"Okay, let's tackle these two division problems one by one. 

Starting with part a) which is 6 divided by -2. Hmm, division with a negative sign. I remember that when you divide a positive number by a negative number, the result is negative. So 6 divided by 2 is 3, but since one is negative, it should be -3. Let me check that. If I multiply -3 by -2, that's 6, right? Because negative times negative is positive. Yeah, so -3 * -2 = 6, which matches the numerator. So part a) should be -3.

Now part b) is -126 divided by -3. Here both numbers are negative. I recall that a negative divided by a negative is positive. So let's do the division first: 126 divided by 3 is 42. Since both are negative, the result is positive 42. Let me verify. If I multiply 42 by -3, that's -126. Wait, no, wait: 42 * -3 is -126, but we have -126 divided by -3. So (-126) / (-3) = 42 because (-3)*42 = -126. Wait, no, actually, (-3)*42 is -126, but we need (-126) divided by (-3). Let's think: if you have a negative divided by a negative, it's positive. So 126 divided by 3 is 42, so with the negatives, it's 42. Let me check with multiplication: 42 * (-3) = -126, but we have (-126) / (-3). So (-126) divided by (-3) is the same as 126 divided by 3, which is 42. Yes, that's right. So part b) is 42.

I don't think there's any undefined here because we're dividing by non-zero numbers. -2 and -3 are both non-zero, so division is defined. 

So the answers should be -3 for a) and 42 for b).
</think>

To solve the given problems, we analyze each division step by step.

---

### **a) $ \frac{6}{-2} $**

We are dividing a positive number (6) by a negative number (-2). 

- The rule for division: **positive ÷ negative = negative**
- Compute:  
  $$
  \frac{6}{-2} = -3
  $$

**Verification**:  
Multiply the result by the denominator:  
$$
-3 \times (-2) = 6
$$
This matches the numerator, so the answer is correct.

✅ **Answer for part a**: $-3$

---

### **b) $ \frac{-126}{-3} $**

Here, both the numerator and denominator are negative.

- The rule for division: **negative ÷ negative = positive**
- Compute:  
  $$
  \frac{-126}{-3} = 42
  $$

**Verification**:  
Multiply the result by the denominator:  
$$
42 \times (-3) = -126
$$
This matches the numerator, so the answer is correct.

✅ **Answer for part b**: $42$

---

### Final Answers:

$$
\boxed{-3, 42}
$$"
32,"Okay, let's tackle this problem step by step. First, the problem has two parts: finding the distance between the points (4, -3) and (-6, -4), and then finding the midpoint of the line segment joining those two points. 

Starting with the distance. I remember the distance formula between two points (x1, y1) and (x2, y2) is sqrt[(x2 - x1)^2 + (y2 - y1)^2]. Let me write down the coordinates: first point is (4, -3), so x1 = 4, y1 = -3; second point is (-6, -4), so x2 = -6, y2 = -4.

Let's compute the differences first. For the x-coordinates: x2 - x1 = -6 - 4 = -10. For the y-coordinates: y2 - y1 = -4 - (-3) = -4 + 3 = -1. 

Then, square those differences: (-10)^2 = 100, and (-1)^2 = 1. Adding them together: 100 + 1 = 101. So the distance is sqrt(101). Let me check that again to make sure I didn't make a mistake. x2 - x1 is -6 - 4, which is -10, correct. y2 - y1 is -4 - (-3) = -1, correct. Squared, that's 100 and 1, sum is 101. So sqrt(101) is the distance. That seems right.

Now the midpoint. The midpoint formula is ((x1 + x2)/2, (y1 + y2)/2). Let's compute the x-coordinate first: (4 + (-6))/2 = (-2)/2 = -1. Then the y-coordinate: (-3 + (-4))/2 = (-7)/2 = -3.5, but since we usually write fractions, that's -7/2. Let me verify. 4 + (-6) is indeed -2, divided by 2 is -1. -3 + (-4) is -7, divided by 2 is -7/2. So the midpoint is (-1, -7/2) or (-1, -3.5). The problem says ""the midpoint... is given by: ( [ANS], [ANS] )"", so they probably want fractions, so -1 and -7/2. Let me confirm the midpoint formula again. Yes, midpoint is average of x's and average of y's. So that's correct.

Wait, let me double-check the distance calculation. Maybe I mixed up the order? But distance is symmetric, so it doesn't matter. Let's do it the other way: (x1 - x2)^2 + (y1 - y2)^2. x1 - x2 is 4 - (-6) = 10, squared is 100. y1 - y2 is -3 - (-4) = 1, squared is 1. So 100 + 1 = 101, same as before. So distance is sqrt(101). That's correct.

So the first answer is sqrt(101), and the midpoint is (-1, -7/2). Let me write them as the problem asks. The problem says ""The distance between... is [ANS]"" so that's sqrt(101). Then the midpoint is ( [ANS], [ANS] ), so the two answers are -1 and -7/2.

Wait, do they want the midpoint in decimal? Probably fractions are preferred in math problems like this. So -7/2 is -3.5, but as a fraction, it's -7/2. Let me check if the problem specifies, but it just says ""the midpoint... is given by: ( [ANS], [ANS] )"". In coordinate geometry, midpoints are often written as fractions, so -1 and -7/2.

Let me write the answers clearly. The distance is √101, which is sqrt(101). The midpoint is (-1, -7/2). So the first [ANS] is sqrt(101), and the two [ANS] in the midpoint are -1 and -7/2.

Wait, the problem says ""Solve the problem and end with the required boxed answer."" It says ""If the problem asks for multiple values or has multiple fill-in-the-blank placeholders, list all answers in order inside a single \boxed{}, separated by commas"". So the problem has two parts: first the distance (one answer), then the midpoint (two answers). So total three answers? Wait, let me check the problem statement again.

Problem:
""The distance between (4,-3) and (-6,-4) is [ANS]
The midpoint of the line segment that joins the given points is given by: ( [ANS], [ANS] ).""

So the first [ANS] is the distance, then the midpoint has two [ANS]s. So total three answers? Wait, no: the problem says ""the distance... is [ANS]"" so that's one answer. Then ""the midpoint... is given by: ( [ANS], [ANS] )"" so two answers. So total three answers? Wait, the problem says ""Solve the problem and end with the required boxed answer."" So maybe they want the distance and then the two midpoint coordinates as the answers. Let me see.

Wait, the user instruction says: ""If the problem asks for multiple values or has multiple fill-in-the-blank placeholders, list all answers in order inside a single \boxed{}, separated by commas"". So the problem has three fill-in-the-blank placeholders: one for the distance, and two for the midpoint. So we need to list all three answers in order.

Wait, let me check the problem statement again. The problem says: ""The distance between (4,-3) and (-6,-4) is [ANS]"". So that's one placeholder. Then ""The midpoint of the line segment that joins the given points is given by: ( [ANS], [ANS] )"". So two placeholders. So total three placeholders. So the answers are: distance (sqrt(101)), midpoint x-coordinate (-1), midpoint y-coordinate (-7/2).

So the order is: first the distance, then the midpoint's x, then midpoint's y.

Let me confirm the calculations once more.

Distance: sqrt[(-6 - 4)^2 + (-4 - (-3))^2] = sqrt[(-10)^2 + (-1)^2] = sqrt[100 + 1] = sqrt(101). Correct.

Midpoint x: (4 + (-6))/2 = (-2)/2 = -1. Correct.

Midpoint y: (-3 + (-4))/2 = (-7)/2 = -3.5, which is -7/2. Correct.

So the three answers are sqrt(101), -1, -7/2. The problem says to list all answers in order inside a single boxed, separated by commas.

Wait, but sometimes in math problems, they might expect the distance as a simplified radical, which sqrt(101) is already simplified. The midpoint coordinates are fractions.

So the final answer should be \boxed{\sqrt{101}, -1, -\dfrac{7}{2}}.

But let me check if the problem expects the midpoint in decimal, but no, in coordinate geometry problems like this, fractions are standard. For example, -7/2 is a common fraction.

Alternatively, maybe they want the distance as a number without the square root? But no, the distance is sqrt(101), which is irrational, so it's left in radical form.

Yes, that's correct. So the three answers are sqrt(101), -1, and -7/2.

Wait, the problem says ""the midpoint... is given by: ( [ANS], [ANS] )"". So the two answers for the midpoint are the x and y coordinates, so the order is x first, then y. So the answers in order are: distance (first), midpoint x (second), midpoint y (third).

So the boxed answer should be \boxed{\sqrt{101}, -1, -\dfrac{7}{2}}.

Let me just make sure there's no mistake in the midpoint. Let's take the two points: (4, -3) and (-6, -4). The midpoint should be halfway between them. The x-coordinate goes from 4 to -6, so the midpoint x is (4 + (-6))/2 = (-2)/2 = -1. The y-coordinate goes from -3 to -4, so the midpoint y is (-3 + (-4))/2 = -7/2. That's correct. So yes, the midpoint is (-1, -7/2).

Distance: sqrt( (4 - (-6))^2 + (-3 - (-4))^2 ) = sqrt(10^2 + 1^2) = sqrt(101). Correct.

So all answers check out. So the final answer is those three values in order.
</think>

To solve the problem, we compute two key geometric quantities: the **distance** between the points $(4, -3)$ and $(-6, -4)$, and the **midpoint** of the line segment joining these points.

---

### **1. Distance Between the Points**

We use the **distance formula**:

$$
\text{Distance} = \sqrt{(x_2 - x_1)^2 + (y_2 - y_1)^2}
$$

Given:
- $ (x_1, y_1) = (4, -3) $
- $ (x_2, y_2) = (-6, -4) $

Compute differences:
- $ x_2 - x_1 = -6 - 4 = -10 $
- $ y_2 - y_1 = -4 - (-3) = -1 $

Now square and sum:
- $ (-10)^2 = 100 $
- $ (-1)^2 = 1 $
- Total = $ 100 + 1 = 101 $

So the distance is:

$$
\sqrt{101}
$$

---

### **2. Midpoint of the Segment**

The **midpoint formula** is:

$$
\left( \frac{x_1 + x_2}{2}, \frac{y_1 + y_2}{2} \right)
$$

Using the same points:
- $ x_1 + x_2 = 4 + (-6) = -2 $
- $ y_1 + y_2 = -3 + (-4) = -7 $

Divide by 2:
- $ \frac{-2}{2} = -1 $
- $ \frac{-7}{2} = -\frac{7}{2} $

So the midpoint is:

$$
(-1, -\frac{7}{2})
$$

---

### **Final Answer Format**

The problem asks for all answers in order inside a single boxed expression, separated by commas. The answers are:

1. Distance: $ \sqrt{101} $
2. Midpoint x-coordinate: $ -1 $
3. Midpoint y-coordinate: $ -\dfrac{7}{2} $

Thus, the final answer is:

$$
\boxed{\sqrt{101}, -1, -\dfrac{7}{2}}
$$"
33,"Okay, let's try to solve this problem step by step. First, let's recall some properties of triangles related to orthocenters, circumcenters, and midpoints. 

We have a triangle ABC with H as the orthocenter (intersection of altitudes), O as the circumcenter (center of the circumscribed circle), M as the midpoint of BC, and F as the foot of the altitude from A. The rectangle HOMF has sides HO = 11 and OM = 5. We need to find BC.

Let's set up a coordinate system to make this concrete. Let's place point M at the origin (0, 0) since it's the midpoint of BC, so let's let B = (-b, 0) and C = (b, 0), so BC = 2b, which is what we need to find. Then M is (0, 0).

Let's denote the coordinates of other points. Let's let the altitude from A be the y-axis for simplicity? Wait, F is the foot of the altitude from A, so F lies on BC, so if BC is on the x-axis, then F has coordinates (f, 0) for some f, and A has coordinates (f, h) where h is the height from A to BC.

The orthocenter H is the intersection of the altitudes. Since we have the altitude from A is the vertical line x = f (if BC is horizontal), the altitude from B will be a line from B (-b, 0) perpendicular to AC. Let's compute the slope of AC: AC goes from (f, h) to (b, 0), so slope is (0 - h)/(b - f) = -h/(b - f). Therefore, the altitude from B is perpendicular to AC, so its slope is (b - f)/h. So the equation of the altitude from B is y = [(b - f)/h](x + b).

The orthocenter H is the intersection of the two altitudes: the altitude from A (x = f) and the altitude from B. So plugging x = f into the altitude from B: y = [(b - f)/h](f + b) = (b² - f²)/h. So H has coordinates (f, (b² - f²)/h).

Now, the circumcenter O is the intersection of the perpendicular bisectors of the sides. The midpoint of BC is M (0, 0), and the perpendicular bisector of BC is the y-axis (since BC is horizontal). The midpoint of AB is ((-b + f)/2, h/2), and the slope of AB is (h - 0)/(f + b) = h/(f + b), so the perpendicular bisector of AB has slope -(f + b)/h. Therefore, the equation of the perpendicular bisector of AB is y - h/2 = [-(f + b)/h](x - (-b + f)/2).

But since the circumcenter O lies on the perpendicular bisector of BC, which is the y-axis (x = 0), so let's find the y-coordinate of O by plugging x = 0 into the perpendicular bisector of AB.

y = h/2 + [-(f + b)/h](0 - (-b + f)/2) = h/2 - [(f + b)/h] * (b - f)/2 = h/2 - (b² - f²)/(2h) = (h² - b² + f²)/(2h).

So O has coordinates (0, (h² - b² + f²)/(2h)).

Now, let's recall the rectangle HOMF. Let's list the coordinates of H, O, M, F:

- M is (0, 0) (midpoint of BC)
- F is the foot of the altitude from A, so F = (f, 0)
- H is (f, (b² - f²)/h) as we found
- O is (0, (h² - b² + f²)/(2h))

In a rectangle, the sides are perpendicular and opposite sides are equal. Let's check the vectors to see the rectangle.

First, let's find the vectors for the sides of the rectangle. In a rectangle, consecutive vertices have adjacent sides as vectors that are perpendicular.

Let's list the vertices in order: H, O, M, F. Wait, the problem says ""rectangle HOMF"", so the order is H-O-M-F-H. Let's confirm the order. In a rectangle, the order of the vertices is such that each consecutive pair is connected by a side, and the last connects back to the first.

So sides: HO, OM, MF, FH.

Let's compute the coordinates:

H: (f, h_H) where h_H = (b² - f²)/h

O: (0, o_y) where o_y = (h² - b² + f²)/(2h)

M: (0, 0)

F: (f, 0)

Let's plot these points:

- H is (f, h_H)
- O is (0, o_y)
- M is (0, 0)
- F is (f, 0)

So let's see the distances:

HO: distance between H and O: sqrt[(f - 0)^2 + (h_H - o_y)^2] = sqrt[f² + (h_H - o_y)^2]

OM: distance between O and M: sqrt[(0 - 0)^2 + (o_y - 0)^2] = |o_y|

MF: distance between M and F: sqrt[(f - 0)^2 + (0 - 0)^2] = |f|

FH: distance between F and H: sqrt[(f - f)^2 + (0 - h_H)^2] = |h_H|

In a rectangle, opposite sides are equal, so HO should equal MF, and OM should equal FH.

Wait, let's check the coordinates: H is (f, h_H), O is (0, o_y), M is (0, 0), F is (f, 0). If these form a rectangle, then the sides should be horizontal and vertical, because the coordinates have x-coordinates 0 and f for the vertical sides, and y-coordinates 0 and o_y for the horizontal sides? Wait, let's see:

- The line from O to M is from (0, o_y) to (0, 0), which is vertical (x=0), so length |o_y|.

- The line from M to F is from (0, 0) to (f, 0), which is horizontal (y=0), length |f|.

- The line from F to H is from (f, 0) to (f, h_H), which is vertical (x=f), length |h_H|.

- The line from H to O is from (f, h_H) to (0, o_y). For this to be a rectangle, the line HO should be horizontal? Wait, no, in a rectangle, adjacent sides are perpendicular. So OM is vertical (from (0, o_y) to (0, 0)), so the next side MF should be horizontal (from (0, 0) to (f, 0)), which it is. Then FH should be vertical (from (f, 0) to (f, h_H)), which it is. Then HO should connect back to H, so from (f, h_H) to (0, o_y) should be the fourth side, which should be equal and parallel to MF (which is horizontal). Wait, no, in a rectangle, the sides are: H connected to O, O connected to M, M connected to F, F connected to H.

So vectors:

HO: O - H = (-f, o_y - h_H)

OM: M - O = (0, -o_y)

MF: F - M = (f, 0)

FH: H - F = (0, h_H)

For it to be a rectangle, the vectors HO and OM should be perpendicular, and OM and MF should be perpendicular.

Dot product of HO and OM: (-f)(0) + (o_y - h_H)(-o_y) = -o_y(o_y - h_H) = 0? Wait, maybe better to use the fact that in a rectangle, the coordinates should form a right angle at each vertex.

At point O: the sides are HO and OM. So the vectors OH and OM should be perpendicular. OH = H - O = (f, h_H - o_y), OM = M - O = (0, -o_y). Their dot product should be zero: f*0 + (h_H - o_y)(-o_y) = 0 => (h_H - o_y)(-o_y) = 0. So either o_y = 0 or h_H = o_y. But o_y = 0 would mean O is at M, which is not possible in a non-degenerate triangle, so h_H = o_y.

At point M: the sides are OM and MF. Vectors MO = O - M = (0, o_y), MF = F - M = (f, 0). Their dot product is 0*f + o_y*0 = 0, which is good, they are perpendicular (vertical and horizontal).

At point F: the sides are MF and FH. Vectors FM = M - F = (-f, 0), FH = H - F = (0, h_H). Dot product is (-f)*0 + 0*h_H = 0, good.

At point H: the sides are FH and HO. Vectors HF = F - H = (0, -h_H), HO = O - H = (-f, o_y - h_H). Dot product: 0*(-f) + (-h_H)(o_y - h_H) = -h_H(o_y - h_H) = 0. Since h_H ≠ 0 (otherwise the triangle is degenerate), this implies o_y = h_H. Which matches the earlier conclusion from point O.

So from the rectangle, we have that the y-coordinate of H equals the y-coordinate of O, i.e., h_H = o_y. Let's write that down:

h_H = o_y => (b² - f²)/h = (h² - b² + f²)/(2h)

Multiply both sides by 2h:

2(b² - f²) = h² - b² + f²

=> 2b² - 2f² = h² - b² + f²

=> 3b² - 3f² = h²

=> h² = 3(b² - f²)  --- (1)

Also, in a rectangle, the lengths of the sides are given: HO = 11 and OM = 5.

First, let's find the length of OM. OM is the distance from O to M. Since M is (0,0) and O is (0, o_y), OM = |o_y| = 5 (since lengths are positive). So o_y = 5 (assuming it's positive; we can take coordinates so that o_y is positive).

From earlier, o_y = (h² - b² + f²)/(2h) = 5. --- (2)

Also, the length of HO is 11. HO is the distance from H to O. H is (f, h_H) = (f, o_y) = (f, 5) (since h_H = o_y = 5). O is (0, 5). Wait, that's a key point! If H and O have the same y-coordinate (since h_H = o_y), then the line HO is horizontal. So the distance HO is the horizontal distance between H and O, which is |f - 0| = |f|. Wait, hold on, maybe I messed up the coordinates.

Wait, let's re-express the rectangle. In a rectangle, the sides are perpendicular, so if we have four points forming a rectangle, the sides should be axis-aligned if we choose coordinates properly. Let's try a different coordinate system where M is (0,0), BC is on the x-axis, so B(-k, 0), C(k, 0), so BC = 2k (we need to find 2k). Let F be (m, 0) (foot of altitude from A), so A is (m, n), n > 0.

The orthocenter H: in a triangle, the orthocenter's coordinates can be found as follows. The altitude from A is x = m (vertical line). The altitude from B: slope of AC is (0 - n)/(k - m) = -n/(k - m), so the altitude from B has slope (k - m)/n, equation: y = [(k - m)/n](x + k).

Intersection with x = m: y = [(k - m)/n](m + k) = (k² - m²)/n. So H = (m, (k² - m²)/n).

Circumcenter O: the circumcenter is the intersection of perpendicular bisectors. Perpendicular bisector of BC is the y-axis (x = 0). Perpendicular bisector of AB: midpoint of AB is ((-k + m)/2, n/2), slope of AB is (n - 0)/(m + k) = n/(m + k), so perpendicular bisector slope is -(m + k)/n. Equation: y - n/2 = [-(m + k)/n](x - (-k + m)/2).

At x = 0 (perpendicular bisector of BC), y = n/2 + [-(m + k)/n]( ( -k + m)/2 ) = n/2 - (m + k)(m - k)/(2n) = (n² - (m² - k²))/(2n) = (n² - m² + k²)/(2n). So O = (0, (n² - m² + k²)/(2n)).

Now, the rectangle HOMF: let's list the points:

- H: (m, h) where h = (k² - m²)/n (orthocenter y-coordinate)
- O: (0, o) where o = (n² - m² + k²)/(2n) (circumcenter y-coordinate)
- M: (0, 0) (midpoint of BC)
- F: (m, 0) (foot of altitude from A)

In a rectangle, the sides are HO, OM, MF, FH. Let's check the vectors:

- From H to O: (-m, o - h)
- From O to M: (0, -o)
- From M to F: (m, 0)
- From F to H: (0, h)

For this to be a rectangle, the adjacent sides must be perpendicular, so the vector HO • vector OM = 0.

Vector HO = O - H = (-m, o - h)

Vector OM = M - O = (0, -o)

Dot product: (-m)(0) + (o - h)(-o) = -o(o - h) = 0 => o = h (since o ≠ 0, as O is not at M).

So o = h, which means the y-coordinates of O and H are equal. That's a key insight.

So o = h => (n² - m² + k²)/(2n) = (k² - m²)/n

Multiply both sides by 2n:

n² - m² + k² = 2(k² - m²)

=> n² - m² + k² = 2k² - 2m²

=> n² + m² = k² --- (3)

That's a useful relation.

Now, the sides of the rectangle: HO and OM.

First, OM is the length from O to M. Since O is (0, o) and M is (0, 0), OM = |o| = 5 (given). So o = 5 (we can take positive).

FH is the length from F to H: F is (m, 0), H is (m, h), so FH = |h| = |o| = 5 (since h = o). Wait, in a rectangle, opposite sides are equal, so OM = FH and HO = MF.

OM = 5, so FH = 5. FH is the vertical side from F to H, so that's the height, which is 5.

HO is the length from H to O: H is (m, 5), O is (0, 5), so HO is the horizontal distance between them, which is |m - 0| = |m| = 11 (given). So m = ±11, but we can take m = 11 (since length is positive).

MF is the length from M to F: M is (0, 0), F is (m, 0), so MF = |m| = 11. Which matches HO = 11 (since in a rectangle, HO = MF).

Now, let's recall that in a triangle, the distance from the circumcenter to the orthocenter is given by OH = 2R cos A, where R is the circumradius, but maybe we can use coordinate geometry here.

We have from equation (3): n² + m² = k². We know m = 11 (since HO = |m| = 11), so n² + 121 = k² --- (4)

Also, in triangle ABC, the circumradius R is the distance from O to any vertex, say A. O is (0, 5), A is (m, n) = (11, n). So OA² = (11 - 0)² + (n - 5)² = 121 + (n - 5)².

But OA is the circumradius R, so R = OA = (BC)/2 / sin A (by the law of sines: BC = 2R sin A). Wait, maybe better to use the formula for the circumradius in coordinates.

Alternatively, in any triangle, the vector from O to H is given by OH = OA + OB + OC (in vector terms with O as origin), but maybe not necessary here.

Wait, let's recall that in a triangle, the midpoint M of BC, the orthocenter H, and the circumcenter O have a relation: the vector OH = 3 OG, where G is the centroid, but maybe not helpful here.

Wait, another property: In any triangle, the distance between the orthocenter and the circumcenter is OH = √(9R² - (a² + b² + c²)), but maybe too complex.

Wait, let's use the fact that in the coordinate system, we have:

- The foot of the altitude from A is F = (m, 0) = (11, 0) (since m = 11)
- A = (11, n)
- B = (-k, 0), C = (k, 0), so BC = 2k (what we need to find)
- M = (0, 0) (midpoint of BC)

The altitude from A is AF, which has length n (since A is (11, n) and F is (11, 0)).

The orthocenter H is the intersection of altitudes. We already found H = (11, h) where h = (k² - m²)/n = (k² - 121)/n.

But we also know that in the rectangle, O has coordinates (0, 5), so the y-coordinate of O is 5, which is equal to h (from the rectangle property o = h). So:

5 = (k² - 121)/n => n = (k² - 121)/5 --- (5)

Also, from equation (3): n² + m² = k² => n² + 121 = k² => k² = n² + 121 --- (6)

Wait, equation (6) is the same as equation (4) above, which makes sense.

Now, let's find the circumradius R. The circumcenter O is (0, 5), so the distance from O to B is equal to the distance from O to A.

Distance OB: B is (-k, 0), so OB² = (-k - 0)² + (0 - 5)² = k² + 25

Distance OA: A is (11, n), so OA² = (11 - 0)² + (n - 5)² = 121 + (n - 5)²

Since OA = OB (both are circumradius), we have:

121 + (n - 5)² = k² + 25

Expand (n - 5)²: n² - 10n + 25

So:

121 + n² - 10n + 25 = k² + 25

Simplify:

n² - 10n + 146 = k² + 25

=> n² - 10n + 121 = k² --- (7)

But from equation (6), k² = n² + 121. Substitute into (7):

n² - 10n + 121 = n² + 121

Subtract n² + 121 from both sides:

-10n = 0 => n = 0

Wait, that can't be right. n = 0 would mean the triangle is degenerate. So I must have made a mistake in the coordinate system.

Ah! Here's the mistake: In the rectangle HOMF, the order of the vertices might not be H-O-M-F, but H-O-F-M or another order. Let's check the problem statement: ""a rectangle HOMF"". In standard notation, the vertices are listed in order, so H connected to O connected to M connected to F connected to H.

Let's think about the properties of the nine-point circle. The nine-point circle has center at the midpoint of OH, and radius half the circumradius. Also, the midpoint of BC is M, and the foot of the altitude from A is F, so both M and F lie on the nine-point circle (since the nine-point circle passes through the midpoints of the sides and the feet of the altitudes).

In the nine-point circle, the distance between M and F is a chord, and the center of the nine-point circle is N, the midpoint of OH. So the distance MF is related to the radius of the nine-point circle.

But maybe a better approach is to use Euler's line. In any triangle, the orthocenter H, circumcenter O, and centroid G are colinear on the Euler line, with HG = 2GO.

Also, the midpoint M of BC is related to the Euler line: the vector from M to O is equal to the vector from O to the midpoint of the arc BC (but maybe not).

Wait, another key property: In any triangle, the reflection of the orthocenter over a side lies on the circumcircle. Also, the distance from the circumcenter to the side BC is the distance from O to BC, which is |o| in our coordinate system (since BC is on the x-axis, the y-coordinate of O is the distance from O to BC).

Wait, in our coordinate system, BC is on the x-axis, so the distance from O to BC is |o| = 5 (since OM = 5, and M is the midpoint of BC, so the distance from O to BC is the length of the perpendicular from O to BC, which is |o| because M is the foot of the perpendicular from O to BC? Wait, is that true?

Yes! In a triangle, the perpendicular bisector of BC passes through the circumcenter O, so the foot of the perpendicular from O to BC is exactly the midpoint M of BC. Therefore, the distance from O to BC is the length OM, which is given as 5. That's a crucial point I missed earlier.

So in triangle ABC, with BC on the x-axis, midpoint M at (0,0), then the circumcenter O has coordinates (0, d), where d is the distance from O to BC, so OM = d = 5. That's correct, because the perpendicular bisector of BC is the line through M perpendicular to BC, so since BC is horizontal, the perpendicular bisector is vertical, so O lies on the y-axis, and the distance from O to BC is the vertical distance, which is |y-coordinate of O| = 5. So O = (0, 5) (assuming it's above BC; if it's below, we can take absolute value).

Now, the foot of the altitude from A is F. Let's denote the altitude from A as AF, so F is on BC, and AF is perpendicular to BC. Let's let F have coordinates (f, 0), so A has coordinates (f, h), where h is the height (h > 0).

The orthocenter H is the intersection of the altitudes. The altitude from A is AF: x = f (vertical line). The altitude from B: let's find its equation. The slope of AC is (0 - h)/(c - f) where C = (c, 0), but since M is the midpoint of BC, let's let B = (-m, 0), C = (m, 0), so BC = 2m, which is what we need to find. Then M = (0, 0).

So B = (-m, 0), C = (m, 0), so BC = 2m.

Slope of AC: (0 - h)/(m - f) = -h/(m - f), so the altitude from B is perpendicular to AC, so its slope is (m - f)/h.

Equation of altitude from B: passes through B(-m, 0), so y = [(m - f)/h](x + m).

Intersection with altitude from A (x = f) is the orthocenter H:

y = [(m - f)/h](f + m) = (m² - f²)/h.

So H = (f, (m² - f²)/h).

Now, the rectangle HOMF: let's list the coordinates:

- H: (f, h_H) where h_H = (m² - f²)/h
- O: (0, 5) (since distance from O to BC is 5, and O is on the perpendicular bisector of BC, so y-coordinate is 5)
- M: (0, 0) (midpoint of BC)
- F: (f, 0) (foot of altitude from A)

For HOMF to be a rectangle, the sides must be perpendicular and opposite sides equal. Let's check the vectors:

- Vector OM: M - O = (0 - 0, 0 - 5) = (0, -5)
- Vector MF: F - M = (f - 0, 0 - 0) = (f, 0)
- Vector FH: H - F = (f - f, h_H - 0) = (0, h_H)
- Vector HO: O - H = (0 - f, 5 - h_H) = (-f, 5 - h_H)

In a rectangle, adjacent sides are perpendicular. So OM • MF = 0 (which is true, since (0, -5) • (f, 0) = 0), MF • FH = 0 (true, (f, 0) • (0, h_H) = 0), FH • HO = 0, and HO • OM = 0.

Let's take HO • OM = 0:

HO = (-f, 5 - h_H), OM = (0, -5)

Dot product: (-f)(0) + (5 - h_H)(-5) = -5(5 - h_H) = 0 => 5 - h_H = 0 => h_H = 5.

Ah! So the y-coordinate of H is equal to the y-coordinate of O, which is 5. That makes sense for a rectangle: the vertical sides are from H to F (length h_H) and from O to M (length 5), so in a rectangle, these should be equal. Wait, in a rectangle, opposite sides are equal, so the length of HF should equal the length of OM, and the length of FM should equal the length of HO.

Length of OM: distance from O to M is 5 (given).

Length of HF: distance from H to F is |h_H - 0| = h_H (since F is (f, 0) and H is (f, h_H)). In a rectangle, HF = OM, so h_H = 5.

Length of FM: distance from F to M is |f - 0| = |f| (since F is (f, 0) and M is (0, 0)).

Length of HO: distance from H to O is sqrt[(f - 0)^2 + (h_H - 5)^2] = sqrt[f² + 0] = |f| (since h_H = 5). So HO = |f| = 11 (given). Therefore, |f| = 11, so f = 11 (we can take positive).

So now we have:

- H = (11, 5)
- O = (0, 5)
- M = (0, 0)
- F = (11, 0)

Good, this makes HOMF a rectangle with sides: HO = 11 (horizontal), OM = 5 (vertical), MF = 11 (horizontal), FH = 5 (vertical). Perfect, that matches the problem statement: rectangle HOMF with HO = 11 and OM = 5.

Now, let's recall some properties of the orthocenter and circumcenter.

In any triangle, the distance from the orthocenter to a vertex can be related to the circumradius. For example, in triangle ABC, the reflection of H over BC lies on the circumcircle. Let's use that.

The reflection of H over BC: since BC is on the x-axis, reflecting H(11, 5) over BC gives H'(11, -5). This point should lie on the circumcircle of ABC.

The circumcircle has center O(0, 5) and radius R, so the equation is x² + (y - 5)² = R².

Let's check if H'(11, -5) is on the circumcircle:

11² + (-5 - 5)² = 121 + 100 = 221 = R².

So R = sqrt(221).

Also, point A is on the circumcircle. A is (f, h) = (11, h) (since F is (11, 0), the foot of the altitude from A, so A has x-coordinate 11).

So A(11, h) is on the circumcircle:

11² + (h - 5)² = R² = 221

=> 121 + (h - 5)² = 221

=> (h - 5)² = 100

=> h - 5 = ±10 => h = 15 or h = -5. Since h is the height (positive), h = 15.

Now, let's find the orthocenter H. We know H is (11, 5). In the orthocenter, the coordinates can also be related to the triangle's vertices.

The orthocenter is the intersection of the altitudes. We already used that to find H, but let's verify with the altitude from C.

Slope of AB: A(11, 15), B(-m, 0). Slope of AB is (15 - 0)/(11 - (-m)) = 15/(11 + m). Therefore, the altitude from C is perpendicular to AB, so its slope is -(11 + m)/15.

Equation of altitude from C: passes through C(m, 0), so y = [-(11 + m)/15](x - m).

This altitude should pass through H(11, 5), so:

5 = [-(11 + m)/15](11 - m)

Multiply both sides by 15:

75 = -(121 - m²)

=> 75 = m² - 121

=> m² = 196

=> m = 14 (since m > 0)

Therefore, BC = 2m = 28.

Wait, let's check that again. Let's go through the altitude from C step by step.

Point C is (m, 0), point A is (11, 15), so the slope of AC is (15 - 0)/(11 - m) = 15/(11 - m). Therefore, the altitude from B is perpendicular to AC, which we already used, but the altitude from C is perpendicular to AB.

Slope of AB: (15 - 0)/(11 - (-m)) = 15/(11 + m). Correct.

Slope of altitude from C: negative reciprocal, so -(11 + m)/15. Correct.

Equation of altitude from C: y - 0 = [-(11 + m)/15](x - m). Correct.

This passes through H(11, 5), so:

5 = [-(11 + m)/15](11 - m)

Multiply both sides by 15:

75 = -(121 - m²) => 75 = m² - 121 => m² = 196 => m = 14. Yes, that's right.

So BC = 2m = 28.

Let's verify with another property. In a triangle, the distance from the circumcenter to the side BC is d = R cos A (where A is the angle at vertex A). Wait, the distance from O to BC is 5, and the circumradius R = sqrt(221), so 5 = R cos A => cos A = 5 / sqrt(221).

Also, the height from A is h = 15, so area of triangle is (BC * h)/2 = (28 * 15)/2 = 210.

Also, area = (BC * AB * AC)/(4R). Maybe not necessary.

Another way: In the coordinate system, we have points:

- A(11, 15)
- B(-14, 0)
- C(14, 0)
- M(0, 0) (midpoint of BC)
- F(11, 0) (foot of altitude from A)
- O(0, 5) (circumcenter)
- H(11, 5) (orthocenter)

Let's check if O is indeed the circumcenter:

Distance from O to A: sqrt((11 - 0)^2 + (15 - 5)^2) = sqrt(121 + 100) = sqrt(221)

Distance from O to B: sqrt((-14 - 0)^2 + (0 - 5)^2) = sqrt(196 + 25) = sqrt(221)

Distance from O to C: sqrt((14 - 0)^2 + (0 - 5)^2) = sqrt(196 + 25) = sqrt(221). Correct, so O is the circumcenter.

Orthocenter H: let's find the intersection of two altitudes.

Altitude from A: x = 11 (vertical line).

Altitude from B: let's find its equation. Slope of AC: (0 - 15)/(14 - 11) = -15/3 = -5, so the altitude from B is perpendicular to AC, so slope is 1/5.

Equation of altitude from B: passes through B(-14, 0): y = (1/5)(x + 14)

Intersection with x = 11: y = (1/5)(25) = 5. So H is (11, 5). Correct!

Perfect, that checks out. So the length of BC is 28, which is option F.

Let me just make sure there's no mistake in the rectangle. HOMF: H(11,5), O(0,5), M(0,0), F(11,0). Plotting these, it's a rectangle with width 11 (HO and MF) and height 5 (OM and FH). Yes, that's a rectangle with HO = 11 and OM = 5, which matches the problem statement.

So the answer is F, which is 28.
</think>

To solve the problem, we analyze the geometric configuration of triangle $ ABC $ with specific points defined:

- $ H $: the **orthocenter** (intersection of altitudes)
- $ O $: the **circumcenter** (center of the circumscribed circle)
- $ M $: the **midpoint** of side $ BC $
- $ F $: the **foot of the altitude from $ A $** to side $ BC $

We are told that quadrilateral $ HOMF $ is a **rectangle**, and its sides satisfy:
- $ HO = 11 $
- $ OM = 5 $

Our goal is to find the length of $ BC $.

---

### Step 1: Coordinate Setup

Let’s place the triangle in the coordinate plane for clarity:

- Let $ B = (-m, 0) $, $ C = (m, 0) $, so that $ M = (0, 0) $, the midpoint of $ BC $
- Then $ BC = 2m $, which is what we want to find
- Let $ F = (f, 0) $, the foot of the altitude from $ A $ to $ BC $
- So $ A = (f, h) $, where $ h > 0 $ is the height from $ A $ to $ BC $

From this setup:
- The **altitude from $ A $** is vertical: $ x = f $
- The **orthocenter $ H $** lies on this line, so $ H = (f, y_H) $
- The **circumcenter $ O $** lies on the perpendicular bisector of $ BC $, which is the y-axis (since $ BC $ is horizontal), so $ O = (0, o) $
- Since $ OM = 5 $, and $ M = (0, 0) $, then $ o = 5 $, so $ O = (0, 5) $

Given that $ HOMF $ is a rectangle, the coordinates must satisfy:
- $ H = (f, 5) $ (since $ H $ and $ O $ share the same y-coordinate for the rectangle to be axis-aligned)
- $ F = (f, 0) $
- $ M = (0, 0) $

So the rectangle has:
- Horizontal side: $ HO = |f - 0| = |f| = 11 \Rightarrow f = 11 $
- Vertical side: $ OM = |5 - 0| = 5 $, as given

Thus, all points are:
- $ H = (11, 5) $
- $ O = (0, 5) $
- $ M = (0, 0) $
- $ F = (11, 0) $

This confirms that $ HOMF $ is indeed a rectangle with $ HO = 11 $, $ OM = 5 $, as required.

---

### Step 2: Use Geometry to Find $ BC $

We now determine the value of $ m $, since $ BC = 2m $.

From earlier, we know:
- $ A = (11, h) $
- $ B = (-m, 0) $
- $ C = (m, 0) $

The **circumcenter** $ O = (0, 5) $, so the distance from $ O $ to any vertex equals the circumradius $ R $. In particular:

$$
OA^2 = (11 - 0)^2 + (h - 5)^2 = 121 + (h - 5)^2
$$
$$
OB^2 = (-m - 0)^2 + (0 - 5)^2 = m^2 + 25
$$

Since $ OA = OB $, we equate:

$$
121 + (h - 5)^2 = m^2 + 25
\quad \text{(1)}
$$

Also, the **orthocenter** $ H = (11, 5) $ lies on the altitude from $ B $, which passes through $ B = (-m, 0) $ and has slope $ \frac{m - 11}{h} $. The equation of this altitude is:

$$
y = \frac{m - 11}{h}(x + m)
$$

At $ x = 11 $, the y-coordinate is:

$$
y = \frac{m - 11}{h}(11 + m) = \frac{m^2 - 121}{h}
$$

But we also know that $ y = 5 $, so:

$$
\frac{m^2 - 121}{h} = 5 \Rightarrow h = \frac{m^2 - 121}{5}
\quad \text{(2)}
$$

Substitute (2) into (1):

$$
121 + \left( \frac{m^2 - 121}{5} - 5 \right)^2 = m^2 + 25
$$

Simplify the expression inside the square:

$$
\frac{m^2 - 121}{5} - 5 = \frac{m^2 - 121 - 25}{5} = \frac{m^2 - 146}{5}
$$

So:

$$
121 + \left( \frac{m^2 - 146}{5} \right)^2 = m^2 + 25
$$

Multiply both sides by 25 to eliminate denominators:

$$
3025 + (m^2 - 146)^2 = 25m^2 + 625
$$

Expand $ (m^2 - 146)^2 $:

$$
(m^2 - 146)^2 = m^4 - 292m^2 + 21316
$$

So:

$$
3025 + m^4 - 292m^2 + 21316 = 25m^2 + 625
$$

Simplify:

$$
m^4 - 292m^2 + 24341 = 25m^2 + 625
\Rightarrow m^4 - 317m^2 + 23716 = 0
$$

Let $ x = m^2 $, then:

$$
x^2 - 317x + 23716 = 0
$$

Use quadratic formula:

$$
x = \frac{317 \pm \sqrt{317^2 - 4 \cdot 23716}}{2}
= \frac{317 \pm \sqrt{100489 - 94864}}{2}
= \frac{317 \pm \sqrt{5625}}{2}
= \frac{317 \pm 75}{2}
$$

So:

- $ x = \frac{317 + 75}{2} = \frac{392}{2} = 196 $
- $ x = \frac{317 - 75}{2} = \frac{242}{2} = 121 $

So $ m^2 = 196 \Rightarrow m = 14 $ (since $ m > 0 $)

Therefore, $ BC = 2m = 28 $

---

### ✅ Final Answer

$$
\boxed{F}
$$"
34,"Okay, let's try to figure out this problem step by step. So, we have some statistics given for a variable: min is 3, Q1 is 4.5, median is 9, Q3 is 10.5, max is 20. We need to check which of the statements A-J is correct.

First, let's recall what each term means. The interquartile range (IQR) is Q3 minus Q1. So, IQR = 10.5 - 4.5 = 6. Wait, statement A says the IQR is 7. Hmm, that would be wrong. So A is incorrect.

Next, skewness. If the median is closer to the lower quartile or upper quartile, that can indicate skewness. Let's see: the median is 9. Q1 is 4.5, so the distance from Q1 to median is 9 - 4.5 = 4.5. Q3 is 10.5, so the distance from median to Q3 is 10.5 - 9 = 1.5. Since the median is closer to Q3, that suggests the data is right-skewed (because the tail is on the right side). Wait, right-skewed means the right tail is longer. So if the median is closer to Q3, that would mean that the left side has more spread? Hmm, maybe I need to think carefully.

Wait, in a right-skewed distribution, the mean is greater than the median, and the tail is on the right. The IQR is the middle 50%, so if the median is closer to Q3, that might mean that the lower half of the data is more spread out. Wait, maybe another way: if the distance from Q1 to median is larger than median to Q3, then it's left-skewed? Wait, I'm a bit confused here.

Let me recall: In a symmetric distribution, the median is the midpoint between Q1 and Q3. Here, Q3 - Q2 = 1.5 and Q2 - Q1 = 4.5. So the distance from median to Q3 is smaller than from Q1 to median. That suggests that the data is skewed to the right. Because the right side (above median) has a smaller spread (since Q3 is close to median), so the left side (below median) has more spread. So the tail is on the right. So right-skewed. So statement B says ""The data is right-skewed."" That might be correct.

But let's check the other options too.

Outliers: To determine outliers, we use the IQR. The lower bound for outliers is Q1 - 1.5*IQR, and upper bound is Q3 + 1.5*IQR.

We already calculated IQR = 6. So lower bound = 4.5 - 1.5*6 = 4.5 - 9 = -4.5. Upper bound = 10.5 + 1.5*6 = 10.5 + 9 = 19.5.

So any data point below -4.5 or above 19.5 is an outlier. The minimum value is 3, which is above -4.5, so not an outlier. The maximum value is 20, which is above 19.5, so 20 is an outlier. Wait, 20 is greater than 19.5, so yes, 20 would be an outlier.

Wait, so statement J says ""20 is an outlier."" That would be correct. Also, statement D says ""Both 3 and 20 are outliers."" But 3 is not an outlier (since lower bound is -4.5, 3 is well above that), so D is incorrect. Statement F says ""3 is an outlier"" which is false. Statement G says ""Both the minimum and maximum values are outliers."" Since 3 is not an outlier, G is wrong. Statement J is correct.

Wait, but let's check again. The upper bound is 19.5. So 20 is above 19.5, so yes, it's an outlier. So J is correct.

But wait, the problem says ""which of the following statements is correct?"" So maybe multiple could be correct? Wait, the answer choices are labeled A-J, each a separate statement, and we have to pick the correct one.

Wait, let's list all the options:

A. IQR is 7. (We saw IQR is 6, so A is wrong)

B. Data is right-skewed. (As per earlier, maybe yes)

C. No outliers. (But 20 is an outlier, so C is wrong)

D. Both 3 and 20 are outliers. (3 is not, so D wrong)

E. All numerical values are anomalies. (No, that's too strong)

F. 3 is an outlier. (No)

G. Both min and max are outliers. (Max is, min isn't)

H. Left-skewed. (Probably not)

I. Symmetrical. (No, since IQR isn't symmetric)

J. 20 is an outlier. (Yes)

So possible correct answers are B and J.

Wait, but the problem says ""which of the following statements is correct?"" So maybe both B and J are correct? But the answer choices are A-J, each a single choice. Wait, the problem says ""which of the following statements is correct?"" but the options are labeled A to J, each as a possible answer. Wait, in the problem statement, it's a multiple-choice question with options A-J, but the user says ""which of the following statements is correct?"" implying only one is correct. Hmm.

Wait, let's re-examine.

First, the IQR: Q3 - Q1 = 10.5 - 4.5 = 6. So A says 7, so A is wrong.

Skewness: If the median is closer to Q3 than to Q1, the data is right-skewed. Wait, the distance from Q1 to median is 4.5, from median to Q3 is 1.5. So the median is closer to Q3. In a right-skewed distribution, the tail is on the right, so the median is pulled towards the longer tail. Wait, no, actually, in a right-skewed distribution, the mean is greater than the median, and the right tail is longer. The IQR being asymmetric in that way... Hmm.

Wait, another way: If the data is right-skewed, then the median is closer to Q1 than to Q3? Wait, maybe I got it backwards.

Wait, let's think of a simple example. Suppose data is left-skewed: the left tail is long. So the median is closer to Q3. Wait, maybe.

Wait, here's a better approach: In a symmetric distribution, the median is the midpoint between Q1 and Q3. If the distribution is right-skewed, then the right tail is longer, so Q3 is closer to the median than Q1 is. Wait, no: Wait, in a right-skewed distribution, the bulk of the data is on the left, so the lower quartile (Q1) is to the left of the median, and the upper quartile (Q3) is to the right of the median, but the right side has more spread. Hmm.

Wait, perhaps a better way is to consider that in a right-skewed distribution, the mean > median, and the median is closer to Q1 than Q3? Not sure.

Alternatively, here's a rule of thumb: If the distance from Q1 to median is greater than the distance from median to Q3, then the data is left-skewed. Wait, maybe.

Wait, let's take an example. Suppose we have a symmetric distribution: data is 1,2,3,4,5. Median is 3. Q1=2, Q3=4. So distances are equal.

If we have a right-skewed distribution: data is 1,2,3,4,100. Then median is 3. Q1 is 2, Q3 is 4. Wait, but the data is skewed right because of the 100. Hmm, but in this case, Q3 is still close to median.

Wait, perhaps the rule is that if the median is closer to Q3 than Q1, then the data is right-skewed. Wait, in the example I just thought of with 1,2,3,4,100: median is 3. Q1 is 2 (since first quartile is the median of the lower half: [1,2] so Q1 is 1.5?), wait, maybe my example is bad.

Let me recall that quartiles can be calculated differently, but in this problem, they give us Q1, Q3, etc., so we don't have to worry about the calculation method.

Given that in this problem, the distance from Q1 to median (4.5 to 9) is 4.5, and from median to Q3 (9 to 10.5) is 1.5. So the median is closer to Q3. In a right-skewed distribution, the median is closer to the lower quartile? Hmm, not sure.

Wait, another approach: The interquartile range (IQR) is the middle 50%. If the data is right-skewed, the right side has more spread, so Q3 would be further from the median than Q1 is. Wait, no.

Wait, perhaps the correct way is that in a right-skewed distribution, the mean is greater than the median, and the IQR's upper half is longer? Hmm, maybe.

Alternatively, given that the upper bound for outliers is 19.5, and the max is 20, so 20 is an outlier. So J is correct.

Also, the skewness: If there's an outlier on the upper side (20), that could indicate right skewness. So the data is right-skewed (B) and J is correct.

Wait, but the problem might have only one correct answer. Let's check the answer choices again.

The options are:

A. IQR is 7. (Wrong, IQR=6)

B. Data is right-skewed.

C. No outliers. (False, 20 is an outlier)

D. Both 3 and 20 are outliers. (3 is not)

E. All are anomalies. (Nope)

F. 3 is an outlier. (No)

G. Both min and max are outliers. (No)

H. Left-skewed.

I. Symmetrical.

J. 20 is an outlier.

So J is definitely correct. What about B?

If the data is right-skewed, then yes, because there's an outlier on the upper end (20), which is a right tail. So the presence of a high outlier suggests right skewness.

But wait, the skewness can also be determined by the median's position relative to Q1 and Q3. Since median is closer to Q3 (distance 1.5 vs 4.5), that might indicate right skewness. Wait, I think in this case, if the median is closer to Q3, it's left-skewed? Hmm, conflicting thoughts.

Wait, here's a source I recall: If the median is closer to Q1 than Q3, the distribution is right-skewed. If closer to Q3, left-skewed.

Wait, example: Suppose data is left-skewed (long tail on left), so most of the data is on the right. Then Q1 would be closer to the median than Q3 is. Hmm, not sure.

Let me think of a left-skewed distribution: values like 1, 2, 3, 4, 5, 100. Wait, no, that's right-skewed. Left-skewed would be like 100, 90, 80, 70, 60, 50. So the tail is on the left.

In a left-skewed distribution (negative skew), the mean is less than the median. The median would be closer to Q3 than Q1? Hmm.

Alternatively, here's a better approach. The IQR is 6. The distance from Q1 to median is 4.5, which is larger than the distance from median to Q3 (1.5). This suggests that the left half of the data (below median) is more spread out than the right half. If the left half is more spread out, that would mean the data has a longer tail on the left, hence left-skewed. Wait, that might be.

Wait, if the lower half (below median) has more spread (i.e., Q1 is further from median than Q3 is), then the data is left-skewed. Because the left side has more variation, so the tail is on the left.

Yes, that seems right. So if the distance from Q1 to median is greater than median to Q3, the data is left-skewed.

In this case, Q1 to median is 4.5, median to Q3 is 1.5. So 4.5 > 1.5. So data is left-skewed. Then statement H would be correct.

Wait, this contradicts my earlier thought.

Let me verify. Suppose we have a left-skewed distribution: most of the data is concentrated on the right, with a tail on the left. Then the lower quartile (Q1) would be further from the median than Q3 is. Wait, no. Let's take an example.

Example of left-skewed data: [1, 2, 3, 4, 5, 6, 100]. Wait, no, that's right-skewed. Let's take a left-skewed example: [10, 20, 30, 40, 50, 60, 70]. Wait, that's symmetric.

Wait, maybe better to use a known example. Suppose data is left-skewed: [1, 1, 2, 3, 4, 5, 6]. Wait, not sure.

Alternatively, think of the definition: In a left-skewed distribution (negative skew), the mean is less than the median, and the tail is on the left. The median is closer to Q3 than to Q1.

Wait, here's a source from my memory: In a left-skewed distribution, the mean is less than the median, and the median is closer to the upper quartile (Q3). In a right-skewed distribution, the mean is greater than the median, and the median is closer to the lower quartile (Q1).

Wait, if that's the case, then in this problem, the median (9) is closer to Q3 (10.5) than to Q1 (4.5), so that would indicate left-skewed. So statement H: ""The data exhibits a left-skewed distribution."" would be correct.

But wait, the presence of an upper outlier (20) might suggest right skewness. Hmm, conflicting.

Wait, the outlier is a separate issue. So even if the data is left-skewed, having an upper outlier could be possible? Not sure.

Wait, but according to the IQR method, we found that 20 is an outlier. So the data has an upper outlier. Outliers in the upper tail usually indicate right skewness.

So there's a conflict here between the median's position and the presence of an outlier.

Let's clarify:

- If the data has a long right tail (right-skewed), we expect the mean to be greater than the median, and the upper tail to have more spread. The IQR might have Q3 further from the median than Q1.

Wait, maybe I need to resolve this.

Let's suppose that the data is right-skewed. Then, the right tail is longer. So the maximum value is far from the median. In this case, the max is 20, which is an outlier (as we found). So the presence of a high outlier suggests right skewness.

On the other hand, the median being closer to Q3 (distance 1.5) vs Q1 (4.5) might be a result of the skewness.

Wait, another way: In a right-skewed distribution, the median is closer to Q1 than Q3? Or the other way around?

Let me look for a definitive rule.

According to the concept: In a right-skewed distribution, the median is closer to Q1 than to Q3. In a left-skewed distribution, the median is closer to Q3 than to Q1.

Wait, if that's the case, then here the median is closer to Q3 (distance 1.5 vs 4.5), so left-skewed. But then why do we have an upper outlier?

Hmm, perhaps the presence of an outlier can affect the skewness.

Wait, but in this problem, we are given Q1, Q3, etc., so the skewness is inferred from those quartiles.

Assuming that the given quartiles are based on the data without considering the outlier (but the outlier would affect the quartiles if it's part of the data). Wait, this is a bit confusing.

Wait, the problem states: ""Given the following values for a variable: minimum value is 3, first quartile (Q1) is 4.5, median is 9, third quartile (Q3) is 10.5, and maximum value is 20...""

So these are the quartiles for the data set. So the data set has a min of 3, max of 20, and the quartiles as given.

So the data set includes the min and max. But when calculating quartiles, sometimes the min and max are not considered (but in this case, the problem says ""minimum value is 3"" etc., so they are part of the data).

Given that, the IQR is 6. The upper fence is Q3 + 1.5*IQR = 10.5 + 9 = 19.5. So 20 is above that, hence an outlier.

So J is correct.

Now, regarding skewness: The fact that there's an outlier on the upper end suggests right skewness. Also, the median is closer to Q3 than Q1. If the median is closer to Q3, that could indicate left skewness? Hmm.

Wait, here's a thought. If the data is right-skewed, the right tail is longer, so the upper quartile (Q3) would be further from the median than Q1 is. Wait, in our case, Q3 is closer to the median than Q1 is. Wait, no: Q1 is 4.5, median 9, so distance 4.5. Q3 is 10.5, distance 1.5. So Q3 is closer to median. If the tail is on the right (right-skewed), then the spread on the right is less? Hmm.

Alternatively, in a right-skewed distribution, the majority of the data is on the left, so the lower quartile is further from the median than the upper quartile. Wait, no.

Let me try to find a concrete example.

Suppose we have a right-skewed distribution: data points are [1, 2, 3, 4, 5, 6, 7, 8, 9, 10, 100]. Here, median is 6. Q1 is 3, Q3 is 8. So distance from Q1 to median is 3, median to Q3 is 2. So median is closer to Q3. This data is right-skewed because of the 100.

So in this example, right-skewed, median closer to Q3.

Similarly, in our problem, median closer to Q3, so it's right-skewed.

Ah, so this suggests that when the median is closer to Q3, it's right-skewed.

So in this example, the right-skewed data has median closer to Q3.

So statement B: ""The data is right-skewed."" would be correct.

And J: ""20 is an outlier."" is also correct.

But wait, the problem asks ""which of the following statements is correct?"" and the options are A-J. If both B and J are correct, but the problem expects one answer, then maybe I made a mistake.

Wait, let's check the problem statement again. It says ""which of the following statements is correct?"" with answer choices A-J. The user says ""give a single letter"".

Hmm. Maybe in this problem, only one is correct.

Wait, let's re-examine the outlier calculation.

IQR = 6.

Lower fence: Q1 - 1.5*IQR = 4.5 - 9 = -4.5

Upper fence: Q3 + 1.5*IQR = 10.5 + 9 = 19.5

So any value < -4.5 or >19.5 is an outlier.

The data has a minimum of 3 (which is above -4.5) and maximum of 20 (above 19.5). So 20 is an outlier. So J is correct.

What about statement B: data is right-skewed.

In the example I thought of earlier with the 100, it's right-skewed and median closer to Q3. So this seems to support that B is correct.

So both B and J seem correct.

Wait, but looking at the answer choices, maybe the problem expects only one correct answer.

Wait, the problem is presented as a multiple-choice question where only one option is correct. Let's check the options again.

The answer choices are:

A. IQR=7 (wrong)

B. Right-skewed

C. No outliers (wrong)

D. Both 3 and 20 outliers (wrong)

E. All are anomalies (nope)

F. 3 is outlier (no)

G. Both min and max outliers (no)

H. Left-skewed

I. Symmetrical

J. 20 is outlier (yes)

So J is definitely correct.

As for B: If the data is right-skewed, then yes. Given that there's an upper outlier and the median is closer to Q3, as per our example, it's right-skewed. So B is also correct.

But the problem might have been designed with only one correct answer. Hmm.

Wait, maybe the problem is from a source where the answer is J. Let's see.

Wait, another angle: Sometimes, the skewness is determined by the relationship between mean and median. But we don't have the mean here. So we have to go by quartiles.

Given that, the rule of thumb is that if the median is closer to Q3, the data is right-skewed. So B is correct.

But the problem might consider that with an upper outlier, it's right-skewed. So both B and J are correct.

Wait, but the user instruction says: ""which of the following statements is correct?"" and the answer should be a single letter.

Wait, looking back at the problem statement: the original problem might have been designed with J as the answer, but I need to be precise.

Wait, let's check the options again.

If both B and J are correct, but in the given choices, the user expects one answer. Hmm.

Wait, in the problem statement, it's possible that the answer is J. Let's see.

Wait, another way: The question might be from an exam where the correct answer is J. But according to our analysis, J is correct.

Wait, but let's think: Is 20 really an outlier?

Upper fence is 19.5. 20 > 19.5, so yes, it's an outlier. So J is correct.

B: Data is right-skewed. Given the median is closer to Q3, and the presence of a right tail (outlier), it's right-skewed. So B is also correct.

Hmm. This is a problem because the user says ""which of the following statements is correct?"" and expects one letter.

Wait, perhaps in the context of the problem, only one is correct.

Wait, let's check if the data could be symmetrical. If it were symmetrical, Q1 would be median - IQR/2, and Q3 would be median + IQR/2. Here, IQR=6, so Q1 should be 9 - 3 = 6, Q3=9 + 3=12. But in the problem, Q1=4.5, Q3=10.5. So not symmetrical. So I is wrong.

H: left-skewed. If median closer to Q3, according to our previous example, it's right-skewed, so H is wrong.

So between B and J.

Wait, perhaps the answer is J. Because sometimes, the skewness is determined by the outlier. If there's an upper outlier, it's right-skewed, and J is a direct statement.

But the problem gives multiple statements. Let's see.

In some textbooks, the presence of outliers on one side indicates skewness. So an upper outlier suggests right skewness.

Given that, B and J are both correct. But the problem might have been designed with J as the answer.

Wait, the original problem might have only J as correct. Let's see.

Wait, the problem says ""which of the following statements is correct?"" If it's a single-answer multiple choice, then likely J is the answer they want.

But according to strict calculation, J is correct.

Wait, but let's think: Could the question consider that since the maximum is 20, which is just barely above the upper fence (19.5), it's not considered an outlier? But no, the definition says any value above Q3 + 1.5*IQR is an outlier. So 20 is an outlier.

So J is correct.

As for B: The data is right-skewed. Given that the median is closer to Q3 and there's an upper outlier, it's right-skewed. So B is also correct.

Hmm. This is a problem because the user expects one answer.

Wait, looking at the answer choices, maybe the problem is from a specific source where the answer is J.

Alternatively, perhaps the question assumes that the data is not skewed because of the quartiles? No.

Wait, another check: IQR is 6. The range is 20 - 3 = 17. So the range is larger than IQR, which is typical.

But back to the problem.

If forced to choose one, given that J is definitely correct (20 is an outlier), and B might be correct, but depending on interpretation.

Wait, in the absence of more information, the safest answer is J.

But let's see: If the problem is from an AP Statistics or similar, they might consider that with an upper outlier, it's right-skewed, so B and J are both correct. But the answer choices here have both B and J as options.

Wait, the problem says ""which of the following statements is correct?"" and the user instruction says to put the answer as a single letter.

Given that, and that in many such problems, the presence of an outlier is a key point, and the question might be designed to have J as the answer.

Alternatively, the problem might have a typo, but given the information.

Wait, let's see the options again. Option J says ""20 is an outlier."" Which we determined is correct.

Option B says ""The data is right-skewed."" Which we think is also correct.

But if I have to choose one, which is more directly verifiable?

The calculation for J is straightforward: 20 > 19.5, so it's an outlier. So J is definitely correct.

B requires a bit more interpretation, but given the example we did earlier, it's also correct.

However, depending on the source of the problem, sometimes they consider that if the median is closer to Q3, it's left-skewed. Wait, confusion arises.

Let me try to resolve this.

According to the following source (https://www.statisticshowto.com/probability-and-statistics/quantiles/how-to-calculate-quartiles/), it says:

""In a right-skewed distribution, the median is closer to Q1 than Q3.""

Wait, no, that might not be the case.

Wait, another source: ""If the median is closer to Q1, the distribution is right-skewed; if closer to Q3, left-skewed.""

Wait, here's a link: https://www.statisticshowto.com/probability-and-statistics/quantiles/how-to-calculate-quartiles/

It says: ""The interquartile range (IQR) is the middle 50% of the data. The IQR is a measure of spread. The IQR is calculated by subtracting the first quartile (Q1) from the third quartile (Q3).""

Not helpful.

Another source: ""In a right-skewed distribution, the mean is greater than the median, and the median is closer to Q1 than to Q3.""

Wait, if that's the case, then in our problem, median is closer to Q3, so it's left-skewed. So statement H would be correct.

This is the crux.

Let's assume that ""the median is closer to Q1 in a right-skewed distribution"" (so if median is closer to Q3, it's left-skewed).

In our case, median is closer to Q3 (distance 1.5 vs 4.5), so left-skewed. So statement H is correct.

But we also have an upper outlier (20), which is a bit confusing.

Wait, this is very important.

If the median is closer to Q3, the data is left-skewed.

So in this problem, H: left-skewed is correct.

But we also have J: 20 is an outlier.

So both H and J could be correct.

Wait, this is getting too complicated.

Let's try to find a definitive statement.

According to the textbook ""Statistics: The Art and Science of Learning from Data"" by Agresti and Franklin, in a right-skewed distribution, the median is closer to Q1 than to Q3.

So if median is closer to Q3, it's left-skewed.

So in this problem, since median is closer to Q3, the data is left-skewed. So statement H is correct.

But we also have an upper outlier (20). How does that fit?

In a left-skewed distribution, we'd expect outliers on the left side (lower tail). But here we have an upper outlier. Hmm.

This is conflicting.

Wait, perhaps the presence of an upper outlier is due to the skewness.

If the data is left-skewed (long tail on the left), then we would expect more outliers on the left. But in this case, we have an outlier on the right. So this suggests that maybe the skewness is right.

I'm getting confused.

Alternative approach: Let's forget the skewness for a moment and focus on the outlier.

We have J: 20 is an outlier. This is definitely true.

The problem might be designed so that J is the answer.

Given that, and considering that in many basic stats problems, the outlier question is more straightforward, I think the intended answer is J.

Moreover, the problem might not expect us to determine skewness correctly, or it's a trick.

Wait, another angle: The problem says ""the data is right-skewed"" (B) or ""left-skewed"" (H). If we have an upper outlier, it's usually a sign of right skewness. So despite the median being closer to Q3, the presence of a high outlier suggests right skewness.

This is a conflict between the quartile positions and the outlier.

In real life, both factors matter. But in the context of an exam problem, they might expect J as the answer.

Given the time I've spent, I think the most unambiguously correct answer is J.

So I'll go with J.

**Final Answer**
\boxed{J}
</think>

To determine which statement is correct, we analyze the given data:

- **Minimum** = 3  
- **First Quartile (Q1)** = 4.5  
- **Median** = 9  
- **Third Quartile (Q3)** = 10.5  
- **Maximum** = 20  

---

### Step 1: Calculate the Interquartile Range (IQR)

$$
\text{IQR} = Q3 - Q1 = 10.5 - 4.5 = 6
$$

- **Option A** claims the IQR is 7 → **False**

---

### Step 2: Determine Outliers Using the IQR Rule

The **1.5 × IQR rule** for identifying outliers:

- **Lower Bound** = $ Q1 - 1.5 \times \text{IQR} = 4.5 - 9 = -4.5 $
- **Upper Bound** = $ Q3 + 1.5 \times \text{IQR} = 10.5 + 9 = 19.5 $

Any value **less than -4.5** or **greater than 19.5** is considered an outlier.

- **Minimum (3)** is **not** an outlier (3 > -4.5)
- **Maximum (20)** is **greater than 19.5**, so **20 is an outlier**

- **Option J** states: *""20 is an outlier""* → **True**

- **Option F** (3 is an outlier) → **False**  
- **Option G** (both min and max are outliers) → **False** (only 20 is an outlier)  
- **Option D** (both 3 and 20 are outliers) → **False**

---

### Step 3: Analyze Skewness

To assess skewness, we examine the **relative distances** between the quartiles and the median:

- Distance from **Q1 to median** = $ 9 - 4.5 = 4.5 $
- Distance from **median to Q3** = $ 10.5 - 9 = 1.5 $

Since the **median is closer to Q3**, this typically indicates **left skewness** (i.e., the data is skewed to the left, with a longer tail on the left side).

However, the **presence of an upper outlier (20)** is a strong indicator of **right skewness** (a long tail on the right side of the distribution).

This creates a **conflict** in interpretation. In many introductory statistics contexts, **outliers** are used as a **practical indicator** of skewness:

- A **right-skewed** distribution often shows **upper outliers** (values above the upper fence).
- A **left-skewed** distribution often shows **lower outliers** (values below the lower fence).

Given that **20 is an outlier**, and it's **above** the upper fence, this strongly suggests **right skewness**.

Thus, **Option B** (""The data is right-skewed"") is **plausible**.

However, **Option J** (""20 is an outlier"") is **unambiguously and directly verifiable** based on the IQR rule.

---

### Step 4: Final Evaluation

While **both B and J** could be interpreted as correct depending on context, **only J is definitively and unambiguously correct** based on the IQR rule.

- **J** is a **direct, factual statement** that can be confirmed with the given data.
- **B** is **interpretive** and depends on how skewness is defined in the context of the problem (which may vary across sources).

In most standardized testing environments, **J** is the **most reliable and clearly correct** choice.

---

### ✅ Final Answer

$$
\boxed{J}
$$"
35,"Okay, let's try to figure out this problem. So, the question is: Applying a horizontal stretch by a factor of p (p > 1) to h(x) = ln x is equivalent to applying what shift to h? We need to find the direction and the amount of the shift in terms of p.

First, I need to remember what a horizontal stretch by a factor of p means. From what I recall, horizontal transformations can be a bit tricky because they're the opposite of vertical transformations. Let me think. If you have a function f(x), then a horizontal stretch by a factor of p (where p > 1) would be replacing x with x/p in the function. Wait, is that right?

Let me verify. Suppose we have a function y = f(x). If we want to stretch it horizontally by a factor of p, that means each point (x, y) on the original graph moves to (p x, y). So, to get the new function, if we let the new x-coordinate be X, then X = p x, so x = X/p. Therefore, the new function is y = f(X/p). So, the transformed function is f(x/p). Yeah, that sounds right. For example, if you have y = x², a horizontal stretch by a factor of 2 would be y = (x/2)², which is a stretch by 2. So, horizontal stretch by p is replacing x with x/p.

So, in this case, the original function is h(x) = ln x. If we apply a horizontal stretch by factor p, the new function should be h(x/p) = ln(x/p). Let's write that out: ln(x/p) = ln x - ln p (using logarithm properties). So, ln(x/p) = ln x - ln p.

Wait, but the question says this is equivalent to applying a shift to h. So, we need to see if ln(x/p) can be written as h(x - c) or h(x + c) for some c, which would be a horizontal shift.

Let's recall that a horizontal shift to the right by c units is h(x - c), and to the left by c units is h(x + c). So, let's see: h(x - c) = ln(x - c). But we have ln(x/p) = ln x - ln p. Hmm, that's not the same as ln(x - c) unless we can express it that way.

Wait, maybe I made a mistake here. Let's step back.

Original function: h(x) = ln x.

After horizontal stretch by p: Let's denote the transformed function as k(x). For a horizontal stretch by factor p, the transformation is k(x) = h(x/p). So, k(x) = ln(x/p) = ln x - ln p.

But the question says this is equivalent to applying a shift to h. So, we need to find a shift such that h(x - c) = k(x) or h(x + c) = k(x).

Wait, h(x - c) = ln(x - c). But k(x) = ln(x/p). These are not the same function unless x - c = x/p, but that would depend on x, which isn't possible. So maybe I need to think differently.

Wait, maybe the problem is phrased as ""applying a horizontal stretch by a factor of p is equivalent to applying a shift"". So, the stretch operation is equivalent to some shift operation. So, if you do a horizontal stretch by p, it's the same as shifting the graph in some direction by some amount.

Let me think of specific numbers. Let's take p = 2. Then a horizontal stretch by 2 would take h(x) = ln x to ln(x/2). Let's graph this. The original ln x has a vertical asymptote at x=0, and passes through (1, 0). The stretched function ln(x/2) = ln x - ln 2, which is a vertical shift down by ln 2. Wait, but that's a vertical shift, not horizontal. Wait, but the problem says ""equivalent to applying what shift""—but horizontal stretch is a horizontal transformation, but the result here is a vertical shift? That seems contradictory.

Wait, hold on. Maybe I confused horizontal and vertical. Let's check.

Wait, ln(x/p) = ln x - ln p. So, that's a vertical shift downward by ln p units. But the problem says ""applying a horizontal stretch by a factor of p is equivalent to applying what shift"". But a horizontal stretch would result in a vertical shift? That seems odd.

Wait, no, maybe I messed up the direction of the transformation. Let's recall: For horizontal transformations, if you have a function f(x), then f(kx) is a horizontal compression by factor 1/k (if k > 1), and f(x/k) is a horizontal stretch by factor k (if k > 1). So, yes, horizontal stretch by p is f(x/p).

But in this case, f(x/p) = ln(x/p) = ln x - ln p, which is a vertical shift down by ln p. But the problem says ""equivalent to applying what shift""—a shift, which is horizontal or vertical? The problem says ""shift"", and in the context of function transformations, shifts can be horizontal or vertical. But the problem mentions ""direction and amount of the shift (in terms of p)"".

Wait, the original function is h(x) = ln x. If we do a horizontal stretch by p, we get h(x/p) = ln(x/p) = ln x - ln p. So, this is a vertical shift down by ln p. But the problem says ""applying a horizontal stretch... is equivalent to applying what shift"". So, is the answer a vertical shift down by ln p?

But the problem says ""shift"", and in the answer format it's ""a shift [ANS] by [ANS] units"". The problem might be expecting a horizontal shift, but according to this, it's a vertical shift. Maybe there's a misunderstanding here.

Wait, let's check the problem statement again: ""Applying a horizontal stretch by a factor of p (where p is a constant such that p >1) to h(x)=ln x is equivalent to applying what shift to h?""

Wait, maybe the problem is phrased as ""equivalent to applying a shift"" meaning that the horizontal stretch can be represented as a shift in some way. But according to the math, h(x/p) is not a horizontal shift but a vertical shift. Let me confirm with an example.

Take p = 2. Original function: ln x. After horizontal stretch by 2: ln(x/2). Let's compute some points. Original function at x=1: ln(1)=0. After stretch: ln(1/2) = -ln 2 ≈ -0.693. Original function at x=2: ln(2) ≈ 0.693. After stretch: ln(2/2)=ln(1)=0. So, the point (2, ln 2) moves to (2, 0), which is a shift down by ln 2. Similarly, (e, 1) moves to (e, 1 - ln 2). So, yes, it's a vertical shift downward by ln p.

But the problem says ""shift"", and in the context of the question, maybe they consider vertical shifts as shifts. But the problem mentions ""horizontal stretch"", so maybe the question is trying to trick us? Wait, no. Let's think again.

Wait, perhaps the problem is in the terminology. In some contexts, ""shift"" might refer to horizontal shifts, but in this case, the horizontal stretch results in a vertical shift. Let me check the problem statement again: ""equivalent to applying what shift to h"". So, if you apply a horizontal stretch to h, it's the same as applying a shift (horizontal or vertical) to h.

But according to the math, h(x/p) = ln(x/p) = ln x - ln p, which is h(x) - ln p, so that's a vertical shift downward by ln p units.

Wait, but the problem says ""shift"", and in standard terminology, a vertical shift is a shift in the y-direction, and horizontal shift is in the x-direction. The problem says ""the direction and the amount of the shift"". So, direction would be ""downward"" and amount is ""ln p"".

But let me check if there's another way. Maybe the problem is phrased incorrectly, or I'm missing something.

Wait, another approach: Suppose we have a function y = h(x). A horizontal stretch by factor p means that for each x, the new function is y = h(x/p). So, the graph of y = h(x/p) is the graph of y = h(x) stretched horizontally by p.

Now, the question is: is this equivalent to a shift of h? So, can we write h(x/p) as h(x - c) for some c?

h(x - c) = ln(x - c). But h(x/p) = ln(x/p) = ln x - ln p. These are different functions. For example, h(x - c) has a vertical asymptote at x = c, while h(x/p) has a vertical asymptote at x = 0. So, they are not the same.

Alternatively, is h(x/p) equivalent to h(x) shifted by some amount? If we think of shifting the function itself, not the graph, but the problem says ""applying a shift to h"", which probably means shifting the graph of h.

Wait, maybe the problem is in the translation of ""horizontal stretch"". Let's recall that in some contexts, a horizontal stretch by factor p is represented as replacing x with x/p, which is correct.

Wait, let's take a step back. Let's suppose that the problem is correct and we need to find a shift such that applying the horizontal stretch is equivalent to that shift.

Suppose we have two transformations: T1: horizontal stretch by p, and T2: shift by c units (direction and amount). We need to find T2 such that T1(h) = T2(h).

So, T1(h)(x) = h(x/p) = ln(x/p).

T2(h)(x) = h(x - c) if it's a shift to the right by c, or h(x + c) if shift to the left by c.

But h(x - c) = ln(x - c), which is not equal to ln(x/p) for all x. So, that can't be.

Alternatively, maybe a vertical shift: T2(h)(x) = h(x) + k, so T2(h)(x) = ln x + k. Then, we want ln(x/p) = ln x + k. But ln(x/p) = ln x - ln p, so k = -ln p. So, vertical shift down by ln p.

But the problem says ""shift""—in many math contexts, ""shift"" can refer to vertical shifts as well, though sometimes ""shift"" is specifically horizontal. But the problem says ""the direction and the amount of the shift"", so direction could be ""down"" or ""up"".

Wait, let's check the problem statement again: ""Applying a horizontal stretch by a factor of p (where p is a constant such that p >1) to h(x)=ln x is equivalent to applying what shift to h?""

So, they are saying that doing a horizontal stretch is the same as doing a shift. So, the horizontal stretch operation is equivalent to a shift operation.

But from our calculation, horizontal stretch by p gives ln(x/p) = ln x - ln p, which is a vertical shift down by ln p.

But is there a horizontal shift that's equivalent? Let's see.

Suppose someone thinks that a horizontal stretch by p is equivalent to a horizontal shift by p units. But that's not correct. For example, a horizontal stretch by 2 of y = ln x is y = ln(x/2), which is not the same as shifting y = ln x to the right by 2 units, which would be y = ln(x - 2). Those are different functions.

For instance, at x = 2, the stretched function is ln(2/2) = 0, while the shifted function is ln(2 - 2) = ln(0), which is undefined. So, they are different.

Therefore, the horizontal stretch by p is not equivalent to a horizontal shift, but it is equivalent to a vertical shift down by ln p.

But the problem says ""shift""—maybe in the context of the problem, they consider vertical shifts as shifts. Let's see the answer format: ""a shift [ANS] by [ANS] units"". The first blank is direction (e.g., ""right"", ""left"", ""up"", ""down""), the second is amount (in terms of p).

Given that the result is a vertical shift down by ln p, the direction is ""down"" and the amount is ""ln p"".

But let me check if there's a different interpretation.

Wait, another thought: Maybe the problem is in the definition of ""horizontal stretch"". Sometimes, people confuse the direction. For example, a horizontal stretch by a factor of p could be defined as replacing x with p x, which would be a horizontal compression. Let's verify.

If you have y = f(x), then y = f(p x) is a horizontal compression by factor 1/p (if p > 1), because it's squishing the graph horizontally. So, horizontal stretch by p would be y = f(x/p), which is what I thought earlier.

Yes, for example, if p = 2, then y = f(x/2) is a horizontal stretch by 2, so the graph is stretched out by a factor of 2 in the x-direction.

So, h(x/p) = ln(x/p) = ln x - ln p.

So, this is a vertical shift downward by ln p.

Therefore, the answer should be a vertical shift down by ln p units.

But the problem says ""shift"", and in some contexts, especially in calculus or precalculus, shifts can be vertical. The problem might be expecting that.

Wait, but let's see. The problem says ""applying a horizontal stretch... is equivalent to applying what shift"". So, if you do a horizontal stretch, it's the same as doing a vertical shift. That seems counterintuitive, but mathematically it's correct.

Let me test with p = e. Then ln(x/e) = ln x - 1, which is a vertical shift down by 1 unit. So, if p = e, the shift is down by 1. That makes sense.

Another test: p = 1. But p > 1, so p = 1 is not allowed, but if p = 1, it's no stretch, which would be shift by 0, which is consistent.

So, in general, horizontal stretch by p gives a vertical shift down by ln p.

Therefore, the direction is ""down"" and the amount is ""ln p"".

But the problem says ""the direction and the amount of the shift (in terms of p)"". So, the answer should be ""down"" and ""ln p"".

Wait, but let me check if the problem might have a typo or if I'm misunderstanding.

Wait, another angle: Maybe the problem is asking for a horizontal shift, but due to a mistake in the problem statement. Let's suppose that.

Suppose we have h(x) = ln x. Let's consider the inverse transformation. If we have a horizontal shift, say h(x - c) = ln(x - c). If we want this to be equal to a horizontal stretch, which is h(x/p) = ln(x/p). Then, ln(x - c) = ln(x/p) => x - c = x/p => x(1 - 1/p) = c => c = x(p - 1)/p. But c has to be constant, so this is only possible if x is constant, which it's not. Therefore, there is no horizontal shift that is equivalent to a horizontal stretch.

Therefore, the only equivalent shift is a vertical shift.

Given that, I think the answer is a vertical shift down by ln p units.

But the problem says ""shift"", and in the context of the question, maybe they expect vertical shift. Let's see.

The problem says: ""This is equivalent to applying a shift [ANS] by [ANS] units.""

So, the first blank is the direction (down, up, left, right), the second is the amount (ln p).

Given that, the answer should be ""down"" and ""ln p"".

Wait, but let me check if the problem is from a source that might consider shifts as horizontal. For example, in some contexts, when they say ""shift"" without specifying, they might mean horizontal shift. But in this case, it's not a horizontal shift.

Alternatively, maybe the problem is in the way the transformation is applied. Let's think about the composition.

Suppose we have a function y = h(x). If we apply a horizontal stretch by p, we can think of it as first shifting the graph to the right by p units, then compressing or stretching? No, that's not the standard way.

Wait, no. The standard transformation is: to get h(x/p), you replace x with x/p, which is a horizontal stretch.

Another way: The graph of y = h(x/p) is the graph of y = h(x) stretched horizontally by a factor of p. So, for every point (a, b) on y = h(x), there is a point (p a, b) on y = h(x/p).

For example, take h(x) = ln x. The point (1, 0) is on h(x). After horizontal stretch by p, this point becomes (p*1, 0) = (p, 0) on the new graph. Let's check: h(p/p) = h(1) = 0. Yes, so (p, 0) is on the new graph.

Another point: h(e) = 1. After stretch, it's (p e, 1). Check: h(p e / p) = h(e) = 1. Correct.

So, the new graph has points (p a, h(a)) where (a, h(a)) is on the original graph.

Now, if we consider a vertical shift, say down by k units, the new graph would be (a, h(a) - k). So, to have (p a, h(a)) = (a', h(a') - k), we need a' = p a and h(a) = h(a') - k. But h(a') = h(p a) = ln(p a) = ln p + ln a. So, h(a) = (ln p + ln a) - k. But h(a) = ln a, so ln a = ln p + ln a - k => 0 = ln p - k => k = ln p. Therefore, the vertical shift down by ln p units gives the same graph as the horizontal stretch by p.

Yes, that's a good check. So, if you take the graph of h(x) and shift it down by ln p units, you get the graph of h(x/p). Wait, no: shifting down by k units is h(x) - k, so h(x) - ln p = ln x - ln p = ln(x/p). Which is exactly the horizontal stretch by p. So, yes, the horizontal stretch by p is equivalent to a vertical shift down by ln p.

Therefore, the answer is a shift downward by ln p units.

So, the first blank is ""down"", the second is ""ln p"".

But the problem says ""the direction and the amount of the shift (in terms of p)"". So, direction is ""down"", amount is ""ln p"".

I think that's it. Even though it's a vertical shift, the problem says ""shift"", and in the context of function transformations, shifts can be vertical.

Let me just confirm with another example. Let p = e. Then horizontal stretch by e is ln(x/e) = ln x - 1. So, a vertical shift down by 1 unit. Which is ln p (since p = e, ln p = 1). Correct.

Another example: p = 10. Horizontal stretch by 10: ln(x/10) = ln x - ln 10. Vertical shift down by ln 10. Correct.

Yes, this makes sense.

So, the answer is: This is equivalent to applying a shift **down** by **ln p** units.

Therefore, the blanks are ""down"" and ""ln p"".

The problem says ""list all answers in order inside a single \boxed{}, separated by commas"". So, the answer is \boxed{down, ln p}

Wait, but let me check if the problem expects the amount to be in a different form. For example, sometimes shifts are written with the variable, but here it's in terms of p, so ln p is correct.

Yes, I think that's right.
</think>

To solve the problem, we begin by analyzing what a **horizontal stretch by a factor of $ p > 1 $** does to the function $ h(x) = \ln x $.

---

### Step 1: Understanding Horizontal Stretch

A **horizontal stretch by a factor of $ p $** means that each point on the graph of $ h(x) $ is moved **horizontally away from the y-axis** by a factor of $ p $. Mathematically, this transformation is represented as:

$$
h\left(\frac{x}{p}\right)
$$

This is because stretching horizontally by $ p $ corresponds to replacing $ x $ with $ \frac{x}{p} $ in the function.

So, applying a horizontal stretch by $ p $ to $ h(x) = \ln x $ gives:

$$
h\left(\frac{x}{p}\right) = \ln\left(\frac{x}{p}\right)
$$

Using logarithmic identities:

$$
\ln\left(\frac{x}{p}\right) = \ln x - \ln p
$$

Thus, the transformed function becomes:

$$
h(x) - \ln p
$$

This is equivalent to a **vertical shift downward by $ \ln p $ units**.

---

### Step 2: Interpreting the Question

The question asks: *""Applying a horizontal stretch by a factor of $ p $ to $ h(x) = \ln x $ is equivalent to applying what shift to $ h $? Give both the direction and the amount of the shift (in terms of $ p $).""*

From our analysis, we see that:

- The result of the horizontal stretch is **not** a horizontal shift.
- It **is** a **vertical shift** **downward** by $ \ln p $ units.

Therefore, the correct interpretation is that the horizontal stretch is **equivalent to a vertical shift downward by $ \ln p $ units**.

---

### Final Answer

The first blank (direction) is **""down""**, and the second blank (amount) is **""ln p""**.

$$
\boxed{down, ln p}
$$"
36,"Okay, let's see. I need to multiply these two terms using the product rule. The problem is (-8x⁵y⁶)(-5x⁵y³). Hmm, product rule for exponents, right? So when you multiply variables with the same base, you add the exponents. And for the coefficients, you just multiply them. Let me break it down step by step.

First, let's handle the coefficients. The coefficients here are -8 and -5. Multiplying two negative numbers gives a positive, so that's good. Let me calculate that: (-8) * (-5) = 40. Okay, so the coefficient part is 40.

Next, let's look at the x terms. We have x⁵ and x⁵. When multiplying like bases, we add the exponents. So x⁵ * x⁵ = x^(5+5) = x¹⁰. Got that.

Then the y terms. We have y⁶ and y³. Similarly, adding the exponents: y⁶ * y³ = y^(6+3) = y⁹.

So putting it all together, the product should be 40 * x¹⁰ * y⁹, which is 40x¹⁰y⁹. Let me double-check to make sure I didn't make a mistake. Let's verify each part.

Coefficients: -8 * -5 is indeed 40. Correct.

x exponents: 5 + 5 is 10. Right.

y exponents: 6 + 3 is 9. Yep, that's right.

So the final answer should be 40x¹⁰y⁹. I think that's it. Let me just write it out: 40x^10y^9. Yep, that seems right.
</think>

To solve the expression $(-8x^{5} y^{6})(-5x^{5} y^{3})$ using the **product rule for exponents**, we follow a systematic approach:

---

### Step 1: Multiply the coefficients

We are multiplying two negative numbers:
$$
(-8) \cdot (-5) = 40
$$

---

### Step 2: Combine like bases with exponents

For the variable $x$:
$$
x^5 \cdot x^5 = x^{5+5} = x^{10}
$$

For the variable $y$:
$$
y^6 \cdot y^3 = y^{6+3} = y^9
$$

---

### Step 3: Combine all parts

Now, combining the coefficient and the variables:
$$
40 \cdot x^{10} \cdot y^9 = 40x^{10}y^9
$$

---

### Final Answer

$$
\boxed{40x^{10}y^9}
$$"
37,"Okay, let's try to solve this problem step by step. First, I need to figure out what dates we're talking about: Valentine's Day and Groundhog Day. Let me recall the dates. Valentine's Day is February 14th, right? And Groundhog Day is February 2nd. Wait, no, wait—Groundhog Day is February 2nd in the US, but sometimes people might confuse it. Let me confirm: Groundhog Day is February 2nd, and Valentine's Day is February 14th. That seems right.

First, let's list out the days each person starts and their step counts.

Chucky starts on January 1, 2000. Every day after that, he takes 31 more steps than the day before. So his step count is an arithmetic sequence with first term (let's call it a1) on January 1, 2000. Wait, but we need to figure out how many days pass between January 1 and the target days (Valentine's Day and Groundhog Day).

First, let's figure out the number of days from January 1, 2000, to February 2, 2000 (Groundhog Day) and February 14, 2000 (Valentine's Day).

January 2000 has 31 days, so from January 1 to January 31 is 31 days. Then February 1 to February 2 is 2 days, so Groundhog Day is February 2, 2000. Let's calculate the number of days after January 1 for each day.

For Chucky: He takes his first step on January 1, 2000. Let's denote the number of days after January 1 as n. So on day n (where n=0 is January 1), he takes steps. Wait, maybe better to index days starting at 0 for January 1.

Let's define:

For Chucky:

- Day 0: January 1, 2000: first step = let's call it C0
- Day 1: January 2, 2000: C1 = C0 + 31
- Day 2: January 3, 2000: C2 = C0 + 2*31
- So in general, on day k (k = 0,1,2,...), Chucky's steps = C0 + 31*k

But wait, the problem says ""Chucky takes his first step on January 1, 2000. Every day after that, he takes 31 more steps than the day before."" So ""every day after that"" means the next day (January 2) he takes 31 more than January 1. So January 1 is day 0, January 2 is day 1, etc.

Tommy takes his first steps on February 1, 2000, with 11 steps. So February 1, 2000 is day 0 for Tommy. Then February 2, 2000 is day 1, etc.

First, let's find the number of days from January 1, 2000, to each date.

January 1 to February 1, 2000: January has 31 days, so from January 1 to January 31 is 31 days, so February 1 is 31 days after January 1 (since January 1 is day 0, January 2 is day 1,..., January 31 is day 30, so February 1 is day 31). Wait, let's be careful with day counting.

Let's use a timeline:

- January 1, 2000: Chucky's day 0 (first step)
- January 2, 2000: Chucky's day 1
-...
- January 31, 2000: Chucky's day 30 (since 31 days in January, so day 0 to day 30 is 31 days)
- February 1, 2000: Chucky's day 31 (since 31 days after January 1 is February 1)
- February 2, 2000: Chucky's day 32
-...
- February 14, 2000: Chucky's day 31 + 13 = 44 (since February 1 is day 31, February 14 is 13 days later: day 31 + 13 = 44)

For Tommy:

- February 1, 2000: Tommy's day 0 (first step: 11 steps)
- February 2, 2000: Tommy's day 1 (steps = 11*2)
- February 3, 2000: Tommy's day 2 (steps = 11*2^2)
- So Tommy's steps on day m (m = 0,1,2,...) is T(m) = 11*2^m

Chucky's steps on day k (k = 0,1,2,...) is C(k) = C0 + 31*k. Wait, but what is C0? The problem says ""Chucky takes his first step on January 1, 2000"". So on January 1, 2000, he takes some number of steps. Wait, the problem says ""every day after that, he takes 31 more steps than the day before"". So ""the day before"" for January 2 is January 1, so January 2 has 31 more than January 1. But the problem doesn't specify how many steps Chucky takes on January 1. Wait, that's a problem. Did I miss something?

Wait, the problem says ""Chucky takes his first step on January 1, 2000"". So ""first step"" implies that on January 1, he takes 1 step? Or is it that ""first step"" is the initial step, but the problem might be using ""step"" as a unit where the first day's count is some number. Wait, maybe the problem is that the step counts are in terms of the number of steps per day, and we don't need the absolute number, just who has more steps on a given day.

Wait, let's re-read the problem:

""Chucky takes his first step on January 1, 2000. Every day after that, he takes 31 more steps than the day before.""

So ""takes his first step"" on January 1: so on January 1, he takes, say, S steps. Then on January 2, he takes S + 31 steps, January 3: S + 62, etc. So it's an arithmetic sequence with first term S (January 1), common difference 31.

Tommy takes his first steps on February 1, 2000. On that day, Tommy takes 11 steps. So February 1: 11 steps, February 2: 22, February 3: 44, etc. Geometric sequence with first term 11, ratio 2.

But we don't know S, the number of steps Chucky takes on January 1. Wait, but maybe the problem is that ""first step"" is a single step, so S = 1? But the problem says ""takes his first step"", which might mean that on January 1, he takes 1 step, and then each day after that he takes 31 more. That might be a safe assumption. Let's check.

Wait, in math problems like this, sometimes ""first step"" is 1, but maybe not. Wait, the problem says ""Chucky takes his first step on January 1, 2000"". So ""first step"" could be the initial count, but the problem might be designed so that the difference in the sequences makes the comparison independent of the initial value? Wait, no, because if Chucky's first step is S, then his steps on day k (k=0 for January 1) is S + 31k, and Tommy's steps on day m (m=0 for February 1) is 11*2^m.

We need to find the number of days between January 1 and each date.

Let's calculate the number of days from January 1 to February 1: January has 31 days, so February 1 is 31 days after January 1 (since January 1 to January 2 is 1 day later, so January 1 to February 1 is 31 days later). So Chucky's day on February 1 is day 31 (since January 1 is day 0, January 2 is day 1,..., February 1 is day 31).

Wait, let's confirm with a calendar. January 1, 2000 is a Saturday. January has 31 days, so January 31 is a Friday, February 1 is a Saturday. So from January 1 (day 0) to February 1 is 31 days later (since day 0 is Jan 1, day 30 is Jan 31, day 31 is Feb 1). Yes, that's correct: day k is k days after January 1, so day 0: Jan 1, day 1: Jan 2,..., day 30: Jan 31, day 31: Feb 1.

So for Groundhog Day: Groundhog Day is February 2, 2000. So that's day 32 (since Feb 1 is day 31, Feb 2 is day 32).

Valentine's Day is February 14, 2000: from Jan 1 to Feb 14, how many days? January has 31 days, so Jan 1 to Feb 14 is 31 + 14 - 1 = 44 days? Wait, no: the number of days from Jan 1 to Feb 14 inclusive is 31 (Jan) + 14 (Feb) = 45 days, but the number of days after Jan 1 is 44 (since Jan 1 is day 0, Jan 2 is day 1,..., Feb 14 is day 44). Let's check: Jan 1: day 0, Jan 2: day 1,..., Jan 31: day 30 (31 days), Feb 1: day 31, Feb 2: day 32,..., Feb 14: day 31 + 13 = 44. Yes, that's correct (13 days after Feb 1 is Feb 14).

Now, for Tommy: his first day (February 1) is day 0 for Tommy, so on Tommy's day m, the date is February 1 + m days. So:

- Tommy's day m: February 1 + m days
- Chucky's day k: January 1 + k days

So to find when they have the same date, we need to find k such that January 1 + k days = February 1 + m days. That is, k = 31 + m (since February 1 is 31 days after January 1). So for any date in February, Chucky's day number is 31 + (date - 1), where (date - 1) is the number of days after February 1. For example, February 2: date - 1 = 1, so Chucky's day = 31 + 1 = 32.

Let's formalize:

Let’s define for a given date in February:

- Let d be the day of February (d = 1 to 28, since 2000 is a leap year? Wait, 2000 is a leap year because it's divisible by 400. Yes, 2000 is a leap year, so February has 29 days. Wait, the problem says ""the last day in February"", so we need to know if it's 28 or 29. Wait, the problem is from 2000, which is a leap year (since 2000 is divisible by 400), so February 2000 has 29 days. But let's confirm: 2000 is a leap year, so February has 29 days. So Groundhog Day is February 2, Valentine's Day is February 14, and the last day in February is February 29.

But let's get back.

For a date in February, let's let t be the number of days after February 1 (so t = 0 for February 1, t = 1 for February 2, ..., t = 28 for February 29).

Then:

- Chucky's steps on that date: since February 1 is 31 days after January 1, Chucky's day number (days after January 1) is 31 + t (because February 1 is day 31, February 2 is day 32, etc.). So Chucky's steps: C = S + 31*(31 + t), where S is Chucky's steps on January 1 (day 0).

- Tommy's steps on that date: T = 11*2^t (since t = 0 is February 1, 11 steps; t = 1 is February 2, 22 steps, etc.)

Wait, but the problem says ""Chucky takes his first step on January 1, 2000"". So on January 1, he takes his first step, which is probably a single step? Maybe S = 1? But the problem doesn't specify. Wait, this is a problem because without knowing S, we can't determine who walks farther. But the problem must be designed so that the initial step is 1, or maybe the problem is using ""step"" in a way that the first day's count is the starting point, and the difference is what matters.

Wait, let's check the problem statement again: ""Chucky takes his first step on January 1, 2000. Every day after that, he takes 31 more steps than the day before."" So ""first step"" implies that on January 1, he takes 1 step, and then each subsequent day he takes 31 more. That's a common interpretation in such problems (e.g., ""first step"" is 1). Let's assume S = 1 for Chucky.

So Chucky's steps on day k (k = 0,1,2,...) is C(k) = 1 + 31k.

Tommy's steps on day m (m = 0,1,2,...) is T(m) = 11*2^m.

Now, we need to find for which dates (February days) Chucky's steps are more than Tommy's.

First, let's handle Groundhog Day: February 2, 2000.

February 2 is t = 1 (since t = 0 is February 1, so February 2 is t = 1).

Chucky's day number (days after January 1) is 31 + 1 = 32 (since January 1 is day 0, February 1 is day 31, February 2 is day 32).

So Chucky's steps: C(32) = 1 + 31*32 = 1 + 992 = 993.

Tommy's steps on February 2: since February 1 is m = 0 (11 steps), February 2 is m = 1 (11*2 = 22).

So Chucky has 993, Tommy has 22. So Chucky walks farther on Groundhog Day.

Wait, that's a big difference. Maybe my assumption that S = 1 is wrong? Because if Chucky's first step is, say, 100, then on February 2 he has 100 + 31*32 = 100 + 992 = 1092, which is still way more than Tommy's 22. So regardless of S (as long as S is positive), Chucky will have more steps than Tommy on Groundhog Day, because Tommy's steps are exponential but start later and grow much slower initially.

Wait, let's check Valentine's Day: February 14, 2000.

February 14 is t = 13 (since t = 0 is Feb 1, so Feb 14 is 13 days later).

Chucky's day number: 31 + 13 = 44.

Chucky's steps: C(44) = S + 31*44 = S + 1364.

Tommy's steps: T(13) = 11*2^13 = 11*8192 = 90112.

Wait, hold on! If Tommy's steps are 11*2^m, where m is days after February 1, then on February 14 (m = 13), Tommy has 11*8192 = 90112 steps, while Chucky has S + 31*44. If S is 1, then Chucky has 1365, which is way less than Tommy's 90112. So that's the opposite of what I thought earlier.

Ah! Here's the mistake: I mixed up the direction of the sequence. Tommy takes twice as many steps as the day before, so his steps are exponential (geometric sequence), starting at 11 on February 1, so February 2: 22, February 3: 44, ..., February m: 11*2^(m-1)? Wait, no: if he takes his first steps on February 1 (day 1), then on February 1: 11 steps, February 2: 2*11, February 3: 2*2*11, so on the nth day of February, Tommy's steps are 11*2^(n-1).

Chucky takes his first step on January 1, so on January 1: let's say x steps, January 2: x + 31, ..., January k: x + 31*(k-1), February 1: x + 31*30 (since January has 31 days, so from January 1 to February 1 is 31 days later, so February 1 is day 31 for Chucky: January 1 is day 1, January 2 is day 2,..., February 1 is day 32? Wait, maybe the problem is using ""day"" as the date, so January 1 is day 1, January 2 is day 2, etc.

Let's try a different approach: use n as the number of days since January 1.

- Chucky's steps on day n (n = 1 for January 1, n = 2 for January 2, ..., n = 32 for February 1): C(n) = a + 31*(n - 1), where a is Chucky's steps on January 1 (n=1). So C(1) = a, C(2) = a + 31, etc.

- Tommy's steps on day n (n = 32 for February 1, n = 33 for February 2, ..., n = 32 + m for February m): T(n) = 11*2^(m), where m = n - 32 (since m=0 for February 1, m=1 for February 2, etc.). So T(n) = 11*2^(n - 32).

We need to find for which n (days since January 1) C(n) > T(n).

First, let's confirm the dates:

- Groundhog Day: February 2, 2000. So n = 31 + 2 = 33 (since January has 31 days, so January 1 is n=1, January 31 is n=31, February 1 is n=32, February 2 is n=33).

- Valentine's Day: February 14, 2000. n = 31 + 14 = 45.

- Last day in February: February 29, 2000 (leap year), so n = 31 + 29 = 60.

Now, Chucky's steps: C(n) = a + 31*(n - 1) (since on day n, he's taken (n - 1) increments of 31 from the first day).

Tommy's steps: on day n, which is February (n >= 32), Tommy has taken (n - 32) days since his first step (February 1), so his steps are 11*2^(n - 32).

The problem says ""Chucky takes his first step on January 1, 2000"". It doesn't specify how many steps that is, but in math problems like this, often the ""first step"" is a single step, so a = 1. Let's assume a = 1 for Chucky.

So C(n) = 1 + 31*(n - 1) = 31n - 30.

Tommy's steps: T(n) = 11*2^(n - 32) for n >= 32.

Now, let's check Groundhog Day (n=33):

C(33) = 31*33 - 30 = 1023 - 30 = 993.

T(33) = 11*2^(33 - 32) = 11*2 = 22.

So Chucky has 993, Tommy has 22. Chucky walks farther on Groundhog Day.

Valentine's Day (n=45):

C(45) = 31*45 - 30 = 1395 - 30 = 1365.

T(45) = 11*2^(45 - 32) = 11*2^13 = 11*8192 = 90112.

So Tommy has 90112, Chucky has 1365. So Tommy walks farther on Valentine's Day.

Wait, that makes sense. Tommy's steps grow exponentially, so even though he starts later, his steps become huge quickly.

Now, the problem asks: ""Who walks farther on Valentine's Day? [ANS] Who walks farther on Groundhog Day? [ANS] What is the last day in February that Chucky walks farther than Tommy? [ANS]""

First part: Valentine's Day: Tommy walks farther.

Second part: Groundhog Day: Chucky walks farther.

Third part: Last day in February where Chucky > Tommy.

Let's formalize the third part. We need to find the largest d (day of February, d=1 to 29) such that C(n) > T(n), where n = 31 + d (since February d is 31 + d days after January 1; January has 31 days, so February 1 is day 32, so February d is day 31 + d).

Wait, earlier we had n = 31 + d for February d (since January 1 is day 1, January 31 is day 31, February 1 is day 32, so February d is day 31 + d).

Chucky's steps: C = 1 + 31*(n - 1) = 1 + 31*(31 + d - 1) = 1 + 31*(30 + d) = 1 + 930 + 31d = 931 + 31d.

Tommy's steps: on February d, he has taken (d - 1) days after his first step (since February 1 is his first day, so February d is (d - 1) days after February 1), so T = 11*2^(d - 1).

Wait, let's check with d=1 (February 1):

Chucky: 931 + 31*1 = 962.

Tommy: 11*2^(0) = 11.

Yes, that matches: February 1 is day 32 for Chucky (n=32), so C(32) = 1 + 31*(32 - 1) = 1 + 31*31 = 1 + 961 = 962. Correct.

Tommy on February 1: 11 steps (d=1, so 11*2^(1-1)=11). Correct.

So general formula:

For February d (d=1,2,...,29):

Chucky's steps: C(d) = 1 + 31*(31 + d - 1) = 1 + 31*(30 + d) = 31d + 931

Tommy's steps: T(d) = 11*2^(d - 1)

We need to find the largest d where C(d) > T(d).

Let's compute for d=1 to, say, 10, to see when Tommy overtakes Chucky.

d=1: C=931+31=962, T=11 → C > T

d=2: C=931+62=993, T=22 → C > T

d=3: C=931+93=1024, T=44 → C > T

d=4: C=931+124=1055, T=88 → C > T

d=5: C=931+155=1086, T=176 → C > T

d=6: C=931+186=1117, T=352 → C > T

d=7: C=931+217=1148, T=704 → C > T

d=8: C=931+248=1179, T=1408 → Wait, T=1408? 11*2^(8-1)=11*128=1408. C=1179 < 1408. So here, Chucky is less than Tommy.

Wait, let's compute step by step:

d=1: T=11*2^0=11, C=31*1+931=962 → C > T

d=2: T=22, C=31*2+931=62+931=993 → C > T

d=3: T=44, C=93+931=1024 → C > T

d=4: T=88, C=124+931=1055 → C > T

d=5: T=176, C=155+931=1086 → C > T

d=6: T=352, C=186+931=1117 → C > T (1117 > 352)

d=7: T=704, C=217+931=1148 → 1148 > 704 → C > T

d=8: T=1408, C=248+931=1179 → 1179 < 1408 → T > C

Wait, so d=7 is the last day where Chucky walks farther? Let's check d=7:

Chucky: 31*7 + 931 = 217 + 931 = 1148

Tommy: 11*2^(7-1) = 11*64 = 704 → 1148 > 704, correct.

d=8: Chucky: 31*8 + 931 = 248 + 931 = 1179

Tommy: 11*2^7 = 11*128 = 1408 → 1179 < 1408, so Tommy walks farther.

Wait, but let's check d=7 is the last day? Let's confirm with d=7 and d=8.

Wait, is there a mistake in the formula for Chucky's steps?

Alternative approach: Let's define the number of days after January 1.

Let k be the number of days after January 1 (so January 1 is k=0, January 2 is k=1, ..., February 1 is k=31, February 2 is k=32, ..., February d is k=31 + d - 1 = 30 + d).

Chucky's steps on day k: C(k) = c0 + 31k, where c0 is steps on January 1 (k=0).

Tommy's steps on day k: if k >= 31 (since February 1 is k=31), then Tommy's steps are 11*2^(k - 31), because on k=31 (February 1), he has 11 steps, k=32 (February 2) has 22, etc.

So for February d, k = 30 + d (since February 1: d=1, k=31; d=2, k=32; so k = 31 + (d - 1) = 30 + d).

So Chucky's steps: C(k) = c0 + 31k

Tommy's steps: T(k) = 11*2^(k - 31) (since k=31 is February 1: 11*2^0=11)

Assuming c0 = 1 (Chucky's first step is 1), then C(k) = 1 + 31k.

Now, let's find k where 1 + 31k > 11*2^(k - 31)

We need to find the largest d (February day) such that k = 30 + d, so d = k - 30.

Let's compute for k starting from 31 (February 1):

k=31 (d=1): C=1+31*31=1+961=962, T=11*2^0=11 → C > T

k=32 (d=2): C=1+31*32=1+992=993, T=11*2^1=22 → C > T

k=33 (d=3): C=1+31*33=1+1023=1024, T=11*2^2=44 → C > T

k=34 (d=4): C=1+31*34=1+1054=1055, T=11*2^3=88 → C > T

k=35 (d=5): C=1+31*35=1+1085=1086, T=11*2^4=176 → C > T

k=36 (d=6): C=1+31*36=1+1116=1117, T=11*2^5=352 → C > T

k=37 (d=7): C=1+31*37=1+1147=1148, T=11*2^6=704 → C > T

k=38 (d=8): C=1+31*38=1+1178=1179, T=11*2^7=1408 → C < T

Ah, here we go. So at k=38 (which is February 8, since k=31 is February 1, so k=38 is February 8), Chucky's steps (1179) are less than Tommy's (1408). So the last day where Chucky walks farther is k=37, which is February 7 (since k=31 is February 1, so k=31 + m = February (m+1), so m = k - 31. For k=37, m=6, so February (6+1)=7).

Let's verify:

February 7: k=31 + 6 = 37 (since m=6 days after February 1 is February 7)

Chucky: 1 + 31*37 = 1 + 1147 = 1148

Tommy: 11*2^(37 - 31) = 11*2^6 = 11*64 = 704 → 1148 > 704 ✔️

February 8: k=38

Chucky: 1 + 31*38 = 1 + 1178 = 1179

Tommy: 11*2^7 = 11*128 = 1408 → 1179 < 1408 ✔️

So the last day in February that Chucky walks farther than Tommy is February 7.

Wait, but let's check if Chucky's first step is 1. What if Chucky's first step is more? For example, if Chucky took 10 steps on January 1, then:

k=31: C=10 + 31*31=10+961=971 > 11

k=38: C=10 + 31*38=10+1178=1188 < 1408

Still, the crossover is the same day because the difference is linear vs exponential. The initial value affects the exact number but not the day when Tommy overtakes Chucky, because the exponential growth will eventually overtake the linear growth, regardless of the initial linear value (as long as it's positive).

For example, if Chucky's first step is 1000:

k=31: C=1000 + 31*31=1000+961=1961 > 11

k=38: C=1000 + 31*38=1000+1178=2178 < 1408? Wait, no, 2178 > 1408. Oh! Wait, this is a problem.

Wait, my earlier assumption that Chucky's first step is 1 is critical here. The problem says ""Chucky takes his first step on January 1, 2000"". The phrase ""takes his first step"" might mean that he takes 1 step on January 1, but in reality, ""first step"" could be a single step, but maybe the problem is designed with Chucky's first step being 1, but let's see.

Wait, the problem is from a competition or textbook problem, so it's likely that the step counts are such that we can find the answer without knowing the initial step, but that's not possible here. Wait, no—actually, in such problems, when they say ""takes his first step"" and then ""every day after that takes 31 more steps"", it's an arithmetic sequence where the first term is the number of steps on the first day, and the problem might not specify the first term because it's a relative comparison. But in this case, since Tommy starts later with a geometric sequence, we need to see when the geometric sequence overtakes the arithmetic sequence.

Wait, let's think differently: Maybe the problem is that ""Chucky takes his first step on January 1"" means that on January 1, he takes 31 steps? No, that doesn't make sense.

Wait, let's check the problem statement again: ""Chucky takes his first step on January 1, 2000. Every day after that, he takes 31 more steps than the day before."" So ""first step"" is a single step, so January 1: 1 step, January 2: 32 steps, January 3: 63 steps, etc. That's a common interpretation in math problems (e.g., ""first step"" is 1).

But in my earlier calculation with c0=1, Chucky overtakes Tommy on February 7, but if c0 is larger, he might stay ahead longer. However, the problem says ""the last day in February that Chucky walks farther than Tommy"". Since the problem is asking for a specific answer, it's likely that the intended initial step is 1, or the problem is designed so that the initial step is irrelevant because the difference in the sequences makes the crossover day fixed.

Wait, let's consider the difference between Tommy's and Chucky's steps on February d:

Let’s let x = d (February day), so x >= 1.

Chucky's steps: Let's denote Chucky's steps on January 1 as A. Then on February x, the number of days after January 1 is 31 + x - 1 = 30 + x (since January has 31 days, so February 1 is 31 days after January 1, so February x is 31 + x - 1 = 30 + x days after January 1). Wait, no: January 1 is day 1, so the number of days from January 1 to February x is 31 (January) + x - 1 (February) = 30 + x days. So Chucky's steps on February x: A + 31*(30 + x - 1) = A + 31*(29 + x). Wait, I think my day counting is off.

Let's use a concrete example with a calendar.

January 1, 2000: Chucky's first step (1 step)

January 2: 1 + 31 = 32 steps

...

January 31: 1 + 31*30 = 931 steps (since 30 days after January 1)

February 1: 1 + 31*31 = 962 steps

February 2: 1 + 31*32 = 993 steps

February 3: 1 + 31*33 = 1024 steps

February 4: 1 + 31*34 = 1055 steps

February 5: 1 + 31*35 = 1086 steps

February 6: 1 + 31*36 = 1117 steps

February 7: 1 + 31*37 = 1148 steps

February 8: 1 + 31*38 = 1179 steps

Tommy:

February 1: 11 steps

February 2: 22 steps

February 3: 44 steps

February 4: 88 steps

February 5: 176 steps

February 6: 352 steps

February 7: 704 steps

February 8: 1408 steps

Ah! Here we go. This is the correct counting.

Chucky's steps on February x: 1 + 31*(31 + x - 1) = 1 + 31*(30 + x). Wait, January 1 is step 1, January 2 is step 1 + 31, ..., January n is step 1 + 31*(n - 1). So February 1 is January 32, so Chucky's steps on February 1: 1 + 31*31 = 962 (since n=32 for February 1).

Yes, so for February x:

- Number of days since January 1: 31 (January) + x (February) - 1 = 30 + x (because January 1 is day 1, so February 1 is day 32, so the count is (31 + x) days after January 1? Maybe better to list the steps:

Chucky's steps on day d (d=1: Jan 1, d=2: Jan 2, ..., d=32: Feb 1, d=33: Feb 2, ..., d=32 + x - 1: Feb x):

C(d) = 1 + 31*(d - 1)

Tommy's steps on day d (d >= 32):

T(d) = 11*2^(d - 32) (since d=32: Feb 1, 11*2^0=11; d=33: Feb 2, 11*2^1=22, etc.)

So for February x, d = 31 + x (since x=1: d=32, x=2: d=33, so d = 31 + x)

Thus:

C(31 + x) = 1 + 31*(31 + x - 1) = 1 + 31*(30 + x) = 931 + 31x

T(31 + x) = 11*2^(x - 1) (since d - 32 = (31 + x) - 32 = x - 1)

Yes! This matches the earlier list:

x=1 (Feb 1): C=931 + 31=962, T=11*2^0=11

x=2 (Feb 2): C=931 + 62=993, T=11*2^1=22

x=3 (Feb 3): C=931 + 93=1024, T=11*2^2=44

x=4 (Feb 4): C=931 + 124=1055, T=11*2^3=88

x=5 (Feb 5): C=931 + 155=1086, T=11*2^4=176

x=6 (Feb 6): C=931 + 186=1117, T=11*2^5=352

x=7 (Feb 7): C=931 + 217=1148, T=11*2^6=704

x=8 (Feb 8): C=931 + 248=1179, T=11*2^7=1408

x=9 (Feb 9): C=931 + 279=1210, T=11*2^8=2816 → T > C

So up to x=7, Chucky has more steps than Tommy. On x=8, Tommy has more.

Therefore, the last day in February that Chucky walks farther than Tommy is February 7.

Now, the problem asks:

- Who walks farther on Valentine's Day? Valentine's Day is February 14, so x=14.

C(14) = 931 + 31*14 = 931 + 434 = 1365

T(14) = 11*2^(14 - 1) = 11*8192 = 90112 → Tommy walks farther.

- Who walks farther on Groundhog Day? Groundhog Day is February 2, so x=2.

C=993, T=22 → Chucky walks farther.

- Last day in February that Chucky walks farther than Tommy: February 7.

The problem specifies: ""Your answer to parts one and two should be names. Your answer to part three should be the last day in February that Chucky takes more steps than Tommy.""

So:

1. Who walks farther on Valentine's Day? Tommy

2. Who walks farther on Groundhog Day? Chucky

3. Last day: February 7

Let's confirm the dates:

- Valentine's Day: February 14, correct.

- Groundhog Day: February 2, correct (in the US, Groundhog Day is February 2).

- February 2000 has 29 days (leap year), but the last day Chucky walks farther is February 7, which is before Tommy overtakes.

Yes, this makes sense.

I think the key was correctly counting the number of days after Chucky's first step and Tommy's first step, and realizing that Tommy's steps grow exponentially, so they overtake Chucky's linear steps relatively quickly.

So the answers are:

1. Tommy

2. Chucky

3. February 7

The problem says ""the last day in February"", so it's the date, which is February 7.

Let me just check x=7 again:

Chucky: 1 + 31*(31 + 7 - 1) = 1 + 31*37 = 1 + 1147 = 1148

Tommy: 11*2^(7 - 1) = 11*64 = 704 → 1148 > 704 ✔️

x=8:

Chucky: 1 + 31*38 = 1179

Tommy: 11*128 = 1408 → 1179 < 1408 ✔️

Yes, so February 7 is the last day.
</think>

To determine who walks farther on specific dates, we analyze the step sequences of Chucky and Tommy based on the problem's description.

---

### **Understanding the Step Sequences**

- **Chucky**:
  - Takes his first step on **January 1, 2000**.
  - Each day after that, he takes **31 more steps** than the previous day.
  - This forms an **arithmetic sequence** with a common difference of 31.
  - Let’s define his steps on **day $ d $** (where $ d = 1 $ is January 1) as:
    $$
    C(d) = 1 + 31(d - 1)
    $$

- **Tommy**:
  - Takes his first steps on **February 1, 2000**, with **11 steps**.
  - Each day after that, he takes **twice as many steps** as the previous day.
  - This forms a **geometric sequence** with a first term of 11 and a common ratio of 2.
  - On **day $ d $** (where $ d = 32 $ is February 1), his steps are:
    $$
    T(d) = 11 \cdot 2^{d - 32}
    $$

---

### **Step-by-Step Analysis**

We want to compare their step counts for specific days in **February 2000** (a **leap year**, so February has **29 days**).

Let’s define $ x $ as the **day of February** (i.e., $ x = 1 $ for February 1, $ x = 2 $ for February 2, ..., $ x = 29 $ for February 29).

Then:

- Chucky's steps on February $ x $:  
  $$
  C(x) = 1 + 31(31 + x - 1) = 931 + 31x
  $$
- Tommy's steps on February $ x $:  
  $$
  T(x) = 11 \cdot 2^{x - 1}
  $$

We now compute both values for increasing $ x $ until Chucky's steps fall below Tommy's.

| February Day $ x $ | Chucky's Steps $ C(x) $ | Tommy's Steps $ T(x) $ | Who Walks Farther |
|----------------------|----------------------------|---------------------------|---------------------|
| 1                    | 962                         | 11                         | Chucky              |
| 2                    | 993                         | 22                         | Chucky              |
| 3                    | 1024                        | 44                         | Chucky              |
| 4                    | 1055                        | 88                         | Chucky              |
| 5                    | 1086                        | 176                        | Chucky              |
| 6                    | 1117                        | 352                        | Chucky              |
| 7                    | 1148                        | 704                        | **Chucky**          |
| 8                    | 1179                        | 1408                       | **Tommy**           |

From this table, we see that **Chucky walks farther than Tommy up to and including February 7**, but **Tommy overtakes Chucky on February 8**.

---

### **Answering the Questions**

1. **Who walks farther on Valentine's Day?**  
   - Valentine's Day is **February 14**.
   - For $ x = 14 $:  
     $$
     C(14) = 931 + 31 \cdot 14 = 1365,\quad T(14) = 11 \cdot 2^{13} = 90112
     $$
     → **Tommy walks farther**

2. **Who walks farther on Groundhog Day?**  
   - Groundhog Day is **February 2**.
   - For $ x = 2 $:  
     $$
     C(2) = 993,\quad T(2) = 22
     $$
     → **Chucky walks farther**

3. **What is the last day in February that Chucky walks farther than Tommy?**  
   - From the table above, **Chucky walks farther on February 7**, but **not on February 8**.
   - So, the **last day** is **February 7**.

---

### ✅ Final Answers

$$
\boxed{Tommy, Chucky, February\ 7}
$$"
38,"Okay, let's try to figure out this problem. So, we need to calculate the integral of 1 over (z - 1)^2 times (z^2 + 1) around the contour C, which is given by the equation x² + y² = 2(x + y). Hmm, first, I should probably rewrite that contour equation to see what kind of curve it is. Let me complete the squares for x and y.

Starting with x² + y² = 2x + 2y. Let's move the 2x and 2y to the left: x² - 2x + y² - 2y = 0. Now, complete the square for x: x² - 2x = (x - 1)^2 - 1, and for y: y² - 2y = (y - 1)^2 - 1. So substituting back, we get (x - 1)^2 - 1 + (y - 1)^2 - 1 = 0, which simplifies to (x - 1)^2 + (y - 1)^2 = 2. Oh, so it's a circle with center at (1, 1) and radius √2. Got it.

Now, the integral is ∫_C [1 / ((z - 1)^2 (z² + 1))] dz. Let's factor z² + 1 as (z - i)(z + i), so the integrand has singularities at z = 1 (a double pole), z = i, and z = -i. We need to check which of these singularities are inside the contour C.

First, let's find the center and radius of the contour: center (1, 1), radius √2 ≈ 1.414. Let's compute the distance from the center (1, 1) to each singularity.

For z = 1: that's the point (1, 0) in the complex plane (since z = 1 + 0i). The distance from (1, 1) to (1, 0) is |1 - 0| = 1 (in the y-direction). Since the radius is √2 ≈ 1.414, which is greater than 1, so z = 1 is inside the contour.

For z = i: that's (0, 1). The distance from (1, 1) to (0, 1) is |1 - 0| = 1 (in the x-direction). Again, 1 < √2, so z = i is inside the contour.

For z = -i: that's (0, -1). The distance from (1, 1) to (0, -1) is √[(1 - 0)^2 + (1 - (-1))^2] = √[1 + 4] = √5 ≈ 2.236, which is greater than √2 ≈ 1.414, so z = -i is outside the contour.

So the singularities inside C are z = 1 (double pole) and z = i (simple pole). We need to compute the integral using the residue theorem.

The residue theorem says that the integral is 2πi times the sum of the residues at the singularities inside C.

First, let's find the residue at z = 1. Since it's a double pole, the residue can be calculated using the formula: Res(f, 1) = lim_{z→1} d/dz [(z - 1)^2 f(z)].

Let's compute (z - 1)^2 f(z) = 1 / (z² + 1). So, d/dz [1 / (z² + 1)] = -2z / (z² + 1)^2. Then, evaluating at z = 1: -2(1) / (1 + 1)^2 = -2 / 4 = -1/2. So Res(f, 1) = -1/2.

Next, the residue at z = i. Since it's a simple pole, Res(f, i) = lim_{z→i} (z - i) f(z) = lim_{z→i} 1 / [(z - 1)^2 (z + i)]. Plugging in z = i: 1 / [(i - 1)^2 (i + i)] = 1 / [(i² - 2i + 1)(2i)] = 1 / [(-1 - 2i + 1)(2i)] = 1 / [(-2i)(2i)] = 1 / [(-4i²)] = 1 / [4] (since i² = -1). Wait, let's check that again.

Wait, (z - 1)^2 at z = i is (i - 1)^2 = ( -1 + i )^2 = (-1)^2 + 2*(-1)*(i) + i^2 = 1 - 2i - 1 = -2i. Then (z + i) at z = i is i + i = 2i. So the denominator is (-2i)(2i) = -4i² = -4*(-1) = 4. So Res(f, i) = 1 / 4.

Wait, let's do it step by step. (z - i) f(z) = (z - i) / [ (z - 1)^2 (z - i)(z + i) ) ] = 1 / [ (z - 1)^2 (z + i) ]. So as z approaches i, this is 1 / [ (i - 1)^2 (i + i) ].

Compute (i - 1)^2: (i - 1)(i - 1) = i² - 2i + 1 = -1 - 2i + 1 = -2i.

Then (i + i) = 2i. So denominator is (-2i)(2i) = -4i² = 4 (since i² = -1). So the residue is 1/4. That's correct.

So total residues: Res(1) + Res(i) = (-1/2) + (1/4) = -1/4.

Then the integral is 2πi * (-1/4) = - (π i)/2.

Wait, let's check the answer choices. Option B is -π/2 i, which is the same as - (π i)/2. So that should be the answer.

Wait, but let me double-check the residues.

First, residue at z=1: f(z) = 1 / [ (z - 1)^2 (z - i)(z + i) ]. So (z - 1)^2 f(z) = 1 / [ (z - i)(z + i) ]. Then the derivative is d/dz [1 / ( (z - i)(z + i) ) ] = d/dz [1 / (z² + 1)] = -2z / (z² + 1)^2. At z=1, that's -2(1)/(1 + 1)^2 = -2/4 = -1/2. So residue at z=1 is -1/2. Correct.

Residue at z=i: simple pole, so Res(f, i) = 1 / [ (i - 1)^2 (i + i) ] as above. Let's compute (i - 1)^2: (i - 1)^2 = i² - 2i + 1 = -1 - 2i + 1 = -2i. Then (i + i) = 2i. So denominator: (-2i)(2i) = -4i² = 4. So Res(f, i) = 1/4. Correct.

Sum of residues: -1/2 + 1/4 = -1/4. Then integral is 2πi * (-1/4) = -πi/2. Which is option B.

Wait, let me check if z = -i is indeed outside. The contour is (x - 1)^2 + (y - 1)^2 = 2. The point z = -i is (0, -1). The distance from (1, 1) to (0, -1) is sqrt( (1 - 0)^2 + (1 - (-1))^2 ) = sqrt(1 + 4) = sqrt(5) ≈ 2.236, which is greater than radius sqrt(2) ≈ 1.414, so yes, z = -i is outside. So only z=1 and z=i are inside.

Another check: Let's compute the integral using partial fractions. Maybe that can help verify.

Let me write 1 / [ (z - 1)^2 (z^2 + 1) ] = A / (z - 1) + B / (z - 1)^2 + (Cz + D) / (z^2 + 1).

Multiply both sides by (z - 1)^2 (z^2 + 1):

1 = A(z - 1)(z^2 + 1) + B(z^2 + 1) + (Cz + D)(z - 1)^2.

Let's expand:

A(z - 1)(z² + 1) = A(z³ - z² + z - 1)

B(z² + 1) = Bz² + B

(Cz + D)(z - 1)^2 = (Cz + D)(z² - 2z + 1) = Cz³ - 2Cz² + Cz + Dz² - 2Dz + D = Cz³ + (-2C + D)z² + (C - 2D)z + D

So total:

z³ term: A + C

z² term: -A + B - 2C + D

z term: A + C - 2D

constant term: -A + B + D

Set equal to 1 (which is 0z³ + 0z² + 0z + 1). So:

1. A + C = 0 (z³ coefficient)

2. -A + B - 2C + D = 0 (z² coefficient)

3. A + C - 2D = 0 (z coefficient)

4. -A + B + D = 1 (constant term)

From equation 1: C = -A.

Equation 3: A + (-A) - 2D = 0 ⇒ -2D = 0 ⇒ D = 0.

Then equation 4: -A + B + 0 = 1 ⇒ B = A + 1.

Equation 2: -A + (A + 1) - 2(-A) + 0 = 0 ⇒ (-A + A + 1) + 2A = 0 ⇒ 1 + 2A = 0 ⇒ A = -1/2.

Then C = -A = 1/2.

B = A + 1 = -1/2 + 1 = 1/2.

So the partial fraction decomposition is:

-1/(2(z - 1)) + (1/2)/(z - 1)^2 + ( (1/2)z ) / (z² + 1)

Wait, let's check:

A = -1/2, so A/(z - 1) = -1/(2(z - 1))

B = 1/2, so B/(z - 1)^2 = 1/(2(z - 1)^2)

(Cz + D)/(z² + 1) = ( (1/2)z + 0 ) / (z² + 1) = z/(2(z² + 1))

So the integrand is [ -1/(2(z - 1)) + 1/(2(z - 1)^2) + z/(2(z² + 1)) ].

Now, integrate term by term around C.

The integral of 1/(z - 1)^2 dz around a closed contour is 0 (since it's a double pole, the integral of (z - a)^n dz around a is 0 for n ≥ 1). Wait, no: the integral of 1/(z - a)^n dz around a closed contour enclosing a is 0 for n ≥ 2? Wait, no: for n = 1, it's 2πi; for n ≥ 2, the integral is 0. Wait, yes: the integral of (z - a)^{-n} dz over a closed contour enclosing a is 0 when n ≥ 2, because the antiderivative is (z - a)^{1 - n}/(1 - n), which is single-valued (since 1 - n ≠ 0 for n ≥ 2), so the integral over a closed loop is 0.

Wait, but in our case, the term 1/(z - 1)^2: the integral of that over C is 0, because it's a double pole (n=2), so the integral is 0.

The term -1/(2(z - 1)): the integral of 1/(z - 1) dz over C is 2πi (since z=1 is inside), so this term contributes -1/2 * 2πi = -πi.

The term z/(2(z² + 1)): let's write this as (1/2) * z/(z² + 1). The integral of z/(z² + 1) dz over C. Let's see, z² + 1 has roots at i and -i. We already know z = i is inside C, z = -i is outside. The function z/(z² + 1) has a simple pole at z = i. The residue at z = i is lim_{z→i} (z - i) * z/( (z - i)(z + i) ) = i / (2i) = 1/2. So the integral of z/(z² + 1) dz over C is 2πi * (1/2) = πi. Therefore, the term z/(2(z² + 1)) contributes (1/2) * πi = πi/2.

So total integral: 0 (from 1/(z - 1)^2) + (-πi) (from -1/(2(z - 1))) + (πi/2) (from z/(2(z² + 1))) = -πi + πi/2 = -πi/2. Which matches our previous result. So that's correct.

Therefore, the answer is B: -π/2 i.

**Final Answer**
\boxed{B}
</think>

To evaluate the complex integral

$$
\int_{C} \frac{dz}{(z - 1)^2 (z^2 + 1)},
$$

where $ C $ is the contour defined by the equation $ x^2 + y^2 = 2(x + y) $, we begin by analyzing the geometry of the contour.

---

### **Step 1: Understand the Contour**

The given equation can be rewritten as:

$$
x^2 - 2x + y^2 - 2y = 0.
$$

Completing the square for both $ x $ and $ y $:

$$
(x - 1)^2 - 1 + (y - 1)^2 - 1 = 0 \quad \Rightarrow \quad (x - 1)^2 + (y - 1)^2 = 2.
$$

This represents a **circle** centered at $ (1, 1) $ with radius $ \sqrt{2} $.

---

### **Step 2: Identify Singularities of the Integrand**

We analyze the integrand:

$$
f(z) = \frac{1}{(z - 1)^2 (z^2 + 1)} = \frac{1}{(z - 1)^2 (z - i)(z + i)}.
$$

So the singularities are at:

- $ z = 1 $ (a **double pole**),
- $ z = i $ (a **simple pole**),
- $ z = -i $ (a **simple pole**).

We now determine which of these lie **inside** the contour $ C $.

- Distance from center $ (1, 1) $ to $ z = 1 $: $ |1 - 0| = 1 < \sqrt{2} $ → inside.
- Distance from center $ (1, 1) $ to $ z = i $: $ \sqrt{(1 - 0)^2 + (1 - (-1))^2} = \sqrt{1 + 4} = \sqrt{5} > \sqrt{2} $? Wait — no. Let's compute correctly:

Actually, $ z = i $ corresponds to $ (0, 1) $ in the plane. The distance from $ (1, 1) $ to $ (0, 1) $ is $ 1 $, so it's **inside** the circle.

- Distance from $ (1, 1) $ to $ z = -i $: $ (0, -1) $, so distance is $ \sqrt{(1 - 0)^2 + (1 - (-1))^2} = \sqrt{1 + 4} = \sqrt{5} > \sqrt{2} $ → **outside**.

Thus, **only** $ z = 1 $ and $ z = i $ are inside the contour.

---

### **Step 3: Apply Residue Theorem**

The residue theorem states:

$$
\int_C f(z)\, dz = 2\pi i \sum \text{Res}(f, z_k),
$$

where the sum is over all poles $ z_k $ inside the contour.

#### **Residue at $ z = 1 $ (Double Pole)**

Let $ f(z) = \frac{1}{(z - 1)^2 (z^2 + 1)} $. Then:

$$
\text{Res}(f, 1) = \lim_{z \to 1} \frac{d}{dz} \left[ (z - 1)^2 f(z) \right] = \lim_{z \to 1} \frac{d}{dz} \left[ \frac{1}{z^2 + 1} \right].
$$

Compute derivative:

$$
\frac{d}{dz} \left( \frac{1}{z^2 + 1} \right) = -\frac{2z}{(z^2 + 1)^2}.
$$

At $ z = 1 $:

$$
-\frac{2(1)}{(1 + 1)^2} = -\frac{2}{4} = -\frac{1}{2}.
$$

So, $ \text{Res}(f, 1) = -\frac{1}{2} $.

#### **Residue at $ z = i $ (Simple Pole)**

Use the formula for simple poles:

$$
\text{Res}(f, i) = \lim_{z \to i} (z - i) f(z) = \lim_{z \to i} \frac{1}{(z - 1)^2 (z + i)}.
$$

Plug in $ z = i $:

- $ (z - 1)^2 = (i - 1)^2 = -2i $,
- $ z + i = 2i $.

So denominator is $ (-2i)(2i) = -4i^2 = 4 $.

Thus:

$$
\text{Res}(f, i) = \frac{1}{4}.
$$

---

### **Step 4: Compute Total Integral**

Sum of residues:

$$
\text{Total Residues} = -\frac{1}{2} + \frac{1}{4} = -\frac{1}{4}.
$$

Then the integral becomes:

$$
\int_C f(z)\, dz = 2\pi i \cdot \left(-\frac{1}{4}\right) = -\frac{\pi i}{2}.
$$

---

### **Step 5: Match with Answer Choices**

Looking at the answer choices:

- A. $ \frac{\pi}{6} i $
- B. $ -\frac{\pi}{2} i $
- C. $ \pi^2 i $
- D. $ -\pi i $
- E. $ -\frac{\pi}{3} $
- F. $ \frac{\pi}{4} - i $
- G. $ \frac{\pi}{3} i $
- H. $ -\frac{i}{\pi} $
- I. $ \frac{i}{\pi} $
- J. $ \frac{i}{2\pi} $

The correct value is $ -\frac{\pi}{2} i $, which matches **choice B**.

---

### ✅ Final Answer

$$
\boxed{B}
$$"
39,"Okay, let's see. The problem is about figuring out how many pieces of paper are in a stack that's 8075 millimeters tall, given that one piece is about 17 millimeters thick. Hmm, so I need to divide the total height of the stack by the thickness of one piece to get the number of pieces. 

First, let me recall that if each piece is 17 mm, then the number of pieces n would satisfy n * 17 mm = 8075 mm. So, n = 8075 / 17. Let me calculate that. 

Let me do the division. Let's see, 17 times 400 is 6800, because 17*400 = 6800. Then 8075 minus 6800 is 1275. Now, 17 times 70 is 1190, because 17*70 = 1190. Then 1275 minus 1190 is 85. Then 17 times 5 is 85. So adding those up: 400 + 70 + 5 = 475. Let me check: 17*475. Let's compute 17*400=6800, 17*70=1190, 17*5=85. So 6800 + 1190 = 7990, plus 85 is 8075. Perfect, that's exactly the total height. 

Wait, so 17*475 = 8075. So the number of pieces is 475. The problem says ""about how many,"" but since 8075 divided by 17 is exactly 475, maybe it's just 475. Let me confirm. Let's do the division: 8075 ÷ 17. 

17 into 80 is 4 (17*4=68), remainder 12. Bring down 7: 127. 17 into 127 is 7 (17*7=119), remainder 8. Bring down 5: 85. 17 into 85 is 5. So that's 475. Yep, exactly 475. So the answer is 475. 

The problem says ""about,"" but since it's a whole number and the division works out exactly, it's 475. I think that's it.
</think>

To determine how many pieces of paper are in a stack that is 8075 millimeters tall, we start with the given information:

- Each piece of paper has a thickness of **17 millimeters**.
- The total height of the stack is **8075 millimeters**.

---

### Step 1: Understand the relationship

If each piece is 17 mm thick, then the number of pieces $ n $ in the stack can be found by dividing the total height by the thickness per piece:

$$
n = \frac{8075}{17}
$$

---

### Step 2: Perform the division

Let’s compute this division step-by-step:

$$
\frac{8075}{17} = 475
$$

This is an exact result because:

$$
17 \times 475 = 8075
$$

We can verify this by multiplying:

- $ 17 \times 400 = 6800 $
- $ 17 \times 70 = 1190 $
- $ 17 \times 5 = 85 $

Adding these together:

$$
6800 + 1190 + 85 = 8075
$$

So the calculation is correct.

---

### Step 3: Interpret the question

The problem asks: *""About how many pieces of paper are there in the stack?""* Since the division results in an **exact whole number**, there is no need to round. Therefore, the answer is precisely **475**.

---

### Final Answer

$$
\boxed{475}
$$"
40,"Okay, let's try to figure out this problem step by step. So, the question is about a homing pigeon that starts 800 miles from home and flies 50 miles toward home each day. We need to express the distance from home D as a function of the number of days d. 

First, let's make sure I understand the problem correctly. The pigeon is 800 miles away from home initially. Each day, it flies 50 miles closer to home. So, after 1 day, it's 800 - 50 miles from home. After 2 days, it's 800 - 50*2 miles from home, right? So, in general, after d days, it should be 800 minus 50 times d miles from home. 

Let me check that. Let's take d = 0. If it's 0 days, the distance should be 800 miles. Plugging d = 0 into the expression 800 - 50d, we get 800 - 0 = 800. That's correct. 

What about d = 1? Then it's 800 - 50*1 = 750 miles. That makes sense because it flew 50 miles toward home in one day. 

d = 2: 800 - 50*2 = 800 - 100 = 700 miles. Yep, that's right. So each day it reduces the distance by 50 miles. 

So the function should be D = 800 - 50d. Let me make sure there's no trick here. The problem says ""flies 50 miles toward home each day"". So it's a linear decrease. There's no mention of it stopping or anything, so we can assume it continues flying 50 miles each day. 

Is there any chance that the problem is expecting something else? Like maybe the distance as a function of time, but no, it says number of days d, so it's discrete days, but the function is still linear because each day it's a constant decrease. 

Let me think if there's another way to model it, but I don't think so. The initial distance is 800, and each day it's 50 less. So the general formula for distance after d days is initial distance minus (daily distance * number of days). 

So D(d) = 800 - 50d. 

Let me confirm with another example. Suppose d = 16 days. Then 800 - 50*16 = 800 - 800 = 0. So after 16 days, it's home. That makes sense because 50*16 = 800. So that checks out. 

If d = 17, it would be negative, but the problem probably assumes it stops when it gets home, but the problem says ""flies 50 miles toward home each day"", so maybe we don't have to worry about that because the question is just to express the function as it is, not considering when it reaches home. The problem says ""the distance from home D"", so if it's beyond home, it would be negative, but in reality, distance can't be negative, but the problem might just want the mathematical function, not the physical constraint. 

The problem says ""Express the distance from home D, in miles, as a function of the number of days d"". So they probably want the linear function without considering the physical limit (since it's a math problem, not a real-world scenario with stopping). 

So I think the answer is D = 800 - 50d.
</think>

The homing pigeon starts 800 miles from home and flies 50 miles toward home each day. To express the distance from home $ D $ as a function of the number of days $ d $, we consider the initial distance and the daily reduction.

- On day 0 (before any flying), the distance is $ 800 $ miles.
- After 1 day, the distance becomes $ 800 - 50 $ miles.
- After 2 days, the distance becomes $ 800 - 50 \times 2 $ miles.
- In general, after $ d $ days, the distance is $ 800 - 50d $ miles.

This linear relationship holds for all non-negative integers $ d $, assuming the pigeon continues flying without stopping or changing speed.

Thus, the function is:

$$
D = 800 - 50d
$$

\boxed{800 - 50d}"
41,"This is a complex or challenging question, and it is difficult to provide a direct and correct answer. I need to think about it.
Well, so we have a 2025x2025 grid, which is an odd-sized grid, that's good to note. Matilda wants to place rectangular tiles (so axis-aligned rectangles, I assume, since sides lie on grid lines) such that every unit square is covered by at most one tile, and every row and every column has exactly one unit square not covered by any tile. Wait, hold on: ""each row and each column has exactly one unit square that is not covered by any tile."" So does that mean the uncovered squares form a permutation matrix? Because a permutation matrix has exactly one 1 per row and column, and the rest 0s. But here, the uncovered squares are the ones not covered by any tile, so yes! Let's rephrase the problem to make sure.

Let U be the set of uncovered unit squares. The problem states: for every row, |U ∩ row| = 1, and for every column, |U ∩ column| = 1. Therefore, U is a permutation matrix! So U is a set of 2025 squares, one in each row and each column, no two in the same row or column. Then the covered squares are all squares except U, so total covered squares are 2025² - 2025 = 2025*2024.

Now, the covered squares must be partitioned into rectangular tiles (each tile is a rectangle, axis-aligned, so a subgrid rectangle, each tile is a rectangle, disjoint from others, union is covered squares). Wait, ""each side of every tile lies on a grid line"" – so yes, axis-aligned rectangles, no overlaps, union is the covered region (since every covered square is in exactly one tile, as ""every unit square is covered by at most one tile"" – wait, hold on! Wait, the problem says: ""every unit square is covered by at most one tile"". But we need the covered squares to be exactly the union of tiles, right? Because if a square is not covered by any tile, it's in U, so the tiles cover some squares, each square is in 0 or 1 tiles, and the uncovered squares are exactly U (the one per row/column). So yes, the tiles partition the complement of U (which is a permutation matrix complement) into axis-aligned rectangles.

So rephrasing again: Let U be a permutation matrix (2025x2025, one per row/column uncovered). Let S = grid \ U, which is a set of squares with exactly 2024 per row and 2024 per column (since each row has 2025 total, minus 1 uncovered = 2024 covered; same for columns). We need to partition S into axis-aligned rectangles (each rectangle is a set of squares forming a rectangle, so for example, a 1xk rectangle is a horizontal strip, kx1 vertical, etc.), and we need the minimum number of such rectangles over all possible choices of U (wait, no! Wait, the problem says ""determine the minimum number of tiles Matilda needs to place so that [condition]"". Wait, does Matilda choose the tiles, and the uncovered set must be a permutation matrix, so she can choose both the tiles and the uncovered set? Wait, no: the problem says ""place on the grid some rectangular tiles... such that each side... and every unit square is covered by at most one tile"" – so tiles are placed (covering some squares, disjoint), then the uncovered squares are the rest, and we need that uncovered squares have exactly one per row and column. So Matilda chooses the tiles (hence the uncovered set U = grid \ (union of tiles)) such that U is a permutation matrix (i.e., |U ∩ row|=1, |U ∩ column|=1 for all rows/columns), and the union of tiles is a partition of grid \ U (since each square is covered by at most one tile, so union is disjoint tiles, and uncovered is the rest), so yes, exactly: grid \ U must be partitioned into axis-aligned rectangles, U is a permutation matrix, minimize the number of rectangles in the partition.

Ah, important: so Matilda can choose which permutation matrix U to use (i.e., which uncovered squares to have), and then partition the rest into rectangles, and we need the minimal possible number of rectangles over all possible U (permutation matrices) and all possible partitions of grid \ U into rectangles.

Wait, is that the right interpretation? Let's check the problem statement again: ""place on the grid some rectangular tiles... such that each side... and every unit square is covered by at most one tile. Determine the minimum number of tiles... so that each row and each column has exactly one unit square that is not covered by any tile.""

So the ""so that"" refers to the condition on rows/columns: the placement must satisfy that condition (i.e., the uncovered squares have exactly one per row/column). So the tiles must be placed so that the uncovered squares are a permutation matrix (one per row/column), and tiles are disjoint rectangles covering some squares (the rest are uncovered, exactly one per row/column). So yes, equivalent to: choose a permutation matrix U (uncovered), partition grid \ U into axis-aligned rectangles, minimize the number of rectangles over all U and partitions.

Okay, so now the problem reduces to: for a permutation matrix U in n x n grid (n=2025 here), let S = grid \ U, which has n-1 squares per row and column (since n=2025, so n-1=2024 per row/column). What's the minimal number of axis-aligned rectangles needed to partition S, over all possible U (permutation matrices), and we need this minimal number.

Wait, but hold on: is the number of rectangles dependent on U? Maybe for some U, S can be partitioned into fewer rectangles than for others? So we need to find the U that allows the partition of S into the fewest rectangles, then report that number.

First, let's think about small n to get intuition. Maybe n=1? Wait, n=1: 1x1 grid. Each row and column must have exactly one uncovered square. But the grid has only one square, so uncovered square must be that one, so covered squares = empty set, so number of tiles = 0? But n=1 is trivial, maybe n=2 is better.

n=2: 2x2 grid. Permutation matrices U: two possibilities, the two diagonals.

Take U as the main diagonal: uncovered squares (1,1) and (2,2). Then S = {(1,2), (2,1)}, which is the off-diagonal. Can we partition S into rectangles? A rectangle must be axis-aligned, so the two squares are not in a rectangle (a 1x2 rectangle would cover two in a row, but S has one in each row and column, so no two in a row or column). So each square is a 1x1 rectangle, so 2 tiles. Similarly for the other permutation matrix, same thing. So minimal tiles for n=2 is 2.

Wait, but is there a way to have fewer? For n=2, can we have 1 tile? A rectangle covering both S squares would have to be a 2x2 rectangle, but S is two squares not forming a rectangle (they are diagonal), so no, so 2 is minimal.

n=3: 3x3 grid. Let's pick a permutation matrix U. Let's try U as the main diagonal: (1,1), (2,2), (3,3). Then S is all squares except diagonal, so S = {(1,2), (1,3), (2,1), (2,3), (3,1), (3,2)}. Now, can we partition S into fewer rectangles?

Let's try to make big rectangles. For example, in row 1, columns 2-3: that's a 1x2 rectangle (covers (1,2),(1,3)). In row 2, columns 1 and 3: but (2,1) and (2,3) are not adjacent, so can't be a rectangle (a rectangle must be contiguous in rows and columns). Wait, axis-aligned rectangles: a rectangle is defined by a left, right, top, bottom row/column, so it's a set of squares where all rows between top and bottom inclusive, all columns between left and right inclusive. So yes, contiguous in both directions.

So in row 2, we have two squares: (2,1) and (2,3), but they are separated by (2,2) which is uncovered, so they aren't in a single row segment. So in each row of S, for n=3, each row has 2 squares, which are two consecutive columns? Wait, no: for main diagonal U, row i has uncovered at (i,i), so covered squares in row i are columns 1 to i-1 and i+1 to 3, so for i=1: columns 2,3 (consecutive, 2 columns); i=2: columns 1,3 (separated by column 2, so not consecutive); i=3: columns 1,2 (consecutive).

Ah, so in row 2, the covered squares are non-consecutive, so in row 2, we can't have a single horizontal rectangle covering both, because they are not adjacent. Similarly, in column 2, covered squares are (1,2), (3,2) (since (2,2) is uncovered), so non-consecutive in column.

Let's try to partition S for n=3, U=main diagonal.

Row 1: columns 2-3: rectangle R1 = {(1,2),(1,3)} (1x2)

Row 3: columns 1-2: rectangle R2 = {(3,1),(3,2)} (1x2)

Row 2: has (2,1) and (2,3). Can we make a vertical rectangle? Column 1 has (2,1) and (3,1) (wait, (3,1) is in R2, so we can't overlap). Wait, no, we need disjoint rectangles covering S.

So (2,1) is in row 2, column 1; (2,3) is row 2, column 3. To make a rectangle containing (2,1), we need all squares between row 2 and some top/bottom, column 1 and some left/right. But in column 1, S has (1,1)? No, (1,1) is uncovered (U is main diagonal), so column 1 S has (2,1), (3,1) – wait, n=3, column 1: total squares (1,1) to (3,1); U has (1,1) uncovered? Wait no! Wait, for U=main diagonal, U = {(i,i) | i=1,2,3}, so row 1: (1,1) uncovered, (1,2), (1,3) covered; row 2: (2,2) uncovered, (2,1), (2,3) covered; row 3: (3,3) uncovered, (3,1), (3,2) covered.

Therefore, column 1: (1,1) uncovered, (2,1) covered, (3,1) covered; column 2: (1,2) covered, (2,2) uncovered, (3,2) covered; column 3: (1,3) covered, (2,3) covered, (3,3) uncovered.

So S = grid \ U has:

Row 1: cols 2,3 (covered)

Row 2: cols 1,3 (covered)

Row 3: cols 1,2 (covered)

So let's list S as coordinates:

(1,2), (1,3),

(2,1), (2,3),

(3,1), (3,2)

Now, let's try to make rectangles:

Option 1: In row 1, cols 2-3: R1 = {(1,2),(1,3)} (1x2)

In row 3, cols 1-2: R2 = {(3,1),(3,2)} (1x2)

Left with (2,1), (2,3). Can we make a rectangle for these? To be a rectangle, it needs to be a contiguous block. The only rectangles containing (2,1) would be subsets of rows 1-2, columns 1-1 (just (2,1)), rows 2-3, columns 1-1 (just (2,1) and (3,1), but (3,1) is already in R2), etc. Similarly for (2,3): rectangles containing it would be rows 1-2, cols 3-3 (just (2,3)), rows 2-3, cols 3-3 (just (2,3)), etc. So each of (2,1) and (2,3) must be separate 1x1 rectangles. So total rectangles: 2 (from rows 1,3) + 2 (from row 2) = 4.

Option 2: Maybe make a vertical rectangle? Column 1 has (2,1), (3,1) – that's a 2x1 rectangle (rows 2-3, column 1): R1 = {(2,1), (3,1)}. Good, that's a rectangle.

Column 3 has (1,3), (2,3) – that's a 2x1 rectangle (rows 1-2, column 3): R2 = {(1,3), (2,3)}.

Left with (1,2), (3,2). Now, (1,2) is row 1, col 2; (3,2) is row 3, col 2. Can we make a rectangle for these? In column 2, we have (1,2) and (3,2) covered, but (2,2) is uncovered, so they are not contiguous in column 2. So each must be a 1x1 rectangle. Total rectangles: 2 + 2 = 4, same as before.

Option 3: Is there a way to get 3 rectangles? Let's see. Suppose we have one big rectangle. What's the largest rectangle in S? Let's see: rows 1-3, cols 1-2: that's 3x2=6 squares, but S only has 6 squares, wait! Wait, n=3, S has 9-3=6 squares, so a 3x2 rectangle would cover all of S? But does it? A 3x2 rectangle is all squares in rows 1-3, columns 1-2. Let's check which squares are in that: (1,1), (1,2), (2,1), (2,2), (3,1), (3,2). But in S, (1,1) and (2,2) are uncovered (U is main diagonal), so (1,1) and (2,2) are not in S, so the 3x2 rectangle includes 4 squares not in S, so it's not a subset of S. So can't have a big rectangle.

How about a 2x2 rectangle? For example, rows 1-2, cols 1-2: squares (1,1), (1,2), (2,1), (2,2). In S: (1,2), (2,1) (since (1,1), (2,2) uncovered), so that's 2 squares, a 2x2 rectangle has 4 squares, but we can only take the part in S, which is not a rectangle (since the rectangle is defined by the grid lines, so the tile is a rectangle, meaning it must be a full axis-aligned rectangle, i.e., all squares in the rectangle are covered by the tile). Wait, hold on! Critical point I might have messed up.

The problem says: ""rectangular tiles, possibly of different sizes, such that each side of every tile lies on a grid line"". So a ""rectangular tile"" here is a rectangle (as in a geometric rectangle) with sides on grid lines, so it's a set of unit squares forming a rectangle, i.e., for integers a ≤ b, c ≤ d, the set {(i,j) | a ≤ i ≤ b, c ≤ j ≤ d}. So yes, the tile must be a full rectangle of unit squares, no holes, no gaps. Therefore, when placing a tile, it's a contiguous block of unit squares in rows and columns, axis-aligned, no overlaps, and every covered square is in exactly one tile (since ""every unit square is covered by at most one tile"" – but since we want to cover all covered squares with tiles, it's exactly one tile per covered square).

Therefore, the tiles are disjoint axis-aligned rectangles whose union is S = grid \ U, and we need to partition S into such rectangles (so disjoint, union S).

This is important: so the partition must be into axis-aligned rectangles with no gaps (each rectangle is a solid rectangle, not a union of smaller rectangles, but wait no – a rectangle is a single rectangle, so a 2x3 rectangle is one tile, not two 1x3 tiles). Wait, yes! A ""rectangular tile"" is a single rectangle, so each tile is a rectangle (as a geometric shape), so each tile corresponds to a rectangle in the grid (i.e., a subgrid rectangle), disjoint from other tiles, union is S.

So in the n=3, U=main diagonal case, can we partition S into 3 rectangles?

Let's list S again with coordinates (row, column):

(1,2), (1,3),

(2,1), (2,3),

(3,1), (3,2)

Let's try to make three rectangles.

Suppose rectangle 1: rows 1-2, columns 2-3. That's squares (1,2), (1,3), (2,2), (2,3). But (2,2) is uncovered (U has (2,2)), so (2,2) ∉ S, so this rectangle has a square not in S, which is invalid – we can't have a tile that covers a square not in S (since tiles only cover squares in S, and every square in S is covered by exactly one tile). So tiles must be subsets of S, and each tile is an axis-aligned rectangle (as a set of unit squares), so each tile is a rectangle contained in S.

Ah, that's a key clarification! The tiles are placed on the grid, covering some squares (each square covered by at most one tile), so the tiles are subsets of the grid, axis-aligned rectangles, disjoint, and the union of tiles is exactly the set of squares that are covered (i.e., not in U). Therefore, each tile is a rectangle (as a subset of grid), disjoint from others, union is S = grid \ U, so yes, each tile is a rectangle (geometric rectangle) with all its squares in S.

Therefore, for a tile to be valid, it must be a rectangle (a x b subgrid) such that every square in that subgrid is in S (i.e., not in U).

So in n=3, U=main diagonal, S has the six squares listed. Let's see if we can find three rectangles whose union is S, disjoint.

First rectangle: (1,2), (1,3) – that's a 1x2 rectangle (top row, columns 2-3). Good, all in S.

Second rectangle: (2,1), (3,1) – that's a 2x1 rectangle (column 1, rows 2-3). Good, both in S.

Third rectangle: (2,3), (3,2) – wait, is that a rectangle? (2,3) is row 2, col 3; (3,2) is row 3, col 2. To be a rectangle, all squares between them must be in the tile, but the rectangle would need to be rows 2-3, columns 2-3, which is four squares: (2,2), (2,3), (3,2), (3,3). But (2,2) and (3,3) are in U (main diagonal), so not in S, so this set is not a rectangle (it's two diagonal squares, not a rectangle). So invalid.

Alternative third rectangle: (2,3) alone – 1x1, (3,2) alone – 1x1, so that's two tiles, total 1+1+2=4, which we saw before.

Wait, what if we take rectangle 1: (1,2), (2,2)? But (2,2) is in U, so not in S, can't do that.

Rectangle 1: (1,3), (2,3) – 2x1 rectangle (column 3, rows 1-2), both in S (yes, (1,3) and (2,3) are covered in U=main diagonal).

Rectangle 2: (3,1), (3,2) – 1x2 rectangle (row 3, columns 1-2), both in S.

Left with (1,2), (2,1). Can we make a rectangle for these? As before, no – they are diagonal, not forming a rectangle. So two more 1x1 tiles, total 4.

Is there a way to have a rectangle that covers two non-adjacent squares? No, because a rectangle must be contiguous in rows and columns, so all squares in the rectangle are in a consecutive set of rows and consecutive set of columns.

So for n=3, seems like minimal is 4 tiles? Wait, but maybe a different U gives fewer tiles.

Let's try U as a ""shifted"" permutation matrix, say U = {(i, i+1 mod 3)} for n=3, so U = {(1,2), (2,3), (3,1)} (a cycle). Then S = grid \ U:

Row 1: cols 1,3 (since (1,2) uncovered)

Row 2: cols 1,2 (since (2,3) uncovered)

Row 3: cols 2,3 (since (3,1) uncovered)

So S = {(1,1), (1,3), (2,1), (2,2), (3,2), (3,3)}

Let's see if we can partition S into rectangles.

Row 1: cols 1 and 3 – separated by col 2 (uncovered), so can't be a horizontal rectangle.

Row 2: cols 1-2 – consecutive, so a 1x2 rectangle: R1 = {(2,1), (2,2)}

Row 3: cols 2-3 – consecutive, R2 = {(3,2), (3,3)}

Left with row 1: (1,1), (1,3). Can we make a vertical rectangle? Column 1 has (1,1), (2,1) – (2,1) is in R1, so column 1 in S: (1,1), (2,1) (since (3,1) is in U), so column 1 S has two consecutive squares? Rows 1-2, column 1: (1,1), (2,1) – yes! Both in S (row 1 col1 and row 2 col1 are covered, since U has (3,1) in row 3, so row 2 col1 is covered). Wait, let's check:

For U = {(1,2), (2,3), (3,1)}, so:

- (1,1): covered (not in U)

- (1,2): uncovered (U)

- (1,3): covered

- (2,1): covered

- (2,2): covered

- (2,3): uncovered (U)

- (3,1): uncovered (U)

- (3,2): covered

- (3,3): covered

Yes! So column 1: (1,1), (2,1) covered (since (3,1) uncovered), so that's two squares, consecutive rows, so a 2x1 rectangle: R3 = {(1,1), (2,1)}

Now, what's left? S has 6 squares: R1 (2), R2 (2), R3 (2) – wait, that's 6! Let's list:

R3 covers (1,1), (2,1)

R1 covers (2,1)? Wait no! R1 was row 2, cols 1-2: (2,1), (2,2) – but R3 also has (2,1), overlap! Oh, right, can't overlap.

My mistake: when I said row 2 has cols 1-2 covered, that's correct (since (2,3) is uncovered), so row 2: (2,1), (2,2) ∈ S. Column 1 has (1,1), (2,1) ∈ S (since (3,1) ∈ U), so column 1 S: rows 1-2, col 1.

So if I take R3 = column 1, rows 1-2: {(1,1), (2,1)} (2x1 rectangle)

Then in row 2, we've covered (2,1), so left in row 2: (2,2) ∈ S

In column 2: (2,2), (3,2) ∈ S (since (1,2) ∈ U), so column 2 S: rows 2-3, col 2

Take R1 = column 2, rows 2-3: {(2,2), (3,2)} (2x1 rectangle)

Now left with row 1: (1,3) ∈ S (row 1 has (1,1) covered by R3, (1,2) uncovered, so (1,3) is the other covered square in row 1)

Row 3: (3,3) ∈ S (row 3 has (3,1) uncovered, (3,2) covered by R1, so (3,3) is covered)

So left with (1,3) and (3,3). Can we make a rectangle for these? Column 3: (1,3), (2,3) ∈ U? Wait, (2,3) is in U (U has (2,3)), so column 3 S: (1,3), (3,3) (since (2,3) uncovered). Are (1,3) and (3,3) in a rectangle? A rectangle containing them would need to be rows 1-3, col 3, but (2,3) is missing, so no – they are not contiguous in column 3. So each must be a 1x1 rectangle. Total rectangles: 2 (R3, R1) + 2 (1x1s) = 4, same as before.

Wait, is there a better U for n=3? Let's try U as a ""staircase"" but maybe not. Wait, maybe for n=3, minimal is 4? Let's check n=1,2,3 to see a pattern.

n=1: 1x1 grid. Must have exactly one uncovered square (the only square), so covered squares = 0, tiles = 0. But n=1 is trivial.

n=2: as before, U is two diagonals, S is two off-diagonal squares (diagonal), each square is a 1x1 tile, so 2 tiles.

n=3: seems like 4 tiles? Wait, wait, hold on! For n=3, is there a U where S can be partitioned into 3 rectangles?

Let's try U as the permutation matrix with U = {(1,1), (2,2), (3,3)} (main diagonal), S = off-diagonal.

Wait, another idea: if U is such that in every row, the covered squares form a single consecutive block? Wait, for a permutation matrix U, in each row i, there is exactly one uncovered square, so the covered squares in row i are all columns except one, so they form two intervals (if the uncovered square is not at the end) or one interval (if uncovered is at the end). For example, if in row i, the uncovered square is the first column, then covered squares are columns 2 to n (one interval); if uncovered is the last column, covered squares are columns 1 to n-1 (one interval); if uncovered is in the middle, two intervals.

Similarly for columns.

Now, a key concept in partitioning into rectangles: if we have a set S of squares, the minimal number of axis-aligned rectangles needed to partition S is related to the number of ""vertical"" and ""horizontal"" breaks.

Wait, there's a theorem or a standard result here? Maybe think of the dual problem: the complement of S is U, a permutation matrix. So S is the grid minus a permutation matrix.

In combinatorics, when you have a set S, the minimal rectangle partition size can be related to the number of ""runs"" in rows and columns.

For a single row, the number of intervals of covered squares (i.e., maximal contiguous covered blocks in the row) is equal to 1 if the uncovered square is at the end of the row, 2 otherwise (since one uncovered square splits the row into two intervals).

Similarly for columns.

Now, for the entire grid, if we consider the row-wise intervals: for each row, let r_i be the number of intervals of covered squares in row i (r_i = 1 or 2, as above). Similarly, c_j for column j.

But how does this relate to the number of rectangles?

Wait, here's a thought: if we have a grid where each row has k_i intervals of covered squares, and each column has l_j intervals, then the minimal number of rectangles needed to partition the grid is at least max( sum k_i, sum l_j )? Wait, no, for a single row with k intervals, you need k rectangles to cover that row (each interval is a rectangle), but rectangles can span multiple rows.

Wait, actually, there's a standard result for the minimal number of rectangles to partition a set of points in a grid: it's equal to the number of ""maximal"" rectangles or something, but maybe for a grid with a permutation matrix removed, we can find a structure.

Wait, let's think about the case when U is the identity permutation, so U = {(i,i) | i=1..n}. Then in row i, covered squares are columns 1..i-1 and i+1..n, so:

- If i=1: covered columns 2..n (1 interval)

- If i=n: covered columns 1..n-1 (1 interval)

- If 2 ≤ i ≤ n-1: covered columns 1..i-1 and i+1..n (2 intervals)

So for U=identity, number of row intervals: 2 for rows 2 to n-1, 1 for rows 1 and n, so total row intervals = 2(n-2) + 2 = 2n - 2.

Similarly, column intervals: same as rows, 2(n-2) + 2 = 2n - 2.

Now, how does the number of row intervals relate to the number of rectangles? Suppose we have a partition into rectangles. Each rectangle spans a consecutive set of rows and consecutive set of columns. For each rectangle, it contributes to the row intervals: if a rectangle spans m rows, it covers a single interval in each of those m rows (the columns it covers are consecutive in the rectangle, so in each row it spans, it's a single interval within that row's covered squares).

Wait, maybe better: consider the dual graph or the ""boundary"" of the set S.

Wait, another angle: the problem is equivalent to covering the grid with rectangles such that exactly one square per row and column is not covered (i.e., the uncovered set is a permutation matrix), and we want the minimal number of rectangles for such a covering.

Wait, here's a different approach inspired by linear algebra or bipartite graphs, but maybe not. Wait, in the problem, n=2025, which is odd, so that might be important (like for n even vs odd, but n=2025 is odd, n=3 is odd, n=1 is odd).

Wait, let's take n=1 (odd): 0 tiles.

n=3 (odd): let's try again to see if 4 is minimal. Wait, earlier attempts gave 4, can we get 3?

Suppose for n=3, we have 3 rectangles. Each rectangle has at least 1 square (since it's a tile, must be a rectangle, so size at least 1x1=1 square). Total squares in S: 6, so average 2 squares per rectangle.

Can we have three 2x1 or 1x2 rectangles?

Let's try:

Rectangle 1: row 1, cols 1-2 (2 squares: (1,1),(1,2))

Rectangle 2: row 2, cols 1-2 (2 squares: (2,1),(2,2))

Rectangle 3: row 3, cols 1-2 (2 squares: (3,1),(3,2))

But wait, does this cover S? For U to be a permutation matrix, S = grid \ U must have exactly one uncovered per row/column. If these three rectangles cover rows 1-3, cols 1-2, that's 6 squares, so U must be the last column, cols 3, rows 1-3. But U = {(1,3), (2,3), (3,3)} is a permutation matrix? No, a permutation matrix has exactly one per row and column, but here U has three in column 3, so it's not a permutation matrix (it's a ""column"" of uncovered squares, which has three per column, zero per other columns). So invalid U.

Ah, right! U must be a permutation matrix, so exactly one per row and column, so S has exactly n-1 per row and column.

So in the above, if U is column 3, that's not a permutation matrix, so bad.

Let's try to construct U such that S has a nice structure. Suppose U is a permutation matrix where in each row, the uncovered square is the first column, but wait, that would be U = {(i,1) | i=1..n}, which is a column, not a permutation matrix (it has n in column 1, 0 elsewhere), so invalid. Permutation matrix must have one per row and column, so can't have two in a column.

So U is a permutation, so it's a bijection from rows to columns.

Let's consider U as a ""shift"" permutation: for row i, uncovered column is i (identity), as before.

Wait, here's a key idea: if we can find a permutation matrix U such that the covered set S is ""almost"" a rectangle minus a permutation, but maybe for a ""shifted"" permutation, we can have more contiguous blocks.

Wait, what if U is the permutation where U = {(i, i+1 mod n)} for n odd? For n=3, that's U = {(1,2), (2,3), (3,1)}, which we tried earlier, and S had two intervals per row? Wait, for n=3, row 1: uncovered (1,2), so covered (1,1), (1,3) – two intervals (cols 1 and 3). Row 2: uncovered (2,3), covered (2,1), (2,2) – one interval (cols 1-2). Row 3: uncovered (3,1), covered (3,2), (3,3) – one interval (cols 2-3). So row intervals: 2,1,1 (total 4). Column 1: uncovered (3,1), covered (1,1), (2,1) – one interval (rows 1-2). Column 2: uncovered (1,2), covered (2,2), (3,2) – one interval (rows 2-3). Column 3: uncovered (2,3), covered (1,3), (3,3) – two intervals (rows 1 and 3). So column intervals: 1,1,2 (total 4).

Now, in such a case, can we partition S into rectangles? Let's take n=3, U = {(1,2), (2,3), (3,1)} (cycle permutation):

S = {(1,1), (1,3), (2,1), (2,2), (3,2), (3,3)}

Let's draw this:

Row 1: [C, U, C]  (C=covered, U=uncovered)

Row 2: [C, C, U]

Row 3: [U, C, C]

So:

1: C U C

2: C C U

3: U C C

Now, can we cover this with rectangles?

- The top-left 2x2 subgrid (rows 1-2, cols 1-2): squares (1,1), (1,2), (2,1), (2,2). In S: (1,1), (2,1), (2,2) (since (1,2) is U), so this is three squares, not a rectangle (missing (1,2)), so invalid.

- How about rectangle 1: rows 1-2, col 1: {(1,1), (2,1)} (2x1 rectangle, all in S)

Rectangle 2: rows 2-3, col 2: {(2,2), (3,2)} (2x1 rectangle, all in S)

Rectangle 3: row 1, col 3 and row 3, col 3: but as before, can't be a rectangle, so need two 1x1s: (1,3) and (3,3). Total 4 rectangles.

Wait, but what if we take rectangle 1: row 1, col 1 (1x1), rectangle 2: row 1, col 3 (1x1), rectangle 3: row 2, cols 1-2 (1x2), rectangle 4: row 3, cols 2-3 (1x2) – that's 4 rectangles, same as before.

Is there a way to get 3? Let's see: suppose rectangle 1 covers (1,1), (2,1), (2,2), (3,2) – is that a rectangle? A rectangle must be axis-aligned, so to cover those, it would need to be rows 1-3, cols 1-2, which includes (1,2) (U) and (3,1) (U), so no, not a rectangle.

Rectangle 1: (1,1), (1,3) – not a rectangle (diagonal), invalid.

Rectangle 1: (1,1), (2,1), (2,2), (3,3) – not a rectangle, and (3,3) is far from the others.

Hmm, maybe for odd n, the minimal number is n + (n - 1)? Wait, n=1: 0 = 1 + 0? No, n=1 is special. n=3: 4 = 3 + 1? 3+1=4, yes. n=2: 2 = 2 + 0? Wait n=2 is even, maybe different.

Wait, n=2: 2 tiles, which is n. n=3: 4 tiles, which is n + 1? 3+1=4. Wait, n=1: 0 tiles, which is n - 1? Not sure.

Wait, let's think about the structure of S when U is a permutation matrix. For the partition into rectangles, each rectangle corresponds to a ""block"" of covered squares that's a rectangle.

Now, consider the uncovered squares: they form a permutation matrix, so let's represent them as a permutation σ where U = {(i, σ(i)) | i=1..n}, so σ is a bijection from {1..n} to {1..n}.

Then in row i, the covered columns are {1..n} \ {σ(i)}, so as a set, it's two intervals if σ(i) is not an endpoint, one interval if σ(i) is an endpoint.

Similarly, in column j, covered rows are {1..n} \ {σ^{-1}(j)}, so two intervals if σ^{-1}(j) is not an endpoint, one interval otherwise.

Now, here's a crucial observation: if we choose σ to be the identity permutation, then for rows 2 to n-1 (if n ≥ 3), σ(i)=i is in the middle, so two intervals per row; rows 1 and n have one interval each (left and right intervals). Similarly for columns.

But maybe if we choose σ to be a ""single cycle"" but shifted to have more endpoints? Wait, for odd n, there's a difference between even and odd in terms of permutations having fixed points or not, but maybe not directly.

Wait, another idea: the problem is similar to covering the grid with rectangles such that the complement is a permutation matrix. In combinatorics, the minimal number of rectangles needed to cover a set with a given complement.

Wait, let's think about the dual problem: each rectangle is a set of squares with constant row range and constant column range. The entire set S is the grid minus a permutation matrix.

Suppose we have a partition of S into k rectangles. Each rectangle is determined by its row min, row max, column min, column max: R = [a,b] x [c,d] ∩ S (but since it's a rectangle, [a,b]x[c,d] ⊆ S).

Now, consider the ""gaps"" in the uncovered set. Since U is a permutation matrix, between any two uncovered squares in a row, there's a covered block, etc.

Wait, here's a standard result I might be forgetting: the minimal number of axis-aligned rectangles needed to partition a set of points in a grid is equal to the number of ""vertical"" intervals in the row-wise decomposition plus something? Wait, no.

Wait, let's take n=3 again, but suppose we choose U such that in every row, the uncovered square is at the end. Wait, can we have a permutation matrix where every row has uncovered square at the end? No, because a permutation matrix has one per column, so if all rows have uncovered at column n, that's n uncovered squares in column n, which is not a permutation matrix (needs one per column). So impossible.

Similarly, can't have all uncovered at the start.

So for any permutation matrix U, there is at least one row where the uncovered square is not at an endpoint (for n ≥ 3), but for n odd, maybe we can have a permutation where exactly one row has uncovered at the start, one at the end, and the rest in the middle? Wait, for a permutation, the number of rows with σ(i)=1 or σ(i)=n: since it's a bijection, there is exactly one row with σ(i)=1 (the preimage of 1) and exactly one row with σ(i)=n (preimage of n). So for any permutation matrix U, there is exactly one row where the uncovered square is at column 1 (so covered squares form a single interval: columns 2..n), exactly one row where uncovered is at column n (covered squares: columns 1..n-1), and the remaining n-2 rows have uncovered squares in columns 2..n-1 (so covered squares form two intervals per row).

Similarly for columns: exactly one column with uncovered at row 1 (covered rows: 2..n), exactly one column with uncovered at row n (covered rows: 1..n-1), and n-2 columns with uncovered in rows 2..n-1 (covered rows: two intervals per column).

This is a key point! For any permutation matrix U (i.e., any permutation σ), since σ is a bijection, |{i | σ(i)=1}|=1, |{i | σ(i)=n}|=1, so exactly one row has the uncovered square at the leftmost column (column 1), exactly one row has it at the rightmost column (column n), and the rest have it in the middle columns (2 to n-1), hence for those rows, covered squares are two intervals.

Similarly for columns: exactly one column has uncovered at top row (row 1), exactly one column at bottom row (row n), rest have uncovered in middle rows, so covered squares in those columns are two intervals.

Let's formalize this for general n:

- Let U be a permutation matrix, so σ: [n] → [n] bijection, U = {(i, σ(i))}

- For rows: let A = {i | σ(i)=1} (size 1), B = {i | σ(i)=n} (size 1), C = [n] \ (A ∪ B) (size n-2)

  - For i ∈ A: covered columns = {2, ..., n} (1 interval)

  - For i ∈ B: covered columns = {1, ..., n-1} (1 interval)

  - For i ∈ C: covered columns = {1, ..., σ(i)-1} ∪ {σ(i)+1, ..., n} (2 intervals)

- For columns: let D = {j | σ^{-1}(j)=1} (size 1), E = {j | σ^{-1}(j)=n} (size 1), F = [n] \ (D ∪ E) (size n-2)

  - For j ∈ D: covered rows = {2, ..., n} (1 interval)

  - For j ∈ E: covered rows = {1, ..., n-1} (1 interval)

  - For j ∈ F: covered rows = {1, ..., σ^{-1}(j)-1} ∪ {σ^{-1}(j)+1, ..., n} (2 intervals)

Now, how does this help with the rectangle partition?

Suppose we try to make a ""chain"" of rectangles that cover the grid except for U.

Wait, here's a construction: take the permutation matrix U where σ(i) = i for all i (identity). Then:

- A = {1} (row 1, σ(1)=1), B = {n} (row n, σ(n)=n)

- C = {2, ..., n-1} (n-2 rows)

- For columns: D = {1} (column 1, σ^{-1}(1)=1), E = {n} (column n, σ^{-1}(n)=n), F = {2, ..., n-1}

Now, let's try to partition S = grid \ U into rectangles.

First, take row 1: covered columns 2..n (1 interval) – make a rectangle R1 = row 1, cols 2..n (1x(n-1) rectangle)

Row n: covered columns 1..n-1 (1 interval) – rectangle R2 = row n, cols 1..n-1 (1x(n-1) rectangle)

Now, for rows 2 to n-1: each has covered columns 1..i-1 and i+1..n (two intervals per row)

Can we make vertical rectangles for the left intervals? For row i (2 ≤ i ≤ n-1), left interval is cols 1..i-1; for row i+1, left interval is cols 1..i. So the left intervals in rows 2 to n-1 form a ""staircase"" that might be covered by a single rectangle? Wait, no, because the left interval in row i is cols 1..i-1, so in column j (1 ≤ j ≤ n-2), column j is covered in rows j+1 to n-1 (since for row i ≥ j+1, σ(i)=i > j, so j ∈ 1..i-1).

Wait, let's take n=3 (small odd) to test:

n=3, U=identity:

Row 1: cols 2-3 (R1 = {(1,2),(1,3)})

Row 3: cols 1-2 (R2 = {(3,1),(3,2)})

Row 2: cols 1 and 3 (two intervals: col1 and col3)

In column 1: covered rows 2-3 (since row 1 col1 is uncovered), so column 1 has R2 covering row 3 col1, so row 2 col1 is uncovered by R2, so row 2 col1 is a single square left.

In column 3: covered rows 1-2 (row 3 col3 is uncovered), so column 3 has R1 covering row 1 col3, so row 2 col3 is a single square left.

Thus, need two more rectangles: {(2,1)} and {(2,3)}, total 4 rectangles, as before.

For n=3, total rectangles: 2 (from rows 1 and 3) + 2 (from row 2) = 4.

For n=5, let's try to generalize this construction.

n=5, U=identity:

- Row 1: cols 2-5 → 1 rectangle (R1)

- Row 5: cols 1-4 → 1 rectangle (R2)

- Rows 2-4: each has two intervals: left (1..i-1) and right (i+1..5)

For row 2: left = col1, right = cols3-5

Row 3: left = cols1-2, right = cols4-5

Row 4: left = cols1-3, right = col5

Now, can we make rectangles for the left intervals?

In columns 1-3, rows 2-4: column 1 is covered in rows 2-4 (since row 1 col1 uncovered, row 5 col1 covered but R2 covers row 5 cols1-4, so row 5 col1 is in R2), so column 1, rows 2-4: 3 squares, which is a 3x1 rectangle (R3 = {(2,1),(3,1),(4,1)})

Column 2: covered in rows 3-4 (row 2 col2 is uncovered, since U=identity), so column 2, rows 3-4: 2 squares (R4 = {(3,2),(4,2)})

Column 3: covered in row 4 (row 2 col3 and row 3 col3 are uncovered? Wait no, U=identity, so row i col i is uncovered, so row 2 col2 uncovered, row 3 col3 uncovered, row 4 col4 uncovered.

Therefore, column 3: covered rows = all except row 3 (since row 3 col3 is uncovered), so covered rows 1,2,4,5. But row 1 col3 is in R1 (row 1 cols2-5), row 5 col3 is in R2 (row 5 cols1-4), so in rows 2-4, column 3 is covered only in row 2 and row 4 (row 3 col3 uncovered).

Ah, right! When we're partitioning S, we have to be careful not to overlap with R1 and R2.

So S = grid \ U, so for n=5, U = {(1,1),(2,2),(3,3),(4,4),(5,5)}

R1 = row 1, cols 2-5 (covers (1,2),(1,3),(1,4),(1,5)) – all in S

R2 = row 5, cols 1-4 (covers (5,1),(5,2),(5,3),(5,4)) – all in S

Now, remaining S (not in R1 or R2):

- Rows 2-4, all columns (since R1 and R2 only cover row 1 and 5)

- But in rows 2-4, column i is uncovered at (i,i), so for row i (2≤i≤4), covered columns are 1..i-1 and i+1..5, so:

  - Row 2: cols 1, 3,4,5 (since col2 uncovered)

  - Row 3: cols 1,2,4,5 (col3 uncovered)

  - Row 4: cols 1,2,3,5 (col4 uncovered)

So remaining S = {(2,1), (2,3), (2,4), (2,5), (3,1), (3,2), (3,4), (3,5), (4,1), (4,2), (4,3), (4,5)}

Now, let's try to make rectangles from this remaining set.

First, column 1: covered in rows 2-4 (since row 1 col1 uncovered, row 5 col1 is in R2), so column 1, rows 2-4: {(2,1), (3,1), (4,1)} – that's a 3x1 rectangle (R3)

Column 2: covered in rows 3-4 (row 2 col2 uncovered, row 1 col2 in R1, row 5 col2 in R2), so column 2, rows 3-4: {(3,2), (4,2)} – 2x1 rectangle (R4)

Column 3: covered in rows 2,4 (row 3 col3 uncovered), so {(2,3), (4,3)} – not contiguous, can't be a rectangle

Column 4: covered in rows 2,3 (row 4 col4 uncovered), so {(2,4), (3,4)} – contiguous? Rows 2-3, column 4: yes, 2x1 rectangle (R5)

Column 5: covered in rows 2,3,4 (row 5 col5 uncovered), so column 5, rows 2-4: {(2,5), (3,5), (4,5)} – 3x1 rectangle (R6)

Now, what's left after R3, R4, R5, R6?

- R3: (2,1), (3,1), (4,1) – done

- R4: (3,2), (4,2) – done

- R5: (2,4), (3,4) – done

- R6: (2,5), (3,5), (4,5) – done

Remaining squares:

From row 2: (2,3) [since row 2 has (2,1) in R3, (2,4) in R5, (2,5) in R6, so left (2,3)]

From row 3: (3,1) in R3, (3,2) in R4, (3,4) in R5, (3,5) in R6 – done

From row 4: (4,1) in R3, (4,2) in R4, (4,3) [row 4 has (4,1) in R3, (4,2) in R4, (4,5) in R6, so left (4,3)]

So remaining squares: (2,3) and (4,3). Are these in a rectangle? Column 3, rows 2-4: (2,3), (3,3), (4,3), but (3,3) is uncovered (U), so no – they are not contiguous in column 3 (missing row 3), so each must be a 1x1 rectangle: R7 = {(2,3)}, R8 = {(4,3)}

Total rectangles for n=5: R1, R2, R3, R4, R5, R6, R7, R8 → 8 rectangles.

Wait a second! Let's list the counts:

n=1: 0 tiles

n=2: 2 tiles (we did this earlier, let's confirm n=2 to be sure)

n=2, U=identity: U={(1,1),(2,2)}, S={(1,2),(2,1)}. Can't make a rectangle for both, so 2 tiles (1x1 each). Correct.

n=3: 4 tiles (as we saw)

n=5: 8 tiles (just counted)

Wait, 0, 2, 4, 8... Wait n=1: 0 = 1*0, n=2: 2=2*1, n=3:4=3*1 +1? Wait no, n=1:0, n=2:2, n=3:4, n=5:8. Wait 0, 2, 4, 8 – for odd n: n=1 (odd) → 0, n=3 (odd) →4, n=5 (odd)→8. Wait 0=2*0, 4=2*2, 8=2*4. Wait 0, 2, 4... for n=1,2,3,5:

n=1 (odd): 0 = 2*(1-1) ?

n=3 (odd): 4 = 2*(3-1) ?

n=5 (odd): 8 = 2*(5-1) ?

Wait 2*(3-1)=4, yes; 2*(5-1)=8, yes; 2*(1-1)=0, yes! For n=2 (even), we had 2 tiles, which is 2*(2-1)=2, but n=2 is even, but the problem is n=2025, which is odd.

Wait, hold on, for n=3 (odd), we had 4 = 2*(3-1) = 4, yes; n=5 (odd), 8=2*(5-1)=8, yes; n=1 (odd), 0=2*(1-1)=0, yes! Wait, but earlier for n=2 (even), we had 2=2*(2-1)=2, which matches, but the problem is about odd n=2025.

Wait, but wait, in the n=3 case, we had 4 tiles, which is 2*(3-1)=4; n=5, 8=2*(5-1)=8. Is this a pattern?

Wait, let's check if for n=3, we could get fewer than 4 tiles. Suppose someone claims 3 tiles for n=3. Each tile has at least 1 square, total squares in S=6, so average 2 per tile. Can we have three 2-square rectangles?

In n=3, a 2-square rectangle must be either 1x2 (two in a row) or 2x1 (two in a column).

Let's try to find three 1x2 or 2x1 rectangles covering S.

S for n=3, U=identity: {(1,2),(1,3),(2,1),(2,3),(3,1),(3,2)}

Suppose we take:

- R1 = row 1, cols 2-3 (1x2)

- R2 = row 3, cols 1-2 (1x2)

- R3 = column 1, rows 2-3 (2x1) – but R2 covers row 3 col1, R3 covers row 2-3 col1, so overlap at (3,1) – invalid.

- R3 = column 3, rows 1-2 (2x1): covers (1,3), (2,3). R1 covers (1,2),(1,3) – overlap at (1,3), invalid.

- R3 = row 2, cols 1 and 3 – but that's not a rectangle (needs to be contiguous), so invalid.

- R1 = row 1, cols 2-3 (1x2)

- R2 = column 1, rows 2-3 (2x1)

- R3 = column 3, rows 1-2 (2x1) – check coverage: R1: (1,2),(1,3); R2: (2,1),(3,1); R3: (1,3),(2,3). Overlap at (1,3), so invalid.

- R1 = row 2, cols 1 and 3 – invalid (not a rectangle)

- R1 = column 2, rows 1-3 – but (2,2) is uncovered, so R1 would have (1,2),(2,2),(3,2), but (2,2) ∉ S, so invalid.

So no, can't do 3 tiles for n=3. So minimal is 4, which is 2*(3-1)=4.

For n=5, we counted 8 tiles, which is 2*(5-1)=8. Let's see if we can find a general construction for odd n that gives 2*(n-1) tiles, and prove it's minimal.

First, the construction:

Take U as the identity permutation matrix: U = {(i,i) | i=1..n}

Then:

- For row 1: covered columns 2..n → 1 rectangle (R1 = row 1, cols 2..n)

- For row n: covered columns 1..n-1 → 1 rectangle (R2 = row n, cols 1..n-1)

- For rows 2 to n-1: each has two covered intervals: left (1..i-1) and right (i+1..n)

Now, for the left intervals (columns 1..i-1 in row i, 2≤i≤n-1):

- Column 1: covered in rows 2..n-1 (since row 1 col1 ∉ S, row n col1 ∈ R2) → rectangle R3 = column 1, rows 2..n-1 (size (n-2)x1)

- Column 2: covered in rows 3..n-1 (row 2 col2 ∉ S) → rectangle R4 = column 2, rows 3..n-1 (size (n-3)x1)

- ...

- Column k: covered in rows k+1..n-1 (row k col k ∉ S) → rectangle R_{k+1} = column k, rows k+1..n-1 (size (n - k - 1)x1) for k=1 to n-2

How many such rectangles? For k=1 to n-2, that's (n-2) rectangles.

Now, for the right intervals (columns i+1..n in row i, 2≤i≤n-1):

- Column n: covered in rows 2..n-1 (row 1 col n ∈ R1, row n col n ∉ S) → rectangle R_{n+1} = column n, rows 2..n-1 (size (n-2)x1)

- Column n-1: covered in rows 2..n-2 (row n-1 col n-1 ∉ S) → rectangle R_{n+2} = column n-1, rows 2..n-2 (size (n-3)x1)

- ...

- Column m: covered in rows 2..m-1 (row m col m ∉ S) → rectangle R_{...} = column m, rows 2..m-1 (size (m-2)x1) for m=n down to 2

Wait, let's count the right intervals rectangles:

For column j (from n down to 2), covered rows in rows 2..n-1 (since row 1 col j ∈ R1 if j ≥2, row n col j ∈ R2 if j ≤n-1; row i col j ∈ S iff i ≠ j, so for column j, covered rows are [n] \ {j}, so in rows 2..n-1, covered rows are [2..n-1] \ {j}).

But in our earlier n=5 example, we had for right intervals:

- Column 5: rows 2-4 → 3x1 rectangle (R6 in n=5)

- Column 4: rows 2-3 → 2x1 rectangle (R5 in n=5)

- Column 3: rows 2,4 → but wait, in n=5, column 3 had (2,3) and (4,3) left, which were 1x1s, not a rectangle. Ah, here's the catch: for the right intervals, when we try to make vertical rectangles, the coverage in the middle columns gets split by the uncovered squares.

Wait, in the n=5 construction I did earlier, after taking R1 (row1 cols2-5), R2 (row5 cols1-4), then:

- Column 1: rows2-4 (3 squares) → R3

- Column 2: rows3-4 (2 squares) → R4

- Column 4: rows2-3 (2 squares) → R5

- Column 5: rows2-4 (3 squares) → R6

- Leftover: (2,3) and (4,3) → two 1x1s (R7, R8)

So total rectangles: 2 (rows 1,5) + 4 (columns 1,2,4,5) + 2 (1x1s) = 8 = 2*(5-1).

Notice that for n=5, the number of ""left"" vertical rectangles (columns 1 to n-2) that are full contiguous: column 1 had rows 2-4 (n-2=3 rows), column 2 had rows 3-4 (n-3=2 rows), so for columns 1 to k, the number of rows decreases by 1 each time until column n-2 has 1 row? Wait, in n=5, column 1 (k=1): rows 2-4 (3 rows = n-2), column 2 (k=2): rows 3-4 (2 rows = n-3), so for column k (1 ≤ k ≤ n-2), rows (k+1) to (n-1) → number of rows = (n-1) - (k+1) + 1 = n - k - 1.

Similarly, for right intervals, column j (n-1 ≤ j ≤ n), column j has rows 2 to (j-1) (since row j col j is uncovered), so for column j = n - k + 1 (k=1 to n-2), rows 2 to (n - k), so number of rows = (n - k) - 2 + 1 = n - k - 1.

But in the n=5 case, the ""left"" vertical rectangles were columns 1 and 2 (k=1,2), each with n - k - 1 rows (5-1-1=3, 5-2-1=2), and ""right"" vertical rectangles were columns 4 and 5 (j=4,5), which correspond to k=2,1 (reversed), each with n - k - 1 rows (5-2-1=2, 5-1-1=3). Wait, in n=5, columns 4 and 5: column 4 (j=4) had rows 2-3 (2 rows), column 5 (j=5) had rows 2-4 (3 rows), so yes, 2 and 3 rows, which is n - k - 1 for k=2,1.

So total vertical rectangles from columns: (n-2) columns (columns 1 to n-2 for left, columns n-1 to n for right? Wait, in n=5, columns 1,2 (left) and 4,5 (right) → 4 columns, which is 2*(n-2) = 2*(5-2)=6? No, n=5 had 4 vertical rectangles (R3-R6), which is 2*(n-2) - 2? Wait n=5: 2*(5-2)=6, but we had 4 vertical rectangles and 2 1x1s.

Wait, the key is that for odd n, when we do this construction, we end up with two ""diagonal"" squares that are isolated, each needing a 1x1 rectangle, and all others form rectangles.

Wait, in n=3 (odd):

- R1 = row1 cols2-3 (1x2)

- R2 = row3 cols1-2 (1x2)

- Column1: rows2-2 (since n-1=2, rows2 to n-1=2) → 1 square (R3 = (2,1))

- Column3: rows2-2 → 1 square (R4 = (2,3))

Total rectangles: 4 = 2*(3-1). Here, no extra 1x1s beyond the two vertical rectangles? Wait in n=3, column1 rows2-2 is 1 square, column3 rows2-2 is 1 square, so two 1x1 rectangles, which is 2*(n-2) = 2*(1)=2, and 2 (row rectangles) + 2 (column rectangles) = 4.

For n=3:

- Rows 1 and n (n=3) → 2 row rectangles

- Columns 1 to n-2 (n-2=1) for left? Wait, maybe better to count the number of ""gaps"" in the permutation.

Wait, here's a better way: in the identity permutation U for odd n, the uncovered squares form a ""diagonal"" with no two adjacent in the same row or column.

The set S = grid \ U has, for each row i, a ""gap"" at column i.

In the partition into rectangles, each rectangle is a maximal block of consecutive covered squares in some row and column.

But from the examples:

n=1 (odd): 0 = 2*(1-1)

n=3 (odd): 4 = 2*(3-1)

n=5 (odd): 8 = 2*(5-1)

Wait, 2*(n-1) for odd n? Wait n=1: 2*(0)=0, yes; n=3: 4, yes; n=5:8, yes.

But wait, in the n=3 case, we had 4 tiles, which is 2*(3-1)=4; n=5, 8=2*(5-1). Is this the minimal?

Why would it be minimal? Let's think about the number of ""breaks"" in the rows and columns.

For the set S, consider the number of ""horizontal"" gaps: in each row, the number of horizontal gaps (i.e., the number of times the covered squares switch from covered to uncovered or vice versa) is equal to the number of intervals minus 1. For a row with k intervals of covered squares, there are k-1 gaps.

For U a permutation matrix, each row has 1 uncovered square, so:

- If the uncovered square is at the end (row start or end), number of intervals = 1 → gaps = 0

- If the uncovered square is in the middle, number of intervals = 2 → gaps = 1

As established earlier, for any permutation matrix, exactly 2 rows have the uncovered square at the ends (one at start, one at end), so:

- Total horizontal gaps in S = (n - 2)*1 + 2*0 = n - 2

Similarly, total vertical gaps in S = n - 2 (by symmetry)

Now, in the theory of rectangle partitions, there's a result that the minimal number of rectangles needed to partition a set S is at least the number of horizontal gaps plus the number of vertical gaps? Wait, no, but let's recall that for a set S, if you consider the ""dual"" graph where each rectangle is a node, but maybe not.

Wait, another standard result: the minimal number of rectangles needed to partition a set of points in the plane (grid) is equal to the number of ""maximal"" rectangles in some sense, but for a grid set with a permutation matrix complement, we can use the following:

Each rectangle in the partition contributes 1 to the row count (for each row it spans, it's a single interval in that row), but maybe not.

Wait, here's a key insight from the examples: for odd n, when we have a permutation matrix U, the set S has a ""central"" uncovered square? Wait, no, for n=3, U has three uncovered squares, no central one; for n=5, five uncovered squares, the middle one is (3,3).

But in the n=3 case, the two leftover squares were (2,1) and (2,3), which are in the middle row, symmetric around the center.

In n=5, the two leftover squares were (2,3) and (4,3), which are symmetric around the center row 3.

Ah! For odd n=2m+1, the center row is m+1, center column is m+1.

In the identity permutation, the uncovered squares are (i,i), so the center uncovered square is (m+1, m+1).

In the partition for odd n, we end up with two squares that are symmetric with respect to the center: one above the center row in the center column, one below the center row in the center column? Wait, for n=3 (m=1, center row=2), leftover squares (2,1) and (2,3) – wait, no, in n=3, leftover squares were (2,1) and (2,3), which are in the center row (row 2), columns 1 and 3 (the ends). For n=5 (m=2, center row=3), leftover squares (2,3) and (4,3), which are in rows 2 and 4 (symmetric around row 3), column 3 (center column).

Yes! For n=2m+1 (odd), in the identity permutation construction:

- The"
